step,bee,action,claim_slot,claim_flower,battery_pct,load,status
1,0,0,0,-1,65.7,0.00,IDLE-SILENT
1,1,0,0,-1,81.0,0.00,IDLE-SILENT
1,2,0,0,-1,71.2,0.00,IDLE-SILENT
1,3,1,0,-1,44.6,7.50,OK
1,4,0,0,-1,65.6,0.00,IDLE-SILENT
2,0,0,,,65.6,0.00,IDLE-SILENT
2,1,0,0,-1,80.9,0.00,IDLE-SILENT
2,2,0,0,-1,71.1,0.00,IDLE-SILENT
2,3,0,0,-1,44.5,7.50,OK
2,4,0,0,-1,65.5,0.00,IDLE-SILENT
3,0,0,0,-1,65.5,0.00,IDLE-SILENT
3,1,0,,,80.8,0.00,IDLE-SILENT
3,2,0,0,-1,71.0,0.00,IDLE-SILENT
3,3,0,0,-1,44.4,7.50,OK
3,4,0,0,-1,65.4,0.00,IDLE-SILENT
4,0,0,,,65.4,0.00,IDLE-SILENT
4,1,0,,,80.7,0.00,IDLE-SILENT
4,2,0,0,-1,70.9,0.00,IDLE-SILENT
4,3,0,0,-1,44.3,7.50,OK
4,4,1,0,-1,65.3,6.67,OK
5,0,0,0,-1,65.3,0.00,IDLE-SILENT
5,1,0,,,80.6,0.00,IDLE-SILENT
5,2,0,0,-1,70.8,0.00,IDLE-SILENT
5,3,0,0,-1,44.2,7.50,OK
5,4,0,1,-1,65.2,6.67,OK
6,0,0,,,65.2,0.00,IDLE-SILENT
6,1,0,0,-1,80.5,0.00,IDLE-SILENT
6,2,0,0,-1,70.7,0.00,IDLE-SILENT
6,3,0,0,-1,44.1,7.50,OK
6,4,0,0,-1,65.1,6.67,OK
7,0,0,0,-1,65.1,0.00,IDLE-SILENT
7,1,0,,,80.4,0.00,IDLE-SILENT
7,2,0,0,-1,70.6,0.00,IDLE-SILENT
7,3,0,0,-1,44.0,7.50,OK
7,4,0,1,-1,65.0,6.67,OK
8,0,1,0,-1,65.0,5.83,OK
8,1,0,0,-1,80.3,0.00,IDLE-SILENT
8,2,0,0,-1,70.5,0.00,IDLE-SILENT
8,3,0,0,-1,43.9,7.50,OK
8,4,0,0,-1,64.9,6.67,OK
9,0,0,,,64.9,5.83,OK
9,1,0,0,-1,80.2,0.00,IDLE-SILENT
9,2,0,0,-1,70.4,0.00,IDLE-SILENT
9,3,0,,,43.8,7.50,OK
9,4,0,,,64.8,6.67,OK
10,0,0,,,64.8,5.83,OK
10,1,0,0,-1,80.1,0.00,IDLE-SILENT
10,2,0,0,-1,70.3,0.00,IDLE-SILENT
10,3,0,0,-1,43.7,7.50,OK
10,4,0,0,-1,64.7,6.67,OK
11,0,0,0,-1,64.7,5.83,OK
11,1,0,0,-1,80.0,0.00,IDLE-SILENT
11,2,0,0,-1,70.2,0.00,IDLE-SILENT
11,3,0,0,-1,43.6,7.50,OK
11,4,0,,,64.6,6.67,OK
12,0,0,0,-1,64.6,5.83,OK
12,1,0,0,-1,79.9,0.00,IDLE-SILENT
12,2,0,0,-1,70.1,0.00,IDLE-SILENT
12,3,0,0,-1,43.5,7.50,OK
12,4,0,,,64.5,6.67,OK
13,0,0,0,-1,64.5,5.83,OK
13,1,0,0,-1,79.8,0.00,IDLE-SILENT
13,2,0,,,70.0,0.00,IDLE-SILENT
13,3,0,0,-1,43.4,7.50,OK
13,4,0,,,64.4,6.67,OK
14,0,0,0,-1,64.4,5.83,OK
14,1,0,,,79.7,0.00,IDLE-SILENT
14,2,0,0,-1,69.9,0.00,IDLE-SILENT
14,3,0,0,-1,43.3,7.50,OK
14,4,0,,,64.3,6.67,OK
15,0,0,,,64.3,5.83,OK
15,1,0,0,-1,79.6,0.00,IDLE-SILENT
15,2,0,0,-1,69.8,0.00,IDLE-SILENT
15,3,0,,,43.2,7.50,OK
15,4,0,,,64.2,6.67,OK
16,0,0,0,-1,64.2,5.83,OK
16,1,0,0,-1,79.5,0.00,IDLE-SILENT
16,2,0,0,-1,69.7,0.00,IDLE-SILENT
16,3,0,0,-1,43.1,7.50,OK
16,4,0,,,64.1,6.67,OK
17,0,0,0,-1,64.1,5.83,OK
17,1,0,,,79.4,0.00,IDLE-SILENT
17,2,0,0,-1,69.6,0.00,IDLE-SILENT
17,3,0,0,-1,43.0,7.50,OK
17,4,0,,,64.0,6.67,OK
18,0,0,0,-1,64.0,5.83,OK
18,1,0,0,-1,79.3,0.00,IDLE-SILENT
18,2,0,0,-1,69.5,0.00,IDLE-SILENT
18,3,0,,,42.9,7.50,OK
18,4,0,0,-1,63.9,6.67,OK
19,0,0,0,-1,63.9,5.83,OK
19,1,0,0,-1,79.2,0.00,IDLE-SILENT
19,2,0,,,69.4,0.00,IDLE-SILENT
19,3,0,0,-1,42.8,7.50,OK
19,4,0,0,-1,63.8,6.67,OK
20,0,0,0,-1,63.8,5.83,OK
20,1,0,0,-1,79.1,0.00,IDLE-SILENT
20,2,0,0,-1,69.3,0.00,IDLE-SILENT
20,3,0,0,-1,42.7,7.50,OK
20,4,0,0,-1,63.7,6.67,OK
21,0,0,0,-1,63.7,5.83,OK
21,1,0,0,-1,79.0,0.00,IDLE-SILENT
21,2,0,0,-1,69.2,0.00,IDLE-SILENT
21,3,0,,,42.6,7.50,OK
21,4,0,0,-1,63.6,6.67,OK
22,0,0,,,63.6,5.83,OK
22,1,0,0,-1,78.9,0.00,IDLE-SILENT
22,2,0,,,69.1,0.00,IDLE-SILENT
22,3,0,0,-1,42.5,7.50,OK
22,4,0,,,63.5,6.67,OK
23,0,0,0,-1,63.5,5.83,OK
23,1,0,0,-1,78.8,0.00,IDLE-SILENT
23,2,0,0,-1,69.0,0.00,IDLE-SILENT
23,3,0,0,-1,42.4,7.50,OK
23,4,0,0,-1,63.4,6.67,OK
24,0,0,0,-1,63.4,5.83,OK
24,1,0,0,-1,78.7,0.00,IDLE-SILENT
24,2,0,0,-1,68.9,0.00,IDLE-SILENT
24,3,0,0,-1,42.3,7.50,OK
24,4,0,,,63.3,6.67,OK
25,0,0,1,-1,63.3,5.83,OK
25,1,0,0,-1,78.6,0.00,IDLE-SILENT
25,2,0,,,68.8,0.00,IDLE-SILENT
25,3,0,0,-1,42.2,7.50,OK
25,4,0,0,-1,63.2,6.67,OK
26,0,0,0,-1,63.2,5.83,OK
26,1,0,,,78.5,0.00,IDLE-SILENT
26,2,0,0,-1,68.7,0.00,IDLE-SILENT
26,3,0,,,42.1,7.50,OK
26,4,0,0,-1,63.1,6.67,OK
27,0,0,,,63.1,5.83,OK
27,1,0,0,-1,78.4,0.00,IDLE-SILENT
27,2,0,0,-1,68.6,0.00,IDLE-SILENT
27,3,0,0,-1,42.0,7.50,OK
27,4,0,0,-1,63.0,6.67,OK
28,0,0,,,63.0,5.83,OK
28,1,0,0,-1,78.3,0.00,IDLE-SILENT
28,2,0,0,-1,68.5,0.00,IDLE-SILENT
28,3,0,0,-1,41.9,7.50,OK
28,4,0,0,-1,62.9,6.67,OK
29,0,0,,,62.9,5.83,OK
29,1,0,0,-1,78.2,0.00,IDLE-SILENT
29,2,0,1,-1,68.4,0.00,IDLE-SILENT
29,3,0,0,-1,41.8,7.50,OK
29,4,0,,,62.8,6.67,OK
30,0,0,0,2,62.8,5.83,OK
30,1,0,,,78.1,0.00,IDLE-SILENT
30,2,0,0,2,68.3,0.00,IDLE-SILENT
30,3,0,,,41.7,7.50,OK
30,4,0,0,2,62.7,6.67,OK
31,0,0,0,2,62.7,5.83,OK
31,1,0,0,2,78.0,0.00,SILENT,IDLE-SILENT
31,2,0,0,2,68.2,0.00,SILENT,IDLE-SILENT
31,3,0,1,11,41.6,7.50,SILENT
31,4,0,0,2,62.6,6.67,OK
32,0,0,0,2,62.6,5.83,OK
32,1,0,0,2,77.9,0.00,SILENT,IDLE-SILENT
32,2,0,,,68.1,0.00,SILENT,IDLE-SILENT
32,3,0,0,2,41.5,7.50,SILENT
32,4,0,,,62.5,6.67,OK
33,0,0,0,3,62.5,5.83,OK
33,1,1,1,6,77.8,2.50,OK
33,2,1,,,68.0,0.00,IDLE-SILENT
33,3,0,0,3,41.4,7.50,SILENT
33,4,0,0,3,62.4,6.67,OK
34,0,0,0,6,62.4,5.83,OK
34,1,1,0,6,77.7,3.33,OK
34,2,0,0,6,67.9,0.00,IDLE-SILENT
34,3,0,,,41.3,7.50,SILENT
34,4,0,,,62.3,6.67,SILENT
35,0,1,0,-1,62.3,9.17,OK
35,1,0,,,77.6,3.33,OK
35,2,0,,,67.8,0.00,IDLE-SILENT
35,3,0,,,41.2,7.50,SILENT
35,4,0,0,-1,62.2,6.67,SILENT
36,0,0,0,-1,62.2,9.17,OK
36,1,0,0,-1,77.5,3.33,OK
36,2,0,,,67.7,0.00,IDLE-SILENT
36,3,0,0,-1,41.1,7.50,SILENT
36,4,0,0,-1,62.1,6.67,SILENT
37,0,2,,,62.1,0.00,IDLE-SILENT
37,1,0,1,-1,77.4,3.33,OK
37,2,0,0,-1,67.6,0.00,IDLE-SILENT
37,3,0,,,41.0,7.50,SILENT
37,4,0,0,-1,62.0,6.67,SILENT
38,0,0,0,-1,62.0,0.00,IDLE-SILENT
38,1,0,,,77.3,3.33,OK
38,2,0,0,-1,67.5,0.00,IDLE-SILENT
38,3,0,,,40.9,7.50,SILENT
38,4,0,0,-1,61.9,6.67,SILENT
39,0,0,0,-1,61.9,0.00,IDLE-SILENT
39,1,0,0,-1,77.2,3.33,OK
39,2,0,0,-1,67.4,0.00,IDLE-SILENT
39,3,0,0,-1,40.8,7.50,SILENT
39,4,0,,,61.8,6.67,SILENT
40,0,1,0,-1,61.8,9.17,OK
40,1,0,,,77.1,3.33,OK
40,2,0,,,67.3,0.00,IDLE-SILENT
40,3,0,0,-1,40.7,7.50,SILENT
40,4,0,0,-1,61.7,6.67,SILENT
41,0,2,0,-1,61.7,0.00,IDLE-SILENT
41,1,0,0,-1,77.0,3.33,OK
41,2,0,0,-1,67.2,0.00,IDLE-SILENT
41,3,0,0,-1,40.6,7.50,SILENT
41,4,0,0,-1,61.6,6.67,SILENT
42,0,0,,,61.6,0.00,IDLE-SILENT
42,1,0,0,-1,76.9,3.33,OK
42,2,0,0,-1,67.1,0.00,IDLE-SILENT
42,3,0,,,40.5,7.50,SILENT
42,4,0,,,61.5,6.67,SILENT
43,0,0,,,61.5,0.00,IDLE-SILENT
43,1,0,0,-1,76.8,3.33,OK
43,2,0,0,-1,67.0,0.00,IDLE-SILENT
43,3,0,,,40.4,7.50,SILENT
43,4,0,0,-1,61.4,6.67,SILENT
44,0,0,,,61.4,0.00,IDLE-SILENT
44,1,0,0,-1,76.7,3.33,OK
44,2,0,,,66.9,0.00,IDLE-SILENT
44,3,0,1,-1,40.3,7.50,SILENT
44,4,0,0,-1,61.3,6.67,SILENT
45,0,0,0,-1,61.3,0.00,IDLE-SILENT
45,1,0,0,-1,76.6,3.33,OK
45,2,0,0,-1,66.8,0.00,IDLE-SILENT
45,3,0,0,-1,40.2,7.50,SILENT
45,4,0,,,61.2,6.67,SILENT
46,0,0,1,-1,61.2,0.00,IDLE-SILENT
46,1,0,1,-1,76.5,3.33,OK
46,2,0,0,-1,66.7,0.00,IDLE-SILENT
46,3,0,0,-1,40.1,7.50,SILENT
46,4,0,0,-1,61.1,6.67,SILENT
47,0,0,,,61.1,0.00,IDLE-SILENT
47,1,0,0,-1,76.4,3.33,OK
47,2,0,,,66.6,0.00,IDLE-SILENT
47,3,0,0,-1,40.0,7.50,SILENT
47,4,0,0,-1,61.0,6.67,SILENT
48,0,0,0,-1,61.0,0.00,IDLE-SILENT
48,1,0,0,-1,76.3,3.33,OK
48,2,0,0,-1,66.5,0.00,IDLE-SILENT
48,3,0,,,39.9,7.50,SILENT
48,4,0,0,-1,60.9,6.67,SILENT
49,0,0,0,-1,60.9,0.00,IDLE-SILENT
49,1,0,0,-1,76.2,3.33,OK
49,2,0,,,66.4,0.00,IDLE-SILENT
49,3,0,0,-1,39.8,7.50,SILENT
49,4,0,0,-1,60.8,6.67,SILENT
50,0,0,0,-1,60.8,0.00,IDLE-SILENT
50,1,0,0,-1,76.1,3.33,OK
50,2,0,0,-1,66.3,0.00,IDLE-SILENT
50,3,0,0,-1,39.7,7.50,SILENT
50,4,0,,,60.7,6.67,SILENT
51,0,0,0,-1,60.7,0.00,IDLE-SILENT
51,1,0,0,-1,76.0,3.33,OK
51,2,0,,,66.2,0.00,IDLE-SILENT
51,3,0,0,-1,39.6,7.50,SILENT
51,4,0,,,60.6,6.67,SILENT
52,0,0,0,-1,60.6,0.00,IDLE-SILENT
52,1,0,0,-1,75.9,3.33,OK
52,2,0,0,-1,66.1,0.00,IDLE-SILENT
52,3,0,0,-1,39.5,7.50,SILENT
52,4,0,0,-1,60.5,6.67,SILENT
53,0,0,,,60.5,0.00,IDLE-SILENT
53,1,0,0,-1,75.8,3.33,OK
53,2,0,,,66.0,0.00,IDLE-SILENT
53,3,0,,,39.4,7.50,SILENT
53,4,0,0,-1,60.4,6.67,SILENT
54,0,0,,,60.4,0.00,IDLE-SILENT
54,1,0,,,75.7,3.33,OK
54,2,0,0,-1,65.9,0.00,IDLE-SILENT
54,3,0,0,-1,39.3,7.50,SILENT
54,4,0,0,-1,60.3,6.67,SILENT
55,0,0,,,60.3,0.00,IDLE-SILENT
55,1,0,0,-1,75.6,3.33,OK
55,2,0,0,-1,65.8,0.00,IDLE-SILENT
55,3,0,0,-1,39.2,7.50,SILENT
55,4,0,,,60.2,6.67,SILENT
56,0,0,0,-1,60.2,0.00,IDLE-SILENT
56,1,0,0,-1,75.5,3.33,OK
56,2,0,0,-1,65.7,0.00,IDLE-SILENT
56,3,0,0,-1,39.1,7.50,SILENT
56,4,0,0,-1,60.1,6.67,SILENT
57,0,0,,,60.1,0.00,IDLE-SILENT
57,1,0,0,-1,75.4,3.33,OK
57,2,0,0,-1,65.6,0.00,IDLE-SILENT
57,3,0,0,-1,39.0,7.50,SILENT
57,4,0,,,60.0,6.67,SILENT
58,0,0,,,60.0,0.00,IDLE-SILENT
58,1,0,0,-1,75.3,3.33,OK
58,2,0,,,65.5,0.00,IDLE-SILENT
58,3,0,,,38.9,7.50,SILENT
58,4,0,,,59.9,6.67,SILENT
1,0,0,0,-1,52.2,0.00,IDLE-SILENT
1,1,0,0,-1,89.0,0.00,IDLE-SILENT
1,2,0,0,-1,43.8,0.00,IDLE-SILENT
1,3,0,0,-1,91.0,0.00,IDLE-SILENT
1,4,0,0,-1,52.4,0.00,IDLE-SILENT
2,0,0,0,-1,52.1,0.00,IDLE-SILENT
2,1,0,0,-1,88.9,0.00,IDLE-SILENT
2,2,0,0,-1,43.7,0.00,IDLE-SILENT
2,3,0,0,-1,90.9,0.00,IDLE-SILENT
2,4,0,0,-1,52.3,0.00,IDLE-SILENT
3,0,0,0,-1,52.0,0.00,IDLE-SILENT
3,1,0,0,-1,88.8,0.00,IDLE-SILENT
3,2,0,0,-1,43.6,0.00,IDLE-SILENT
3,3,0,0,-1,90.8,0.00,IDLE-SILENT
3,4,0,0,-1,52.2,0.00,IDLE-SILENT
4,0,0,0,-1,51.9,0.00,IDLE-SILENT
4,1,0,0,-1,88.7,0.00,IDLE-SILENT
4,2,0,0,-1,43.5,0.00,IDLE-SILENT
4,3,0,0,-1,90.7,0.00,IDLE-SILENT
4,4,0,0,-1,52.1,0.00,IDLE-SILENT
5,0,0,0,-1,51.8,0.00,IDLE-SILENT
5,1,0,0,-1,88.6,0.00,IDLE-SILENT
5,2,0,0,-1,43.4,0.00,IDLE-SILENT
5,3,0,0,-1,90.6,0.00,IDLE-SILENT
5,4,0,0,-1,52.0,0.00,IDLE-SILENT
6,0,0,0,-1,51.7,0.00,IDLE-SILENT
6,1,0,0,-1,88.5,0.00,IDLE-SILENT
6,2,0,0,-1,43.3,0.00,IDLE-SILENT
6,3,0,0,-1,90.5,0.00,IDLE-SILENT
6,4,0,0,-1,51.9,0.00,IDLE-SILENT
7,0,0,0,-1,51.6,0.00,IDLE-SILENT
7,1,0,0,-1,88.4,0.00,IDLE-SILENT
7,2,0,0,-1,43.2,0.00,IDLE-SILENT
7,3,0,0,-1,90.4,0.00,IDLE-SILENT
7,4,0,0,-1,51.8,0.00,IDLE-SILENT
8,0,0,0,-1,51.5,0.00,IDLE-SILENT
8,1,0,0,-1,88.3,0.00,IDLE-SILENT
8,2,0,0,-1,43.1,0.00,IDLE-SILENT
8,3,0,0,-1,90.3,0.00,IDLE-SILENT
8,4,0,0,-1,51.7,0.00,IDLE-SILENT
9,0,0,0,-1,51.4,0.00,IDLE-SILENT
9,1,0,0,-1,88.2,0.00,IDLE-SILENT
9,2,0,0,-1,43.0,0.00,IDLE-SILENT
9,3,0,0,-1,90.2,0.00,IDLE-SILENT
9,4,0,0,-1,51.6,0.00,IDLE-SILENT
10,0,0,0,-1,51.3,0.00,IDLE-SILENT
10,1,0,0,-1,88.1,0.00,IDLE-SILENT
10,2,0,0,-1,42.9,0.00,IDLE-SILENT
10,3,0,0,-1,90.1,0.00,IDLE-SILENT
10,4,0,0,-1,51.5,0.00,IDLE-SILENT
11,0,0,0,-1,51.2,0.00,IDLE-SILENT
11,1,0,0,-1,88.0,0.00,IDLE-SILENT
11,2,0,0,-1,42.8,0.00,IDLE-SILENT
11,3,0,0,-1,90.0,0.00,IDLE-SILENT
11,4,0,0,-1,51.4,0.00,IDLE-SILENT
12,0,0,0,-1,51.1,0.00,IDLE-SILENT
12,1,0,0,-1,87.9,0.00,IDLE-SILENT
12,2,0,0,-1,42.7,0.00,IDLE-SILENT
12,3,0,0,-1,89.9,0.00,IDLE-SILENT
12,4,0,0,-1,51.3,0.00,IDLE-SILENT
13,0,0,0,-1,51.0,0.00,IDLE-SILENT
13,1,0,0,-1,87.8,0.00,IDLE-SILENT
13,2,0,0,-1,42.6,0.00,IDLE-SILENT
13,3,0,0,-1,89.8,0.00,IDLE-SILENT
13,4,0,0,-1,51.2,0.00,IDLE-SILENT
14,0,0,0,-1,50.9,0.00,IDLE-SILENT
14,1,0,0,-1,87.7,0.00,IDLE-SILENT
14,2,0,0,-1,42.5,0.00,IDLE-SILENT
14,3,0,0,-1,89.7,0.00,IDLE-SILENT
14,4,0,0,-1,51.1,0.00,IDLE-SILENT
15,0,0,0,-1,50.8,0.00,IDLE-SILENT
15,1,0,0,-1,87.6,0.00,IDLE-SILENT
15,2,0,0,-1,42.4,0.00,IDLE-SILENT
15,3,0,0,-1,89.6,0.00,IDLE-SILENT
15,4,0,0,-1,51.0,0.00,IDLE-SILENT
16,0,0,0,-1,50.7,0.00,IDLE-SILENT
16,1,0,0,-1,87.5,0.00,IDLE-SILENT
16,2,0,0,-1,42.3,0.00,IDLE-SILENT
16,3,0,0,-1,89.5,0.00,IDLE-SILENT
16,4,0,0,-1,50.9,0.00,IDLE-SILENT
17,0,0,0,-1,50.6,0.00,IDLE-SILENT
17,1,0,0,-1,87.4,0.00,IDLE-SILENT
17,2,0,0,-1,42.2,0.00,IDLE-SILENT
17,3,0,0,-1,89.4,0.00,IDLE-SILENT
17,4,0,0,-1,50.8,0.00,IDLE-SILENT
18,0,0,0,-1,50.5,0.00,IDLE-SILENT
18,1,0,0,-1,87.3,0.00,IDLE-SILENT
18,2,0,0,-1,42.1,0.00,IDLE-SILENT
18,3,0,0,-1,89.3,0.00,IDLE-SILENT
18,4,0,0,-1,50.7,0.00,IDLE-SILENT
19,0,0,0,-1,50.4,0.00,IDLE-SILENT
19,1,0,0,-1,87.2,0.00,IDLE-SILENT
19,2,0,0,-1,42.0,0.00,IDLE-SILENT
19,3,0,0,-1,89.2,0.00,IDLE-SILENT
19,4,0,0,-1,50.6,0.00,IDLE-SILENT
20,0,0,0,-1,50.3,0.00,IDLE-SILENT
20,1,0,0,-1,87.1,0.00,IDLE-SILENT
20,2,0,0,-1,41.9,0.00,IDLE-SILENT
20,3,0,0,-1,89.1,0.00,IDLE-SILENT
20,4,0,0,-1,50.5,0.00,IDLE-SILENT
21,0,0,0,-1,50.2,0.00,IDLE-SILENT
21,1,0,0,-1,87.0,0.00,IDLE-SILENT
21,2,0,0,-1,41.8,0.00,IDLE-SILENT
21,3,0,0,-1,89.0,0.00,IDLE-SILENT
21,4,0,0,-1,50.4,0.00,IDLE-SILENT
22,0,0,0,-1,50.1,0.00,IDLE-SILENT
22,1,0,0,-1,86.9,0.00,IDLE-SILENT
22,2,0,0,-1,41.7,0.00,IDLE-SILENT
22,3,0,0,-1,88.9,0.00,IDLE-SILENT
22,4,0,0,-1,50.3,0.00,IDLE-SILENT
23,0,0,0,-1,50.0,0.00,IDLE-SILENT
23,1,0,0,-1,86.8,0.00,IDLE-SILENT
23,2,0,0,-1,41.6,0.00,IDLE-SILENT
23,3,0,0,-1,88.8,0.00,IDLE-SILENT
23,4,0,0,-1,50.2,0.00,IDLE-SILENT
24,0,0,0,-1,49.9,0.00,IDLE-SILENT
24,1,0,0,-1,86.7,0.00,IDLE-SILENT
24,2,0,0,-1,41.5,0.00,IDLE-SILENT
24,3,0,0,-1,88.7,0.00,IDLE-SILENT
24,4,0,0,-1,50.1,0.00,IDLE-SILENT
25,0,0,0,-1,49.8,0.00,IDLE-SILENT
25,1,0,0,-1,86.6,0.00,IDLE-SILENT
25,2,0,0,-1,41.4,0.00,IDLE-SILENT
25,3,0,0,-1,88.6,0.00,IDLE-SILENT
25,4,0,0,-1,50.0,0.00,IDLE-SILENT
26,0,0,0,-1,49.7,0.00,IDLE-SILENT
26,1,0,0,-1,86.5,0.00,IDLE-SILENT
26,2,0,0,-1,41.3,0.00,IDLE-SILENT
26,3,0,0,-1,88.5,0.00,IDLE-SILENT
26,4,0,0,-1,49.9,0.00,IDLE-SILENT
27,0,0,0,-1,49.6,0.00,IDLE-SILENT
27,1,0,0,-1,86.4,0.00,IDLE-SILENT
27,2,0,0,-1,41.2,0.00,IDLE-SILENT
27,3,0,0,-1,88.4,0.00,IDLE-SILENT
27,4,0,0,-1,49.8,0.00,IDLE-SILENT
28,0,0,0,-1,49.5,0.00,IDLE-SILENT
28,1,0,0,-1,86.3,0.00,IDLE-SILENT
28,2,0,0,-1,41.1,0.00,IDLE-SILENT
28,3,0,0,-1,88.3,0.00,IDLE-SILENT
28,4,0,0,-1,49.7,0.00,IDLE-SILENT
29,0,0,0,-1,49.4,0.00,IDLE-SILENT
29,1,0,0,-1,86.2,0.00,IDLE-SILENT
29,2,0,0,-1,41.0,0.00,IDLE-SILENT
29,3,0,0,-1,88.2,0.00,IDLE-SILENT
29,4,0,0,-1,49.6,0.00,IDLE-SILENT
30,0,0,0,4,49.3,0.00,IDLE-SILENT
30,1,0,0,4,86.1,0.00,IDLE-SILENT
30,2,0,0,4,40.9,0.00,IDLE-SILENT
30,3,0,0,4,88.1,0.00,IDLE-SILENT
30,4,0,0,4,49.5,0.00,IDLE-SILENT
31,0,0,0,4,49.2,0.00,SILENT,IDLE-SILENT
31,1,0,0,4,86.0,0.00,SILENT,IDLE-SILENT
31,2,0,0,4,40.8,0.00,SILENT,IDLE-SILENT
31,3,0,0,4,88.0,0.00,SILENT,IDLE-SILENT
31,4,0,0,4,49.4,0.00,SILENT,IDLE-SILENT
32,0,0,0,4,49.1,0.00,SILENT,IDLE-SILENT
32,1,0,0,4,85.9,0.00,SILENT,IDLE-SILENT
32,2,0,0,4,40.7,0.00,SILENT,IDLE-SILENT
32,3,0,0,4,87.9,0.00,SILENT,IDLE-SILENT
32,4,0,0,4,49.3,0.00,SILENT,IDLE-SILENT
33,0,0,0,4,49.0,0.00,SILENT,IDLE-SILENT
33,1,0,0,4,85.8,0.00,SILENT,IDLE-SILENT
33,2,0,0,4,40.6,0.00,SILENT,IDLE-SILENT
33,3,0,0,4,87.8,0.00,SILENT,IDLE-SILENT
33,4,0,0,4,49.2,0.00,SILENT,IDLE-SILENT
34,0,0,0,4,48.9,0.00,SILENT,IDLE-SILENT
34,1,0,0,4,85.7,0.00,SILENT,IDLE-SILENT
34,2,0,0,4,40.5,0.00,SILENT,IDLE-SILENT
34,3,0,0,4,87.7,0.00,SILENT,IDLE-SILENT
34,4,0,0,4,49.1,0.00,SILENT,IDLE-SILENT
35,0,0,0,4,48.8,0.00,SILENT,IDLE-SILENT
35,1,0,0,4,85.6,0.00,SILENT,IDLE-SILENT
35,2,0,0,4,40.4,0.00,SILENT,IDLE-SILENT
35,3,0,0,4,87.6,0.00,SILENT,IDLE-SILENT
35,4,0,0,4,49.0,0.00,SILENT,IDLE-SILENT
36,0,0,0,4,48.7,0.00,SILENT,IDLE-SILENT
36,1,0,0,4,85.5,0.00,SILENT,IDLE-SILENT
36,2,0,0,4,40.3,0.00,SILENT,IDLE-SILENT
36,3,0,0,4,87.5,0.00,SILENT,IDLE-SILENT
36,4,0,0,4,48.9,0.00,SILENT,IDLE-SILENT
37,0,0,0,4,48.6,0.00,SILENT,IDLE-SILENT
37,1,0,0,4,85.4,0.00,SILENT,IDLE-SILENT
37,2,0,0,4,40.2,0.00,SILENT,IDLE-SILENT
37,3,0,0,4,87.4,0.00,SILENT,IDLE-SILENT
37,4,0,0,4,48.8,0.00,SILENT,IDLE-SILENT
38,0,0,0,4,48.5,0.00,SILENT,IDLE-SILENT
38,1,0,0,4,85.3,0.00,SILENT,IDLE-SILENT
38,2,0,0,4,40.1,0.00,SILENT,IDLE-SILENT
38,3,0,0,4,87.3,0.00,SILENT,IDLE-SILENT
38,4,0,0,4,48.7,0.00,SILENT,IDLE-SILENT
39,0,0,0,4,48.4,0.00,SILENT,IDLE-SILENT
39,1,0,0,4,85.2,0.00,SILENT,IDLE-SILENT
39,2,0,0,4,40.0,0.00,SILENT,IDLE-SILENT
39,3,0,0,4,87.2,0.00,SILENT,IDLE-SILENT
39,4,0,0,4,48.6,0.00,SILENT,IDLE-SILENT
40,0,0,0,4,48.3,0.00,SILENT,IDLE-SILENT
40,1,0,0,4,85.1,0.00,SILENT,IDLE-SILENT
40,2,0,0,4,39.9,0.00,SILENT,IDLE-SILENT
40,3,0,0,4,87.1,0.00,SILENT,IDLE-SILENT
40,4,0,0,4,48.5,0.00,SILENT,IDLE-SILENT
41,0,0,0,4,48.2,0.00,SILENT,IDLE-SILENT
41,1,0,0,4,85.0,0.00,SILENT,IDLE-SILENT
41,2,0,0,4,39.8,0.00,SILENT,IDLE-SILENT
41,3,0,0,4,87.0,0.00,SILENT,IDLE-SILENT
41,4,0,0,4,48.4,0.00,SILENT,IDLE-SILENT
42,0,0,0,4,48.1,0.00,SILENT,IDLE-SILENT
42,1,0,0,4,84.9,0.00,SILENT,IDLE-SILENT
42,2,0,0,4,39.7,0.00,SILENT,IDLE-SILENT
42,3,0,0,4,86.9,0.00,SILENT,IDLE-SILENT
42,4,0,0,4,48.3,0.00,SILENT,IDLE-SILENT
43,0,0,0,4,48.0,0.00,SILENT,IDLE-SILENT
43,1,0,0,4,84.8,0.00,SILENT,IDLE-SILENT
43,2,0,0,4,39.6,0.00,SILENT,IDLE-SILENT
43,3,0,0,4,86.8,0.00,SILENT,IDLE-SILENT
43,4,0,0,4,48.2,0.00,SILENT,IDLE-SILENT
44,0,0,0,4,47.9,0.00,SILENT,IDLE-SILENT
44,1,0,0,4,84.7,0.00,SILENT,IDLE-SILENT
44,2,0,0,4,39.5,0.00,SILENT,IDLE-SILENT
44,3,0,0,4,86.7,0.00,SILENT,IDLE-SILENT
44,4,0,0,4,48.1,0.00,SILENT,IDLE-SILENT
45,0,0,0,4,47.8,0.00,SILENT,IDLE-SILENT
45,1,0,0,4,84.6,0.00,SILENT,IDLE-SILENT
45,2,0,0,4,39.4,0.00,SILENT,IDLE-SILENT
45,3,0,0,4,86.6,0.00,SILENT,IDLE-SILENT
45,4,0,0,4,48.0,0.00,SILENT,IDLE-SILENT
46,0,0,0,4,47.7,0.00,SILENT,IDLE-SILENT
46,1,0,0,4,84.5,0.00,SILENT,IDLE-SILENT
46,2,0,0,4,39.3,0.00,SILENT,IDLE-SILENT
46,3,0,0,4,86.5,0.00,SILENT,IDLE-SILENT
46,4,0,0,4,47.9,0.00,SILENT,IDLE-SILENT
47,0,0,0,4,47.6,0.00,SILENT,IDLE-SILENT
47,1,0,0,4,84.4,0.00,SILENT,IDLE-SILENT
47,2,0,0,4,39.2,0.00,SILENT,IDLE-SILENT
47,3,0,0,4,86.4,0.00,SILENT,IDLE-SILENT
47,4,0,0,4,47.8,0.00,SILENT,IDLE-SILENT
48,0,0,0,4,47.5,0.00,SILENT,IDLE-SILENT
48,1,0,0,4,84.3,0.00,SILENT,IDLE-SILENT
48,2,0,0,4,39.1,0.00,SILENT,IDLE-SILENT
48,3,0,0,4,86.3,0.00,SILENT,IDLE-SILENT
48,4,0,0,4,47.7,0.00,SILENT,IDLE-SILENT
49,0,0,0,4,47.4,0.00,SILENT,IDLE-SILENT
49,1,0,0,4,84.2,0.00,SILENT,IDLE-SILENT
49,2,0,0,4,39.0,0.00,SILENT,IDLE-SILENT
49,3,0,0,4,86.2,0.00,SILENT,IDLE-SILENT
49,4,0,0,4,47.6,0.00,SILENT,IDLE-SILENT
50,0,0,0,4,47.3,0.00,SILENT,IDLE-SILENT
50,1,0,0,4,84.1,0.00,SILENT,IDLE-SILENT
50,2,0,0,4,38.9,0.00,SILENT,IDLE-SILENT
50,3,0,0,4,86.1,0.00,SILENT,IDLE-SILENT
50,4,0,0,4,47.5,0.00,SILENT,IDLE-SILENT
51,0,0,0,4,47.2,0.00,SILENT,IDLE-SILENT
51,1,0,0,4,84.0,0.00,SILENT,IDLE-SILENT
51,2,0,0,4,38.8,0.00,SILENT,IDLE-SILENT
51,3,0,0,4,86.0,0.00,SILENT,IDLE-SILENT
51,4,0,0,4,47.4,0.00,SILENT,IDLE-SILENT
52,0,0,0,4,47.1,0.00,SILENT,IDLE-SILENT
52,1,0,0,4,83.9,0.00,SILENT,IDLE-SILENT
52,2,0,0,4,38.7,0.00,SILENT,IDLE-SILENT
52,3,0,0,4,85.9,0.00,SILENT,IDLE-SILENT
52,4,0,0,4,47.3,0.00,SILENT,IDLE-SILENT
53,0,0,0,4,47.0,0.00,SILENT,IDLE-SILENT
53,1,0,0,4,83.8,0.00,SILENT,IDLE-SILENT
53,2,0,0,4,38.6,0.00,SILENT,IDLE-SILENT
53,3,0,0,4,85.8,0.00,SILENT,IDLE-SILENT
53,4,0,0,4,47.2,0.00,SILENT,IDLE-SILENT
54,0,0,0,4,46.9,0.00,SILENT,IDLE-SILENT
54,1,0,0,4,83.7,0.00,SILENT,IDLE-SILENT
54,2,0,0,4,38.5,0.00,SILENT,IDLE-SILENT
54,3,0,0,4,85.7,0.00,SILENT,IDLE-SILENT
54,4,0,0,4,47.1,0.00,SILENT,IDLE-SILENT
55,0,0,0,4,46.8,0.00,SILENT,IDLE-SILENT
55,1,0,0,4,83.6,0.00,SILENT,IDLE-SILENT
55,2,0,0,4,38.4,0.00,SILENT,IDLE-SILENT
55,3,0,0,4,85.6,0.00,SILENT,IDLE-SILENT
55,4,0,0,4,47.0,0.00,SILENT,IDLE-SILENT
56,0,0,0,4,46.7,0.00,SILENT,IDLE-SILENT
56,1,0,0,4,83.5,0.00,SILENT,IDLE-SILENT
56,2,0,0,4,38.3,0.00,SILENT,IDLE-SILENT
56,3,0,0,4,85.5,0.00,SILENT,IDLE-SILENT
56,4,0,0,4,46.9,0.00,SILENT,IDLE-SILENT
57,0,0,0,4,46.6,0.00,SILENT,IDLE-SILENT
57,1,0,0,4,83.4,0.00,SILENT,IDLE-SILENT
57,2,0,0,4,38.2,0.00,SILENT,IDLE-SILENT
57,3,0,0,4,85.4,0.00,SILENT,IDLE-SILENT
57,4,0,0,4,46.8,0.00,SILENT,IDLE-SILENT
58,0,0,0,4,46.5,0.00,SILENT,IDLE-SILENT
58,1,0,0,4,83.3,0.00,SILENT,IDLE-SILENT
58,2,0,0,4,38.1,0.00,SILENT,IDLE-SILENT
58,3,0,0,4,85.3,0.00,SILENT,IDLE-SILENT
58,4,0,0,4,46.7,0.00,SILENT,IDLE-SILENT
59,0,0,0,4,46.4,0.00,SILENT,IDLE-SILENT
59,1,0,0,4,83.2,0.00,SILENT,IDLE-SILENT
59,2,0,0,4,38.0,0.00,SILENT,IDLE-SILENT
59,3,0,0,4,85.2,0.00,SILENT,IDLE-SILENT
59,4,0,0,4,46.6,0.00,SILENT,IDLE-SILENT
60,0,0,0,4,46.3,0.00,SILENT,IDLE-SILENT
60,1,0,0,4,83.1,0.00,SILENT,IDLE-SILENT
60,2,0,0,4,37.9,0.00,SILENT,IDLE-SILENT
60,3,0,0,4,85.1,0.00,SILENT,IDLE-SILENT
60,4,0,0,4,46.5,0.00,SILENT,IDLE-SILENT
61,0,0,0,4,46.2,0.00,SILENT,IDLE-SILENT
61,1,0,0,4,83.0,0.00,SILENT,IDLE-SILENT
61,2,0,0,4,37.8,0.00,SILENT,IDLE-SILENT
61,3,0,0,4,85.0,0.00,SILENT,IDLE-SILENT
61,4,0,0,4,46.4,0.00,SILENT,IDLE-SILENT
62,0,0,0,4,46.1,0.00,SILENT,IDLE-SILENT
62,1,0,0,4,82.9,0.00,SILENT,IDLE-SILENT
62,2,0,0,4,37.7,0.00,SILENT,IDLE-SILENT
62,3,0,0,4,84.9,0.00,SILENT,IDLE-SILENT
62,4,0,0,4,46.3,0.00,SILENT,IDLE-SILENT
63,0,0,0,4,46.0,0.00,SILENT,IDLE-SILENT
63,1,0,0,4,82.8,0.00,SILENT,IDLE-SILENT
63,2,0,0,4,37.6,0.00,SILENT,IDLE-SILENT
63,3,0,0,4,84.8,0.00,SILENT,IDLE-SILENT
63,4,0,0,4,46.2,0.00,SILENT,IDLE-SILENT
64,0,0,0,4,45.9,0.00,SILENT,IDLE-SILENT
64,1,0,0,4,82.7,0.00,SILENT,IDLE-SILENT
64,2,0,0,4,37.5,0.00,SILENT,IDLE-SILENT
64,3,0,0,4,84.7,0.00,SILENT,IDLE-SILENT
64,4,0,0,4,46.1,0.00,SILENT,IDLE-SILENT
65,0,0,0,4,45.8,0.00,SILENT,IDLE-SILENT
65,1,0,0,4,82.6,0.00,SILENT,IDLE-SILENT
65,2,0,0,4,37.4,0.00,SILENT,IDLE-SILENT
65,3,0,0,4,84.6,0.00,SILENT,IDLE-SILENT
65,4,0,0,4,46.0,0.00,SILENT,IDLE-SILENT
66,0,0,0,4,45.7,0.00,SILENT,IDLE-SILENT
66,1,0,0,4,82.5,0.00,SILENT,IDLE-SILENT
66,2,0,0,4,37.3,0.00,SILENT,IDLE-SILENT
66,3,0,0,4,84.5,0.00,SILENT,IDLE-SILENT
66,4,0,0,4,45.9,0.00,SILENT,IDLE-SILENT
67,0,0,0,4,45.6,0.00,SILENT,IDLE-SILENT
67,1,0,0,4,82.4,0.00,SILENT,IDLE-SILENT
67,2,0,0,4,37.2,0.00,SILENT,IDLE-SILENT
67,3,0,0,4,84.4,0.00,SILENT,IDLE-SILENT
67,4,0,0,4,45.8,0.00,SILENT,IDLE-SILENT
68,0,0,0,4,45.5,0.00,SILENT,IDLE-SILENT
68,1,0,0,4,82.3,0.00,SILENT,IDLE-SILENT
68,2,0,0,4,37.1,0.00,SILENT,IDLE-SILENT
68,3,0,0,4,84.3,0.00,SILENT,IDLE-SILENT
68,4,0,0,4,45.7,0.00,SILENT,IDLE-SILENT
69,0,0,0,4,45.4,0.00,SILENT,IDLE-SILENT
69,1,0,0,4,82.2,0.00,SILENT,IDLE-SILENT
69,2,0,0,4,37.0,0.00,SILENT,IDLE-SILENT
69,3,0,0,4,84.2,0.00,SILENT,IDLE-SILENT
69,4,0,0,4,45.6,0.00,SILENT,IDLE-SILENT
70,0,0,0,4,45.3,0.00,SILENT,IDLE-SILENT
70,1,0,0,4,82.1,0.00,SILENT,IDLE-SILENT
70,2,0,0,4,36.9,0.00,SILENT,IDLE-SILENT
70,3,0,0,4,84.1,0.00,SILENT,IDLE-SILENT
70,4,0,0,4,45.5,0.00,SILENT,IDLE-SILENT
71,0,0,0,4,45.2,0.00,SILENT,IDLE-SILENT
71,1,0,0,4,82.0,0.00,SILENT,IDLE-SILENT
71,2,0,0,4,36.8,0.00,SILENT,IDLE-SILENT
71,3,0,0,4,84.0,0.00,SILENT,IDLE-SILENT
71,4,0,0,4,45.4,0.00,SILENT,IDLE-SILENT
72,0,0,0,4,45.1,0.00,SILENT,IDLE-SILENT
72,1,0,0,4,81.9,0.00,SILENT,IDLE-SILENT
72,2,0,0,4,36.7,0.00,SILENT,IDLE-SILENT
72,3,0,0,4,83.9,0.00,SILENT,IDLE-SILENT
72,4,0,0,4,45.3,0.00,SILENT,IDLE-SILENT
73,0,0,0,4,45.0,0.00,SILENT,IDLE-SILENT
73,1,0,0,4,81.8,0.00,SILENT,IDLE-SILENT
73,2,0,0,4,36.6,0.00,SILENT,IDLE-SILENT
73,3,0,0,4,83.8,0.00,SILENT,IDLE-SILENT
73,4,0,0,4,45.2,0.00,SILENT,IDLE-SILENT
74,0,0,0,4,44.9,0.00,SILENT,IDLE-SILENT
74,1,0,0,4,81.7,0.00,SILENT,IDLE-SILENT
74,2,0,0,4,36.5,0.00,SILENT,IDLE-SILENT
74,3,0,0,4,83.7,0.00,SILENT,IDLE-SILENT
74,4,0,0,4,45.1,0.00,SILENT,IDLE-SILENT
75,0,0,0,4,44.8,0.00,SILENT,IDLE-SILENT
75,1,0,0,4,81.6,0.00,SILENT,IDLE-SILENT
75,2,0,0,4,36.4,0.00,SILENT,IDLE-SILENT
75,3,0,0,4,83.6,0.00,SILENT,IDLE-SILENT
75,4,0,0,4,45.0,0.00,SILENT,IDLE-SILENT
76,0,0,0,4,44.7,0.00,SILENT,IDLE-SILENT
76,1,0,0,4,81.5,0.00,SILENT,IDLE-SILENT
76,2,0,0,4,36.3,0.00,SILENT,IDLE-SILENT
76,3,0,0,4,83.5,0.00,SILENT,IDLE-SILENT
76,4,0,0,4,44.9,0.00,SILENT,IDLE-SILENT
77,0,0,0,4,44.6,0.00,SILENT,IDLE-SILENT
77,1,0,0,4,81.4,0.00,SILENT,IDLE-SILENT
77,2,0,0,4,36.2,0.00,SILENT,IDLE-SILENT
77,3,0,0,4,83.4,0.00,SILENT,IDLE-SILENT
77,4,0,0,4,44.8,0.00,SILENT,IDLE-SILENT
78,0,0,0,4,44.5,0.00,SILENT,IDLE-SILENT
78,1,0,0,4,81.3,0.00,SILENT,IDLE-SILENT
78,2,0,0,4,36.1,0.00,SILENT,IDLE-SILENT
78,3,0,0,4,83.3,0.00,SILENT,IDLE-SILENT
78,4,0,0,4,44.7,0.00,SILENT,IDLE-SILENT
79,0,0,0,4,44.4,0.00,SILENT,IDLE-SILENT
79,1,0,0,4,81.2,0.00,SILENT,IDLE-SILENT
79,2,0,0,4,36.0,0.00,SILENT,IDLE-SILENT
79,3,0,0,4,83.2,0.00,SILENT,IDLE-SILENT
79,4,0,0,4,44.6,0.00,SILENT,IDLE-SILENT
80,0,0,0,4,44.3,0.00,SILENT,IDLE-SILENT
80,1,0,0,4,81.1,0.00,SILENT,IDLE-SILENT
80,2,0,0,4,35.9,0.00,SILENT,IDLE-SILENT
80,3,0,0,4,83.1,0.00,SILENT,IDLE-SILENT
80,4,0,0,4,44.5,0.00,SILENT,IDLE-SILENT
81,0,0,0,4,44.2,0.00,SILENT,IDLE-SILENT
81,1,0,0,4,81.0,0.00,SILENT,IDLE-SILENT
81,2,0,0,4,35.8,0.00,SILENT,IDLE-SILENT
81,3,0,0,4,83.0,0.00,SILENT,IDLE-SILENT
81,4,0,0,4,44.4,0.00,SILENT,IDLE-SILENT
82,0,0,0,4,44.1,0.00,SILENT,IDLE-SILENT
82,1,0,0,4,80.9,0.00,SILENT,IDLE-SILENT
82,2,0,0,4,35.7,0.00,SILENT,IDLE-SILENT
82,3,0,0,4,82.9,0.00,SILENT,IDLE-SILENT
82,4,0,0,4,44.3,0.00,SILENT,IDLE-SILENT
83,0,0,0,4,44.0,0.00,SILENT,IDLE-SILENT
83,1,0,0,4,80.8,0.00,SILENT,IDLE-SILENT
83,2,0,0,4,35.6,0.00,SILENT,IDLE-SILENT
83,3,0,0,4,82.8,0.00,SILENT,IDLE-SILENT
83,4,0,0,4,44.2,0.00,SILENT,IDLE-SILENT
84,0,0,0,4,43.9,0.00,SILENT,IDLE-SILENT
84,1,0,0,4,80.7,0.00,SILENT,IDLE-SILENT
84,2,0,0,4,35.5,0.00,SILENT,IDLE-SILENT
84,3,0,0,4,82.7,0.00,SILENT,IDLE-SILENT
84,4,0,0,4,44.1,0.00,SILENT,IDLE-SILENT
85,0,0,0,4,43.8,0.00,SILENT,IDLE-SILENT
85,1,0,0,4,80.6,0.00,SILENT,IDLE-SILENT
85,2,0,0,4,35.4,0.00,SILENT,IDLE-SILENT
85,3,0,0,4,82.6,0.00,SILENT,IDLE-SILENT
85,4,0,0,4,44.0,0.00,SILENT,IDLE-SILENT
86,0,0,0,4,43.7,0.00,SILENT,IDLE-SILENT
86,1,0,0,4,80.5,0.00,SILENT,IDLE-SILENT
86,2,0,0,4,35.3,0.00,SILENT,IDLE-SILENT
86,3,0,0,4,82.5,0.00,SILENT,IDLE-SILENT
86,4,0,0,4,43.9,0.00,SILENT,IDLE-SILENT
87,0,0,0,4,43.6,0.00,SILENT,IDLE-SILENT
87,1,0,0,4,80.4,0.00,SILENT,IDLE-SILENT
87,2,0,0,4,35.2,0.00,SILENT,IDLE-SILENT
87,3,0,0,4,82.4,0.00,SILENT,IDLE-SILENT
87,4,0,0,4,43.8,0.00,SILENT,IDLE-SILENT
88,0,0,0,4,43.5,0.00,SILENT,IDLE-SILENT
88,1,0,0,4,80.3,0.00,SILENT,IDLE-SILENT
88,2,0,0,4,35.1,0.00,SILENT,IDLE-SILENT
88,3,0,0,4,82.3,0.00,SILENT,IDLE-SILENT
88,4,0,0,4,43.7,0.00,SILENT,IDLE-SILENT
89,0,0,0,4,43.4,0.00,SILENT,IDLE-SILENT
89,1,0,0,4,80.2,0.00,SILENT,IDLE-SILENT
89,2,0,0,4,35.0,0.00,SILENT,IDLE-SILENT
89,3,0,0,4,82.2,0.00,SILENT,IDLE-SILENT
89,4,0,0,4,43.6,0.00,SILENT,IDLE-SILENT
90,0,0,0,4,43.3,0.00,SILENT,IDLE-SILENT
90,1,0,0,4,80.1,0.00,SILENT,IDLE-SILENT
90,2,0,0,4,34.9,0.00,SILENT,IDLE-SILENT
90,3,0,0,4,82.1,0.00,SILENT,IDLE-SILENT
90,4,0,0,4,43.5,0.00,SILENT,IDLE-SILENT
91,0,0,0,4,43.2,0.00,SILENT,IDLE-SILENT
91,1,0,0,4,80.0,0.00,SILENT,IDLE-SILENT
91,2,0,0,4,34.8,0.00,SILENT,IDLE-SILENT
91,3,0,0,4,82.0,0.00,SILENT,IDLE-SILENT
91,4,0,0,4,43.4,0.00,SILENT,IDLE-SILENT
92,0,0,0,4,43.1,0.00,SILENT,IDLE-SILENT
92,1,0,0,4,79.9,0.00,SILENT,IDLE-SILENT
92,2,0,0,4,34.7,0.00,SILENT,IDLE-SILENT
92,3,0,0,4,81.9,0.00,SILENT,IDLE-SILENT
92,4,0,0,4,43.3,0.00,SILENT,IDLE-SILENT
93,0,0,0,4,43.0,0.00,SILENT,IDLE-SILENT
93,1,0,0,4,79.8,0.00,SILENT,IDLE-SILENT
93,2,0,0,4,34.6,0.00,SILENT,IDLE-SILENT
93,3,0,0,4,81.8,0.00,SILENT,IDLE-SILENT
93,4,0,0,4,43.2,0.00,SILENT,IDLE-SILENT
94,0,0,0,4,42.9,0.00,SILENT,IDLE-SILENT
94,1,0,0,4,79.7,0.00,SILENT,IDLE-SILENT
94,2,0,0,4,34.5,0.00,SILENT,IDLE-SILENT
94,3,0,0,4,81.7,0.00,SILENT,IDLE-SILENT
94,4,0,0,4,43.1,0.00,SILENT,IDLE-SILENT
95,0,0,0,4,42.8,0.00,SILENT,IDLE-SILENT
95,1,0,0,4,79.6,0.00,SILENT,IDLE-SILENT
95,2,0,0,4,34.4,0.00,SILENT,IDLE-SILENT
95,3,0,0,4,81.6,0.00,SILENT,IDLE-SILENT
95,4,0,0,4,43.0,0.00,SILENT,IDLE-SILENT
96,0,0,0,4,42.7,0.00,SILENT,IDLE-SILENT
96,1,0,0,4,79.5,0.00,SILENT,IDLE-SILENT
96,2,0,0,4,34.3,0.00,SILENT,IDLE-SILENT
96,3,0,0,4,81.5,0.00,SILENT,IDLE-SILENT
96,4,0,0,4,42.9,0.00,SILENT,IDLE-SILENT
97,0,0,0,4,42.6,0.00,SILENT,IDLE-SILENT
97,1,0,0,4,79.4,0.00,SILENT,IDLE-SILENT
97,2,0,0,4,34.2,0.00,SILENT,IDLE-SILENT
97,3,0,0,4,81.4,0.00,SILENT,IDLE-SILENT
97,4,0,0,4,42.8,0.00,SILENT,IDLE-SILENT
98,0,0,0,4,42.5,0.00,SILENT,IDLE-SILENT
98,1,0,0,4,79.3,0.00,SILENT,IDLE-SILENT
98,2,0,0,4,34.1,0.00,SILENT,IDLE-SILENT
98,3,0,0,4,81.3,0.00,SILENT,IDLE-SILENT
98,4,0,0,4,42.7,0.00,SILENT,IDLE-SILENT
99,0,0,0,4,42.4,0.00,SILENT,IDLE-SILENT
99,1,0,0,4,79.2,0.00,SILENT,IDLE-SILENT
99,2,0,0,4,34.0,0.00,SILENT,IDLE-SILENT
99,3,0,0,4,81.2,0.00,SILENT,IDLE-SILENT
99,4,0,0,4,42.6,0.00,SILENT,IDLE-SILENT
100,0,0,0,4,42.3,0.00,SILENT,IDLE-SILENT
100,1,0,0,4,79.1,0.00,SILENT,IDLE-SILENT
100,2,0,0,4,33.9,0.00,SILENT,IDLE-SILENT
100,3,0,0,4,81.1,0.00,SILENT,IDLE-SILENT
100,4,0,0,4,42.5,0.00,SILENT,IDLE-SILENT
101,0,0,0,4,42.2,0.00,SILENT,IDLE-SILENT
101,1,0,0,4,79.0,0.00,SILENT,IDLE-SILENT
101,2,0,0,4,33.8,0.00,SILENT,IDLE-SILENT
101,3,0,0,4,81.0,0.00,SILENT,IDLE-SILENT
101,4,0,0,4,42.4,0.00,SILENT,IDLE-SILENT
102,0,0,0,4,42.1,0.00,SILENT,IDLE-SILENT
102,1,0,0,4,78.9,0.00,SILENT,IDLE-SILENT
102,2,0,0,4,33.7,0.00,SILENT,IDLE-SILENT
102,3,0,0,4,80.9,0.00,SILENT,IDLE-SILENT
102,4,0,0,4,42.3,0.00,SILENT,IDLE-SILENT
103,0,0,0,4,42.0,0.00,SILENT,IDLE-SILENT
103,1,0,0,4,78.8,0.00,SILENT,IDLE-SILENT
103,2,0,0,4,33.6,0.00,SILENT,IDLE-SILENT
103,3,0,0,4,80.8,0.00,SILENT,IDLE-SILENT
103,4,0,0,4,42.2,0.00,SILENT,IDLE-SILENT
104,0,0,0,4,41.9,0.00,SILENT,IDLE-SILENT
104,1,0,0,4,78.7,0.00,SILENT,IDLE-SILENT
104,2,0,0,4,33.5,0.00,SILENT,IDLE-SILENT
104,3,0,0,4,80.7,0.00,SILENT,IDLE-SILENT
104,4,0,0,4,42.1,0.00,SILENT,IDLE-SILENT
105,0,0,0,4,41.8,0.00,SILENT,IDLE-SILENT
105,1,0,0,4,78.6,0.00,SILENT,IDLE-SILENT
105,2,0,0,4,33.4,0.00,SILENT,IDLE-SILENT
105,3,0,0,4,80.6,0.00,SILENT,IDLE-SILENT
105,4,0,0,4,42.0,0.00,SILENT,IDLE-SILENT
106,0,0,0,4,41.7,0.00,SILENT,IDLE-SILENT
106,1,0,0,4,78.5,0.00,SILENT,IDLE-SILENT
106,2,0,0,4,33.3,0.00,SILENT,IDLE-SILENT
106,3,0,0,4,80.5,0.00,SILENT,IDLE-SILENT
106,4,0,0,4,41.9,0.00,SILENT,IDLE-SILENT
107,0,0,0,4,41.6,0.00,SILENT,IDLE-SILENT
107,1,0,0,4,78.4,0.00,SILENT,IDLE-SILENT
107,2,0,0,4,33.2,0.00,SILENT,IDLE-SILENT
107,3,0,0,4,80.4,0.00,SILENT,IDLE-SILENT
107,4,0,0,4,41.8,0.00,SILENT,IDLE-SILENT
108,0,0,0,4,41.5,0.00,SILENT,IDLE-SILENT
108,1,0,0,4,78.3,0.00,SILENT,IDLE-SILENT
108,2,0,0,4,33.1,0.00,SILENT,IDLE-SILENT
108,3,0,0,4,80.3,0.00,SILENT,IDLE-SILENT
108,4,0,0,4,41.7,0.00,SILENT,IDLE-SILENT
109,0,0,0,4,41.4,0.00,SILENT,IDLE-SILENT
109,1,0,0,4,78.2,0.00,SILENT,IDLE-SILENT
109,2,0,0,4,33.0,0.00,SILENT,IDLE-SILENT
109,3,0,0,4,80.2,0.00,SILENT,IDLE-SILENT
109,4,0,0,4,41.6,0.00,SILENT,IDLE-SILENT
110,0,0,0,4,41.3,0.00,SILENT,IDLE-SILENT
110,1,0,0,4,78.1,0.00,SILENT,IDLE-SILENT
110,2,0,0,4,32.9,0.00,SILENT,IDLE-SILENT
110,3,0,0,4,80.1,0.00,SILENT,IDLE-SILENT
110,4,0,0,4,41.5,0.00,SILENT,IDLE-SILENT
111,0,0,0,4,41.2,0.00,SILENT,IDLE-SILENT
111,1,0,0,4,78.0,0.00,SILENT,IDLE-SILENT
111,2,0,0,4,32.8,0.00,SILENT,IDLE-SILENT
111,3,0,0,4,80.0,0.00,SILENT,IDLE-SILENT
111,4,0,0,4,41.4,0.00,SILENT,IDLE-SILENT
112,0,0,0,4,41.1,0.00,SILENT,IDLE-SILENT
112,1,0,0,4,77.9,0.00,SILENT,IDLE-SILENT
112,2,0,0,4,32.7,0.00,SILENT,IDLE-SILENT
112,3,0,0,4,79.9,0.00,SILENT,IDLE-SILENT
112,4,0,0,4,41.3,0.00,SILENT,IDLE-SILENT
113,0,0,0,4,41.0,0.00,SILENT,IDLE-SILENT
113,1,0,0,4,77.8,0.00,SILENT,IDLE-SILENT
113,2,0,0,4,32.6,0.00,SILENT,IDLE-SILENT
113,3,0,0,4,79.8,0.00,SILENT,IDLE-SILENT
113,4,0,0,4,41.2,0.00,SILENT,IDLE-SILENT
114,0,0,0,4,40.9,0.00,SILENT,IDLE-SILENT
114,1,0,0,4,77.7,0.00,SILENT,IDLE-SILENT
114,2,0,0,4,32.5,0.00,SILENT,IDLE-SILENT
114,3,0,0,4,79.7,0.00,SILENT,IDLE-SILENT
114,4,0,0,4,41.1,0.00,SILENT,IDLE-SILENT
115,0,0,0,4,40.8,0.00,SILENT,IDLE-SILENT
115,1,0,0,4,77.6,0.00,SILENT,IDLE-SILENT
115,2,0,0,4,32.4,0.00,SILENT,IDLE-SILENT
115,3,0,0,4,79.6,0.00,SILENT,IDLE-SILENT
115,4,0,0,4,41.0,0.00,SILENT,IDLE-SILENT
116,0,0,0,4,40.7,0.00,SILENT,IDLE-SILENT
116,1,0,0,4,77.5,0.00,SILENT,IDLE-SILENT
116,2,0,0,4,32.3,0.00,SILENT,IDLE-SILENT
116,3,0,0,4,79.5,0.00,SILENT,IDLE-SILENT
116,4,0,0,4,40.9,0.00,SILENT,IDLE-SILENT
117,0,0,0,4,40.6,0.00,SILENT,IDLE-SILENT
117,1,0,0,4,77.4,0.00,SILENT,IDLE-SILENT
117,2,0,0,4,32.2,0.00,SILENT,IDLE-SILENT
117,3,0,0,4,79.4,0.00,SILENT,IDLE-SILENT
117,4,0,0,4,40.8,0.00,SILENT,IDLE-SILENT
118,0,0,0,4,40.5,0.00,SILENT,IDLE-SILENT
118,1,0,0,4,77.3,0.00,SILENT,IDLE-SILENT
118,2,0,0,4,32.1,0.00,SILENT,IDLE-SILENT
118,3,0,0,4,79.3,0.00,SILENT,IDLE-SILENT
118,4,0,0,4,40.7,0.00,SILENT,IDLE-SILENT
119,0,0,0,4,40.4,0.00,SILENT,IDLE-SILENT
119,1,0,0,4,77.2,0.00,SILENT,IDLE-SILENT
119,2,0,0,4,32.0,0.00,SILENT,IDLE-SILENT
119,3,0,0,4,79.2,0.00,SILENT,IDLE-SILENT
119,4,0,0,4,40.6,0.00,SILENT,IDLE-SILENT
120,0,0,0,4,40.3,0.00,SILENT,IDLE-SILENT
120,1,0,0,4,77.1,0.00,SILENT,IDLE-SILENT
120,2,0,0,4,31.9,0.00,SILENT,IDLE-SILENT
120,3,0,0,4,79.1,0.00,SILENT,IDLE-SILENT
120,4,0,0,4,40.5,0.00,SILENT,IDLE-SILENT
121,0,0,0,4,40.2,0.00,SILENT,IDLE-SILENT
121,1,0,0,4,77.0,0.00,SILENT,IDLE-SILENT
121,2,0,0,4,31.8,0.00,SILENT,IDLE-SILENT
121,3,0,0,4,79.0,0.00,SILENT,IDLE-SILENT
121,4,0,0,4,40.4,0.00,SILENT,IDLE-SILENT
122,0,0,0,4,40.1,0.00,SILENT,IDLE-SILENT
122,1,0,0,4,76.9,0.00,SILENT,IDLE-SILENT
122,2,0,0,4,31.7,0.00,SILENT,IDLE-SILENT
122,3,0,0,4,78.9,0.00,SILENT,IDLE-SILENT
122,4,0,0,4,40.3,0.00,SILENT,IDLE-SILENT
123,0,0,0,4,40.0,0.00,SILENT,IDLE-SILENT
123,1,0,0,4,76.8,0.00,SILENT,IDLE-SILENT
123,2,0,0,4,31.6,0.00,SILENT,IDLE-SILENT
123,3,0,0,4,78.8,0.00,SILENT,IDLE-SILENT
123,4,0,0,4,40.2,0.00,SILENT,IDLE-SILENT
124,0,0,0,4,39.9,0.00,SILENT,IDLE-SILENT
124,1,0,0,4,76.7,0.00,SILENT,IDLE-SILENT
124,2,0,0,4,31.5,0.00,SILENT,IDLE-SILENT
124,3,0,0,4,78.7,0.00,SILENT,IDLE-SILENT
124,4,0,0,4,40.1,0.00,SILENT,IDLE-SILENT
125,0,0,0,4,39.8,0.00,SILENT,IDLE-SILENT
125,1,0,0,4,76.6,0.00,SILENT,IDLE-SILENT
125,2,0,0,4,31.4,0.00,SILENT,IDLE-SILENT
125,3,0,0,4,78.6,0.00,SILENT,IDLE-SILENT
125,4,0,0,4,40.0,0.00,SILENT,IDLE-SILENT
126,0,0,0,4,39.7,0.00,SILENT,IDLE-SILENT
126,1,0,0,4,76.5,0.00,SILENT,IDLE-SILENT
126,2,0,0,4,31.3,0.00,SILENT,IDLE-SILENT
126,3,0,0,4,78.5,0.00,SILENT,IDLE-SILENT
126,4,0,0,4,39.9,0.00,SILENT,IDLE-SILENT
127,0,0,0,4,39.6,0.00,SILENT,IDLE-SILENT
127,1,0,0,4,76.4,0.00,SILENT,IDLE-SILENT
127,2,0,0,4,31.2,0.00,SILENT,IDLE-SILENT
127,3,0,0,4,78.4,0.00,SILENT,IDLE-SILENT
127,4,0,0,4,39.8,0.00,SILENT,IDLE-SILENT
128,0,0,0,4,39.5,0.00,SILENT,IDLE-SILENT
128,1,0,0,4,76.3,0.00,SILENT,IDLE-SILENT
128,2,0,0,4,31.1,0.00,SILENT,IDLE-SILENT
128,3,0,0,4,78.3,0.00,SILENT,IDLE-SILENT
128,4,0,0,4,39.7,0.00,SILENT,IDLE-SILENT
129,0,0,0,4,39.4,0.00,SILENT,IDLE-SILENT
129,1,0,0,4,76.2,0.00,SILENT,IDLE-SILENT
129,2,0,0,4,31.0,0.00,SILENT,IDLE-SILENT
129,3,0,0,4,78.2,0.00,SILENT,IDLE-SILENT
129,4,0,0,4,39.6,0.00,SILENT,IDLE-SILENT
130,0,0,0,4,39.3,0.00,SILENT,IDLE-SILENT
130,1,0,0,4,76.1,0.00,SILENT,IDLE-SILENT
130,2,0,0,4,30.9,0.00,SILENT,IDLE-SILENT
130,3,0,0,4,78.1,0.00,SILENT,IDLE-SILENT
130,4,0,0,4,39.5,0.00,SILENT,IDLE-SILENT
131,0,0,0,4,39.2,0.00,SILENT,IDLE-SILENT
131,1,0,0,4,76.0,0.00,SILENT,IDLE-SILENT
131,2,0,0,4,30.8,0.00,SILENT,IDLE-SILENT
131,3,0,0,4,78.0,0.00,SILENT,IDLE-SILENT
131,4,0,0,4,39.4,0.00,SILENT,IDLE-SILENT
132,0,0,0,4,39.1,0.00,SILENT,IDLE-SILENT
132,1,0,0,4,75.9,0.00,SILENT,IDLE-SILENT
132,2,0,0,4,30.7,0.00,SILENT,IDLE-SILENT
132,3,0,0,4,77.9,0.00,SILENT,IDLE-SILENT
132,4,0,0,4,39.3,0.00,SILENT,IDLE-SILENT
133,0,0,0,4,39.0,0.00,SILENT,IDLE-SILENT
133,1,0,0,4,75.8,0.00,SILENT,IDLE-SILENT
133,2,0,0,4,30.6,0.00,SILENT,IDLE-SILENT
133,3,0,0,4,77.8,0.00,SILENT,IDLE-SILENT
133,4,0,0,4,39.2,0.00,SILENT,IDLE-SILENT
134,0,0,0,4,38.9,0.00,SILENT,IDLE-SILENT
134,1,0,0,4,75.7,0.00,SILENT,IDLE-SILENT
134,2,0,0,4,30.5,0.00,SILENT,IDLE-SILENT
134,3,0,0,4,77.7,0.00,SILENT,IDLE-SILENT
134,4,0,0,4,39.1,0.00,SILENT,IDLE-SILENT
135,0,0,0,4,38.8,0.00,SILENT,IDLE-SILENT
135,1,0,0,4,75.6,0.00,SILENT,IDLE-SILENT
135,2,0,0,4,30.4,0.00,SILENT,IDLE-SILENT
135,3,0,0,4,77.6,0.00,SILENT,IDLE-SILENT
135,4,0,0,4,39.0,0.00,SILENT,IDLE-SILENT
136,0,0,0,4,38.7,0.00,SILENT,IDLE-SILENT
136,1,0,0,4,75.5,0.00,SILENT,IDLE-SILENT
136,2,0,0,4,30.3,0.00,SILENT,IDLE-SILENT
136,3,0,0,4,77.5,0.00,SILENT,IDLE-SILENT
136,4,0,0,4,38.9,0.00,SILENT,IDLE-SILENT
137,0,0,0,4,38.6,0.00,SILENT,IDLE-SILENT
137,1,0,0,4,75.4,0.00,SILENT,IDLE-SILENT
137,2,0,0,4,30.2,0.00,SILENT,IDLE-SILENT
137,3,0,0,4,77.4,0.00,SILENT,IDLE-SILENT
137,4,0,0,4,38.8,0.00,SILENT,IDLE-SILENT
138,0,0,0,4,38.5,0.00,SILENT,IDLE-SILENT
138,1,0,0,4,75.3,0.00,SILENT,IDLE-SILENT
138,2,0,0,4,30.1,0.00,SILENT,IDLE-SILENT
138,3,0,0,4,77.3,0.00,SILENT,IDLE-SILENT
138,4,0,0,4,38.7,0.00,SILENT,IDLE-SILENT
139,0,0,0,4,38.4,0.00,SILENT,IDLE-SILENT
139,1,0,0,4,75.2,0.00,SILENT,IDLE-SILENT
139,2,0,0,4,30.0,0.00,SILENT,IDLE-SILENT
139,3,0,0,4,77.2,0.00,SILENT,IDLE-SILENT
139,4,0,0,4,38.6,0.00,SILENT,IDLE-SILENT
140,0,0,0,4,38.3,0.00,SILENT,IDLE-SILENT
140,1,0,0,4,75.1,0.00,SILENT,IDLE-SILENT
140,2,0,0,4,29.9,0.00,SILENT,IDLE-SILENT
140,3,0,0,4,77.1,0.00,SILENT,IDLE-SILENT
140,4,0,0,4,38.5,0.00,SILENT,IDLE-SILENT
141,0,0,0,4,38.2,0.00,SILENT,IDLE-SILENT
141,1,0,0,4,75.0,0.00,SILENT,IDLE-SILENT
141,2,0,0,4,29.8,0.00,SILENT,IDLE-SILENT
141,3,0,0,4,77.0,0.00,SILENT,IDLE-SILENT
141,4,0,0,4,38.4,0.00,SILENT,IDLE-SILENT
142,0,0,0,4,38.1,0.00,SILENT,IDLE-SILENT
142,1,0,0,4,74.9,0.00,SILENT,IDLE-SILENT
142,2,0,0,4,29.7,0.00,SILENT,IDLE-SILENT
142,3,0,0,4,76.9,0.00,SILENT,IDLE-SILENT
142,4,0,0,4,38.3,0.00,SILENT,IDLE-SILENT
143,0,0,0,4,38.0,0.00,SILENT,IDLE-SILENT
143,1,0,0,4,74.8,0.00,SILENT,IDLE-SILENT
143,2,0,0,4,29.6,0.00,SILENT,IDLE-SILENT
143,3,0,0,4,76.8,0.00,SILENT,IDLE-SILENT
143,4,0,0,4,38.2,0.00,SILENT,IDLE-SILENT
144,0,0,0,4,37.9,0.00,SILENT,IDLE-SILENT
144,1,0,0,4,74.7,0.00,SILENT,IDLE-SILENT
144,2,0,0,4,29.5,0.00,SILENT,IDLE-SILENT
144,3,0,0,4,76.7,0.00,SILENT,IDLE-SILENT
144,4,0,0,4,38.1,0.00,SILENT,IDLE-SILENT
145,0,0,0,4,37.8,0.00,SILENT,IDLE-SILENT
145,1,0,0,4,74.6,0.00,SILENT,IDLE-SILENT
145,2,0,0,4,29.4,0.00,SILENT,IDLE-SILENT
145,3,0,0,4,76.6,0.00,SILENT,IDLE-SILENT
145,4,0,0,4,38.0,0.00,SILENT,IDLE-SILENT
146,0,0,0,4,37.7,0.00,SILENT,IDLE-SILENT
146,1,0,0,4,74.5,0.00,SILENT,IDLE-SILENT
146,2,0,0,4,29.3,0.00,SILENT,IDLE-SILENT
146,3,0,0,4,76.5,0.00,SILENT,IDLE-SILENT
146,4,0,0,4,37.9,0.00,SILENT,IDLE-SILENT
147,0,0,0,4,37.6,0.00,SILENT,IDLE-SILENT
147,1,0,0,4,74.4,0.00,SILENT,IDLE-SILENT
147,2,0,0,4,29.2,0.00,SILENT,IDLE-SILENT
147,3,0,0,4,76.4,0.00,SILENT,IDLE-SILENT
147,4,0,0,4,37.8,0.00,SILENT,IDLE-SILENT
148,0,0,0,4,37.5,0.00,SILENT,IDLE-SILENT
148,1,0,0,4,74.3,0.00,SILENT,IDLE-SILENT
148,2,0,0,4,29.1,0.00,SILENT,IDLE-SILENT
148,3,0,0,4,76.3,0.00,SILENT,IDLE-SILENT
148,4,0,0,4,37.7,0.00,SILENT,IDLE-SILENT
149,0,0,0,4,37.4,0.00,SILENT,IDLE-SILENT
149,1,0,0,4,74.2,0.00,SILENT,IDLE-SILENT
149,2,0,0,4,29.0,0.00,SILENT,IDLE-SILENT
149,3,0,0,4,76.2,0.00,SILENT,IDLE-SILENT
149,4,0,0,4,37.6,0.00,SILENT,IDLE-SILENT
150,0,0,0,4,37.3,0.00,SILENT,IDLE-SILENT
150,1,0,0,4,74.1,0.00,SILENT,IDLE-SILENT
150,2,0,0,4,28.9,0.00,SILENT,IDLE-SILENT
150,3,0,0,4,76.1,0.00,SILENT,IDLE-SILENT
150,4,0,0,4,37.5,0.00,SILENT,IDLE-SILENT
151,0,0,0,4,37.2,0.00,SILENT,IDLE-SILENT
151,1,0,0,4,74.0,0.00,SILENT,IDLE-SILENT
151,2,0,0,4,28.8,0.00,SILENT,IDLE-SILENT
151,3,0,0,4,76.0,0.00,SILENT,IDLE-SILENT
151,4,0,0,4,37.4,0.00,SILENT,IDLE-SILENT
152,0,0,0,4,37.1,0.00,SILENT,IDLE-SILENT
152,1,0,0,4,73.9,0.00,SILENT,IDLE-SILENT
152,2,0,0,4,28.7,0.00,SILENT,IDLE-SILENT
152,3,0,0,4,75.9,0.00,SILENT,IDLE-SILENT
152,4,0,0,4,37.3,0.00,SILENT,IDLE-SILENT
153,0,0,0,4,37.0,0.00,SILENT,IDLE-SILENT
153,1,0,0,4,73.8,0.00,SILENT,IDLE-SILENT
153,2,0,0,4,28.6,0.00,SILENT,IDLE-SILENT
153,3,0,0,4,75.8,0.00,SILENT,IDLE-SILENT
153,4,0,0,4,37.2,0.00,SILENT,IDLE-SILENT
154,0,0,0,4,36.9,0.00,SILENT,IDLE-SILENT
154,1,0,0,4,73.7,0.00,SILENT,IDLE-SILENT
154,2,0,0,4,28.5,0.00,SILENT,IDLE-SILENT
154,3,0,0,4,75.7,0.00,SILENT,IDLE-SILENT
154,4,0,0,4,37.1,0.00,SILENT,IDLE-SILENT
155,0,0,0,4,36.8,0.00,SILENT,IDLE-SILENT
155,1,0,0,4,73.6,0.00,SILENT,IDLE-SILENT
155,2,0,0,4,28.4,0.00,SILENT,IDLE-SILENT
155,3,0,0,4,75.6,0.00,SILENT,IDLE-SILENT
155,4,0,0,4,37.0,0.00,SILENT,IDLE-SILENT
156,0,0,0,4,36.7,0.00,SILENT,IDLE-SILENT
156,1,0,0,4,73.5,0.00,SILENT,IDLE-SILENT
156,2,0,0,4,28.3,0.00,SILENT,IDLE-SILENT
156,3,0,0,4,75.5,0.00,SILENT,IDLE-SILENT
156,4,0,0,4,36.9,0.00,SILENT,IDLE-SILENT
157,0,0,0,4,36.6,0.00,SILENT,IDLE-SILENT
157,1,0,0,4,73.4,0.00,SILENT,IDLE-SILENT
157,2,0,0,4,28.2,0.00,SILENT,IDLE-SILENT
157,3,0,0,4,75.4,0.00,SILENT,IDLE-SILENT
157,4,0,0,4,36.8,0.00,SILENT,IDLE-SILENT
158,0,0,0,4,36.5,0.00,SILENT,IDLE-SILENT
158,1,0,0,4,73.3,0.00,SILENT,IDLE-SILENT
158,2,0,0,4,28.1,0.00,SILENT,IDLE-SILENT
158,3,0,0,4,75.3,0.00,SILENT,IDLE-SILENT
158,4,0,0,4,36.7,0.00,SILENT,IDLE-SILENT
159,0,0,0,4,36.4,0.00,SILENT,IDLE-SILENT
159,1,0,0,4,73.2,0.00,SILENT,IDLE-SILENT
159,2,0,0,4,28.0,0.00,SILENT,IDLE-SILENT
159,3,0,0,4,75.2,0.00,SILENT,IDLE-SILENT
159,4,0,0,4,36.6,0.00,SILENT,IDLE-SILENT
160,0,0,0,4,36.3,0.00,SILENT,IDLE-SILENT
160,1,0,0,4,73.1,0.00,SILENT,IDLE-SILENT
160,2,0,0,4,27.9,0.00,SILENT,IDLE-SILENT
160,3,0,0,4,75.1,0.00,SILENT,IDLE-SILENT
160,4,0,0,4,36.5,0.00,SILENT,IDLE-SILENT
161,0,0,0,4,36.2,0.00,SILENT,IDLE-SILENT
161,1,0,0,4,73.0,0.00,SILENT,IDLE-SILENT
161,2,0,0,4,27.8,0.00,SILENT,IDLE-SILENT
161,3,0,0,4,75.0,0.00,SILENT,IDLE-SILENT
161,4,0,0,4,36.4,0.00,SILENT,IDLE-SILENT
162,0,0,0,4,36.1,0.00,SILENT,IDLE-SILENT
162,1,0,0,4,72.9,0.00,SILENT,IDLE-SILENT
162,2,0,0,4,27.7,0.00,SILENT,IDLE-SILENT
162,3,0,0,4,74.9,0.00,SILENT,IDLE-SILENT
162,4,0,0,4,36.3,0.00,SILENT,IDLE-SILENT
163,0,0,0,4,36.0,0.00,SILENT,IDLE-SILENT
163,1,0,0,4,72.8,0.00,SILENT,IDLE-SILENT
163,2,0,0,4,27.6,0.00,SILENT,IDLE-SILENT
163,3,0,0,4,74.8,0.00,SILENT,IDLE-SILENT
163,4,0,0,4,36.2,0.00,SILENT,IDLE-SILENT
164,0,0,0,4,35.9,0.00,SILENT,IDLE-SILENT
164,1,0,0,4,72.7,0.00,SILENT,IDLE-SILENT
164,2,0,0,4,27.5,0.00,SILENT,IDLE-SILENT
164,3,0,0,4,74.7,0.00,SILENT,IDLE-SILENT
164,4,0,0,4,36.1,0.00,SILENT,IDLE-SILENT
165,0,0,0,4,35.8,0.00,SILENT,IDLE-SILENT
165,1,0,0,4,72.6,0.00,SILENT,IDLE-SILENT
165,2,0,0,4,27.4,0.00,SILENT,IDLE-SILENT
165,3,0,0,4,74.6,0.00,SILENT,IDLE-SILENT
165,4,0,0,4,36.0,0.00,SILENT,IDLE-SILENT
166,0,0,0,4,35.7,0.00,SILENT,IDLE-SILENT
166,1,0,0,4,72.5,0.00,SILENT,IDLE-SILENT
166,2,0,0,4,27.3,0.00,SILENT,IDLE-SILENT
166,3,0,0,4,74.5,0.00,SILENT,IDLE-SILENT
166,4,0,0,4,35.9,0.00,SILENT,IDLE-SILENT
167,0,0,0,4,35.6,0.00,SILENT,IDLE-SILENT
167,1,0,0,4,72.4,0.00,SILENT,IDLE-SILENT
167,2,0,0,4,27.2,0.00,SILENT,IDLE-SILENT
167,3,0,0,4,74.4,0.00,SILENT,IDLE-SILENT
167,4,0,0,4,35.8,0.00,SILENT,IDLE-SILENT
168,0,0,0,4,35.5,0.00,SILENT,IDLE-SILENT
168,1,0,0,4,72.3,0.00,SILENT,IDLE-SILENT
168,2,0,0,4,27.1,0.00,SILENT,IDLE-SILENT
168,3,0,0,4,74.3,0.00,SILENT,IDLE-SILENT
168,4,0,0,4,35.7,0.00,SILENT,IDLE-SILENT
169,0,0,0,4,35.4,0.00,SILENT,IDLE-SILENT
169,1,0,0,4,72.2,0.00,SILENT,IDLE-SILENT
169,2,0,0,4,27.0,0.00,SILENT,IDLE-SILENT
169,3,0,0,4,74.2,0.00,SILENT,IDLE-SILENT
169,4,0,0,4,35.6,0.00,SILENT,IDLE-SILENT
170,0,0,0,4,35.3,0.00,SILENT,IDLE-SILENT
170,1,0,0,4,72.1,0.00,SILENT,IDLE-SILENT
170,2,0,0,4,26.9,0.00,SILENT,IDLE-SILENT
170,3,0,0,4,74.1,0.00,SILENT,IDLE-SILENT
170,4,0,0,4,35.5,0.00,SILENT,IDLE-SILENT
171,0,0,0,4,35.2,0.00,SILENT,IDLE-SILENT
171,1,0,0,4,72.0,0.00,SILENT,IDLE-SILENT
171,2,0,0,4,26.8,0.00,SILENT,IDLE-SILENT
171,3,0,0,4,74.0,0.00,SILENT,IDLE-SILENT
171,4,0,0,4,35.4,0.00,SILENT,IDLE-SILENT
172,0,0,0,4,35.1,0.00,SILENT,IDLE-SILENT
172,1,0,0,4,71.9,0.00,SILENT,IDLE-SILENT
172,2,0,0,4,26.7,0.00,SILENT,IDLE-SILENT
172,3,0,0,4,73.9,0.00,SILENT,IDLE-SILENT
172,4,0,0,4,35.3,0.00,SILENT,IDLE-SILENT
173,0,0,0,4,35.0,0.00,SILENT,IDLE-SILENT
173,1,0,0,4,71.8,0.00,SILENT,IDLE-SILENT
173,2,0,0,4,26.6,0.00,SILENT,IDLE-SILENT
173,3,0,0,4,73.8,0.00,SILENT,IDLE-SILENT
173,4,0,0,4,35.2,0.00,SILENT,IDLE-SILENT
174,0,0,0,4,34.9,0.00,SILENT,IDLE-SILENT
174,1,0,0,4,71.7,0.00,SILENT,IDLE-SILENT
174,2,0,0,4,26.5,0.00,SILENT,IDLE-SILENT
174,3,0,0,4,73.7,0.00,SILENT,IDLE-SILENT
174,4,0,0,4,35.1,0.00,SILENT,IDLE-SILENT
175,0,0,0,4,34.8,0.00,SILENT,IDLE-SILENT
175,1,0,0,4,71.6,0.00,SILENT,IDLE-SILENT
175,2,0,0,4,26.4,0.00,SILENT,IDLE-SILENT
175,3,0,0,4,73.6,0.00,SILENT,IDLE-SILENT
175,4,0,0,4,35.0,0.00,SILENT,IDLE-SILENT
176,0,0,0,4,34.7,0.00,SILENT,IDLE-SILENT
176,1,0,0,4,71.5,0.00,SILENT,IDLE-SILENT
176,2,0,0,4,26.3,0.00,SILENT,IDLE-SILENT
176,3,0,0,4,73.5,0.00,SILENT,IDLE-SILENT
176,4,0,0,4,34.9,0.00,SILENT,IDLE-SILENT
177,0,0,0,4,34.6,0.00,SILENT,IDLE-SILENT
177,1,0,0,4,71.4,0.00,SILENT,IDLE-SILENT
177,2,0,0,4,26.2,0.00,SILENT,IDLE-SILENT
177,3,0,0,4,73.4,0.00,SILENT,IDLE-SILENT
177,4,0,0,4,34.8,0.00,SILENT,IDLE-SILENT
178,0,0,0,4,34.5,0.00,SILENT,IDLE-SILENT
178,1,0,0,4,71.3,0.00,SILENT,IDLE-SILENT
178,2,0,0,4,26.1,0.00,SILENT,IDLE-SILENT
178,3,0,0,4,73.3,0.00,SILENT,IDLE-SILENT
178,4,0,0,4,34.7,0.00,SILENT,IDLE-SILENT
179,0,0,0,4,34.4,0.00,SILENT,IDLE-SILENT
179,1,0,0,4,71.2,0.00,SILENT,IDLE-SILENT
179,2,0,0,4,26.0,0.00,SILENT,IDLE-SILENT
179,3,0,0,4,73.2,0.00,SILENT,IDLE-SILENT
179,4,0,0,4,34.6,0.00,SILENT,IDLE-SILENT
180,0,0,0,4,34.3,0.00,SILENT,IDLE-SILENT
180,1,0,0,4,71.1,0.00,SILENT,IDLE-SILENT
180,2,0,0,4,25.9,0.00,SILENT,IDLE-SILENT
180,3,0,0,4,73.1,0.00,SILENT,IDLE-SILENT
180,4,0,0,4,34.5,0.00,SILENT,IDLE-SILENT
181,0,0,0,4,34.2,0.00,SILENT,IDLE-SILENT
181,1,0,0,4,71.0,0.00,SILENT,IDLE-SILENT
181,2,0,0,4,25.8,0.00,SILENT,IDLE-SILENT
181,3,0,0,4,73.0,0.00,SILENT,IDLE-SILENT
181,4,0,0,4,34.4,0.00,SILENT,IDLE-SILENT
182,0,0,0,4,34.1,0.00,SILENT,IDLE-SILENT
182,1,0,0,4,70.9,0.00,SILENT,IDLE-SILENT
182,2,0,0,4,25.7,0.00,SILENT,IDLE-SILENT
182,3,0,0,4,72.9,0.00,SILENT,IDLE-SILENT
182,4,0,0,4,34.3,0.00,SILENT,IDLE-SILENT
183,0,0,0,4,34.0,0.00,SILENT,IDLE-SILENT
183,1,0,0,4,70.8,0.00,SILENT,IDLE-SILENT
183,2,0,0,4,25.6,0.00,SILENT,IDLE-SILENT
183,3,0,0,4,72.8,0.00,SILENT,IDLE-SILENT
183,4,0,0,4,34.2,0.00,SILENT,IDLE-SILENT
184,0,0,0,4,33.9,0.00,SILENT,IDLE-SILENT
184,1,0,0,4,70.7,0.00,SILENT,IDLE-SILENT
184,2,0,0,4,25.5,0.00,SILENT,IDLE-SILENT
184,3,0,0,4,72.7,0.00,SILENT,IDLE-SILENT
184,4,0,0,4,34.1,0.00,SILENT,IDLE-SILENT
185,0,0,0,4,33.8,0.00,SILENT,IDLE-SILENT
185,1,0,0,4,70.6,0.00,SILENT,IDLE-SILENT
185,2,0,0,4,25.4,0.00,SILENT,IDLE-SILENT
185,3,0,0,4,72.6,0.00,SILENT,IDLE-SILENT
185,4,0,0,4,34.0,0.00,SILENT,IDLE-SILENT
186,0,0,0,4,33.7,0.00,SILENT,IDLE-SILENT
186,1,0,0,4,70.5,0.00,SILENT,IDLE-SILENT
186,2,0,0,4,25.3,0.00,SILENT,IDLE-SILENT
186,3,0,0,4,72.5,0.00,SILENT,IDLE-SILENT
186,4,0,0,4,33.9,0.00,SILENT,IDLE-SILENT
187,0,0,0,4,33.6,0.00,SILENT,IDLE-SILENT
187,1,0,0,4,70.4,0.00,SILENT,IDLE-SILENT
187,2,0,0,4,25.2,0.00,SILENT,IDLE-SILENT
187,3,0,0,4,72.4,0.00,SILENT,IDLE-SILENT
187,4,0,0,4,33.8,0.00,SILENT,IDLE-SILENT
188,0,0,0,4,33.5,0.00,SILENT,IDLE-SILENT
188,1,0,0,4,70.3,0.00,SILENT,IDLE-SILENT
188,2,0,0,4,25.1,0.00,SILENT,IDLE-SILENT
188,3,0,0,4,72.3,0.00,SILENT,IDLE-SILENT
188,4,0,0,4,33.7,0.00,SILENT,IDLE-SILENT
189,0,0,0,4,33.4,0.00,SILENT,IDLE-SILENT
189,1,0,0,4,70.2,0.00,SILENT,IDLE-SILENT
189,2,0,0,4,25.0,0.00,SILENT,IDLE-SILENT
189,3,0,0,4,72.2,0.00,SILENT,IDLE-SILENT
189,4,0,0,4,33.6,0.00,SILENT,IDLE-SILENT
190,0,0,0,4,33.3,0.00,SILENT,IDLE-SILENT
190,1,0,0,4,70.1,0.00,SILENT,IDLE-SILENT
190,2,0,0,4,24.9,0.00,SILENT,IDLE-SILENT
190,3,0,0,4,72.1,0.00,SILENT,IDLE-SILENT
190,4,0,0,4,33.5,0.00,SILENT,IDLE-SILENT
191,0,0,0,4,33.2,0.00,SILENT,IDLE-SILENT
191,1,0,0,4,70.0,0.00,SILENT,IDLE-SILENT
191,2,0,0,4,24.8,0.00,SILENT,IDLE-SILENT
191,3,0,0,4,72.0,0.00,SILENT,IDLE-SILENT
191,4,0,0,4,33.4,0.00,SILENT,IDLE-SILENT
192,0,0,0,4,33.1,0.00,SILENT,IDLE-SILENT
192,1,0,0,4,69.9,0.00,SILENT,IDLE-SILENT
192,2,0,0,4,24.7,0.00,SILENT,IDLE-SILENT
192,3,0,0,4,71.9,0.00,SILENT,IDLE-SILENT
192,4,0,0,4,33.3,0.00,SILENT,IDLE-SILENT
193,0,0,0,4,33.0,0.00,SILENT,IDLE-SILENT
193,1,0,0,4,69.8,0.00,SILENT,IDLE-SILENT
193,2,0,0,4,24.6,0.00,SILENT,IDLE-SILENT
193,3,0,0,4,71.8,0.00,SILENT,IDLE-SILENT
193,4,0,0,4,33.2,0.00,SILENT,IDLE-SILENT
194,0,0,0,4,32.9,0.00,SILENT,IDLE-SILENT
194,1,0,0,4,69.7,0.00,SILENT,IDLE-SILENT
194,2,0,0,4,24.5,0.00,SILENT,IDLE-SILENT
194,3,0,0,4,71.7,0.00,SILENT,IDLE-SILENT
194,4,0,0,4,33.1,0.00,SILENT,IDLE-SILENT
195,0,0,0,4,32.8,0.00,SILENT,IDLE-SILENT
195,1,0,0,4,69.6,0.00,SILENT,IDLE-SILENT
195,2,0,0,4,24.4,0.00,SILENT,IDLE-SILENT
195,3,0,0,4,71.6,0.00,SILENT,IDLE-SILENT
195,4,0,0,4,33.0,0.00,SILENT,IDLE-SILENT
196,0,0,0,4,32.7,0.00,SILENT,IDLE-SILENT
196,1,0,0,4,69.5,0.00,SILENT,IDLE-SILENT
196,2,0,0,4,24.3,0.00,SILENT,IDLE-SILENT
196,3,0,0,4,71.5,0.00,SILENT,IDLE-SILENT
196,4,0,0,4,32.9,0.00,SILENT,IDLE-SILENT
197,0,0,0,4,32.6,0.00,SILENT,IDLE-SILENT
197,1,0,0,4,69.4,0.00,SILENT,IDLE-SILENT
197,2,0,0,4,24.2,0.00,SILENT,IDLE-SILENT
197,3,0,0,4,71.4,0.00,SILENT,IDLE-SILENT
197,4,0,0,4,32.8,0.00,SILENT,IDLE-SILENT
198,0,0,0,4,32.5,0.00,SILENT,IDLE-SILENT
198,1,0,0,4,69.3,0.00,SILENT,IDLE-SILENT
198,2,0,0,4,24.1,0.00,SILENT,IDLE-SILENT
198,3,0,0,4,71.3,0.00,SILENT,IDLE-SILENT
198,4,0,0,4,32.7,0.00,SILENT,IDLE-SILENT
199,0,0,0,4,32.4,0.00,SILENT,IDLE-SILENT
199,1,0,0,4,69.2,0.00,SILENT,IDLE-SILENT
199,2,0,0,4,24.0,0.00,SILENT,IDLE-SILENT
199,3,0,0,4,71.2,0.00,SILENT,IDLE-SILENT
199,4,0,0,4,32.6,0.00,SILENT,IDLE-SILENT
200,0,0,0,4,32.3,0.00,SILENT,IDLE-SILENT
200,1,0,0,4,69.1,0.00,SILENT,IDLE-SILENT
200,2,0,0,4,23.9,0.00,SILENT,IDLE-SILENT
200,3,0,0,4,71.1,0.00,SILENT,IDLE-SILENT
200,4,0,0,4,32.5,0.00,SILENT,IDLE-SILENT
201,0,0,0,4,32.2,0.00,SILENT,IDLE-SILENT
201,1,0,0,4,69.0,0.00,SILENT,IDLE-SILENT
201,2,0,0,4,23.8,0.00,SILENT,IDLE-SILENT
201,3,0,0,4,71.0,0.00,SILENT,IDLE-SILENT
201,4,0,0,4,32.4,0.00,SILENT,IDLE-SILENT
202,0,0,0,4,32.1,0.00,SILENT,IDLE-SILENT
202,1,0,0,4,68.9,0.00,SILENT,IDLE-SILENT
202,2,0,0,4,23.7,0.00,SILENT,IDLE-SILENT
202,3,0,0,4,70.9,0.00,SILENT,IDLE-SILENT
202,4,0,0,4,32.3,0.00,SILENT,IDLE-SILENT
203,0,0,0,4,32.0,0.00,SILENT,IDLE-SILENT
203,1,0,0,4,68.8,0.00,SILENT,IDLE-SILENT
203,2,0,0,4,23.6,0.00,SILENT,IDLE-SILENT
203,3,0,0,4,70.8,0.00,SILENT,IDLE-SILENT
203,4,0,0,4,32.2,0.00,SILENT,IDLE-SILENT
204,0,0,0,4,31.9,0.00,SILENT,IDLE-SILENT
204,1,0,0,4,68.7,0.00,SILENT,IDLE-SILENT
204,2,0,0,4,23.5,0.00,SILENT,IDLE-SILENT
204,3,0,0,4,70.7,0.00,SILENT,IDLE-SILENT
204,4,0,0,4,32.1,0.00,SILENT,IDLE-SILENT
205,0,0,0,4,31.8,0.00,SILENT,IDLE-SILENT
205,1,0,0,4,68.6,0.00,SILENT,IDLE-SILENT
205,2,0,0,4,23.4,0.00,SILENT,IDLE-SILENT
205,3,0,0,4,70.6,0.00,SILENT,IDLE-SILENT
205,4,0,0,4,32.0,0.00,SILENT,IDLE-SILENT
206,0,0,0,4,31.7,0.00,SILENT,IDLE-SILENT
206,1,0,0,4,68.5,0.00,SILENT,IDLE-SILENT
206,2,0,0,4,23.3,0.00,SILENT,IDLE-SILENT
206,3,0,0,4,70.5,0.00,SILENT,IDLE-SILENT
206,4,0,0,4,31.9,0.00,SILENT,IDLE-SILENT
207,0,0,0,4,31.6,0.00,SILENT,IDLE-SILENT
207,1,0,0,4,68.4,0.00,SILENT,IDLE-SILENT
207,2,0,0,4,23.2,0.00,SILENT,IDLE-SILENT
207,3,0,0,4,70.4,0.00,SILENT,IDLE-SILENT
207,4,0,0,4,31.8,0.00,SILENT,IDLE-SILENT
208,0,0,0,4,31.5,0.00,SILENT,IDLE-SILENT
208,1,0,0,4,68.3,0.00,SILENT,IDLE-SILENT
208,2,0,0,4,23.1,0.00,SILENT,IDLE-SILENT
208,3,0,0,4,70.3,0.00,SILENT,IDLE-SILENT
208,4,0,0,4,31.7,0.00,SILENT,IDLE-SILENT
209,0,0,0,4,31.4,0.00,SILENT,IDLE-SILENT
209,1,0,0,4,68.2,0.00,SILENT,IDLE-SILENT
209,2,0,0,4,23.0,0.00,SILENT,IDLE-SILENT
209,3,0,0,4,70.2,0.00,SILENT,IDLE-SILENT
209,4,0,0,4,31.6,0.00,SILENT,IDLE-SILENT
210,0,0,0,4,31.3,0.00,SILENT,IDLE-SILENT
210,1,0,0,4,68.1,0.00,SILENT,IDLE-SILENT
210,2,0,0,4,22.9,0.00,SILENT,IDLE-SILENT
210,3,0,0,4,70.1,0.00,SILENT,IDLE-SILENT
210,4,0,0,4,31.5,0.00,SILENT,IDLE-SILENT
211,0,0,0,4,31.2,0.00,SILENT,IDLE-SILENT
211,1,0,0,4,68.0,0.00,SILENT,IDLE-SILENT
211,2,0,0,4,22.8,0.00,SILENT,IDLE-SILENT
211,3,0,0,4,70.0,0.00,SILENT,IDLE-SILENT
211,4,0,0,4,31.4,0.00,SILENT,IDLE-SILENT
212,0,0,0,4,31.1,0.00,SILENT,IDLE-SILENT
212,1,0,0,4,67.9,0.00,SILENT,IDLE-SILENT
212,2,0,0,4,22.7,0.00,SILENT,IDLE-SILENT
212,3,0,0,4,69.9,0.00,SILENT,IDLE-SILENT
212,4,0,0,4,31.3,0.00,SILENT,IDLE-SILENT
213,0,0,0,4,31.0,0.00,SILENT,IDLE-SILENT
213,1,0,0,4,67.8,0.00,SILENT,IDLE-SILENT
213,2,0,0,4,22.6,0.00,SILENT,IDLE-SILENT
213,3,0,0,4,69.8,0.00,SILENT,IDLE-SILENT
213,4,0,0,4,31.2,0.00,SILENT,IDLE-SILENT
214,0,0,0,4,30.9,0.00,SILENT,IDLE-SILENT
214,1,0,0,4,67.7,0.00,SILENT,IDLE-SILENT
214,2,0,0,4,22.5,0.00,SILENT,IDLE-SILENT
214,3,0,0,4,69.7,0.00,SILENT,IDLE-SILENT
214,4,0,0,4,31.1,0.00,SILENT,IDLE-SILENT
215,0,0,0,4,30.8,0.00,SILENT,IDLE-SILENT
215,1,0,0,4,67.6,0.00,SILENT,IDLE-SILENT
215,2,0,0,4,22.4,0.00,SILENT,IDLE-SILENT
215,3,0,0,4,69.6,0.00,SILENT,IDLE-SILENT
215,4,0,0,4,31.0,0.00,SILENT,IDLE-SILENT
216,0,0,0,4,30.7,0.00,SILENT,IDLE-SILENT
216,1,0,0,4,67.5,0.00,SILENT,IDLE-SILENT
216,2,0,0,4,22.3,0.00,SILENT,IDLE-SILENT
216,3,0,0,4,69.5,0.00,SILENT,IDLE-SILENT
216,4,0,0,4,30.9,0.00,SILENT,IDLE-SILENT
217,0,0,0,4,30.6,0.00,SILENT,IDLE-SILENT
217,1,0,0,4,67.4,0.00,SILENT,IDLE-SILENT
217,2,0,0,4,22.2,0.00,SILENT,IDLE-SILENT
217,3,0,0,4,69.4,0.00,SILENT,IDLE-SILENT
217,4,0,0,4,30.8,0.00,SILENT,IDLE-SILENT
218,0,0,0,4,30.5,0.00,SILENT,IDLE-SILENT
218,1,0,0,4,67.3,0.00,SILENT,IDLE-SILENT
218,2,0,0,4,22.1,0.00,SILENT,IDLE-SILENT
218,3,0,0,4,69.3,0.00,SILENT,IDLE-SILENT
218,4,0,0,4,30.7,0.00,SILENT,IDLE-SILENT
219,0,0,0,4,30.4,0.00,SILENT,IDLE-SILENT
219,1,0,0,4,67.2,0.00,SILENT,IDLE-SILENT
219,2,0,0,4,22.0,0.00,SILENT,IDLE-SILENT
219,3,0,0,4,69.2,0.00,SILENT,IDLE-SILENT
219,4,0,0,4,30.6,0.00,SILENT,IDLE-SILENT
220,0,0,0,4,30.3,0.00,SILENT,IDLE-SILENT
220,1,0,0,4,67.1,0.00,SILENT,IDLE-SILENT
220,2,0,0,4,21.9,0.00,SILENT,IDLE-SILENT
220,3,0,0,4,69.1,0.00,SILENT,IDLE-SILENT
220,4,0,0,4,30.5,0.00,SILENT,IDLE-SILENT
221,0,0,0,4,30.2,0.00,SILENT,IDLE-SILENT
221,1,0,0,4,67.0,0.00,SILENT,IDLE-SILENT
221,2,0,0,4,21.8,0.00,SILENT,IDLE-SILENT
221,3,0,0,4,69.0,0.00,SILENT,IDLE-SILENT
221,4,0,0,4,30.4,0.00,SILENT,IDLE-SILENT
222,0,0,0,4,30.1,0.00,SILENT,IDLE-SILENT
222,1,0,0,4,66.9,0.00,SILENT,IDLE-SILENT
222,2,0,0,4,21.7,0.00,SILENT,IDLE-SILENT
222,3,0,0,4,68.9,0.00,SILENT,IDLE-SILENT
222,4,0,0,4,30.3,0.00,SILENT,IDLE-SILENT
223,0,0,0,4,30.0,0.00,SILENT,IDLE-SILENT
223,1,0,0,4,66.8,0.00,SILENT,IDLE-SILENT
223,2,0,0,4,21.6,0.00,SILENT,IDLE-SILENT
223,3,0,0,4,68.8,0.00,SILENT,IDLE-SILENT
223,4,0,0,4,30.2,0.00,SILENT,IDLE-SILENT
224,0,0,0,4,29.9,0.00,SILENT,IDLE-SILENT
224,1,0,0,4,66.7,0.00,SILENT,IDLE-SILENT
224,2,0,0,4,21.5,0.00,SILENT,IDLE-SILENT
224,3,0,0,4,68.7,0.00,SILENT,IDLE-SILENT
224,4,0,0,4,30.1,0.00,SILENT,IDLE-SILENT
225,0,0,0,4,29.8,0.00,SILENT,IDLE-SILENT
225,1,0,0,4,66.6,0.00,SILENT,IDLE-SILENT
225,2,0,0,4,21.4,0.00,SILENT,IDLE-SILENT
225,3,0,0,4,68.6,0.00,SILENT,IDLE-SILENT
225,4,0,0,4,30.0,0.00,SILENT,IDLE-SILENT
226,0,0,0,4,29.7,0.00,SILENT,IDLE-SILENT
226,1,0,0,4,66.5,0.00,SILENT,IDLE-SILENT
226,2,0,0,4,21.3,0.00,SILENT,IDLE-SILENT
226,3,0,0,4,68.5,0.00,SILENT,IDLE-SILENT
226,4,0,0,4,29.9,0.00,SILENT,IDLE-SILENT
227,0,0,0,4,29.6,0.00,SILENT,IDLE-SILENT
227,1,0,0,4,66.4,0.00,SILENT,IDLE-SILENT
227,2,0,0,4,21.2,0.00,SILENT,IDLE-SILENT
227,3,0,0,4,68.4,0.00,SILENT,IDLE-SILENT
227,4,0,0,4,29.8,0.00,SILENT,IDLE-SILENT
228,0,0,0,4,29.5,0.00,SILENT,IDLE-SILENT
228,1,0,0,4,66.3,0.00,SILENT,IDLE-SILENT
228,2,0,0,4,21.1,0.00,SILENT,IDLE-SILENT
228,3,0,0,4,68.3,0.00,SILENT,IDLE-SILENT
228,4,0,0,4,29.7,0.00,SILENT,IDLE-SILENT
229,0,0,0,4,29.4,0.00,SILENT,IDLE-SILENT
229,1,0,0,4,66.2,0.00,SILENT,IDLE-SILENT
229,2,0,0,4,21.0,0.00,SILENT,IDLE-SILENT
229,3,0,0,4,68.2,0.00,SILENT,IDLE-SILENT
229,4,0,0,4,29.6,0.00,SILENT,IDLE-SILENT
230,0,0,0,4,29.3,0.00,SILENT,IDLE-SILENT
230,1,0,0,4,66.1,0.00,SILENT,IDLE-SILENT
230,2,0,0,4,20.9,0.00,SILENT,IDLE-SILENT
230,3,0,0,4,68.1,0.00,SILENT,IDLE-SILENT
230,4,0,0,4,29.5,0.00,SILENT,IDLE-SILENT
231,0,0,0,4,29.2,0.00,SILENT,IDLE-SILENT
231,1,0,0,4,66.0,0.00,SILENT,IDLE-SILENT
231,2,0,0,4,20.8,0.00,SILENT,IDLE-SILENT
231,3,0,0,4,68.0,0.00,SILENT,IDLE-SILENT
231,4,0,0,4,29.4,0.00,SILENT,IDLE-SILENT
232,0,0,0,4,29.1,0.00,SILENT,IDLE-SILENT
232,1,0,0,4,65.9,0.00,SILENT,IDLE-SILENT
232,2,0,0,4,20.7,0.00,SILENT,IDLE-SILENT
232,3,0,0,4,67.9,0.00,SILENT,IDLE-SILENT
232,4,0,0,4,29.3,0.00,SILENT,IDLE-SILENT
233,0,0,0,4,29.0,0.00,SILENT,IDLE-SILENT
233,1,0,0,4,65.8,0.00,SILENT,IDLE-SILENT
233,2,0,0,4,20.6,0.00,SILENT,IDLE-SILENT
233,3,0,0,4,67.8,0.00,SILENT,IDLE-SILENT
233,4,0,0,4,29.2,0.00,SILENT,IDLE-SILENT
234,0,0,0,4,28.9,0.00,SILENT,IDLE-SILENT
234,1,0,0,4,65.7,0.00,SILENT,IDLE-SILENT
234,2,0,0,4,20.5,0.00,SILENT,IDLE-SILENT
234,3,0,0,4,67.7,0.00,SILENT,IDLE-SILENT
234,4,0,0,4,29.1,0.00,SILENT,IDLE-SILENT
235,0,0,0,4,28.8,0.00,SILENT,IDLE-SILENT
235,1,0,0,4,65.6,0.00,SILENT,IDLE-SILENT
235,2,0,0,4,20.4,0.00,SILENT,IDLE-SILENT
235,3,0,0,4,67.6,0.00,SILENT,IDLE-SILENT
235,4,0,0,4,29.0,0.00,SILENT,IDLE-SILENT
236,0,0,0,4,28.7,0.00,SILENT,IDLE-SILENT
236,1,0,0,4,65.5,0.00,SILENT,IDLE-SILENT
236,2,0,0,4,20.3,0.00,SILENT,IDLE-SILENT
236,3,0,0,4,67.5,0.00,SILENT,IDLE-SILENT
236,4,0,0,4,28.9,0.00,SILENT,IDLE-SILENT
237,0,0,0,4,28.6,0.00,SILENT,IDLE-SILENT
237,1,0,0,4,65.4,0.00,SILENT,IDLE-SILENT
237,2,0,0,4,20.2,0.00,SILENT,IDLE-SILENT
237,3,0,0,4,67.4,0.00,SILENT,IDLE-SILENT
237,4,0,0,4,28.8,0.00,SILENT,IDLE-SILENT
238,0,0,0,4,28.5,0.00,SILENT,IDLE-SILENT
238,1,0,0,4,65.3,0.00,SILENT,IDLE-SILENT
238,2,0,0,4,20.1,0.00,SILENT,IDLE-SILENT
238,3,0,0,4,67.3,0.00,SILENT,IDLE-SILENT
238,4,0,0,4,28.7,0.00,SILENT,IDLE-SILENT
239,0,0,0,4,28.4,0.00,SILENT,IDLE-SILENT
239,1,0,0,4,65.2,0.00,SILENT,IDLE-SILENT
239,2,0,0,4,20.0,0.00,CRIT(20%),SILENT,IDLE-SILENT
239,3,0,0,4,67.2,0.00,SILENT,IDLE-SILENT
239,4,0,0,4,28.6,0.00,SILENT,IDLE-SILENT
240,0,0,0,4,28.3,0.00,SILENT,IDLE-SILENT
240,1,0,0,4,65.1,0.00,SILENT,IDLE-SILENT
240,2,0,0,4,19.9,0.00,CRIT(20%),SILENT,IDLE-SILENT
240,3,0,0,4,67.1,0.00,SILENT,IDLE-SILENT
240,4,0,0,4,28.5,0.00,SILENT,IDLE-SILENT
241,0,0,0,4,28.2,0.00,SILENT,IDLE-SILENT
241,1,0,0,4,65.0,0.00,SILENT,IDLE-SILENT
241,2,0,0,4,19.8,0.00,CRIT(20%),SILENT,IDLE-SILENT
241,3,0,0,4,67.0,0.00,SILENT,IDLE-SILENT
241,4,0,0,4,28.4,0.00,SILENT,IDLE-SILENT
242,0,0,0,4,28.1,0.00,SILENT,IDLE-SILENT
242,1,0,0,4,64.9,0.00,SILENT,IDLE-SILENT
242,2,0,0,4,19.7,0.00,CRIT(20%),SILENT,IDLE-SILENT
242,3,0,0,4,66.9,0.00,SILENT,IDLE-SILENT
242,4,0,0,4,28.3,0.00,SILENT,IDLE-SILENT
243,0,0,0,4,28.0,0.00,SILENT,IDLE-SILENT
243,1,0,0,4,64.8,0.00,SILENT,IDLE-SILENT
243,2,0,0,4,19.6,0.00,CRIT(20%),SILENT,IDLE-SILENT
243,3,0,0,4,66.8,0.00,SILENT,IDLE-SILENT
243,4,0,0,4,28.2,0.00,SILENT,IDLE-SILENT
244,0,0,0,4,27.9,0.00,SILENT,IDLE-SILENT
244,1,0,0,4,64.7,0.00,SILENT,IDLE-SILENT
244,2,0,0,4,19.5,0.00,CRIT(19%),SILENT,IDLE-SILENT
244,3,0,0,4,66.7,0.00,SILENT,IDLE-SILENT
244,4,0,0,4,28.1,0.00,SILENT,IDLE-SILENT
245,0,0,0,4,27.8,0.00,SILENT,IDLE-SILENT
245,1,0,0,4,64.6,0.00,SILENT,IDLE-SILENT
245,2,0,0,4,19.4,0.00,CRIT(19%),SILENT,IDLE-SILENT
245,3,0,0,4,66.6,0.00,SILENT,IDLE-SILENT
245,4,0,0,4,28.0,0.00,SILENT,IDLE-SILENT
246,0,0,0,4,27.7,0.00,SILENT,IDLE-SILENT
246,1,0,0,4,64.5,0.00,SILENT,IDLE-SILENT
246,2,0,0,4,19.3,0.00,CRIT(19%),SILENT,IDLE-SILENT
246,3,0,0,4,66.5,0.00,SILENT,IDLE-SILENT
246,4,0,0,4,27.9,0.00,SILENT,IDLE-SILENT
247,0,0,0,4,27.6,0.00,SILENT,IDLE-SILENT
247,1,0,0,4,64.4,0.00,SILENT,IDLE-SILENT
247,2,0,0,4,19.2,0.00,CRIT(19%),SILENT,IDLE-SILENT
247,3,0,0,4,66.4,0.00,SILENT,IDLE-SILENT
247,4,0,0,4,27.8,0.00,SILENT,IDLE-SILENT
248,0,0,0,4,27.5,0.00,SILENT,IDLE-SILENT
248,1,0,0,4,64.3,0.00,SILENT,IDLE-SILENT
248,2,0,0,4,19.1,0.00,CRIT(19%),SILENT,IDLE-SILENT
248,3,0,0,4,66.3,0.00,SILENT,IDLE-SILENT
248,4,0,0,4,27.7,0.00,SILENT,IDLE-SILENT
249,0,0,0,4,27.4,0.00,SILENT,IDLE-SILENT
249,1,0,0,4,64.2,0.00,SILENT,IDLE-SILENT
249,2,0,0,4,19.0,0.00,CRIT(19%),SILENT,IDLE-SILENT
249,3,0,0,4,66.2,0.00,SILENT,IDLE-SILENT
249,4,0,0,4,27.6,0.00,SILENT,IDLE-SILENT
250,0,0,0,4,27.3,0.00,SILENT,IDLE-SILENT
250,1,0,0,4,64.1,0.00,SILENT,IDLE-SILENT
250,2,0,0,4,18.9,0.00,CRIT(19%),SILENT,IDLE-SILENT
250,3,0,0,4,66.1,0.00,SILENT,IDLE-SILENT
250,4,0,0,4,27.5,0.00,SILENT,IDLE-SILENT
251,0,0,0,4,27.2,0.00,SILENT,IDLE-SILENT
251,1,0,0,4,64.0,0.00,SILENT,IDLE-SILENT
251,2,0,0,4,18.8,0.00,CRIT(19%),SILENT,IDLE-SILENT
251,3,0,0,4,66.0,0.00,SILENT,IDLE-SILENT
251,4,0,0,4,27.4,0.00,SILENT,IDLE-SILENT
252,0,0,0,4,27.1,0.00,SILENT,IDLE-SILENT
252,1,0,0,4,63.9,0.00,SILENT,IDLE-SILENT
252,2,0,0,4,18.7,0.00,CRIT(19%),SILENT,IDLE-SILENT
252,3,0,0,4,65.9,0.00,SILENT,IDLE-SILENT
252,4,0,0,4,27.3,0.00,SILENT,IDLE-SILENT
253,0,0,0,4,27.0,0.00,SILENT,IDLE-SILENT
253,1,0,0,4,63.8,0.00,SILENT,IDLE-SILENT
253,2,0,0,4,18.6,0.00,CRIT(19%),SILENT,IDLE-SILENT
253,3,0,0,4,65.8,0.00,SILENT,IDLE-SILENT
253,4,0,0,4,27.2,0.00,SILENT,IDLE-SILENT
254,0,0,0,4,26.9,0.00,SILENT,IDLE-SILENT
254,1,0,0,4,63.7,0.00,SILENT,IDLE-SILENT
254,2,0,0,4,18.5,0.00,CRIT(18%),SILENT,IDLE-SILENT
254,3,0,0,4,65.7,0.00,SILENT,IDLE-SILENT
254,4,0,0,4,27.1,0.00,SILENT,IDLE-SILENT
255,0,0,0,4,26.8,0.00,SILENT,IDLE-SILENT
255,1,0,0,4,63.6,0.00,SILENT,IDLE-SILENT
255,2,0,0,4,18.4,0.00,CRIT(18%),SILENT,IDLE-SILENT
255,3,0,0,4,65.6,0.00,SILENT,IDLE-SILENT
255,4,0,0,4,27.0,0.00,SILENT,IDLE-SILENT
256,0,0,0,4,26.7,0.00,SILENT,IDLE-SILENT
256,1,0,0,4,63.5,0.00,SILENT,IDLE-SILENT
256,2,0,0,4,18.3,0.00,CRIT(18%),SILENT,IDLE-SILENT
256,3,0,0,4,65.5,0.00,SILENT,IDLE-SILENT
256,4,0,0,4,26.9,0.00,SILENT,IDLE-SILENT
257,0,0,0,4,26.6,0.00,SILENT,IDLE-SILENT
257,1,0,0,4,63.4,0.00,SILENT,IDLE-SILENT
257,2,0,0,4,18.2,0.00,CRIT(18%),SILENT,IDLE-SILENT
257,3,0,0,4,65.4,0.00,SILENT,IDLE-SILENT
257,4,0,0,4,26.8,0.00,SILENT,IDLE-SILENT
258,0,0,0,4,26.5,0.00,SILENT,IDLE-SILENT
258,1,0,0,4,63.3,0.00,SILENT,IDLE-SILENT
258,2,0,0,4,18.1,0.00,CRIT(18%),SILENT,IDLE-SILENT
258,3,0,0,4,65.3,0.00,SILENT,IDLE-SILENT
258,4,0,0,4,26.7,0.00,SILENT,IDLE-SILENT
259,0,0,0,4,26.4,0.00,SILENT,IDLE-SILENT
259,1,0,0,4,63.2,0.00,SILENT,IDLE-SILENT
259,2,0,0,4,18.1,0.00,CRIT(18%),SILENT,IDLE-SILENT
259,3,0,0,4,65.2,0.00,SILENT,IDLE-SILENT
259,4,0,0,4,26.6,0.00,SILENT,IDLE-SILENT
260,0,0,0,4,26.3,0.00,SILENT,IDLE-SILENT
260,1,0,0,4,63.1,0.00,SILENT,IDLE-SILENT
260,2,0,0,4,18.1,0.00,CRIT(18%),SILENT,IDLE-SILENT
260,3,0,0,4,65.1,0.00,SILENT,IDLE-SILENT
260,4,0,0,4,26.5,0.00,SILENT,IDLE-SILENT
261,0,0,0,4,26.2,0.00,SILENT,IDLE-SILENT
261,1,0,0,4,63.0,0.00,SILENT,IDLE-SILENT
261,2,0,0,4,18.1,0.00,CRIT(18%),SILENT,IDLE-SILENT
261,3,0,0,4,65.0,0.00,SILENT,IDLE-SILENT
261,4,0,0,4,26.4,0.00,SILENT,IDLE-SILENT
262,0,0,0,4,26.1,0.00,SILENT,IDLE-SILENT
262,1,0,0,4,62.9,0.00,SILENT,IDLE-SILENT
262,2,0,0,4,18.1,0.00,CRIT(18%),SILENT,IDLE-SILENT
262,3,0,0,4,64.9,0.00,SILENT,IDLE-SILENT
262,4,0,0,4,26.3,0.00,SILENT,IDLE-SILENT
263,0,0,0,4,26.0,0.00,SILENT,IDLE-SILENT
263,1,0,0,4,62.8,0.00,SILENT,IDLE-SILENT
263,2,0,0,4,18.1,0.00,CRIT(18%),SILENT,IDLE-SILENT
263,3,0,0,4,64.8,0.00,SILENT,IDLE-SILENT
263,4,0,0,4,26.2,0.00,SILENT,IDLE-SILENT
264,0,0,0,4,25.9,0.00,SILENT,IDLE-SILENT
264,1,0,0,4,62.7,0.00,SILENT,IDLE-SILENT
264,2,0,0,4,18.1,0.00,CRIT(18%),SILENT,IDLE-SILENT
264,3,0,0,4,64.7,0.00,SILENT,IDLE-SILENT
264,4,0,0,4,26.1,0.00,SILENT,IDLE-SILENT
265,0,0,0,4,25.8,0.00,SILENT,IDLE-SILENT
265,1,0,0,4,62.6,0.00,SILENT,IDLE-SILENT
265,2,0,0,4,18.1,0.00,CRIT(18%),SILENT,IDLE-SILENT
265,3,0,0,4,64.6,0.00,SILENT,IDLE-SILENT
265,4,0,0,4,26.0,0.00,SILENT,IDLE-SILENT
266,0,0,0,4,25.7,0.00,SILENT,IDLE-SILENT
266,1,0,0,4,62.5,0.00,SILENT,IDLE-SILENT
266,2,0,0,4,18.1,0.00,CRIT(18%),SILENT,IDLE-SILENT
266,3,0,0,4,64.5,0.00,SILENT,IDLE-SILENT
266,4,0,0,4,25.9,0.00,SILENT,IDLE-SILENT
267,0,0,0,4,25.6,0.00,SILENT,IDLE-SILENT
267,1,0,0,4,62.4,0.00,SILENT,IDLE-SILENT
267,2,0,0,4,18.1,0.00,CRIT(18%),SILENT,IDLE-SILENT
267,3,0,0,4,64.4,0.00,SILENT,IDLE-SILENT
267,4,0,0,4,25.8,0.00,SILENT,IDLE-SILENT
268,0,0,0,4,25.5,0.00,SILENT,IDLE-SILENT
268,1,0,0,4,62.3,0.00,SILENT,IDLE-SILENT
268,2,0,0,4,18.1,0.00,CRIT(18%),SILENT,IDLE-SILENT
268,3,0,0,4,64.3,0.00,SILENT,IDLE-SILENT
268,4,0,0,4,25.7,0.00,SILENT,IDLE-SILENT
269,0,0,0,4,25.4,0.00,SILENT,IDLE-SILENT
269,1,0,0,4,62.2,0.00,SILENT,IDLE-SILENT
269,2,0,0,4,18.1,0.00,CRIT(18%),SILENT,IDLE-SILENT
269,3,0,0,4,64.2,0.00,SILENT,IDLE-SILENT
269,4,0,0,4,25.6,0.00,SILENT,IDLE-SILENT
270,0,0,0,4,25.3,0.00,SILENT,IDLE-SILENT
270,1,0,0,4,62.1,0.00,SILENT,IDLE-SILENT
270,2,0,0,4,18.1,0.00,CRIT(18%),SILENT,IDLE-SILENT
270,3,0,0,4,64.1,0.00,SILENT,IDLE-SILENT
270,4,0,0,4,25.5,0.00,SILENT,IDLE-SILENT
271,0,0,0,4,25.2,0.00,SILENT,IDLE-SILENT
271,1,0,0,4,62.0,0.00,SILENT,IDLE-SILENT
271,2,0,0,4,18.1,0.00,CRIT(18%),SILENT,IDLE-SILENT
271,3,0,0,4,64.0,0.00,SILENT,IDLE-SILENT
271,4,0,0,4,25.4,0.00,SILENT,IDLE-SILENT
272,0,0,0,4,25.1,0.00,SILENT,IDLE-SILENT
272,1,0,0,4,61.9,0.00,SILENT,IDLE-SILENT
272,2,0,0,4,18.1,0.00,CRIT(18%),SILENT,IDLE-SILENT
272,3,0,0,4,63.9,0.00,SILENT,IDLE-SILENT
272,4,0,0,4,25.3,0.00,SILENT,IDLE-SILENT
273,0,0,0,4,25.0,0.00,SILENT,IDLE-SILENT
273,1,0,0,4,61.8,0.00,SILENT,IDLE-SILENT
273,2,0,0,4,18.1,0.00,CRIT(18%),SILENT,IDLE-SILENT
273,3,0,0,4,63.8,0.00,SILENT,IDLE-SILENT
273,4,0,0,4,25.2,0.00,SILENT,IDLE-SILENT
274,0,0,0,4,24.9,0.00,SILENT,IDLE-SILENT
274,1,0,0,4,61.7,0.00,SILENT,IDLE-SILENT
274,2,0,0,4,18.1,0.00,CRIT(18%),SILENT,IDLE-SILENT
274,3,0,0,4,63.7,0.00,SILENT,IDLE-SILENT
274,4,0,0,4,25.1,0.00,SILENT,IDLE-SILENT
275,0,0,0,4,24.8,0.00,SILENT,IDLE-SILENT
275,1,0,0,4,61.6,0.00,SILENT,IDLE-SILENT
275,2,0,0,4,18.1,0.00,CRIT(18%),SILENT,IDLE-SILENT
275,3,0,0,4,63.6,0.00,SILENT,IDLE-SILENT
275,4,0,0,4,25.0,0.00,SILENT,IDLE-SILENT
276,0,0,0,4,24.7,0.00,SILENT,IDLE-SILENT
276,1,0,0,4,61.5,0.00,SILENT,IDLE-SILENT
276,2,0,0,4,18.1,0.00,CRIT(18%),SILENT,IDLE-SILENT
276,3,0,0,4,63.5,0.00,SILENT,IDLE-SILENT
276,4,0,0,4,24.9,0.00,SILENT,IDLE-SILENT
277,0,0,0,4,24.6,0.00,SILENT,IDLE-SILENT
277,1,0,0,4,61.4,0.00,SILENT,IDLE-SILENT
277,2,0,0,4,18.1,0.00,CRIT(18%),SILENT,IDLE-SILENT
277,3,0,0,4,63.4,0.00,SILENT,IDLE-SILENT
277,4,0,0,4,24.8,0.00,SILENT,IDLE-SILENT
278,0,0,0,4,24.5,0.00,SILENT,IDLE-SILENT
278,1,0,0,4,61.3,0.00,SILENT,IDLE-SILENT
278,2,0,0,4,18.1,0.00,CRIT(18%),SILENT,IDLE-SILENT
278,3,0,0,4,63.3,0.00,SILENT,IDLE-SILENT
278,4,0,0,4,24.7,0.00,SILENT,IDLE-SILENT
279,0,0,0,4,24.4,0.00,SILENT,IDLE-SILENT
279,1,0,0,4,61.2,0.00,SILENT,IDLE-SILENT
279,2,0,0,4,18.1,0.00,CRIT(18%),SILENT,IDLE-SILENT
279,3,0,0,4,63.2,0.00,SILENT,IDLE-SILENT
279,4,0,0,4,24.6,0.00,SILENT,IDLE-SILENT
280,0,0,0,4,24.3,0.00,SILENT,IDLE-SILENT
280,1,0,0,4,61.1,0.00,SILENT,IDLE-SILENT
280,2,0,0,4,18.1,0.00,CRIT(18%),SILENT,IDLE-SILENT
280,3,0,0,4,63.1,0.00,SILENT,IDLE-SILENT
280,4,0,0,4,24.5,0.00,SILENT,IDLE-SILENT
281,0,0,0,4,24.2,0.00,SILENT,IDLE-SILENT
281,1,0,0,4,61.0,0.00,SILENT,IDLE-SILENT
281,2,0,0,4,18.1,0.00,CRIT(18%),SILENT,IDLE-SILENT
281,3,0,0,4,63.0,0.00,SILENT,IDLE-SILENT
281,4,0,0,4,24.4,0.00,SILENT,IDLE-SILENT
282,0,0,0,4,24.1,0.00,SILENT,IDLE-SILENT
282,1,0,0,4,60.9,0.00,SILENT,IDLE-SILENT
282,2,0,0,4,18.1,0.00,CRIT(18%),SILENT,IDLE-SILENT
282,3,0,0,4,62.9,0.00,SILENT,IDLE-SILENT
282,4,0,0,4,24.3,0.00,SILENT,IDLE-SILENT
283,0,0,0,4,24.0,0.00,SILENT,IDLE-SILENT
283,1,0,0,4,60.8,0.00,SILENT,IDLE-SILENT
283,2,0,0,4,18.1,0.00,CRIT(18%),SILENT,IDLE-SILENT
283,3,0,0,4,62.8,0.00,SILENT,IDLE-SILENT
283,4,0,0,4,24.2,0.00,SILENT,IDLE-SILENT
284,0,0,0,4,23.9,0.00,SILENT,IDLE-SILENT
284,1,0,0,4,60.7,0.00,SILENT,IDLE-SILENT
284,2,0,0,4,18.1,0.00,CRIT(18%),SILENT,IDLE-SILENT
284,3,0,0,4,62.7,0.00,SILENT,IDLE-SILENT
284,4,0,0,4,24.1,0.00,SILENT,IDLE-SILENT
285,0,0,0,4,23.8,0.00,SILENT,IDLE-SILENT
285,1,0,0,4,60.6,0.00,SILENT,IDLE-SILENT
285,2,0,0,4,18.1,0.00,CRIT(18%),SILENT,IDLE-SILENT
285,3,0,0,4,62.6,0.00,SILENT,IDLE-SILENT
285,4,0,0,4,24.0,0.00,SILENT,IDLE-SILENT
286,0,0,0,4,23.7,0.00,SILENT,IDLE-SILENT
286,1,0,0,4,60.5,0.00,SILENT,IDLE-SILENT
286,2,0,0,4,18.1,0.00,CRIT(18%),SILENT,IDLE-SILENT
286,3,0,0,4,62.5,0.00,SILENT,IDLE-SILENT
286,4,0,0,4,24.0,0.00,SILENT,IDLE-SILENT
287,0,0,0,4,23.6,0.00,SILENT,IDLE-SILENT
287,1,0,0,4,60.4,0.00,SILENT,IDLE-SILENT
287,2,0,0,4,18.1,0.00,CRIT(18%),SILENT,IDLE-SILENT
287,3,0,0,4,62.4,0.00,SILENT,IDLE-SILENT
287,4,0,0,4,24.0,0.00,SILENT,IDLE-SILENT
288,0,0,0,4,23.5,0.00,SILENT,IDLE-SILENT
288,1,0,0,4,60.3,0.00,SILENT,IDLE-SILENT
288,2,0,0,4,18.0,0.00,CRIT(18%),SILENT,IDLE-SILENT
288,3,0,0,4,62.3,0.00,SILENT,IDLE-SILENT
288,4,0,0,4,24.0,0.00,SILENT,IDLE-SILENT
289,0,0,0,4,23.4,0.00,SILENT,IDLE-SILENT
289,1,0,0,4,60.2,0.00,SILENT,IDLE-SILENT
289,2,0,0,4,17.9,0.00,CRIT(18%),SILENT,IDLE-SILENT
289,3,0,0,4,62.2,0.00,SILENT,IDLE-SILENT
289,4,0,0,4,24.0,0.00,SILENT,IDLE-SILENT
290,0,0,0,4,23.3,0.00,SILENT,IDLE-SILENT
290,1,0,0,4,60.1,0.00,SILENT,IDLE-SILENT
290,2,0,0,4,17.8,0.00,CRIT(18%),SILENT,IDLE-SILENT
290,3,0,0,4,62.1,0.00,SILENT,IDLE-SILENT
290,4,0,0,4,24.0,0.00,SILENT,IDLE-SILENT
291,0,0,0,4,23.2,0.00,SILENT,IDLE-SILENT
291,1,0,0,4,60.0,0.00,SILENT,IDLE-SILENT
291,2,0,0,4,17.7,0.00,CRIT(18%),SILENT,IDLE-SILENT
291,3,0,0,4,62.0,0.00,SILENT,IDLE-SILENT
291,4,0,0,4,24.0,0.00,SILENT,IDLE-SILENT
292,0,0,0,4,23.1,0.00,SILENT,IDLE-SILENT
292,1,0,0,4,59.9,0.00,SILENT,IDLE-SILENT
292,2,0,0,4,17.6,0.00,CRIT(18%),SILENT,IDLE-SILENT
292,3,0,0,4,61.9,0.00,SILENT,IDLE-SILENT
292,4,0,0,4,24.0,0.00,SILENT,IDLE-SILENT
293,0,0,0,4,23.0,0.00,SILENT,IDLE-SILENT
293,1,0,0,4,59.8,0.00,SILENT,IDLE-SILENT
293,2,0,0,4,17.5,0.00,CRIT(17%),SILENT,IDLE-SILENT
293,3,0,0,4,61.8,0.00,SILENT,IDLE-SILENT
293,4,0,0,4,24.0,0.00,SILENT,IDLE-SILENT
294,0,0,0,4,22.9,0.00,SILENT,IDLE-SILENT
294,1,0,0,4,59.7,0.00,SILENT,IDLE-SILENT
294,2,0,0,4,17.4,0.00,CRIT(17%),SILENT,IDLE-SILENT
294,3,0,0,4,61.7,0.00,SILENT,IDLE-SILENT
294,4,0,0,4,24.0,0.00,SILENT,IDLE-SILENT
295,0,0,0,4,22.8,0.00,SILENT,IDLE-SILENT
295,1,0,0,4,59.6,0.00,SILENT,IDLE-SILENT
295,2,0,0,4,17.3,0.00,CRIT(17%),SILENT,IDLE-SILENT
295,3,0,0,4,61.7,0.00,SILENT,IDLE-SILENT
295,4,0,0,4,24.0,0.00,SILENT,IDLE-SILENT
296,0,0,0,4,22.7,0.00,SILENT,IDLE-SILENT
296,1,0,0,4,59.5,0.00,SILENT,IDLE-SILENT
296,2,0,0,4,17.2,0.00,CRIT(17%),SILENT,IDLE-SILENT
296,3,0,0,4,61.7,0.00,SILENT,IDLE-SILENT
296,4,0,0,4,24.0,0.00,SILENT,IDLE-SILENT
297,0,0,0,4,22.6,0.00,SILENT,IDLE-SILENT
297,1,0,0,4,59.4,0.00,SILENT,IDLE-SILENT
297,2,0,0,4,17.1,0.00,CRIT(17%),SILENT,IDLE-SILENT
297,3,0,0,4,61.7,0.00,SILENT,IDLE-SILENT
297,4,0,0,4,24.0,0.00,SILENT,IDLE-SILENT
298,0,0,0,4,22.5,0.00,SILENT,IDLE-SILENT
298,1,0,0,4,59.3,0.00,SILENT,IDLE-SILENT
298,2,0,0,4,17.0,0.00,CRIT(17%),SILENT,IDLE-SILENT
298,3,0,0,4,61.7,0.00,SILENT,IDLE-SILENT
298,4,0,0,4,24.0,0.00,SILENT,IDLE-SILENT
299,0,0,0,4,22.4,0.00,SILENT,IDLE-SILENT
299,1,0,0,4,59.2,0.00,SILENT,IDLE-SILENT
299,2,0,0,4,16.9,0.00,CRIT(17%),SILENT,IDLE-SILENT
299,3,0,0,4,61.7,0.00,SILENT,IDLE-SILENT
299,4,0,0,4,24.0,0.00,SILENT,IDLE-SILENT
300,0,0,0,4,22.3,0.00,SILENT,IDLE-SILENT
300,1,0,0,4,59.1,0.00,SILENT,IDLE-SILENT
300,2,0,0,4,16.8,0.00,CRIT(17%),SILENT,IDLE-SILENT
300,3,0,0,4,61.7,0.00,SILENT,IDLE-SILENT
300,4,0,0,4,24.0,0.00,SILENT,IDLE-SILENT
301,0,0,0,4,22.2,0.00,SILENT,IDLE-SILENT
301,1,0,0,4,59.0,0.00,SILENT,IDLE-SILENT
301,2,0,0,4,16.7,0.00,CRIT(17%),SILENT,IDLE-SILENT
301,3,0,0,4,61.7,0.00,SILENT,IDLE-SILENT
301,4,0,0,4,24.0,0.00,SILENT,IDLE-SILENT
302,0,0,0,4,22.1,0.00,SILENT,IDLE-SILENT
302,1,0,0,4,58.9,0.00,SILENT,IDLE-SILENT
302,2,0,0,4,16.6,0.00,CRIT(17%),SILENT,IDLE-SILENT
302,3,0,0,4,61.7,0.00,SILENT,IDLE-SILENT
302,4,0,0,4,24.0,0.00,SILENT,IDLE-SILENT
303,0,0,0,4,22.0,0.00,SILENT,IDLE-SILENT
303,1,0,0,4,58.8,0.00,SILENT,IDLE-SILENT
303,2,0,0,4,16.5,0.00,CRIT(16%),SILENT,IDLE-SILENT
303,3,0,0,4,61.7,0.00,SILENT,IDLE-SILENT
303,4,0,0,4,24.0,0.00,SILENT,IDLE-SILENT
304,0,0,0,4,21.9,0.00,SILENT,IDLE-SILENT
304,1,0,0,4,58.7,0.00,SILENT,IDLE-SILENT
304,2,0,0,4,16.4,0.00,CRIT(16%),SILENT,IDLE-SILENT
304,3,0,0,4,61.7,0.00,SILENT,IDLE-SILENT
304,4,0,0,4,24.0,0.00,SILENT,IDLE-SILENT
305,0,0,0,4,21.8,0.00,SILENT,IDLE-SILENT
305,1,0,0,4,58.6,0.00,SILENT,IDLE-SILENT
305,2,0,0,4,16.3,0.00,CRIT(16%),SILENT,IDLE-SILENT
305,3,0,0,4,61.7,0.00,SILENT,IDLE-SILENT
305,4,0,0,4,24.0,0.00,SILENT,IDLE-SILENT
306,0,0,0,4,21.7,0.00,SILENT,IDLE-SILENT
306,1,0,0,4,58.5,0.00,SILENT,IDLE-SILENT
306,2,0,0,4,16.2,0.00,CRIT(16%),SILENT,IDLE-SILENT
306,3,0,0,4,61.7,0.00,SILENT,IDLE-SILENT
306,4,0,0,4,24.0,0.00,SILENT,IDLE-SILENT
307,0,0,0,4,21.6,0.00,SILENT,IDLE-SILENT
307,1,0,0,4,58.4,0.00,SILENT,IDLE-SILENT
307,2,0,0,4,16.1,0.00,CRIT(16%),SILENT,IDLE-SILENT
307,3,0,0,4,61.7,0.00,SILENT,IDLE-SILENT
307,4,0,0,4,24.0,0.00,SILENT,IDLE-SILENT
308,0,0,0,4,21.5,0.00,SILENT,IDLE-SILENT
308,1,0,0,4,58.3,0.00,SILENT,IDLE-SILENT
308,2,0,0,4,16.0,0.00,CRIT(16%),SILENT,IDLE-SILENT
308,3,0,0,4,61.7,0.00,SILENT,IDLE-SILENT
308,4,0,0,4,24.0,0.00,SILENT,IDLE-SILENT
309,0,0,0,4,21.4,0.00,SILENT,IDLE-SILENT
309,1,0,0,4,58.2,0.00,SILENT,IDLE-SILENT
309,2,0,0,4,15.9,0.00,CRIT(16%),SILENT,IDLE-SILENT
309,3,0,0,4,61.7,0.00,SILENT,IDLE-SILENT
309,4,0,0,4,24.0,0.00,SILENT,IDLE-SILENT
310,0,0,0,4,21.3,0.00,SILENT,IDLE-SILENT
310,1,0,0,4,58.1,0.00,SILENT,IDLE-SILENT
310,2,0,0,4,15.8,0.00,CRIT(16%),SILENT,IDLE-SILENT
310,3,0,0,4,61.7,0.00,SILENT,IDLE-SILENT
310,4,0,0,4,24.0,0.00,SILENT,IDLE-SILENT
311,0,0,0,4,21.2,0.00,SILENT,IDLE-SILENT
311,1,0,0,4,58.0,0.00,SILENT,IDLE-SILENT
311,2,0,0,4,15.7,0.00,CRIT(16%),SILENT,IDLE-SILENT
311,3,0,0,4,61.7,0.00,SILENT,IDLE-SILENT
311,4,0,0,4,24.0,0.00,SILENT,IDLE-SILENT
312,0,0,0,4,21.1,0.00,SILENT,IDLE-SILENT
312,1,0,0,4,57.9,0.00,SILENT,IDLE-SILENT
312,2,0,0,4,15.6,0.00,CRIT(16%),SILENT,IDLE-SILENT
312,3,0,0,4,61.7,0.00,SILENT,IDLE-SILENT
312,4,0,0,4,24.0,0.00,SILENT,IDLE-SILENT
313,0,0,0,4,21.0,0.00,SILENT,IDLE-SILENT
313,1,0,0,4,57.8,0.00,SILENT,IDLE-SILENT
313,2,0,0,4,15.5,0.00,CRIT(15%),SILENT,IDLE-SILENT
313,3,0,0,4,61.7,0.00,SILENT,IDLE-SILENT
313,4,0,0,4,24.0,0.00,SILENT,IDLE-SILENT
314,0,0,0,4,20.9,0.00,SILENT,IDLE-SILENT
314,1,0,0,4,57.7,0.00,SILENT,IDLE-SILENT
314,2,0,0,4,15.4,0.00,CRIT(15%),SILENT,IDLE-SILENT
314,3,0,0,4,61.7,0.00,SILENT,IDLE-SILENT
314,4,0,0,4,24.0,0.00,SILENT,IDLE-SILENT
315,0,0,0,4,20.8,0.00,SILENT,IDLE-SILENT
315,1,0,0,4,57.6,0.00,SILENT,IDLE-SILENT
315,2,0,0,4,15.3,0.00,CRIT(15%),SILENT,IDLE-SILENT
315,3,0,0,4,61.7,0.00,SILENT,IDLE-SILENT
315,4,0,0,4,23.9,0.00,SILENT,IDLE-SILENT
316,0,0,0,4,20.7,0.00,SILENT,IDLE-SILENT
316,1,0,0,4,57.5,0.00,SILENT,IDLE-SILENT
316,2,0,0,4,15.2,0.00,CRIT(15%),SILENT,IDLE-SILENT
316,3,0,0,4,61.7,0.00,SILENT,IDLE-SILENT
316,4,0,0,4,23.8,0.00,SILENT,IDLE-SILENT
317,0,0,0,4,20.6,0.00,SILENT,IDLE-SILENT
317,1,0,0,4,57.4,0.00,SILENT,IDLE-SILENT
317,2,0,0,4,15.1,0.00,CRIT(15%),SILENT,IDLE-SILENT
317,3,0,0,4,61.7,0.00,SILENT,IDLE-SILENT
317,4,0,0,4,23.7,0.00,SILENT,IDLE-SILENT
318,0,0,0,4,20.5,0.00,SILENT,IDLE-SILENT
318,1,0,0,4,57.3,0.00,SILENT,IDLE-SILENT
318,2,0,0,4,15.0,0.00,CRIT(15%),SILENT,IDLE-SILENT
318,3,0,0,4,61.7,0.00,SILENT,IDLE-SILENT
318,4,0,0,4,23.6,0.00,SILENT,IDLE-SILENT
319,0,0,0,4,20.4,0.00,SILENT,IDLE-SILENT
319,1,0,0,4,57.2,0.00,SILENT,IDLE-SILENT
319,2,0,0,4,14.9,0.00,CRIT(15%),SILENT,IDLE-SILENT
319,3,0,0,4,61.7,0.00,SILENT,IDLE-SILENT
319,4,0,0,4,23.5,0.00,SILENT,IDLE-SILENT
320,0,0,0,4,20.3,0.00,SILENT,IDLE-SILENT
320,1,0,0,4,57.1,0.00,SILENT,IDLE-SILENT
320,2,0,0,4,14.8,0.00,CRIT(15%),SILENT,IDLE-SILENT
320,3,0,0,4,61.7,0.00,SILENT,IDLE-SILENT
320,4,0,0,4,23.4,0.00,SILENT,IDLE-SILENT
321,0,0,0,4,20.2,0.00,SILENT,IDLE-SILENT
321,1,0,0,4,57.0,0.00,SILENT,IDLE-SILENT
321,2,0,0,4,14.7,0.00,CRIT(15%),SILENT,IDLE-SILENT
321,3,0,0,4,61.7,0.00,SILENT,IDLE-SILENT
321,4,0,0,4,23.3,0.00,SILENT,IDLE-SILENT
322,0,0,0,4,20.1,0.00,SILENT,IDLE-SILENT
322,1,0,0,4,56.9,0.00,SILENT,IDLE-SILENT
322,2,0,0,4,14.6,0.00,CRIT(15%),SILENT,IDLE-SILENT
322,3,0,0,4,61.7,0.00,SILENT,IDLE-SILENT
322,4,0,0,4,23.2,0.00,SILENT,IDLE-SILENT
323,0,0,0,4,20.0,0.00,SILENT,IDLE-SILENT
323,1,0,0,4,56.8,0.00,SILENT,IDLE-SILENT
323,2,0,0,4,14.5,0.00,CRIT(14%),SILENT,IDLE-SILENT
323,3,0,0,4,61.7,0.00,SILENT,IDLE-SILENT
323,4,0,0,4,23.1,0.00,SILENT,IDLE-SILENT
324,0,0,0,4,19.9,0.00,CRIT(20%),SILENT,IDLE-SILENT
324,1,0,0,4,56.7,0.00,SILENT,IDLE-SILENT
324,2,0,0,4,14.4,0.00,CRIT(14%),SILENT,IDLE-SILENT
324,3,0,0,4,61.6,0.00,SILENT,IDLE-SILENT
324,4,0,0,4,23.0,0.00,SILENT,IDLE-SILENT
325,0,0,0,4,19.8,0.00,CRIT(20%),SILENT,IDLE-SILENT
325,1,0,0,4,56.6,0.00,SILENT,IDLE-SILENT
325,2,0,0,4,14.3,0.00,CRIT(14%),SILENT,IDLE-SILENT
325,3,0,0,4,61.5,0.00,SILENT,IDLE-SILENT
325,4,0,0,4,22.9,0.00,SILENT,IDLE-SILENT
326,0,0,0,4,19.7,0.00,CRIT(20%),SILENT,IDLE-SILENT
326,1,0,0,4,56.6,0.00,SILENT,IDLE-SILENT
326,2,0,0,4,14.2,0.00,CRIT(14%),SILENT,IDLE-SILENT
326,3,0,0,4,61.4,0.00,SILENT,IDLE-SILENT
326,4,0,0,4,22.8,0.00,SILENT,IDLE-SILENT
327,0,0,0,4,19.6,0.00,CRIT(20%),SILENT,IDLE-SILENT
327,1,0,0,4,56.6,0.00,SILENT,IDLE-SILENT
327,2,0,0,4,14.1,0.00,CRIT(14%),SILENT,IDLE-SILENT
327,3,0,0,4,61.3,0.00,SILENT,IDLE-SILENT
327,4,0,0,4,22.7,0.00,SILENT,IDLE-SILENT
328,0,0,0,4,19.5,0.00,CRIT(20%),SILENT,IDLE-SILENT
328,1,0,0,4,56.6,0.00,SILENT,IDLE-SILENT
328,2,0,0,4,14.0,0.00,CRIT(14%),SILENT,IDLE-SILENT
328,3,0,0,4,61.2,0.00,SILENT,IDLE-SILENT
328,4,0,0,4,22.6,0.00,SILENT,IDLE-SILENT
329,0,0,0,4,19.4,0.00,CRIT(19%),SILENT,IDLE-SILENT
329,1,0,0,4,56.6,0.00,SILENT,IDLE-SILENT
329,2,0,0,4,13.9,0.00,CRIT(14%),SILENT,IDLE-SILENT
329,3,0,0,4,61.1,0.00,SILENT,IDLE-SILENT
329,4,0,0,4,22.5,0.00,SILENT,IDLE-SILENT
330,0,0,0,4,19.3,0.00,CRIT(19%),SILENT,IDLE-SILENT
330,1,0,0,4,56.6,0.00,SILENT,IDLE-SILENT
330,2,0,0,4,13.8,0.00,CRIT(14%),SILENT,IDLE-SILENT
330,3,0,0,4,61.0,0.00,SILENT,IDLE-SILENT
330,4,0,0,4,22.4,0.00,SILENT,IDLE-SILENT
331,0,0,0,4,19.2,0.00,CRIT(19%),SILENT,IDLE-SILENT
331,1,0,0,4,56.6,0.00,SILENT,IDLE-SILENT
331,2,0,0,4,13.7,0.00,CRIT(14%),SILENT,IDLE-SILENT
331,3,0,0,4,60.9,0.00,SILENT,IDLE-SILENT
331,4,0,0,4,22.3,0.00,SILENT,IDLE-SILENT
332,0,0,0,4,19.1,0.00,CRIT(19%),SILENT,IDLE-SILENT
332,1,0,0,4,56.6,0.00,SILENT,IDLE-SILENT
332,2,0,0,4,13.6,0.00,CRIT(14%),SILENT,IDLE-SILENT
332,3,0,0,4,60.8,0.00,SILENT,IDLE-SILENT
332,4,0,0,4,22.2,0.00,SILENT,IDLE-SILENT
333,0,0,0,4,19.0,0.00,CRIT(19%),SILENT,IDLE-SILENT
333,1,0,0,4,56.6,0.00,SILENT,IDLE-SILENT
333,2,0,0,4,13.5,0.00,CRIT(13%),SILENT,IDLE-SILENT
333,3,0,0,4,60.7,0.00,SILENT,IDLE-SILENT
333,4,0,0,4,22.1,0.00,SILENT,IDLE-SILENT
334,0,0,0,4,18.9,0.00,CRIT(19%),SILENT,IDLE-SILENT
334,1,0,0,4,56.6,0.00,SILENT,IDLE-SILENT
334,2,0,0,4,13.4,0.00,CRIT(13%),SILENT,IDLE-SILENT
334,3,0,0,4,60.6,0.00,SILENT,IDLE-SILENT
334,4,0,0,4,22.0,0.00,SILENT,IDLE-SILENT
335,0,0,0,4,18.8,0.00,CRIT(19%),SILENT,IDLE-SILENT
335,1,0,0,4,56.6,0.00,SILENT,IDLE-SILENT
335,2,0,0,4,13.3,0.00,CRIT(13%),SILENT,IDLE-SILENT
335,3,0,0,4,60.5,0.00,SILENT,IDLE-SILENT
335,4,0,0,4,21.9,0.00,SILENT,IDLE-SILENT
336,0,0,0,4,18.8,0.00,CRIT(19%),SILENT,IDLE-SILENT
336,1,0,0,4,56.6,0.00,SILENT,IDLE-SILENT
336,2,0,0,4,13.2,0.00,CRIT(13%),SILENT,IDLE-SILENT
336,3,0,0,4,60.4,0.00,SILENT,IDLE-SILENT
336,4,0,0,4,21.8,0.00,SILENT,IDLE-SILENT
337,0,0,0,4,18.8,0.00,CRIT(19%),SILENT,IDLE-SILENT
337,1,0,0,4,56.6,0.00,SILENT,IDLE-SILENT
337,2,0,0,4,13.1,0.00,CRIT(13%),SILENT,IDLE-SILENT
337,3,0,0,4,60.3,0.00,SILENT,IDLE-SILENT
337,4,0,0,4,21.7,0.00,SILENT,IDLE-SILENT
338,0,0,0,4,18.8,0.00,CRIT(19%),SILENT,IDLE-SILENT
338,1,0,0,4,56.6,0.00,SILENT,IDLE-SILENT
338,2,0,0,4,13.0,0.00,CRIT(13%),SILENT,IDLE-SILENT
338,3,0,0,4,60.2,0.00,SILENT,IDLE-SILENT
338,4,0,0,4,21.6,0.00,SILENT,IDLE-SILENT
339,0,0,0,4,18.8,0.00,CRIT(19%),SILENT,IDLE-SILENT
339,1,0,0,4,56.6,0.00,SILENT,IDLE-SILENT
339,2,0,0,4,12.9,0.00,CRIT(13%),SILENT,IDLE-SILENT
339,3,0,0,4,60.1,0.00,SILENT,IDLE-SILENT
339,4,0,0,4,21.5,0.00,SILENT,IDLE-SILENT
340,0,0,0,4,18.8,0.00,CRIT(19%),SILENT,IDLE-SILENT
340,1,0,0,4,56.6,0.00,SILENT,IDLE-SILENT
340,2,0,0,4,12.8,0.00,CRIT(13%),SILENT,IDLE-SILENT
340,3,0,0,4,60.0,0.00,SILENT,IDLE-SILENT
340,4,0,0,4,21.4,0.00,SILENT,IDLE-SILENT
341,0,0,0,4,18.8,0.00,CRIT(19%),SILENT,IDLE-SILENT
341,1,0,0,4,56.6,0.00,SILENT,IDLE-SILENT
341,2,0,0,4,12.7,0.00,CRIT(13%),SILENT,IDLE-SILENT
341,3,0,0,4,59.9,0.00,SILENT,IDLE-SILENT
341,4,0,0,4,21.3,0.00,SILENT,IDLE-SILENT
342,0,0,0,4,18.8,0.00,CRIT(19%),SILENT,IDLE-SILENT
342,1,0,0,4,56.6,0.00,SILENT,IDLE-SILENT
342,2,0,0,4,12.6,0.00,CRIT(13%),SILENT,IDLE-SILENT
342,3,0,0,4,59.8,0.00,SILENT,IDLE-SILENT
342,4,0,0,4,21.2,0.00,SILENT,IDLE-SILENT
343,0,0,0,4,18.8,0.00,CRIT(19%),SILENT,IDLE-SILENT
343,1,0,0,4,56.6,0.00,SILENT,IDLE-SILENT
343,2,0,0,4,12.5,0.00,CRIT(12%),SILENT,IDLE-SILENT
343,3,0,0,4,59.7,0.00,SILENT,IDLE-SILENT
343,4,0,0,4,21.1,0.00,SILENT,IDLE-SILENT
344,0,0,0,4,18.8,0.00,CRIT(19%),SILENT,IDLE-SILENT
344,1,0,0,4,56.6,0.00,SILENT,IDLE-SILENT
344,2,0,0,4,12.4,0.00,CRIT(12%),SILENT,IDLE-SILENT
344,3,0,0,4,59.6,0.00,SILENT,IDLE-SILENT
344,4,0,0,4,21.0,0.00,SILENT,IDLE-SILENT
345,0,0,0,4,18.8,0.00,CRIT(19%),SILENT,IDLE-SILENT
345,1,0,0,4,56.6,0.00,SILENT,IDLE-SILENT
345,2,0,0,4,12.3,0.00,CRIT(12%),SILENT,IDLE-SILENT
345,3,0,0,4,59.5,0.00,SILENT,IDLE-SILENT
345,4,0,0,4,20.9,0.00,SILENT,IDLE-SILENT
346,0,0,0,4,18.8,0.00,CRIT(19%),SILENT,IDLE-SILENT
346,1,0,0,4,56.6,0.00,SILENT,IDLE-SILENT
346,2,0,0,4,12.2,0.00,CRIT(12%),SILENT,IDLE-SILENT
346,3,0,0,4,59.4,0.00,SILENT,IDLE-SILENT
346,4,0,0,4,20.8,0.00,SILENT,IDLE-SILENT
347,0,0,0,4,18.8,0.00,CRIT(19%),SILENT,IDLE-SILENT
347,1,0,0,4,56.6,0.00,SILENT,IDLE-SILENT
347,2,0,0,4,12.1,0.00,CRIT(12%),SILENT,IDLE-SILENT
347,3,0,0,4,59.3,0.00,SILENT,IDLE-SILENT
347,4,0,0,4,20.7,0.00,SILENT,IDLE-SILENT
348,0,0,0,4,18.8,0.00,CRIT(19%),SILENT,IDLE-SILENT
348,1,0,0,4,56.6,0.00,SILENT,IDLE-SILENT
348,2,0,0,4,12.0,0.00,CRIT(12%),SILENT,IDLE-SILENT
348,3,0,0,4,59.2,0.00,SILENT,IDLE-SILENT
348,4,0,0,4,20.6,0.00,SILENT,IDLE-SILENT
349,0,0,0,4,18.8,0.00,CRIT(19%),SILENT,IDLE-SILENT
349,1,0,0,4,56.6,0.00,SILENT,IDLE-SILENT
349,2,0,0,4,11.9,0.00,CRIT(12%),SILENT,IDLE-SILENT
349,3,0,0,4,59.1,0.00,SILENT,IDLE-SILENT
349,4,0,0,4,20.5,0.00,SILENT,IDLE-SILENT
350,0,0,0,4,18.8,0.00,CRIT(19%),SILENT,IDLE-SILENT
350,1,0,0,4,56.6,0.00,SILENT,IDLE-SILENT
350,2,0,0,4,11.8,0.00,CRIT(12%),SILENT,IDLE-SILENT
350,3,0,0,4,59.0,0.00,SILENT,IDLE-SILENT
350,4,0,0,4,20.4,0.00,SILENT,IDLE-SILENT
351,0,0,0,4,18.8,0.00,CRIT(19%),SILENT,IDLE-SILENT
351,1,0,0,4,56.6,0.00,SILENT,IDLE-SILENT
351,2,0,0,4,11.7,0.00,CRIT(12%),SILENT,IDLE-SILENT
351,3,0,0,4,58.9,0.00,SILENT,IDLE-SILENT
351,4,0,0,4,20.3,0.00,SILENT,IDLE-SILENT
352,0,0,0,4,18.8,0.00,CRIT(19%),SILENT,IDLE-SILENT
352,1,0,0,4,56.6,0.00,SILENT,IDLE-SILENT
352,2,0,0,4,11.6,0.00,CRIT(12%),SILENT,IDLE-SILENT
352,3,0,0,4,58.8,0.00,SILENT,IDLE-SILENT
352,4,0,0,4,20.2,0.00,SILENT,IDLE-SILENT
353,0,0,0,4,18.8,0.00,CRIT(19%),SILENT,IDLE-SILENT
353,1,0,0,4,56.6,0.00,SILENT,IDLE-SILENT
353,2,0,0,4,11.5,0.00,CRIT(11%),SILENT,IDLE-SILENT
353,3,0,0,4,58.7,0.00,SILENT,IDLE-SILENT
353,4,0,0,4,20.1,0.00,SILENT,IDLE-SILENT
354,0,0,0,4,18.8,0.00,CRIT(19%),SILENT,IDLE-SILENT
354,1,0,0,4,56.6,0.00,SILENT,IDLE-SILENT
354,2,0,0,4,11.4,0.00,CRIT(11%),SILENT,IDLE-SILENT
354,3,0,0,4,58.6,0.00,SILENT,IDLE-SILENT
354,4,0,0,4,20.0,0.00,SILENT,IDLE-SILENT
355,0,0,0,4,18.8,0.00,CRIT(19%),SILENT,IDLE-SILENT
355,1,0,0,4,56.5,0.00,SILENT,IDLE-SILENT
355,2,0,0,4,11.3,0.00,CRIT(11%),SILENT,IDLE-SILENT
355,3,0,0,4,58.5,0.00,SILENT,IDLE-SILENT
355,4,0,0,4,19.9,0.00,CRIT(20%),SILENT,IDLE-SILENT
356,0,0,0,4,18.8,0.00,CRIT(19%),SILENT,IDLE-SILENT
356,1,0,0,4,56.4,0.00,SILENT,IDLE-SILENT
356,2,0,0,4,11.2,0.00,CRIT(11%),SILENT,IDLE-SILENT
356,3,0,0,4,58.4,0.00,SILENT,IDLE-SILENT
356,4,0,0,4,19.8,0.00,CRIT(20%),SILENT,IDLE-SILENT
357,0,0,0,4,18.8,0.00,CRIT(19%),SILENT,IDLE-SILENT
357,1,0,0,4,56.3,0.00,SILENT,IDLE-SILENT
357,2,0,0,4,11.1,0.00,CRIT(11%),SILENT,IDLE-SILENT
357,3,0,0,4,58.3,0.00,SILENT,IDLE-SILENT
357,4,0,0,4,19.7,0.00,CRIT(20%),SILENT,IDLE-SILENT
358,0,0,0,4,18.8,0.00,CRIT(19%),SILENT,IDLE-SILENT
358,1,0,0,4,56.2,0.00,SILENT,IDLE-SILENT
358,2,0,0,4,11.0,0.00,CRIT(11%),SILENT,IDLE-SILENT
358,3,0,0,4,58.2,0.00,SILENT,IDLE-SILENT
358,4,0,0,4,19.6,0.00,CRIT(20%),SILENT,IDLE-SILENT
359,0,0,0,4,18.8,0.00,CRIT(19%),SILENT,IDLE-SILENT
359,1,0,0,4,56.1,0.00,SILENT,IDLE-SILENT
359,2,0,0,4,10.9,0.00,CRIT(11%),SILENT,IDLE-SILENT
359,3,0,0,4,58.1,0.00,SILENT,IDLE-SILENT
359,4,0,0,4,19.5,0.00,CRIT(20%),SILENT,IDLE-SILENT
360,0,0,0,4,18.8,0.00,CRIT(19%),SILENT,IDLE-SILENT
360,1,0,0,4,56.0,0.00,SILENT,IDLE-SILENT
360,2,0,0,4,10.8,0.00,CRIT(11%),SILENT,IDLE-SILENT
360,3,0,0,4,58.0,0.00,SILENT,IDLE-SILENT
360,4,0,0,4,19.4,0.00,CRIT(19%),SILENT,IDLE-SILENT
361,0,0,0,4,18.8,0.00,CRIT(19%),SILENT,IDLE-SILENT
361,1,0,0,4,55.9,0.00,SILENT,IDLE-SILENT
361,2,0,0,4,10.7,0.00,CRIT(11%),SILENT,IDLE-SILENT
361,3,0,0,4,57.9,0.00,SILENT,IDLE-SILENT
361,4,0,0,4,19.3,0.00,CRIT(19%),SILENT,IDLE-SILENT
362,0,0,0,4,18.8,0.00,CRIT(19%),SILENT,IDLE-SILENT
362,1,0,0,4,55.8,0.00,SILENT,IDLE-SILENT
362,2,0,0,4,10.6,0.00,CRIT(11%),SILENT,IDLE-SILENT
362,3,0,0,4,57.8,0.00,SILENT,IDLE-SILENT
362,4,0,0,4,19.2,0.00,CRIT(19%),SILENT,IDLE-SILENT
363,0,0,0,4,18.8,0.00,CRIT(19%),SILENT,IDLE-SILENT
363,1,0,0,4,55.7,0.00,SILENT,IDLE-SILENT
363,2,0,0,4,10.5,0.00,CRIT(10%),SILENT,IDLE-SILENT
363,3,0,0,4,57.7,0.00,SILENT,IDLE-SILENT
363,4,0,0,4,19.1,0.00,CRIT(19%),SILENT,IDLE-SILENT
364,0,0,0,4,18.8,0.00,CRIT(19%),SILENT,IDLE-SILENT
364,1,0,0,4,55.6,0.00,SILENT,IDLE-SILENT
364,2,0,0,4,10.4,0.00,CRIT(10%),SILENT,IDLE-SILENT
364,3,0,0,4,57.6,0.00,SILENT,IDLE-SILENT
364,4,0,0,4,19.0,0.00,CRIT(19%),SILENT,IDLE-SILENT
365,0,0,0,4,18.7,0.00,CRIT(19%),SILENT,IDLE-SILENT
365,1,0,0,4,55.5,0.00,SILENT,IDLE-SILENT
365,2,0,0,4,10.3,0.00,CRIT(10%),SILENT,IDLE-SILENT
365,3,0,0,4,57.5,0.00,SILENT,IDLE-SILENT
365,4,0,0,4,18.9,0.00,CRIT(19%),SILENT,IDLE-SILENT
366,0,0,0,4,18.6,0.00,CRIT(19%),SILENT,IDLE-SILENT
366,1,0,0,4,55.4,0.00,SILENT,IDLE-SILENT
366,2,0,0,4,10.2,0.00,CRIT(10%),SILENT,IDLE-SILENT
366,3,0,0,4,57.4,0.00,SILENT,IDLE-SILENT
366,4,0,0,4,18.8,0.00,CRIT(19%),SILENT,IDLE-SILENT
367,0,0,0,4,18.5,0.00,CRIT(19%),SILENT,IDLE-SILENT
367,1,0,0,4,55.3,0.00,SILENT,IDLE-SILENT
367,2,0,0,4,10.1,0.00,CRIT(10%),SILENT,IDLE-SILENT
367,3,0,0,4,57.3,0.00,SILENT,IDLE-SILENT
367,4,0,0,4,18.7,0.00,CRIT(19%),SILENT,IDLE-SILENT
368,0,0,0,4,18.4,0.00,CRIT(18%),SILENT,IDLE-SILENT
368,1,0,0,4,55.2,0.00,SILENT,IDLE-SILENT
368,2,0,0,4,10.0,0.00,CRIT(10%),SILENT,IDLE-SILENT
368,3,0,0,4,57.2,0.00,SILENT,IDLE-SILENT
368,4,0,0,4,18.6,0.00,CRIT(19%),SILENT,IDLE-SILENT
369,0,0,0,4,18.3,0.00,CRIT(18%),SILENT,IDLE-SILENT
369,1,0,0,4,55.1,0.00,SILENT,IDLE-SILENT
369,2,0,0,4,9.9,0.00,CRIT(10%),SILENT,IDLE-SILENT
369,3,0,0,4,57.1,0.00,SILENT,IDLE-SILENT
369,4,0,0,4,18.5,0.00,CRIT(19%),SILENT,IDLE-SILENT
370,0,0,0,4,18.2,0.00,CRIT(18%),SILENT,IDLE-SILENT
370,1,0,0,4,55.0,0.00,SILENT,IDLE-SILENT
370,2,0,0,4,9.8,0.00,CRIT(10%),SILENT,IDLE-SILENT
370,3,0,0,4,57.0,0.00,SILENT,IDLE-SILENT
370,4,0,0,4,18.4,0.00,CRIT(18%),SILENT,IDLE-SILENT
371,0,0,0,4,18.1,0.00,CRIT(18%),SILENT,IDLE-SILENT
371,1,0,0,4,54.9,0.00,SILENT,IDLE-SILENT
371,2,0,0,4,9.7,0.00,CRIT(10%),SILENT,IDLE-SILENT
371,3,0,0,4,56.9,0.00,SILENT,IDLE-SILENT
371,4,0,0,4,18.3,0.00,CRIT(18%),SILENT,IDLE-SILENT
372,0,0,0,4,18.0,0.00,CRIT(18%),SILENT,IDLE-SILENT
372,1,0,0,4,54.8,0.00,SILENT,IDLE-SILENT
372,2,0,0,4,9.6,0.00,CRIT(10%),SILENT,IDLE-SILENT
372,3,0,0,4,56.8,0.00,SILENT,IDLE-SILENT
372,4,0,0,4,18.2,0.00,CRIT(18%),SILENT,IDLE-SILENT
373,0,0,0,4,17.9,0.00,CRIT(18%),SILENT,IDLE-SILENT
373,1,0,0,4,54.7,0.00,SILENT,IDLE-SILENT
373,2,0,0,4,9.5,0.00,CRIT(9%),SILENT,IDLE-SILENT
373,3,0,0,4,56.7,0.00,SILENT,IDLE-SILENT
373,4,0,0,4,18.1,0.00,CRIT(18%),SILENT,IDLE-SILENT
374,0,0,0,4,17.8,0.00,CRIT(18%),SILENT,IDLE-SILENT
374,1,0,0,4,54.6,0.00,SILENT,IDLE-SILENT
374,2,0,0,4,9.4,0.00,CRIT(9%),SILENT,IDLE-SILENT
374,3,0,0,4,56.6,0.00,SILENT,IDLE-SILENT
374,4,0,0,4,18.0,0.00,CRIT(18%),SILENT,IDLE-SILENT
375,0,0,0,4,17.7,0.00,CRIT(18%),SILENT,IDLE-SILENT
375,1,0,0,4,54.5,0.00,SILENT,IDLE-SILENT
375,2,0,0,4,9.3,0.00,CRIT(9%),SILENT,IDLE-SILENT
375,3,0,0,4,56.5,0.00,SILENT,IDLE-SILENT
375,4,0,0,4,17.9,0.00,CRIT(18%),SILENT,IDLE-SILENT
376,0,0,0,4,17.6,0.00,CRIT(18%),SILENT,IDLE-SILENT
376,1,0,0,4,54.4,0.00,SILENT,IDLE-SILENT
376,2,0,0,4,9.2,0.00,CRIT(9%),SILENT,IDLE-SILENT
376,3,0,0,4,56.4,0.00,SILENT,IDLE-SILENT
376,4,0,0,4,17.8,0.00,CRIT(18%),SILENT,IDLE-SILENT
377,0,0,0,4,17.5,0.00,CRIT(18%),SILENT,IDLE-SILENT
377,1,0,0,4,54.3,0.00,SILENT,IDLE-SILENT
377,2,0,0,4,9.1,0.00,CRIT(9%),SILENT,IDLE-SILENT
377,3,0,0,4,56.3,0.00,SILENT,IDLE-SILENT
377,4,0,0,4,17.7,0.00,CRIT(18%),SILENT,IDLE-SILENT
378,0,0,0,4,17.4,0.00,CRIT(17%),SILENT,IDLE-SILENT
378,1,0,0,4,54.2,0.00,SILENT,IDLE-SILENT
378,2,0,0,4,9.0,0.00,CRIT(9%),SILENT,IDLE-SILENT
378,3,0,0,4,56.2,0.00,SILENT,IDLE-SILENT
378,4,0,0,4,17.6,0.00,CRIT(18%),SILENT,IDLE-SILENT
379,0,0,0,4,17.3,0.00,CRIT(17%),SILENT,IDLE-SILENT
379,1,0,0,4,54.1,0.00,SILENT,IDLE-SILENT
379,2,0,0,4,8.9,0.00,CRIT(9%),SILENT,IDLE-SILENT
379,3,0,0,4,56.1,0.00,SILENT,IDLE-SILENT
379,4,0,0,4,17.5,0.00,CRIT(18%),SILENT,IDLE-SILENT
380,0,0,0,4,17.2,0.00,CRIT(17%),SILENT,IDLE-SILENT
380,1,0,0,4,54.0,0.00,SILENT,IDLE-SILENT
380,2,0,0,4,8.8,0.00,CRIT(9%),SILENT,IDLE-SILENT
380,3,0,0,4,56.0,0.00,SILENT,IDLE-SILENT
380,4,0,0,4,17.4,0.00,CRIT(17%),SILENT,IDLE-SILENT
381,0,0,0,4,17.1,0.00,CRIT(17%),SILENT,IDLE-SILENT
381,1,0,0,4,53.9,0.00,SILENT,IDLE-SILENT
381,2,0,0,4,8.7,0.00,CRIT(9%),SILENT,IDLE-SILENT
381,3,0,0,4,55.9,0.00,SILENT,IDLE-SILENT
381,4,0,0,4,17.3,0.00,CRIT(17%),SILENT,IDLE-SILENT
382,0,0,0,4,17.0,0.00,CRIT(17%),SILENT,IDLE-SILENT
382,1,0,0,4,53.8,0.00,SILENT,IDLE-SILENT
382,2,0,0,4,8.6,0.00,CRIT(9%),SILENT,IDLE-SILENT
382,3,0,0,4,55.8,0.00,SILENT,IDLE-SILENT
382,4,0,0,4,17.2,0.00,CRIT(17%),SILENT,IDLE-SILENT
383,0,0,0,4,16.9,0.00,CRIT(17%),SILENT,IDLE-SILENT
383,1,0,0,4,53.7,0.00,SILENT,IDLE-SILENT
383,2,0,0,4,8.5,0.00,CRIT(8%),SILENT,IDLE-SILENT
383,3,0,0,4,55.7,0.00,SILENT,IDLE-SILENT
383,4,0,0,4,17.1,0.00,CRIT(17%),SILENT,IDLE-SILENT
384,0,0,0,4,16.8,0.00,CRIT(17%),SILENT,IDLE-SILENT
384,1,0,0,4,53.6,0.00,SILENT,IDLE-SILENT
384,2,0,0,4,8.4,0.00,CRIT(8%),SILENT,IDLE-SILENT
384,3,0,0,4,55.6,0.00,SILENT,IDLE-SILENT
384,4,0,0,4,17.0,0.00,CRIT(17%),SILENT,IDLE-SILENT
385,0,0,0,4,16.7,0.00,CRIT(17%),SILENT,IDLE-SILENT
385,1,0,0,4,53.5,0.00,SILENT,IDLE-SILENT
385,2,0,0,4,8.3,0.00,CRIT(8%),SILENT,IDLE-SILENT
385,3,0,0,4,55.5,0.00,SILENT,IDLE-SILENT
385,4,0,0,4,16.9,0.00,CRIT(17%),SILENT,IDLE-SILENT
386,0,0,0,4,16.6,0.00,CRIT(17%),SILENT,IDLE-SILENT
386,1,0,0,4,53.4,0.00,SILENT,IDLE-SILENT
386,2,0,0,4,8.2,0.00,CRIT(8%),SILENT,IDLE-SILENT
386,3,0,0,4,55.4,0.00,SILENT,IDLE-SILENT
386,4,0,0,4,16.8,0.00,CRIT(17%),SILENT,IDLE-SILENT
387,0,0,0,4,16.5,0.00,CRIT(17%),SILENT,IDLE-SILENT
387,1,0,0,4,53.3,0.00,SILENT,IDLE-SILENT
387,2,0,0,4,8.1,0.00,CRIT(8%),SILENT,IDLE-SILENT
387,3,0,0,4,55.3,0.00,SILENT,IDLE-SILENT
387,4,0,0,4,16.7,0.00,CRIT(17%),SILENT,IDLE-SILENT
388,0,0,0,4,16.4,0.00,CRIT(16%),SILENT,IDLE-SILENT
388,1,0,0,4,53.2,0.00,SILENT,IDLE-SILENT
388,2,0,0,4,8.0,0.00,CRIT(8%),SILENT,IDLE-SILENT
388,3,0,0,4,55.2,0.00,SILENT,IDLE-SILENT
388,4,0,0,4,16.6,0.00,CRIT(17%),SILENT,IDLE-SILENT
389,0,0,0,4,16.3,0.00,CRIT(16%),SILENT,IDLE-SILENT
389,1,0,0,4,53.1,0.00,SILENT,IDLE-SILENT
389,2,0,0,4,7.9,0.00,CRIT(8%),SILENT,IDLE-SILENT
389,3,0,0,4,55.1,0.00,SILENT,IDLE-SILENT
389,4,0,0,4,16.5,0.00,CRIT(17%),SILENT,IDLE-SILENT
390,0,0,0,4,16.2,0.00,CRIT(16%),SILENT,IDLE-SILENT
390,1,0,0,4,53.0,0.00,SILENT,IDLE-SILENT
390,2,0,0,4,7.8,0.00,CRIT(8%),SILENT,IDLE-SILENT
390,3,0,0,4,55.0,0.00,SILENT,IDLE-SILENT
390,4,0,0,4,16.4,0.00,CRIT(16%),SILENT,IDLE-SILENT
391,0,0,0,4,16.1,0.00,CRIT(16%),SILENT,IDLE-SILENT
391,1,0,0,4,52.9,0.00,SILENT,IDLE-SILENT
391,2,0,0,4,7.7,0.00,CRIT(8%),SILENT,IDLE-SILENT
391,3,0,0,4,54.9,0.00,SILENT,IDLE-SILENT
391,4,0,0,4,16.3,0.00,CRIT(16%),SILENT,IDLE-SILENT
392,0,0,0,4,16.0,0.00,CRIT(16%),SILENT,IDLE-SILENT
392,1,0,0,4,52.8,0.00,SILENT,IDLE-SILENT
392,2,0,0,4,7.6,0.00,CRIT(8%),SILENT,IDLE-SILENT
392,3,0,0,4,54.8,0.00,SILENT,IDLE-SILENT
392,4,0,0,4,16.2,0.00,CRIT(16%),SILENT,IDLE-SILENT
393,0,0,0,4,15.9,0.00,CRIT(16%),SILENT,IDLE-SILENT
393,1,0,0,4,52.7,0.00,SILENT,IDLE-SILENT
393,2,0,0,4,7.5,0.00,CRIT(7%),SILENT,IDLE-SILENT
393,3,0,0,4,54.7,0.00,SILENT,IDLE-SILENT
393,4,0,0,4,16.1,0.00,CRIT(16%),SILENT,IDLE-SILENT
394,0,0,0,4,15.8,0.00,CRIT(16%),SILENT,IDLE-SILENT
394,1,0,0,4,52.6,0.00,SILENT,IDLE-SILENT
394,2,0,0,4,7.4,0.00,CRIT(7%),SILENT,IDLE-SILENT
394,3,0,0,4,54.6,0.00,SILENT,IDLE-SILENT
394,4,0,0,4,16.0,0.00,CRIT(16%),SILENT,IDLE-SILENT
395,0,0,0,4,15.7,0.00,CRIT(16%),SILENT,IDLE-SILENT
395,1,0,0,4,52.5,0.00,SILENT,IDLE-SILENT
395,2,0,0,4,7.3,0.00,CRIT(7%),SILENT,IDLE-SILENT
395,3,0,0,4,54.5,0.00,SILENT,IDLE-SILENT
395,4,0,0,4,15.9,0.00,CRIT(16%),SILENT,IDLE-SILENT
396,0,0,0,4,15.6,0.00,CRIT(16%),SILENT,IDLE-SILENT
396,1,0,0,4,52.4,0.00,SILENT,IDLE-SILENT
396,2,0,0,4,7.2,0.00,CRIT(7%),SILENT,IDLE-SILENT
396,3,0,0,4,54.4,0.00,SILENT,IDLE-SILENT
396,4,0,0,4,15.8,0.00,CRIT(16%),SILENT,IDLE-SILENT
397,0,0,0,4,15.5,0.00,CRIT(16%),SILENT,IDLE-SILENT
397,1,0,0,4,52.3,0.00,SILENT,IDLE-SILENT
397,2,0,0,4,7.1,0.00,CRIT(7%),SILENT,IDLE-SILENT
397,3,0,0,4,54.3,0.00,SILENT,IDLE-SILENT
397,4,0,0,4,15.7,0.00,CRIT(16%),SILENT,IDLE-SILENT
398,0,0,0,4,15.4,0.00,CRIT(15%),SILENT,IDLE-SILENT
398,1,0,0,4,52.2,0.00,SILENT,IDLE-SILENT
398,2,0,0,4,7.0,0.00,CRIT(7%),SILENT,IDLE-SILENT
398,3,0,0,4,54.2,0.00,SILENT,IDLE-SILENT
398,4,0,0,4,15.6,0.00,CRIT(16%),SILENT,IDLE-SILENT
399,0,0,0,4,15.3,0.00,CRIT(15%),SILENT,IDLE-SILENT
399,1,0,0,4,52.1,0.00,SILENT,IDLE-SILENT
399,2,0,0,4,6.9,0.00,CRIT(7%),SILENT,IDLE-SILENT
399,3,0,0,4,54.1,0.00,SILENT,IDLE-SILENT
399,4,0,0,4,15.5,0.00,CRIT(16%),SILENT,IDLE-SILENT
400,0,0,0,4,15.2,0.00,CRIT(15%),SILENT,IDLE-SILENT
400,1,0,0,4,52.0,0.00,SILENT,IDLE-SILENT
400,2,0,0,4,6.8,0.00,CRIT(7%),SILENT,IDLE-SILENT
400,3,0,0,4,54.0,0.00,SILENT,IDLE-SILENT
400,4,0,0,4,15.4,0.00,CRIT(15%),SILENT,IDLE-SILENT
401,0,0,0,4,15.1,0.00,CRIT(15%),SILENT,IDLE-SILENT
401,1,0,0,4,51.9,0.00,SILENT,IDLE-SILENT
401,2,0,0,4,6.7,0.00,CRIT(7%),SILENT,IDLE-SILENT
401,3,0,0,4,53.9,0.00,SILENT,IDLE-SILENT
401,4,0,0,4,15.3,0.00,CRIT(15%),SILENT,IDLE-SILENT
402,0,0,0,4,15.0,0.00,CRIT(15%),SILENT,IDLE-SILENT
402,1,0,0,4,51.8,0.00,SILENT,IDLE-SILENT
402,2,0,0,4,6.6,0.00,CRIT(7%),SILENT,IDLE-SILENT
402,3,0,0,4,53.8,0.00,SILENT,IDLE-SILENT
402,4,0,0,4,15.2,0.00,CRIT(15%),SILENT,IDLE-SILENT
403,0,0,0,4,14.9,0.00,CRIT(15%),SILENT,IDLE-SILENT
403,1,0,0,4,51.7,0.00,SILENT,IDLE-SILENT
403,2,0,0,4,6.5,0.00,CRIT(6%),SILENT,IDLE-SILENT
403,3,0,0,4,53.7,0.00,SILENT,IDLE-SILENT
403,4,0,0,4,15.1,0.00,CRIT(15%),SILENT,IDLE-SILENT
404,0,0,0,4,14.8,0.00,CRIT(15%),SILENT,IDLE-SILENT
404,1,0,0,4,51.6,0.00,SILENT,IDLE-SILENT
404,2,0,0,4,6.4,0.00,CRIT(6%),SILENT,IDLE-SILENT
404,3,0,0,4,53.6,0.00,SILENT,IDLE-SILENT
404,4,0,0,4,15.0,0.00,CRIT(15%),SILENT,IDLE-SILENT
405,0,0,0,4,14.7,0.00,CRIT(15%),SILENT,IDLE-SILENT
405,1,0,0,4,51.5,0.00,SILENT,IDLE-SILENT
405,2,0,0,4,6.3,0.00,CRIT(6%),SILENT,IDLE-SILENT
405,3,0,0,4,53.5,0.00,SILENT,IDLE-SILENT
405,4,0,0,4,14.9,0.00,CRIT(15%),SILENT,IDLE-SILENT
406,0,0,0,4,14.6,0.00,CRIT(15%),SILENT,IDLE-SILENT
406,1,0,0,4,51.4,0.00,SILENT,IDLE-SILENT
406,2,0,0,4,6.2,0.00,CRIT(6%),SILENT,IDLE-SILENT
406,3,0,0,4,53.4,0.00,SILENT,IDLE-SILENT
406,4,0,0,4,14.8,0.00,CRIT(15%),SILENT,IDLE-SILENT
407,0,0,0,4,14.5,0.00,CRIT(15%),SILENT,IDLE-SILENT
407,1,0,0,4,51.3,0.00,SILENT,IDLE-SILENT
407,2,0,0,4,6.1,0.00,CRIT(6%),SILENT,IDLE-SILENT
407,3,0,0,4,53.3,0.00,SILENT,IDLE-SILENT
407,4,0,0,4,14.7,0.00,CRIT(15%),SILENT,IDLE-SILENT
408,0,0,0,4,14.4,0.00,CRIT(14%),SILENT,IDLE-SILENT
408,1,0,0,4,51.2,0.00,SILENT,IDLE-SILENT
408,2,0,0,4,6.0,0.00,CRIT(6%),SILENT,IDLE-SILENT
408,3,0,0,4,53.2,0.00,SILENT,IDLE-SILENT
408,4,0,0,4,14.6,0.00,CRIT(15%),SILENT,IDLE-SILENT
409,0,0,0,4,14.3,0.00,CRIT(14%),SILENT,IDLE-SILENT
409,1,0,0,4,51.1,0.00,SILENT,IDLE-SILENT
409,2,0,0,4,5.9,0.00,CRIT(6%),SILENT,IDLE-SILENT
409,3,0,0,4,53.1,0.00,SILENT,IDLE-SILENT
409,4,0,0,4,14.5,0.00,CRIT(15%),SILENT,IDLE-SILENT
410,0,0,0,4,14.2,0.00,CRIT(14%),SILENT,IDLE-SILENT
410,1,0,0,4,51.0,0.00,SILENT,IDLE-SILENT
410,2,0,0,4,5.8,0.00,CRIT(6%),SILENT,IDLE-SILENT
410,3,0,0,4,53.0,0.00,SILENT,IDLE-SILENT
410,4,0,0,4,14.4,0.00,CRIT(14%),SILENT,IDLE-SILENT
411,0,0,0,4,14.1,0.00,CRIT(14%),SILENT,IDLE-SILENT
411,1,0,0,4,50.9,0.00,SILENT,IDLE-SILENT
411,2,0,0,4,5.7,0.00,CRIT(6%),SILENT,IDLE-SILENT
411,3,0,0,4,52.9,0.00,SILENT,IDLE-SILENT
411,4,0,0,4,14.3,0.00,CRIT(14%),SILENT,IDLE-SILENT
412,0,0,0,4,14.0,0.00,CRIT(14%),SILENT,IDLE-SILENT
412,1,0,0,4,50.8,0.00,SILENT,IDLE-SILENT
412,2,0,0,4,5.6,0.00,CRIT(6%),SILENT,IDLE-SILENT
412,3,0,0,4,52.8,0.00,SILENT,IDLE-SILENT
412,4,0,0,4,14.2,0.00,CRIT(14%),SILENT,IDLE-SILENT
413,0,0,0,4,13.9,0.00,CRIT(14%),SILENT,IDLE-SILENT
413,1,0,0,4,50.7,0.00,SILENT,IDLE-SILENT
413,2,0,0,4,5.5,0.00,CRIT(5%),SILENT,IDLE-SILENT
413,3,0,0,4,52.7,0.00,SILENT,IDLE-SILENT
413,4,0,0,4,14.1,0.00,CRIT(14%),SILENT,IDLE-SILENT
414,0,0,0,4,13.8,0.00,CRIT(14%),SILENT,IDLE-SILENT
414,1,0,0,4,50.6,0.00,SILENT,IDLE-SILENT
414,2,0,0,4,5.4,0.00,CRIT(5%),SILENT,IDLE-SILENT
414,3,0,0,4,52.6,0.00,SILENT,IDLE-SILENT
414,4,0,0,4,14.0,0.00,CRIT(14%),SILENT,IDLE-SILENT
415,0,0,0,4,13.7,0.00,CRIT(14%),SILENT,IDLE-SILENT
415,1,0,0,4,50.5,0.00,SILENT,IDLE-SILENT
415,2,0,0,4,5.3,0.00,CRIT(5%),SILENT,IDLE-SILENT
415,3,0,0,4,52.5,0.00,SILENT,IDLE-SILENT
415,4,0,0,4,13.9,0.00,CRIT(14%),SILENT,IDLE-SILENT
416,0,0,0,4,13.6,0.00,CRIT(14%),SILENT,IDLE-SILENT
416,1,0,0,4,50.4,0.00,SILENT,IDLE-SILENT
416,2,0,0,4,5.2,0.00,CRIT(5%),SILENT,IDLE-SILENT
416,3,0,0,4,52.4,0.00,SILENT,IDLE-SILENT
416,4,0,0,4,13.8,0.00,CRIT(14%),SILENT,IDLE-SILENT
417,0,0,0,4,13.5,0.00,CRIT(14%),SILENT,IDLE-SILENT
417,1,0,0,4,50.3,0.00,SILENT,IDLE-SILENT
417,2,0,0,4,5.1,0.00,CRIT(5%),SILENT,IDLE-SILENT
417,3,0,0,4,52.3,0.00,SILENT,IDLE-SILENT
417,4,0,0,4,13.7,0.00,CRIT(14%),SILENT,IDLE-SILENT
418,0,0,0,4,13.4,0.00,CRIT(13%),SILENT,IDLE-SILENT
418,1,0,0,4,50.2,0.00,SILENT,IDLE-SILENT
418,2,0,0,4,5.0,0.00,CRIT(5%),SILENT,IDLE-SILENT
418,3,0,0,4,52.2,0.00,SILENT,IDLE-SILENT
418,4,0,0,4,13.6,0.00,CRIT(14%),SILENT,IDLE-SILENT
419,0,0,0,4,13.3,0.00,CRIT(13%),SILENT,IDLE-SILENT
419,1,0,0,4,50.1,0.00,SILENT,IDLE-SILENT
419,2,0,0,4,4.9,0.00,CRIT(5%),SILENT,IDLE-SILENT
419,3,0,0,4,52.1,0.00,SILENT,IDLE-SILENT
419,4,0,0,4,13.5,0.00,CRIT(14%),SILENT,IDLE-SILENT
420,0,0,0,4,13.2,0.00,CRIT(13%),SILENT,IDLE-SILENT
420,1,0,0,4,50.0,0.00,SILENT,IDLE-SILENT
420,2,0,0,4,4.8,0.00,CRIT(5%),SILENT,IDLE-SILENT
420,3,0,0,4,52.0,0.00,SILENT,IDLE-SILENT
420,4,0,0,4,13.4,0.00,CRIT(13%),SILENT,IDLE-SILENT
421,0,0,0,4,13.1,0.00,CRIT(13%),SILENT,IDLE-SILENT
421,1,0,0,4,49.9,0.00,SILENT,IDLE-SILENT
421,2,0,0,4,4.7,0.00,CRIT(5%),SILENT,IDLE-SILENT
421,3,0,0,4,51.9,0.00,SILENT,IDLE-SILENT
421,4,0,0,4,13.3,0.00,CRIT(13%),SILENT,IDLE-SILENT
422,0,0,0,4,13.0,0.00,CRIT(13%),SILENT,IDLE-SILENT
422,1,0,0,4,49.8,0.00,SILENT,IDLE-SILENT
422,2,0,0,4,4.6,0.00,CRIT(5%),SILENT,IDLE-SILENT
422,3,0,0,4,51.8,0.00,SILENT,IDLE-SILENT
422,4,0,0,4,13.2,0.00,CRIT(13%),SILENT,IDLE-SILENT
423,0,0,0,4,12.9,0.00,CRIT(13%),SILENT,IDLE-SILENT
423,1,0,0,4,49.7,0.00,SILENT,IDLE-SILENT
423,2,0,0,4,4.5,0.00,CRIT(4%),SILENT,IDLE-SILENT
423,3,0,0,4,51.7,0.00,SILENT,IDLE-SILENT
423,4,0,0,4,13.1,0.00,CRIT(13%),SILENT,IDLE-SILENT
424,0,0,0,4,12.8,0.00,CRIT(13%),SILENT,IDLE-SILENT
424,1,0,0,4,49.6,0.00,SILENT,IDLE-SILENT
424,2,0,0,4,4.4,0.00,CRIT(4%),SILENT,IDLE-SILENT
424,3,0,0,4,51.6,0.00,SILENT,IDLE-SILENT
424,4,0,0,4,13.0,0.00,CRIT(13%),SILENT,IDLE-SILENT
425,0,0,0,4,12.7,0.00,CRIT(13%),SILENT,IDLE-SILENT
425,1,0,0,4,49.5,0.00,SILENT,IDLE-SILENT
425,2,0,0,4,4.3,0.00,CRIT(4%),SILENT,IDLE-SILENT
425,3,0,0,4,51.5,0.00,SILENT,IDLE-SILENT
425,4,0,0,4,12.9,0.00,CRIT(13%),SILENT,IDLE-SILENT
426,0,0,0,4,12.6,0.00,CRIT(13%),SILENT,IDLE-SILENT
426,1,0,0,4,49.4,0.00,SILENT,IDLE-SILENT
426,2,0,0,4,4.2,0.00,CRIT(4%),SILENT,IDLE-SILENT
426,3,0,0,4,51.4,0.00,SILENT,IDLE-SILENT
426,4,0,0,4,12.8,0.00,CRIT(13%),SILENT,IDLE-SILENT
427,0,0,0,4,12.5,0.00,CRIT(13%),SILENT,IDLE-SILENT
427,1,0,0,4,49.3,0.00,SILENT,IDLE-SILENT
427,2,0,0,4,4.1,0.00,CRIT(4%),SILENT,IDLE-SILENT
427,3,0,0,4,51.3,0.00,SILENT,IDLE-SILENT
427,4,0,0,4,12.7,0.00,CRIT(13%),SILENT,IDLE-SILENT
428,0,0,0,4,12.4,0.00,CRIT(12%),SILENT,IDLE-SILENT
428,1,0,0,4,49.2,0.00,SILENT,IDLE-SILENT
428,2,0,0,4,4.0,0.00,CRIT(4%),SILENT,IDLE-SILENT
428,3,0,0,4,51.2,0.00,SILENT,IDLE-SILENT
428,4,0,0,4,12.6,0.00,CRIT(13%),SILENT,IDLE-SILENT
429,0,0,0,4,12.3,0.00,CRIT(12%),SILENT,IDLE-SILENT
429,1,0,0,4,49.1,0.00,SILENT,IDLE-SILENT
429,2,0,0,4,3.9,0.00,CRIT(4%),SILENT,IDLE-SILENT
429,3,0,0,4,51.1,0.00,SILENT,IDLE-SILENT
429,4,0,0,4,12.5,0.00,CRIT(13%),SILENT,IDLE-SILENT
430,0,0,0,4,12.2,0.00,CRIT(12%),SILENT,IDLE-SILENT
430,1,0,0,4,49.0,0.00,SILENT,IDLE-SILENT
430,2,0,0,4,3.8,0.00,CRIT(4%),SILENT,IDLE-SILENT
430,3,0,0,4,51.0,0.00,SILENT,IDLE-SILENT
430,4,0,0,4,12.4,0.00,CRIT(12%),SILENT,IDLE-SILENT
431,0,0,0,4,12.1,0.00,CRIT(12%),SILENT,IDLE-SILENT
431,1,0,0,4,48.9,0.00,SILENT,IDLE-SILENT
431,2,0,0,4,3.7,0.00,CRIT(4%),SILENT,IDLE-SILENT
431,3,0,0,4,50.9,0.00,SILENT,IDLE-SILENT
431,4,0,0,4,12.3,0.00,CRIT(12%),SILENT,IDLE-SILENT
432,0,0,0,4,12.0,0.00,CRIT(12%),SILENT,IDLE-SILENT
432,1,0,0,4,48.8,0.00,SILENT,IDLE-SILENT
432,2,0,0,4,3.6,0.00,CRIT(4%),SILENT,IDLE-SILENT
432,3,0,0,4,50.8,0.00,SILENT,IDLE-SILENT
432,4,0,0,4,12.2,0.00,CRIT(12%),SILENT,IDLE-SILENT
433,0,0,0,4,11.9,0.00,CRIT(12%),SILENT,IDLE-SILENT
433,1,0,0,4,48.7,0.00,SILENT,IDLE-SILENT
433,2,0,0,4,3.5,0.00,CRIT(3%),SILENT,IDLE-SILENT
433,3,0,0,4,50.7,0.00,SILENT,IDLE-SILENT
433,4,0,0,4,12.1,0.00,CRIT(12%),SILENT,IDLE-SILENT
434,0,0,0,4,11.8,0.00,CRIT(12%),SILENT,IDLE-SILENT
434,1,0,0,4,48.6,0.00,SILENT,IDLE-SILENT
434,2,0,0,4,3.4,0.00,CRIT(3%),SILENT,IDLE-SILENT
434,3,0,0,4,50.6,0.00,SILENT,IDLE-SILENT
434,4,0,0,4,12.0,0.00,CRIT(12%),SILENT,IDLE-SILENT
435,0,0,0,4,11.7,0.00,CRIT(12%),SILENT,IDLE-SILENT
435,1,0,0,4,48.5,0.00,SILENT,IDLE-SILENT
435,2,0,0,4,3.3,0.00,CRIT(3%),SILENT,IDLE-SILENT
435,3,0,0,4,50.5,0.00,SILENT,IDLE-SILENT
435,4,0,0,4,11.9,0.00,CRIT(12%),SILENT,IDLE-SILENT
436,0,0,0,4,11.6,0.00,CRIT(12%),SILENT,IDLE-SILENT
436,1,0,0,4,48.4,0.00,SILENT,IDLE-SILENT
436,2,0,0,4,3.2,0.00,CRIT(3%),SILENT,IDLE-SILENT
436,3,0,0,4,50.4,0.00,SILENT,IDLE-SILENT
436,4,0,0,4,11.8,0.00,CRIT(12%),SILENT,IDLE-SILENT
437,0,0,0,4,11.5,0.00,CRIT(12%),SILENT,IDLE-SILENT
437,1,0,0,4,48.3,0.00,SILENT,IDLE-SILENT
437,2,0,0,4,3.1,0.00,CRIT(3%),SILENT,IDLE-SILENT
437,3,0,0,4,50.3,0.00,SILENT,IDLE-SILENT
437,4,0,0,4,11.7,0.00,CRIT(12%),SILENT,IDLE-SILENT
438,0,0,0,4,11.4,0.00,CRIT(11%),SILENT,IDLE-SILENT
438,1,0,0,4,48.2,0.00,SILENT,IDLE-SILENT
438,2,0,0,4,3.0,0.00,CRIT(3%),SILENT,IDLE-SILENT
438,3,0,0,4,50.2,0.00,SILENT,IDLE-SILENT
438,4,0,0,4,11.6,0.00,CRIT(12%),SILENT,IDLE-SILENT
439,0,0,0,4,11.3,0.00,CRIT(11%),SILENT,IDLE-SILENT
439,1,0,0,4,48.1,0.00,SILENT,IDLE-SILENT
439,2,0,0,4,2.9,0.00,CRIT(3%),SILENT,IDLE-SILENT
439,3,0,0,4,50.1,0.00,SILENT,IDLE-SILENT
439,4,0,0,4,11.5,0.00,CRIT(12%),SILENT,IDLE-SILENT
440,0,0,0,4,11.2,0.00,CRIT(11%),SILENT,IDLE-SILENT
440,1,0,0,4,48.0,0.00,SILENT,IDLE-SILENT
440,2,0,0,4,2.8,0.00,CRIT(3%),SILENT,IDLE-SILENT
440,3,0,0,4,50.0,0.00,SILENT,IDLE-SILENT
440,4,0,0,4,11.4,0.00,CRIT(11%),SILENT,IDLE-SILENT
441,0,0,0,4,11.1,0.00,CRIT(11%),SILENT,IDLE-SILENT
441,1,0,0,4,47.9,0.00,SILENT,IDLE-SILENT
441,2,0,0,4,2.7,0.00,CRIT(3%),SILENT,IDLE-SILENT
441,3,0,0,4,49.9,0.00,SILENT,IDLE-SILENT
441,4,0,0,4,11.3,0.00,CRIT(11%),SILENT,IDLE-SILENT
442,0,0,0,4,11.0,0.00,CRIT(11%),SILENT,IDLE-SILENT
442,1,0,0,4,47.8,0.00,SILENT,IDLE-SILENT
442,2,0,0,4,2.6,0.00,CRIT(3%),SILENT,IDLE-SILENT
442,3,0,0,4,49.8,0.00,SILENT,IDLE-SILENT
442,4,0,0,4,11.2,0.00,CRIT(11%),SILENT,IDLE-SILENT
443,0,0,0,4,10.9,0.00,CRIT(11%),SILENT,IDLE-SILENT
443,1,0,0,4,47.7,0.00,SILENT,IDLE-SILENT
443,2,0,0,4,2.5,0.00,CRIT(2%),SILENT,IDLE-SILENT
443,3,0,0,4,49.7,0.00,SILENT,IDLE-SILENT
443,4,0,0,4,11.1,0.00,CRIT(11%),SILENT,IDLE-SILENT
444,0,0,0,4,10.8,0.00,CRIT(11%),SILENT,IDLE-SILENT
444,1,0,0,4,47.6,0.00,SILENT,IDLE-SILENT
444,2,0,0,4,2.4,0.00,CRIT(2%),SILENT,IDLE-SILENT
444,3,0,0,4,49.6,0.00,SILENT,IDLE-SILENT
444,4,0,0,4,11.0,0.00,CRIT(11%),SILENT,IDLE-SILENT
445,0,0,0,4,10.7,0.00,CRIT(11%),SILENT,IDLE-SILENT
445,1,0,0,4,47.5,0.00,SILENT,IDLE-SILENT
445,2,0,0,4,2.3,0.00,CRIT(2%),SILENT,IDLE-SILENT
445,3,0,0,4,49.5,0.00,SILENT,IDLE-SILENT
445,4,0,0,4,10.9,0.00,CRIT(11%),SILENT,IDLE-SILENT
446,0,0,0,4,10.6,0.00,CRIT(11%),SILENT,IDLE-SILENT
446,1,0,0,4,47.4,0.00,SILENT,IDLE-SILENT
446,2,0,0,4,2.2,0.00,CRIT(2%),SILENT,IDLE-SILENT
446,3,0,0,4,49.4,0.00,SILENT,IDLE-SILENT
446,4,0,0,4,10.8,0.00,CRIT(11%),SILENT,IDLE-SILENT
447,0,0,0,4,10.5,0.00,CRIT(11%),SILENT,IDLE-SILENT
447,1,0,0,4,47.3,0.00,SILENT,IDLE-SILENT
447,2,0,0,4,2.1,0.00,CRIT(2%),SILENT,IDLE-SILENT
447,3,0,0,4,49.3,0.00,SILENT,IDLE-SILENT
447,4,0,0,4,10.7,0.00,CRIT(11%),SILENT,IDLE-SILENT
448,0,0,0,4,10.4,0.00,CRIT(10%),SILENT,IDLE-SILENT
448,1,0,0,4,47.2,0.00,SILENT,IDLE-SILENT
448,2,0,0,4,2.0,0.00,CRIT(2%),SILENT,IDLE-SILENT
448,3,0,0,4,49.2,0.00,SILENT,IDLE-SILENT
448,4,0,0,4,10.6,0.00,CRIT(11%),SILENT,IDLE-SILENT
449,0,0,0,4,10.3,0.00,CRIT(10%),SILENT,IDLE-SILENT
449,1,0,0,4,47.1,0.00,SILENT,IDLE-SILENT
449,2,0,0,4,1.9,0.00,CRIT(2%),SILENT,IDLE-SILENT
449,3,0,0,4,49.1,0.00,SILENT,IDLE-SILENT
449,4,0,0,4,10.5,0.00,CRIT(11%),SILENT,IDLE-SILENT
450,0,0,0,4,10.2,0.00,CRIT(10%),SILENT,IDLE-SILENT
450,1,0,0,4,47.0,0.00,SILENT,IDLE-SILENT
450,2,0,0,4,1.8,0.00,CRIT(2%),SILENT,IDLE-SILENT
450,3,0,0,4,49.0,0.00,SILENT,IDLE-SILENT
450,4,0,0,4,10.4,0.00,CRIT(10%),SILENT,IDLE-SILENT
451,0,0,0,4,10.1,0.00,CRIT(10%),SILENT,IDLE-SILENT
451,1,0,0,4,46.9,0.00,SILENT,IDLE-SILENT
451,2,0,0,4,1.7,0.00,CRIT(2%),SILENT,IDLE-SILENT
451,3,0,0,4,48.9,0.00,SILENT,IDLE-SILENT
451,4,0,0,4,10.3,0.00,CRIT(10%),SILENT,IDLE-SILENT
452,0,0,0,4,10.0,0.00,CRIT(10%),SILENT,IDLE-SILENT
452,1,0,0,4,46.8,0.00,SILENT,IDLE-SILENT
452,2,0,0,4,1.6,0.00,CRIT(2%),SILENT,IDLE-SILENT
452,3,0,0,4,48.8,0.00,SILENT,IDLE-SILENT
452,4,0,0,4,10.2,0.00,CRIT(10%),SILENT,IDLE-SILENT
453,0,0,0,4,9.9,0.00,CRIT(10%),SILENT,IDLE-SILENT
453,1,0,0,4,46.7,0.00,SILENT,IDLE-SILENT
453,2,0,0,4,1.5,0.00,CRIT(1%),SILENT,IDLE-SILENT
453,3,0,0,4,48.7,0.00,SILENT,IDLE-SILENT
453,4,0,0,4,10.1,0.00,CRIT(10%),SILENT,IDLE-SILENT
454,0,0,0,4,9.8,0.00,CRIT(10%),SILENT,IDLE-SILENT
454,1,0,0,4,46.6,0.00,SILENT,IDLE-SILENT
454,2,0,0,4,1.4,0.00,CRIT(1%),SILENT,IDLE-SILENT
454,3,0,0,4,48.6,0.00,SILENT,IDLE-SILENT
454,4,0,0,4,10.0,0.00,CRIT(10%),SILENT,IDLE-SILENT
455,0,0,0,4,9.7,0.00,CRIT(10%),SILENT,IDLE-SILENT
455,1,0,0,4,46.5,0.00,SILENT,IDLE-SILENT
455,2,0,0,4,1.3,0.00,CRIT(1%),SILENT,IDLE-SILENT
455,3,0,0,4,48.5,0.00,SILENT,IDLE-SILENT
455,4,0,0,4,9.9,0.00,CRIT(10%),SILENT,IDLE-SILENT
456,0,0,0,4,9.6,0.00,CRIT(10%),SILENT,IDLE-SILENT
456,1,0,0,4,46.4,0.00,SILENT,IDLE-SILENT
456,2,0,0,4,1.2,0.00,CRIT(1%),SILENT,IDLE-SILENT
456,3,0,0,4,48.4,0.00,SILENT,IDLE-SILENT
456,4,0,0,4,9.8,0.00,CRIT(10%),SILENT,IDLE-SILENT
457,0,0,0,4,9.5,0.00,CRIT(10%),SILENT,IDLE-SILENT
457,1,0,0,4,46.3,0.00,SILENT,IDLE-SILENT
457,2,0,0,4,1.1,0.00,CRIT(1%),SILENT,IDLE-SILENT
457,3,0,0,4,48.3,0.00,SILENT,IDLE-SILENT
457,4,0,0,4,9.7,0.00,CRIT(10%),SILENT,IDLE-SILENT
458,0,0,0,4,9.4,0.00,CRIT(9%),SILENT,IDLE-SILENT
458,1,0,0,4,46.2,0.00,SILENT,IDLE-SILENT
458,2,0,0,4,1.0,0.00,CRIT(1%),SILENT,IDLE-SILENT
458,3,0,0,4,48.2,0.00,SILENT,IDLE-SILENT
458,4,0,0,4,9.6,0.00,CRIT(10%),SILENT,IDLE-SILENT
459,0,0,0,4,9.3,0.00,CRIT(9%),SILENT,IDLE-SILENT
459,1,0,0,4,46.1,0.00,SILENT,IDLE-SILENT
459,2,0,0,4,0.9,0.00,CRIT(1%),SILENT,IDLE-SILENT
459,3,0,0,4,48.1,0.00,SILENT,IDLE-SILENT
459,4,0,0,4,9.5,0.00,CRIT(10%),SILENT,IDLE-SILENT
460,0,0,0,4,9.2,0.00,CRIT(9%),SILENT,IDLE-SILENT
460,1,0,0,4,46.0,0.00,SILENT,IDLE-SILENT
460,2,0,0,4,0.8,0.00,CRIT(1%),SILENT,IDLE-SILENT
460,3,0,0,4,48.0,0.00,SILENT,IDLE-SILENT
460,4,0,0,4,9.4,0.00,CRIT(9%),SILENT,IDLE-SILENT
461,0,0,0,4,9.1,0.00,CRIT(9%),SILENT,IDLE-SILENT
461,1,0,0,4,45.9,0.00,SILENT,IDLE-SILENT
461,2,0,0,4,0.7,0.00,CRIT(1%),SILENT,IDLE-SILENT
461,3,0,0,4,47.9,0.00,SILENT,IDLE-SILENT
461,4,0,0,4,9.3,0.00,CRIT(9%),SILENT,IDLE-SILENT
462,0,0,0,4,9.0,0.00,CRIT(9%),SILENT,IDLE-SILENT
462,1,0,0,4,45.8,0.00,SILENT,IDLE-SILENT
462,2,0,0,4,0.6,0.00,CRIT(1%),SILENT,IDLE-SILENT
462,3,0,0,4,47.8,0.00,SILENT,IDLE-SILENT
462,4,0,0,4,9.2,0.00,CRIT(9%),SILENT,IDLE-SILENT
463,0,0,0,4,8.9,0.00,CRIT(9%),SILENT,IDLE-SILENT
463,1,0,0,4,45.7,0.00,SILENT,IDLE-SILENT
463,2,0,0,4,0.5,0.00,CRIT(0%),SILENT,IDLE-SILENT
463,3,0,0,4,47.7,0.00,SILENT,IDLE-SILENT
463,4,0,0,4,9.1,0.00,CRIT(9%),SILENT,IDLE-SILENT
464,0,0,0,4,8.8,0.00,CRIT(9%),SILENT,IDLE-SILENT
464,1,0,0,4,45.6,0.00,SILENT,IDLE-SILENT
464,2,0,0,4,0.4,0.00,CRIT(0%),SILENT,IDLE-SILENT
464,3,0,0,4,47.6,0.00,SILENT,IDLE-SILENT
464,4,0,0,4,9.0,0.00,CRIT(9%),SILENT,IDLE-SILENT
465,0,0,0,4,8.7,0.00,CRIT(9%),SILENT,IDLE-SILENT
465,1,0,0,4,45.5,0.00,SILENT,IDLE-SILENT
465,2,0,0,4,0.3,0.00,CRIT(0%),SILENT,IDLE-SILENT
465,3,0,0,4,47.5,0.00,SILENT,IDLE-SILENT
465,4,0,0,4,8.9,0.00,CRIT(9%),SILENT,IDLE-SILENT
466,0,0,0,4,8.6,0.00,CRIT(9%),SILENT,IDLE-SILENT
466,1,0,0,4,45.4,0.00,SILENT,IDLE-SILENT
466,2,0,0,4,0.2,0.00,CRIT(0%),SILENT,IDLE-SILENT
466,3,0,0,4,47.4,0.00,SILENT,IDLE-SILENT
466,4,0,0,4,8.8,0.00,CRIT(9%),SILENT,IDLE-SILENT
467,0,0,0,4,8.5,0.00,CRIT(9%),SILENT,IDLE-SILENT
467,1,0,0,4,45.3,0.00,SILENT,IDLE-SILENT
467,2,0,0,4,0.1,0.00,CRIT(0%),SILENT,IDLE-SILENT
467,3,0,0,4,47.3,0.00,SILENT,IDLE-SILENT
467,4,0,0,4,8.7,0.00,CRIT(9%),SILENT,IDLE-SILENT
468,0,0,0,4,8.4,0.00,CRIT(8%),SILENT,IDLE-SILENT
468,1,0,0,4,45.2,0.00,SILENT,IDLE-SILENT
468,2,0,0,4,0.0,0.00,RECHARGING,CRIT(0%),SILENT,IDLE-SILENT
468,3,0,0,4,47.2,0.00,SILENT,IDLE-SILENT
468,4,0,0,4,8.6,0.00,CRIT(9%),SILENT,IDLE-SILENT
469,0,0,0,4,8.3,0.00,CRIT(8%),SILENT,IDLE-SILENT
469,1,0,0,4,45.1,0.00,SILENT,IDLE-SILENT
469,2,0,0,4,0.0,0.00,RECHARGING,CRIT(0%),SILENT,IDLE-SILENT
469,3,0,0,4,47.1,0.00,SILENT,IDLE-SILENT
469,4,0,0,4,8.5,0.00,CRIT(9%),SILENT,IDLE-SILENT
470,0,0,0,4,8.2,0.00,CRIT(8%),SILENT,IDLE-SILENT
470,1,0,0,4,45.0,0.00,SILENT,IDLE-SILENT
470,2,0,0,4,0.0,0.00,RECHARGING,CRIT(0%),SILENT,IDLE-SILENT
470,3,0,0,4,47.0,0.00,SILENT,IDLE-SILENT
470,4,0,0,4,8.4,0.00,CRIT(8%),SILENT,IDLE-SILENT
471,0,0,0,4,8.1,0.00,CRIT(8%),SILENT,IDLE-SILENT
471,1,0,0,4,44.9,0.00,SILENT,IDLE-SILENT
471,2,0,0,4,0.0,0.00,RECHARGING,CRIT(0%),SILENT,IDLE-SILENT
471,3,0,0,4,46.9,0.00,SILENT,IDLE-SILENT
471,4,0,0,4,8.3,0.00,CRIT(8%),SILENT,IDLE-SILENT
472,0,0,0,4,8.0,0.00,CRIT(8%),SILENT,IDLE-SILENT
472,1,0,0,4,44.8,0.00,SILENT,IDLE-SILENT
472,2,0,0,4,0.0,0.00,RECHARGING,CRIT(0%),SILENT,IDLE-SILENT
472,3,0,0,4,46.8,0.00,SILENT,IDLE-SILENT
472,4,0,0,4,8.2,0.00,CRIT(8%),SILENT,IDLE-SILENT
473,0,0,0,4,7.9,0.00,CRIT(8%),SILENT,IDLE-SILENT
473,1,0,0,4,44.7,0.00,SILENT,IDLE-SILENT
473,2,0,0,4,0.0,0.00,RECHARGING,CRIT(0%),SILENT,IDLE-SILENT
473,3,0,0,4,46.7,0.00,SILENT,IDLE-SILENT
473,4,0,0,4,8.1,0.00,CRIT(8%),SILENT,IDLE-SILENT
474,0,0,0,4,7.8,0.00,CRIT(8%),SILENT,IDLE-SILENT
474,1,0,0,4,44.6,0.00,SILENT,IDLE-SILENT
474,2,0,0,4,0.0,0.00,RECHARGING,CRIT(0%),SILENT,IDLE-SILENT
474,3,0,0,4,46.6,0.00,SILENT,IDLE-SILENT
474,4,0,0,4,8.0,0.00,CRIT(8%),SILENT,IDLE-SILENT
475,0,0,0,4,7.7,0.00,CRIT(8%),SILENT,IDLE-SILENT
475,1,0,0,4,44.5,0.00,SILENT,IDLE-SILENT
475,2,0,0,4,0.0,0.00,RECHARGING,CRIT(0%),SILENT,IDLE-SILENT
475,3,0,0,4,46.5,0.00,SILENT,IDLE-SILENT
475,4,0,0,4,7.9,0.00,CRIT(8%),SILENT,IDLE-SILENT
476,0,0,0,4,7.6,0.00,CRIT(8%),SILENT,IDLE-SILENT
476,1,0,0,4,44.4,0.00,SILENT,IDLE-SILENT
476,2,0,0,4,0.0,0.00,RECHARGING,CRIT(0%),SILENT,IDLE-SILENT
476,3,0,0,4,46.4,0.00,SILENT,IDLE-SILENT
476,4,0,0,4,7.8,0.00,CRIT(8%),SILENT,IDLE-SILENT
477,0,0,0,4,7.5,0.00,CRIT(8%),SILENT,IDLE-SILENT
477,1,0,0,4,44.3,0.00,SILENT,IDLE-SILENT
477,2,0,0,4,0.0,0.00,RECHARGING,CRIT(0%),SILENT,IDLE-SILENT
477,3,0,0,4,46.3,0.00,SILENT,IDLE-SILENT
477,4,0,0,4,7.7,0.00,CRIT(8%),SILENT,IDLE-SILENT
478,0,0,0,4,7.4,0.00,CRIT(7%),SILENT,IDLE-SILENT
478,1,0,0,4,44.2,0.00,SILENT,IDLE-SILENT
478,2,0,0,4,0.0,0.00,RECHARGING,CRIT(0%),SILENT,IDLE-SILENT
478,3,0,0,4,46.2,0.00,SILENT,IDLE-SILENT
478,4,0,0,4,7.6,0.00,CRIT(8%),SILENT,IDLE-SILENT
479,0,0,0,4,7.3,0.00,CRIT(7%),SILENT,IDLE-SILENT
479,1,0,0,4,44.1,0.00,SILENT,IDLE-SILENT
479,2,0,0,4,0.0,0.00,RECHARGING,CRIT(0%),SILENT,IDLE-SILENT
479,3,0,0,4,46.1,0.00,SILENT,IDLE-SILENT
479,4,0,0,4,7.5,0.00,CRIT(8%),SILENT,IDLE-SILENT
480,0,0,0,4,7.2,0.00,CRIT(7%),SILENT,IDLE-SILENT
480,1,0,0,4,44.0,0.00,SILENT,IDLE-SILENT
480,2,0,0,4,0.0,0.00,RECHARGING,CRIT(0%),SILENT,IDLE-SILENT
480,3,0,0,4,46.0,0.00,SILENT,IDLE-SILENT
480,4,0,0,4,7.4,0.00,CRIT(7%),SILENT,IDLE-SILENT
481,0,0,0,4,7.1,0.00,CRIT(7%),SILENT,IDLE-SILENT
481,1,0,0,4,43.9,0.00,SILENT,IDLE-SILENT
481,2,0,0,4,0.0,0.00,RECHARGING,CRIT(0%),SILENT,IDLE-SILENT
481,3,0,0,4,45.9,0.00,SILENT,IDLE-SILENT
481,4,0,0,4,7.3,0.00,CRIT(7%),SILENT,IDLE-SILENT
482,0,0,0,4,7.0,0.00,CRIT(7%),SILENT,IDLE-SILENT
482,1,0,0,4,43.8,0.00,SILENT,IDLE-SILENT
482,2,0,0,4,0.0,0.00,RECHARGING,CRIT(0%),SILENT,IDLE-SILENT
482,3,0,0,4,45.8,0.00,SILENT,IDLE-SILENT
482,4,0,0,4,7.2,0.00,CRIT(7%),SILENT,IDLE-SILENT
483,0,0,0,4,6.9,0.00,CRIT(7%),SILENT,IDLE-SILENT
483,1,0,0,4,43.7,0.00,SILENT,IDLE-SILENT
483,2,0,0,4,0.0,0.00,RECHARGING,CRIT(0%),SILENT,IDLE-SILENT
483,3,0,0,4,45.7,0.00,SILENT,IDLE-SILENT
483,4,0,0,4,7.1,0.00,CRIT(7%),SILENT,IDLE-SILENT
484,0,0,0,4,6.8,0.00,CRIT(7%),SILENT,IDLE-SILENT
484,1,0,0,4,43.6,0.00,SILENT,IDLE-SILENT
484,2,0,0,4,0.0,0.00,RECHARGING,CRIT(0%),SILENT,IDLE-SILENT
484,3,0,0,4,45.6,0.00,SILENT,IDLE-SILENT
484,4,0,0,4,7.0,0.00,CRIT(7%),SILENT,IDLE-SILENT
485,0,0,0,4,6.7,0.00,CRIT(7%),SILENT,IDLE-SILENT
485,1,0,0,4,43.5,0.00,SILENT,IDLE-SILENT
485,2,0,0,4,0.0,0.00,RECHARGING,CRIT(0%),SILENT,IDLE-SILENT
485,3,0,0,4,45.5,0.00,SILENT,IDLE-SILENT
485,4,0,0,4,6.9,0.00,CRIT(7%),SILENT,IDLE-SILENT
486,0,0,0,4,6.6,0.00,CRIT(7%),SILENT,IDLE-SILENT
486,1,0,0,4,43.4,0.00,SILENT,IDLE-SILENT
486,2,0,0,4,0.0,0.00,RECHARGING,CRIT(0%),SILENT,IDLE-SILENT
486,3,0,0,4,45.4,0.00,SILENT,IDLE-SILENT
486,4,0,0,4,6.8,0.00,CRIT(7%),SILENT,IDLE-SILENT
487,0,0,0,4,6.5,0.00,CRIT(7%),SILENT,IDLE-SILENT
487,1,0,0,4,43.3,0.00,SILENT,IDLE-SILENT
487,2,0,0,4,0.0,0.00,RECHARGING,CRIT(0%),SILENT,IDLE-SILENT
487,3,0,0,4,45.3,0.00,SILENT,IDLE-SILENT
487,4,0,0,4,6.7,0.00,CRIT(7%),SILENT,IDLE-SILENT
488,0,0,0,4,6.4,0.00,CRIT(6%),SILENT,IDLE-SILENT
488,1,0,0,4,43.2,0.00,SILENT,IDLE-SILENT
488,2,0,0,4,0.0,0.00,RECHARGING,CRIT(0%),SILENT,IDLE-SILENT
488,3,0,0,4,45.2,0.00,SILENT,IDLE-SILENT
488,4,0,0,4,6.6,0.00,CRIT(7%),SILENT,IDLE-SILENT
489,0,0,0,4,6.3,0.00,CRIT(6%),SILENT,IDLE-SILENT
489,1,0,0,4,43.1,0.00,SILENT,IDLE-SILENT
489,2,0,0,4,0.0,0.00,RECHARGING,CRIT(0%),SILENT,IDLE-SILENT
489,3,0,0,4,45.1,0.00,SILENT,IDLE-SILENT
489,4,0,0,4,6.5,0.00,CRIT(7%),SILENT,IDLE-SILENT
490,0,0,0,4,6.2,0.00,CRIT(6%),SILENT,IDLE-SILENT
490,1,0,0,4,43.0,0.00,SILENT,IDLE-SILENT
490,2,0,0,4,0.0,0.00,RECHARGING,CRIT(0%),SILENT,IDLE-SILENT
490,3,0,0,4,45.0,0.00,SILENT,IDLE-SILENT
490,4,0,0,4,6.4,0.00,CRIT(6%),SILENT,IDLE-SILENT
491,0,0,0,4,6.1,0.00,CRIT(6%),SILENT,IDLE-SILENT
491,1,0,0,4,42.9,0.00,SILENT,IDLE-SILENT
491,2,0,0,4,0.0,0.00,RECHARGING,CRIT(0%),SILENT,IDLE-SILENT
491,3,0,0,4,44.9,0.00,SILENT,IDLE-SILENT
491,4,0,0,4,6.3,0.00,CRIT(6%),SILENT,IDLE-SILENT
492,0,0,0,4,6.0,0.00,CRIT(6%),SILENT,IDLE-SILENT
492,1,0,0,4,42.8,0.00,SILENT,IDLE-SILENT
492,2,0,0,4,0.0,0.00,RECHARGING,CRIT(0%),SILENT,IDLE-SILENT
492,3,0,0,4,44.8,0.00,SILENT,IDLE-SILENT
492,4,0,0,4,6.2,0.00,CRIT(6%),SILENT,IDLE-SILENT
493,0,0,0,4,5.9,0.00,CRIT(6%),SILENT,IDLE-SILENT
493,1,0,0,4,42.7,0.00,SILENT,IDLE-SILENT
493,2,0,0,4,0.0,0.00,RECHARGING,CRIT(0%),SILENT,IDLE-SILENT
493,3,0,0,4,44.7,0.00,SILENT,IDLE-SILENT
493,4,0,0,4,6.1,0.00,CRIT(6%),SILENT,IDLE-SILENT
494,0,0,0,4,5.8,0.00,CRIT(6%),SILENT,IDLE-SILENT
494,1,0,0,4,42.6,0.00,SILENT,IDLE-SILENT
494,2,0,0,4,0.0,0.00,RECHARGING,CRIT(0%),SILENT,IDLE-SILENT
494,3,0,0,4,44.6,0.00,SILENT,IDLE-SILENT
494,4,0,0,4,6.0,0.00,CRIT(6%),SILENT,IDLE-SILENT
495,0,0,0,4,5.7,0.00,CRIT(6%),SILENT,IDLE-SILENT
495,1,0,0,4,42.5,0.00,SILENT,IDLE-SILENT
495,2,0,0,4,0.0,0.00,RECHARGING,CRIT(0%),SILENT,IDLE-SILENT
495,3,0,0,4,44.5,0.00,SILENT,IDLE-SILENT
495,4,0,0,4,5.9,0.00,CRIT(6%),SILENT,IDLE-SILENT
496,0,0,0,4,5.6,0.00,CRIT(6%),SILENT,IDLE-SILENT
496,1,0,0,4,42.4,0.00,SILENT,IDLE-SILENT
496,2,0,0,4,0.0,0.00,RECHARGING,CRIT(0%),SILENT,IDLE-SILENT
496,3,0,0,4,44.4,0.00,SILENT,IDLE-SILENT
496,4,0,0,4,5.8,0.00,CRIT(6%),SILENT,IDLE-SILENT
497,0,0,0,4,5.5,0.00,CRIT(6%),SILENT,IDLE-SILENT
497,1,0,0,4,42.3,0.00,SILENT,IDLE-SILENT
497,2,0,0,4,100.0,0.00,SILENT,IDLE-SILENT
497,3,0,0,4,44.3,0.00,SILENT,IDLE-SILENT
497,4,0,0,4,5.7,0.00,CRIT(6%),SILENT,IDLE-SILENT
498,0,0,0,4,5.4,0.00,CRIT(5%),SILENT,IDLE-SILENT
498,1,0,0,4,42.2,0.00,SILENT,IDLE-SILENT
498,2,0,0,4,99.9,0.00,SILENT,IDLE-SILENT
498,3,0,0,4,44.2,0.00,SILENT,IDLE-SILENT
498,4,0,0,4,5.6,0.00,CRIT(6%),SILENT,IDLE-SILENT
499,0,0,0,4,5.3,0.00,CRIT(5%),SILENT,IDLE-SILENT
499,1,0,0,4,42.1,0.00,SILENT,IDLE-SILENT
499,2,0,0,4,99.8,0.00,SILENT,IDLE-SILENT
499,3,0,0,4,44.1,0.00,SILENT,IDLE-SILENT
499,4,0,0,4,5.5,0.00,CRIT(6%),SILENT,IDLE-SILENT
500,0,0,0,4,5.2,0.00,CRIT(5%),SILENT,IDLE-SILENT
500,1,0,0,4,42.0,0.00,SILENT,IDLE-SILENT
500,2,0,0,4,99.7,0.00,SILENT,IDLE-SILENT
500,3,0,0,4,44.0,0.00,SILENT,IDLE-SILENT
500,4,0,0,4,5.4,0.00,CRIT(5%),SILENT,IDLE-SILENT
501,0,0,0,4,5.1,0.00,CRIT(5%),SILENT,IDLE-SILENT
501,1,0,0,4,41.9,0.00,SILENT,IDLE-SILENT
501,2,0,0,4,99.6,0.00,SILENT,IDLE-SILENT
501,3,0,0,4,43.9,0.00,SILENT,IDLE-SILENT
501,4,0,0,4,5.3,0.00,CRIT(5%),SILENT,IDLE-SILENT
502,0,0,0,4,5.0,0.00,CRIT(5%),SILENT,IDLE-SILENT
502,1,0,0,4,41.8,0.00,SILENT,IDLE-SILENT
502,2,0,0,4,99.5,0.00,SILENT,IDLE-SILENT
502,3,0,0,4,43.8,0.00,SILENT,IDLE-SILENT
502,4,0,0,4,5.2,0.00,CRIT(5%),SILENT,IDLE-SILENT
503,0,0,0,4,4.9,0.00,CRIT(5%),SILENT,IDLE-SILENT
503,1,0,0,4,41.7,0.00,SILENT,IDLE-SILENT
503,2,0,0,4,99.4,0.00,SILENT,IDLE-SILENT
503,3,0,0,4,43.7,0.00,SILENT,IDLE-SILENT
503,4,0,0,4,5.1,0.00,CRIT(5%),SILENT,IDLE-SILENT
504,0,0,0,4,4.8,0.00,CRIT(5%),SILENT,IDLE-SILENT
504,1,0,0,4,41.6,0.00,SILENT,IDLE-SILENT
504,2,0,0,4,99.3,0.00,SILENT,IDLE-SILENT
504,3,0,0,4,43.6,0.00,SILENT,IDLE-SILENT
504,4,0,0,4,5.0,0.00,CRIT(5%),SILENT,IDLE-SILENT
505,0,0,0,4,4.7,0.00,CRIT(5%),SILENT,IDLE-SILENT
505,1,0,0,4,41.5,0.00,SILENT,IDLE-SILENT
505,2,0,0,4,99.2,0.00,SILENT,IDLE-SILENT
505,3,0,0,4,43.5,0.00,SILENT,IDLE-SILENT
505,4,0,0,4,4.9,0.00,CRIT(5%),SILENT,IDLE-SILENT
506,0,0,0,4,4.6,0.00,CRIT(5%),SILENT,IDLE-SILENT
506,1,0,0,4,41.4,0.00,SILENT,IDLE-SILENT
506,2,0,0,4,99.1,0.00,SILENT,IDLE-SILENT
506,3,0,0,4,43.4,0.00,SILENT,IDLE-SILENT
506,4,0,0,4,4.8,0.00,CRIT(5%),SILENT,IDLE-SILENT
507,0,0,0,4,4.5,0.00,CRIT(5%),SILENT,IDLE-SILENT
507,1,0,0,4,41.3,0.00,SILENT,IDLE-SILENT
507,2,0,0,4,99.0,0.00,SILENT,IDLE-SILENT
507,3,0,0,4,43.3,0.00,SILENT,IDLE-SILENT
507,4,0,0,4,4.7,0.00,CRIT(5%),SILENT,IDLE-SILENT
508,0,0,0,4,4.4,0.00,CRIT(4%),SILENT,IDLE-SILENT
508,1,0,0,4,41.2,0.00,SILENT,IDLE-SILENT
508,2,0,0,4,98.9,0.00,SILENT,IDLE-SILENT
508,3,0,0,4,43.2,0.00,SILENT,IDLE-SILENT
508,4,0,0,4,4.6,0.00,CRIT(5%),SILENT,IDLE-SILENT
509,0,0,0,4,4.3,0.00,CRIT(4%),SILENT,IDLE-SILENT
509,1,0,0,4,41.1,0.00,SILENT,IDLE-SILENT
509,2,0,0,4,98.8,0.00,SILENT,IDLE-SILENT
509,3,0,0,4,43.1,0.00,SILENT,IDLE-SILENT
509,4,0,0,4,4.5,0.00,CRIT(5%),SILENT,IDLE-SILENT
510,0,0,0,4,4.2,0.00,CRIT(4%),SILENT,IDLE-SILENT
510,1,0,0,4,41.0,0.00,SILENT,IDLE-SILENT
510,2,0,0,4,98.7,0.00,SILENT,IDLE-SILENT
510,3,0,0,4,43.0,0.00,SILENT,IDLE-SILENT
510,4,0,0,4,4.4,0.00,CRIT(4%),SILENT,IDLE-SILENT
511,0,0,0,4,4.1,0.00,CRIT(4%),SILENT,IDLE-SILENT
511,1,0,0,4,40.9,0.00,SILENT,IDLE-SILENT
511,2,0,0,4,98.6,0.00,SILENT,IDLE-SILENT
511,3,0,0,4,42.9,0.00,SILENT,IDLE-SILENT
511,4,0,0,4,4.3,0.00,CRIT(4%),SILENT,IDLE-SILENT
512,0,0,0,4,4.0,0.00,CRIT(4%),SILENT,IDLE-SILENT
512,1,0,0,4,40.8,0.00,SILENT,IDLE-SILENT
512,2,0,0,4,98.5,0.00,SILENT,IDLE-SILENT
512,3,0,0,4,42.8,0.00,SILENT,IDLE-SILENT
512,4,0,0,4,4.2,0.00,CRIT(4%),SILENT,IDLE-SILENT
513,0,0,0,4,3.9,0.00,CRIT(4%),SILENT,IDLE-SILENT
513,1,0,0,4,40.7,0.00,SILENT,IDLE-SILENT
513,2,0,0,4,98.4,0.00,SILENT,IDLE-SILENT
513,3,0,0,4,42.7,0.00,SILENT,IDLE-SILENT
513,4,0,0,4,4.1,0.00,CRIT(4%),SILENT,IDLE-SILENT
514,0,0,0,4,3.8,0.00,CRIT(4%),SILENT,IDLE-SILENT
514,1,0,0,4,40.6,0.00,SILENT,IDLE-SILENT
514,2,0,0,4,98.3,0.00,SILENT,IDLE-SILENT
514,3,0,0,4,42.6,0.00,SILENT,IDLE-SILENT
514,4,0,0,4,4.0,0.00,CRIT(4%),SILENT,IDLE-SILENT
515,0,0,0,4,3.7,0.00,CRIT(4%),SILENT,IDLE-SILENT
515,1,0,0,4,40.5,0.00,SILENT,IDLE-SILENT
515,2,0,0,4,98.2,0.00,SILENT,IDLE-SILENT
515,3,0,0,4,42.5,0.00,SILENT,IDLE-SILENT
515,4,0,0,4,3.9,0.00,CRIT(4%),SILENT,IDLE-SILENT
516,0,0,0,4,3.6,0.00,CRIT(4%),SILENT,IDLE-SILENT
516,1,0,0,4,40.4,0.00,SILENT,IDLE-SILENT
516,2,0,0,4,98.1,0.00,SILENT,IDLE-SILENT
516,3,0,0,4,42.4,0.00,SILENT,IDLE-SILENT
516,4,0,0,4,3.8,0.00,CRIT(4%),SILENT,IDLE-SILENT
517,0,0,0,4,3.5,0.00,CRIT(4%),SILENT,IDLE-SILENT
517,1,0,0,4,40.3,0.00,SILENT,IDLE-SILENT
517,2,0,0,4,98.0,0.00,SILENT,IDLE-SILENT
517,3,0,0,4,42.3,0.00,SILENT,IDLE-SILENT
517,4,0,0,4,3.7,0.00,CRIT(4%),SILENT,IDLE-SILENT
518,0,0,0,4,3.4,0.00,CRIT(3%),SILENT,IDLE-SILENT
518,1,0,0,4,40.2,0.00,SILENT,IDLE-SILENT
518,2,0,0,4,97.9,0.00,SILENT,IDLE-SILENT
518,3,0,0,4,42.2,0.00,SILENT,IDLE-SILENT
518,4,0,0,4,3.6,0.00,CRIT(4%),SILENT,IDLE-SILENT
519,0,0,0,4,3.3,0.00,CRIT(3%),SILENT,IDLE-SILENT
519,1,0,0,4,40.1,0.00,SILENT,IDLE-SILENT
519,2,0,0,4,97.8,0.00,SILENT,IDLE-SILENT
519,3,0,0,4,42.1,0.00,SILENT,IDLE-SILENT
519,4,0,0,4,3.5,0.00,CRIT(4%),SILENT,IDLE-SILENT
520,0,0,0,4,3.2,0.00,CRIT(3%),SILENT,IDLE-SILENT
520,1,0,0,4,40.0,0.00,SILENT,IDLE-SILENT
520,2,0,0,4,97.7,0.00,SILENT,IDLE-SILENT
520,3,0,0,4,42.0,0.00,SILENT,IDLE-SILENT
520,4,0,0,4,3.4,0.00,CRIT(3%),SILENT,IDLE-SILENT
521,0,0,0,4,3.1,0.00,CRIT(3%),SILENT,IDLE-SILENT
521,1,0,0,4,39.9,0.00,SILENT,IDLE-SILENT
521,2,0,0,4,97.6,0.00,SILENT,IDLE-SILENT
521,3,0,0,4,41.9,0.00,SILENT,IDLE-SILENT
521,4,0,0,4,3.3,0.00,CRIT(3%),SILENT,IDLE-SILENT
522,0,0,0,4,3.0,0.00,CRIT(3%),SILENT,IDLE-SILENT
522,1,0,0,4,39.8,0.00,SILENT,IDLE-SILENT
522,2,0,0,4,97.5,0.00,SILENT,IDLE-SILENT
522,3,0,0,4,41.8,0.00,SILENT,IDLE-SILENT
522,4,0,0,4,3.2,0.00,CRIT(3%),SILENT,IDLE-SILENT
523,0,0,0,4,2.9,0.00,CRIT(3%),SILENT,IDLE-SILENT
523,1,0,0,4,39.7,0.00,SILENT,IDLE-SILENT
523,2,0,0,4,97.4,0.00,SILENT,IDLE-SILENT
523,3,0,0,4,41.7,0.00,SILENT,IDLE-SILENT
523,4,0,0,4,3.1,0.00,CRIT(3%),SILENT,IDLE-SILENT
524,0,0,0,4,2.8,0.00,CRIT(3%),SILENT,IDLE-SILENT
524,1,0,0,4,39.6,0.00,SILENT,IDLE-SILENT
524,2,0,0,4,97.3,0.00,SILENT,IDLE-SILENT
524,3,0,0,4,41.6,0.00,SILENT,IDLE-SILENT
524,4,0,0,4,3.0,0.00,CRIT(3%),SILENT,IDLE-SILENT
525,0,0,0,4,2.7,0.00,CRIT(3%),SILENT,IDLE-SILENT
525,1,0,0,4,39.5,0.00,SILENT,IDLE-SILENT
525,2,0,0,4,97.2,0.00,SILENT,IDLE-SILENT
525,3,0,0,4,41.5,0.00,SILENT,IDLE-SILENT
525,4,0,0,4,2.9,0.00,CRIT(3%),SILENT,IDLE-SILENT
526,0,0,0,4,2.6,0.00,CRIT(3%),SILENT,IDLE-SILENT
526,1,0,0,4,39.4,0.00,SILENT,IDLE-SILENT
526,2,0,0,4,97.1,0.00,SILENT,IDLE-SILENT
526,3,0,0,4,41.4,0.00,SILENT,IDLE-SILENT
526,4,0,0,4,2.8,0.00,CRIT(3%),SILENT,IDLE-SILENT
527,0,0,0,4,2.5,0.00,CRIT(3%),SILENT,IDLE-SILENT
527,1,0,0,4,39.3,0.00,SILENT,IDLE-SILENT
527,2,0,0,4,97.0,0.00,SILENT,IDLE-SILENT
527,3,0,0,4,41.3,0.00,SILENT,IDLE-SILENT
527,4,0,0,4,2.7,0.00,CRIT(3%),SILENT,IDLE-SILENT
528,0,0,0,4,2.4,0.00,CRIT(2%),SILENT,IDLE-SILENT
528,1,0,0,4,39.2,0.00,SILENT,IDLE-SILENT
528,2,0,0,4,96.9,0.00,SILENT,IDLE-SILENT
528,3,0,0,4,41.2,0.00,SILENT,IDLE-SILENT
528,4,0,0,4,2.6,0.00,CRIT(3%),SILENT,IDLE-SILENT
529,0,0,0,4,2.3,0.00,CRIT(2%),SILENT,IDLE-SILENT
529,1,0,0,4,39.1,0.00,SILENT,IDLE-SILENT
529,2,0,0,4,96.8,0.00,SILENT,IDLE-SILENT
529,3,0,0,4,41.1,0.00,SILENT,IDLE-SILENT
529,4,0,0,4,2.5,0.00,CRIT(3%),SILENT,IDLE-SILENT
530,0,0,0,4,2.2,0.00,CRIT(2%),SILENT,IDLE-SILENT
530,1,0,0,4,39.0,0.00,SILENT,IDLE-SILENT
530,2,0,0,4,96.7,0.00,SILENT,IDLE-SILENT
530,3,0,0,4,41.0,0.00,SILENT,IDLE-SILENT
530,4,0,0,4,2.4,0.00,CRIT(2%),SILENT,IDLE-SILENT
531,0,0,0,4,2.1,0.00,CRIT(2%),SILENT,IDLE-SILENT
531,1,0,0,4,38.9,0.00,SILENT,IDLE-SILENT
531,2,0,0,4,96.6,0.00,SILENT,IDLE-SILENT
531,3,0,0,4,40.9,0.00,SILENT,IDLE-SILENT
531,4,0,0,4,2.3,0.00,CRIT(2%),SILENT,IDLE-SILENT
532,0,0,0,4,2.0,0.00,CRIT(2%),SILENT,IDLE-SILENT
532,1,0,0,4,38.8,0.00,SILENT,IDLE-SILENT
532,2,0,0,4,96.5,0.00,SILENT,IDLE-SILENT
532,3,0,0,4,40.8,0.00,SILENT,IDLE-SILENT
532,4,0,0,4,2.2,0.00,CRIT(2%),SILENT,IDLE-SILENT
533,0,0,0,4,1.9,0.00,CRIT(2%),SILENT,IDLE-SILENT
533,1,0,0,4,38.7,0.00,SILENT,IDLE-SILENT
533,2,0,0,4,96.4,0.00,SILENT,IDLE-SILENT
533,3,0,0,4,40.7,0.00,SILENT,IDLE-SILENT
533,4,0,0,4,2.1,0.00,CRIT(2%),SILENT,IDLE-SILENT
534,0,0,0,4,1.8,0.00,CRIT(2%),SILENT,IDLE-SILENT
534,1,0,0,4,38.6,0.00,SILENT,IDLE-SILENT
534,2,0,0,4,96.3,0.00,SILENT,IDLE-SILENT
534,3,0,0,4,40.6,0.00,SILENT,IDLE-SILENT
534,4,0,0,4,2.0,0.00,CRIT(2%),SILENT,IDLE-SILENT
535,0,0,0,4,1.7,0.00,CRIT(2%),SILENT,IDLE-SILENT
535,1,0,0,4,38.5,0.00,SILENT,IDLE-SILENT
535,2,0,0,4,96.2,0.00,SILENT,IDLE-SILENT
535,3,0,0,4,40.5,0.00,SILENT,IDLE-SILENT
535,4,0,0,4,1.9,0.00,CRIT(2%),SILENT,IDLE-SILENT
536,0,0,0,4,1.6,0.00,CRIT(2%),SILENT,IDLE-SILENT
536,1,0,0,4,38.4,0.00,SILENT,IDLE-SILENT
536,2,0,0,4,96.1,0.00,SILENT,IDLE-SILENT
536,3,0,0,4,40.4,0.00,SILENT,IDLE-SILENT
536,4,0,0,4,1.8,0.00,CRIT(2%),SILENT,IDLE-SILENT
537,0,0,0,4,1.5,0.00,CRIT(2%),SILENT,IDLE-SILENT
537,1,0,0,4,38.3,0.00,SILENT,IDLE-SILENT
537,2,0,0,4,96.0,0.00,SILENT,IDLE-SILENT
537,3,0,0,4,40.3,0.00,SILENT,IDLE-SILENT
537,4,0,0,4,1.7,0.00,CRIT(2%),SILENT,IDLE-SILENT
538,0,0,0,4,1.4,0.00,CRIT(1%),SILENT,IDLE-SILENT
538,1,0,0,4,38.2,0.00,SILENT,IDLE-SILENT
538,2,0,0,4,95.9,0.00,SILENT,IDLE-SILENT
538,3,0,0,4,40.2,0.00,SILENT,IDLE-SILENT
538,4,0,0,4,1.6,0.00,CRIT(2%),SILENT,IDLE-SILENT
539,0,0,0,4,1.3,0.00,CRIT(1%),SILENT,IDLE-SILENT
539,1,0,0,4,38.1,0.00,SILENT,IDLE-SILENT
539,2,0,0,4,95.8,0.00,SILENT,IDLE-SILENT
539,3,0,0,4,40.1,0.00,SILENT,IDLE-SILENT
539,4,0,0,4,1.5,0.00,CRIT(2%),SILENT,IDLE-SILENT
540,0,0,0,4,1.2,0.00,CRIT(1%),SILENT,IDLE-SILENT
540,1,0,0,4,38.0,0.00,SILENT,IDLE-SILENT
540,2,0,0,4,95.7,0.00,SILENT,IDLE-SILENT
540,3,0,0,4,40.0,0.00,SILENT,IDLE-SILENT
540,4,0,0,4,1.4,0.00,CRIT(1%),SILENT,IDLE-SILENT
541,0,0,0,4,1.1,0.00,CRIT(1%),SILENT,IDLE-SILENT
541,1,0,0,4,37.9,0.00,SILENT,IDLE-SILENT
541,2,0,0,4,95.6,0.00,SILENT,IDLE-SILENT
541,3,0,0,4,39.9,0.00,SILENT,IDLE-SILENT
541,4,0,0,4,1.3,0.00,CRIT(1%),SILENT,IDLE-SILENT
542,0,0,0,4,1.0,0.00,CRIT(1%),SILENT,IDLE-SILENT
542,1,0,0,4,37.8,0.00,SILENT,IDLE-SILENT
542,2,0,0,4,95.5,0.00,SILENT,IDLE-SILENT
542,3,0,0,4,39.8,0.00,SILENT,IDLE-SILENT
542,4,0,0,4,1.2,0.00,CRIT(1%),SILENT,IDLE-SILENT
543,0,0,0,4,0.9,0.00,CRIT(1%),SILENT,IDLE-SILENT
543,1,0,0,4,37.7,0.00,SILENT,IDLE-SILENT
543,2,0,0,4,95.4,0.00,SILENT,IDLE-SILENT
543,3,0,0,4,39.7,0.00,SILENT,IDLE-SILENT
543,4,0,0,4,1.1,0.00,CRIT(1%),SILENT,IDLE-SILENT
544,0,0,0,4,0.8,0.00,CRIT(1%),SILENT,IDLE-SILENT
544,1,0,0,4,37.6,0.00,SILENT,IDLE-SILENT
544,2,0,0,4,95.3,0.00,SILENT,IDLE-SILENT
544,3,0,0,4,39.6,0.00,SILENT,IDLE-SILENT
544,4,0,0,4,1.0,0.00,CRIT(1%),SILENT,IDLE-SILENT
545,0,0,0,4,0.7,0.00,CRIT(1%),SILENT,IDLE-SILENT
545,1,0,0,4,37.5,0.00,SILENT,IDLE-SILENT
545,2,0,0,4,95.2,0.00,SILENT,IDLE-SILENT
545,3,0,0,4,39.5,0.00,SILENT,IDLE-SILENT
545,4,0,0,4,0.9,0.00,CRIT(1%),SILENT,IDLE-SILENT
546,0,0,0,4,0.6,0.00,CRIT(1%),SILENT,IDLE-SILENT
546,1,0,0,4,37.4,0.00,SILENT,IDLE-SILENT
546,2,0,0,4,95.1,0.00,SILENT,IDLE-SILENT
546,3,0,0,4,39.4,0.00,SILENT,IDLE-SILENT
546,4,0,0,4,0.8,0.00,CRIT(1%),SILENT,IDLE-SILENT
547,0,0,0,4,0.5,0.00,CRIT(1%),SILENT,IDLE-SILENT
547,1,0,0,4,37.3,0.00,SILENT,IDLE-SILENT
547,2,0,0,4,95.0,0.00,SILENT,IDLE-SILENT
547,3,0,0,4,39.3,0.00,SILENT,IDLE-SILENT
547,4,0,0,4,0.7,0.00,CRIT(1%),SILENT,IDLE-SILENT
548,0,0,0,4,0.4,0.00,CRIT(0%),SILENT,IDLE-SILENT
548,1,0,0,4,37.2,0.00,SILENT,IDLE-SILENT
548,2,0,0,4,94.9,0.00,SILENT,IDLE-SILENT
548,3,0,0,4,39.2,0.00,SILENT,IDLE-SILENT
548,4,0,0,4,0.6,0.00,CRIT(1%),SILENT,IDLE-SILENT
549,0,0,0,4,0.3,0.00,CRIT(0%),SILENT,IDLE-SILENT
549,1,0,0,4,37.1,0.00,SILENT,IDLE-SILENT
549,2,0,0,4,94.8,0.00,SILENT,IDLE-SILENT
549,3,0,0,4,39.1,0.00,SILENT,IDLE-SILENT
549,4,0,0,4,0.5,0.00,CRIT(1%),SILENT,IDLE-SILENT
550,0,0,0,4,0.2,0.00,CRIT(0%),SILENT,IDLE-SILENT
550,1,0,0,4,37.0,0.00,SILENT,IDLE-SILENT
550,2,0,0,4,94.7,0.00,SILENT,IDLE-SILENT
550,3,0,0,4,39.0,0.00,SILENT,IDLE-SILENT
550,4,0,0,4,0.4,0.00,CRIT(0%),SILENT,IDLE-SILENT
551,0,0,0,4,0.1,0.00,CRIT(0%),SILENT,IDLE-SILENT
551,1,0,0,4,36.9,0.00,SILENT,IDLE-SILENT
551,2,0,0,4,94.6,0.00,SILENT,IDLE-SILENT
551,3,0,0,4,38.9,0.00,SILENT,IDLE-SILENT
551,4,0,0,4,0.3,0.00,CRIT(0%),SILENT,IDLE-SILENT
552,0,0,0,4,0.0,0.00,CRIT(0%),SILENT,IDLE-SILENT
552,1,0,0,4,36.8,0.00,SILENT,IDLE-SILENT
552,2,0,0,4,94.5,0.00,SILENT,IDLE-SILENT
552,3,0,0,4,38.8,0.00,SILENT,IDLE-SILENT
552,4,0,0,4,0.2,0.00,CRIT(0%),SILENT,IDLE-SILENT
553,0,0,0,4,0.0,0.00,RECHARGING,CRIT(0%),SILENT,IDLE-SILENT
553,1,0,0,4,36.7,0.00,SILENT,IDLE-SILENT
553,2,0,0,4,94.4,0.00,SILENT,IDLE-SILENT
553,3,0,0,4,38.7,0.00,SILENT,IDLE-SILENT
553,4,0,0,4,0.1,0.00,CRIT(0%),SILENT,IDLE-SILENT
554,0,0,0,4,0.0,0.00,RECHARGING,CRIT(0%),SILENT,IDLE-SILENT
554,1,0,0,4,36.6,0.00,SILENT,IDLE-SILENT
554,2,0,0,4,94.3,0.00,SILENT,IDLE-SILENT
554,3,0,0,4,38.6,0.00,SILENT,IDLE-SILENT
554,4,0,0,4,0.0,0.00,CRIT(0%),SILENT,IDLE-SILENT
555,0,0,0,4,0.0,0.00,RECHARGING,CRIT(0%),SILENT,IDLE-SILENT
555,1,0,0,4,36.5,0.00,SILENT,IDLE-SILENT
555,2,0,0,4,94.2,0.00,SILENT,IDLE-SILENT
555,3,0,0,4,38.5,0.00,SILENT,IDLE-SILENT
555,4,0,0,4,0.0,0.00,RECHARGING,CRIT(0%),SILENT,IDLE-SILENT
556,0,0,0,4,0.0,0.00,RECHARGING,CRIT(0%),SILENT,IDLE-SILENT
556,1,0,0,4,36.4,0.00,SILENT,IDLE-SILENT
556,2,0,0,4,94.1,0.00,SILENT,IDLE-SILENT
556,3,0,0,4,38.4,0.00,SILENT,IDLE-SILENT
556,4,0,0,4,0.0,0.00,RECHARGING,CRIT(0%),SILENT,IDLE-SILENT
557,0,0,0,4,0.0,0.00,RECHARGING,CRIT(0%),SILENT,IDLE-SILENT
557,1,0,0,4,36.3,0.00,SILENT,IDLE-SILENT
557,2,0,0,4,94.0,0.00,SILENT,IDLE-SILENT
557,3,0,0,4,38.3,0.00,SILENT,IDLE-SILENT
557,4,0,0,4,0.0,0.00,RECHARGING,CRIT(0%),SILENT,IDLE-SILENT
558,0,0,0,4,0.0,0.00,RECHARGING,CRIT(0%),SILENT,IDLE-SILENT
558,1,0,0,4,36.2,0.00,SILENT,IDLE-SILENT
558,2,0,0,4,93.9,0.00,SILENT,IDLE-SILENT
558,3,0,0,4,38.2,0.00,SILENT,IDLE-SILENT
558,4,0,0,4,0.0,0.00,RECHARGING,CRIT(0%),SILENT,IDLE-SILENT
559,0,0,0,4,0.0,0.00,RECHARGING,CRIT(0%),SILENT,IDLE-SILENT
559,1,0,0,4,36.1,0.00,SILENT,IDLE-SILENT
559,2,0,0,4,93.8,0.00,SILENT,IDLE-SILENT
559,3,0,0,4,38.1,0.00,SILENT,IDLE-SILENT
559,4,0,0,4,0.0,0.00,RECHARGING,CRIT(0%),SILENT,IDLE-SILENT
560,0,0,0,4,0.0,0.00,RECHARGING,CRIT(0%),SILENT,IDLE-SILENT
560,1,0,0,4,36.0,0.00,SILENT,IDLE-SILENT
560,2,0,0,4,93.7,0.00,SILENT,IDLE-SILENT
560,3,0,0,4,38.0,0.00,SILENT,IDLE-SILENT
560,4,0,0,4,0.0,0.00,RECHARGING,CRIT(0%),SILENT,IDLE-SILENT
561,0,0,0,4,0.0,0.00,RECHARGING,CRIT(0%),SILENT,IDLE-SILENT
561,1,0,0,4,35.9,0.00,SILENT,IDLE-SILENT
561,2,0,0,4,93.6,0.00,SILENT,IDLE-SILENT
561,3,0,0,4,37.9,0.00,SILENT,IDLE-SILENT
561,4,0,0,4,0.0,0.00,RECHARGING,CRIT(0%),SILENT,IDLE-SILENT
562,0,0,0,4,0.0,0.00,RECHARGING,CRIT(0%),SILENT,IDLE-SILENT
562,1,0,0,4,35.8,0.00,SILENT,IDLE-SILENT
562,2,0,0,4,93.5,0.00,SILENT,IDLE-SILENT
562,3,0,0,4,37.8,0.00,SILENT,IDLE-SILENT
562,4,0,0,4,0.0,0.00,RECHARGING,CRIT(0%),SILENT,IDLE-SILENT
563,0,0,0,4,0.0,0.00,RECHARGING,CRIT(0%),SILENT,IDLE-SILENT
563,1,0,0,4,35.7,0.00,SILENT,IDLE-SILENT
563,2,0,0,4,93.4,0.00,SILENT,IDLE-SILENT
563,3,0,0,4,37.7,0.00,SILENT,IDLE-SILENT
563,4,0,0,4,0.0,0.00,RECHARGING,CRIT(0%),SILENT,IDLE-SILENT
564,0,0,0,4,0.0,0.00,RECHARGING,CRIT(0%),SILENT,IDLE-SILENT
564,1,0,0,4,35.6,0.00,SILENT,IDLE-SILENT
564,2,0,0,4,93.3,0.00,SILENT,IDLE-SILENT
564,3,0,0,4,37.6,0.00,SILENT,IDLE-SILENT
564,4,0,0,4,0.0,0.00,RECHARGING,CRIT(0%),SILENT,IDLE-SILENT
565,0,0,0,4,0.0,0.00,RECHARGING,CRIT(0%),SILENT,IDLE-SILENT
565,1,0,0,4,35.5,0.00,SILENT,IDLE-SILENT
565,2,0,0,4,93.2,0.00,SILENT,IDLE-SILENT
565,3,0,0,4,37.5,0.00,SILENT,IDLE-SILENT
565,4,0,0,4,0.0,0.00,RECHARGING,CRIT(0%),SILENT,IDLE-SILENT
566,0,0,0,4,0.0,0.00,RECHARGING,CRIT(0%),SILENT,IDLE-SILENT
566,1,0,0,4,35.4,0.00,SILENT,IDLE-SILENT
566,2,0,0,4,93.1,0.00,SILENT,IDLE-SILENT
566,3,0,0,4,37.4,0.00,SILENT,IDLE-SILENT
566,4,0,0,4,0.0,0.00,RECHARGING,CRIT(0%),SILENT,IDLE-SILENT
567,0,0,0,4,0.0,0.00,RECHARGING,CRIT(0%),SILENT,IDLE-SILENT
567,1,0,0,4,35.3,0.00,SILENT,IDLE-SILENT
567,2,0,0,4,93.0,0.00,SILENT,IDLE-SILENT
567,3,0,0,4,37.3,0.00,SILENT,IDLE-SILENT
567,4,0,0,4,0.0,0.00,RECHARGING,CRIT(0%),SILENT,IDLE-SILENT
568,0,0,0,4,0.0,0.00,RECHARGING,CRIT(0%),SILENT,IDLE-SILENT
568,1,0,0,4,35.2,0.00,SILENT,IDLE-SILENT
568,2,0,0,4,92.9,0.00,SILENT,IDLE-SILENT
568,3,0,0,4,37.2,0.00,SILENT,IDLE-SILENT
568,4,0,0,4,0.0,0.00,RECHARGING,CRIT(0%),SILENT,IDLE-SILENT
569,0,0,0,4,0.0,0.00,RECHARGING,CRIT(0%),SILENT,IDLE-SILENT
569,1,0,0,4,35.1,0.00,SILENT,IDLE-SILENT
569,2,0,0,4,92.8,0.00,SILENT,IDLE-SILENT
569,3,0,0,4,37.1,0.00,SILENT,IDLE-SILENT
569,4,0,0,4,0.0,0.00,RECHARGING,CRIT(0%),SILENT,IDLE-SILENT
570,0,0,0,4,0.0,0.00,RECHARGING,CRIT(0%),SILENT,IDLE-SILENT
570,1,0,0,4,35.0,0.00,SILENT,IDLE-SILENT
570,2,0,0,4,92.7,0.00,SILENT,IDLE-SILENT
570,3,0,0,4,37.0,0.00,SILENT,IDLE-SILENT
570,4,0,0,4,0.0,0.00,RECHARGING,CRIT(0%),SILENT,IDLE-SILENT
571,0,0,0,4,0.0,0.00,RECHARGING,CRIT(0%),SILENT,IDLE-SILENT
571,1,0,0,4,34.9,0.00,SILENT,IDLE-SILENT
571,2,0,0,4,92.6,0.00,SILENT,IDLE-SILENT
571,3,0,0,4,36.9,0.00,SILENT,IDLE-SILENT
571,4,0,0,4,0.0,0.00,RECHARGING,CRIT(0%),SILENT,IDLE-SILENT
572,0,0,0,4,0.0,0.00,RECHARGING,CRIT(0%),SILENT,IDLE-SILENT
572,1,0,0,4,34.8,0.00,SILENT,IDLE-SILENT
572,2,0,0,4,92.5,0.00,SILENT,IDLE-SILENT
572,3,0,0,4,36.8,0.00,SILENT,IDLE-SILENT
572,4,0,0,4,0.0,0.00,RECHARGING,CRIT(0%),SILENT,IDLE-SILENT
573,0,0,0,4,0.0,0.00,RECHARGING,CRIT(0%),SILENT,IDLE-SILENT
573,1,0,0,4,34.7,0.00,SILENT,IDLE-SILENT
573,2,0,0,4,92.4,0.00,SILENT,IDLE-SILENT
573,3,0,0,4,36.7,0.00,SILENT,IDLE-SILENT
573,4,0,0,4,0.0,0.00,RECHARGING,CRIT(0%),SILENT,IDLE-SILENT
574,0,0,0,4,0.0,0.00,RECHARGING,CRIT(0%),SILENT,IDLE-SILENT
574,1,0,0,4,34.6,0.00,SILENT,IDLE-SILENT
574,2,0,0,4,92.3,0.00,SILENT,IDLE-SILENT
574,3,0,0,4,36.6,0.00,SILENT,IDLE-SILENT
574,4,0,0,4,0.0,0.00,RECHARGING,CRIT(0%),SILENT,IDLE-SILENT
575,0,0,0,4,0.0,0.00,RECHARGING,CRIT(0%),SILENT,IDLE-SILENT
575,1,0,0,4,34.5,0.00,SILENT,IDLE-SILENT
575,2,0,0,4,92.2,0.00,SILENT,IDLE-SILENT
575,3,0,0,4,36.5,0.00,SILENT,IDLE-SILENT
575,4,0,0,4,0.0,0.00,RECHARGING,CRIT(0%),SILENT,IDLE-SILENT
576,0,0,0,4,0.0,0.00,RECHARGING,CRIT(0%),SILENT,IDLE-SILENT
576,1,0,0,4,34.4,0.00,SILENT,IDLE-SILENT
576,2,0,0,4,92.2,0.00,SILENT,IDLE-SILENT
576,3,0,0,4,36.4,0.00,SILENT,IDLE-SILENT
576,4,0,0,4,0.0,0.00,RECHARGING,CRIT(0%),SILENT,IDLE-SILENT
577,0,0,0,4,0.0,0.00,RECHARGING,CRIT(0%),SILENT,IDLE-SILENT
577,1,0,0,4,34.3,0.00,SILENT,IDLE-SILENT
577,2,0,0,4,92.2,0.00,SILENT,IDLE-SILENT
577,3,0,0,4,36.3,0.00,SILENT,IDLE-SILENT
577,4,0,0,4,0.0,0.00,RECHARGING,CRIT(0%),SILENT,IDLE-SILENT
578,0,0,0,4,0.0,0.00,RECHARGING,CRIT(0%),SILENT,IDLE-SILENT
578,1,0,0,4,34.2,0.00,SILENT,IDLE-SILENT
578,2,0,0,4,92.2,0.00,SILENT,IDLE-SILENT
578,3,0,0,4,36.2,0.00,SILENT,IDLE-SILENT
578,4,0,0,4,0.0,0.00,RECHARGING,CRIT(0%),SILENT,IDLE-SILENT
579,0,0,0,4,0.0,0.00,RECHARGING,CRIT(0%),SILENT,IDLE-SILENT
579,1,0,0,4,34.1,0.00,SILENT,IDLE-SILENT
579,2,0,0,4,92.2,0.00,SILENT,IDLE-SILENT
579,3,0,0,4,36.1,0.00,SILENT,IDLE-SILENT
579,4,0,0,4,0.0,0.00,RECHARGING,CRIT(0%),SILENT,IDLE-SILENT
580,0,0,0,4,0.0,0.00,RECHARGING,CRIT(0%),SILENT,IDLE-SILENT
580,1,0,0,4,34.0,0.00,SILENT,IDLE-SILENT
580,2,0,0,4,92.2,0.00,SILENT,IDLE-SILENT
580,3,0,0,4,36.0,0.00,SILENT,IDLE-SILENT
580,4,0,0,4,0.0,0.00,RECHARGING,CRIT(0%),SILENT,IDLE-SILENT
581,0,0,0,4,0.0,0.00,RECHARGING,CRIT(0%),SILENT,IDLE-SILENT
581,1,0,0,4,33.9,0.00,SILENT,IDLE-SILENT
581,2,0,0,4,92.2,0.00,SILENT,IDLE-SILENT
581,3,0,0,4,35.9,0.00,SILENT,IDLE-SILENT
581,4,0,0,4,0.0,0.00,RECHARGING,CRIT(0%),SILENT,IDLE-SILENT
582,0,0,0,4,100.0,0.00,SILENT,IDLE-SILENT
582,1,0,0,4,33.8,0.00,SILENT,IDLE-SILENT
582,2,0,0,4,92.2,0.00,SILENT,IDLE-SILENT
582,3,0,0,4,35.8,0.00,SILENT,IDLE-SILENT
582,4,0,0,4,0.0,0.00,RECHARGING,CRIT(0%),SILENT,IDLE-SILENT
583,0,0,0,4,99.9,0.00,SILENT,IDLE-SILENT
583,1,0,0,4,33.7,0.00,SILENT,IDLE-SILENT
583,2,0,0,4,92.2,0.00,SILENT,IDLE-SILENT
583,3,0,0,4,35.7,0.00,SILENT,IDLE-SILENT
583,4,0,0,4,0.0,0.00,RECHARGING,CRIT(0%),SILENT,IDLE-SILENT
584,0,0,0,4,99.8,0.00,SILENT,IDLE-SILENT
584,1,0,0,4,33.6,0.00,SILENT,IDLE-SILENT
584,2,0,0,4,92.2,0.00,SILENT,IDLE-SILENT
584,3,0,0,4,35.6,0.00,SILENT,IDLE-SILENT
584,4,0,0,4,100.0,0.00,SILENT,IDLE-SILENT
585,0,0,0,4,99.7,0.00,SILENT,IDLE-SILENT
585,1,0,0,4,33.5,0.00,SILENT,IDLE-SILENT
585,2,0,0,4,92.2,0.00,SILENT,IDLE-SILENT
585,3,0,0,4,35.5,0.00,SILENT,IDLE-SILENT
585,4,0,0,4,99.9,0.00,SILENT,IDLE-SILENT
586,0,0,0,4,99.6,0.00,SILENT,IDLE-SILENT
586,1,0,0,4,33.4,0.00,SILENT,IDLE-SILENT
586,2,0,0,4,92.2,0.00,SILENT,IDLE-SILENT
586,3,0,0,4,35.4,0.00,SILENT,IDLE-SILENT
586,4,0,0,4,99.8,0.00,SILENT,IDLE-SILENT
587,0,0,0,4,99.5,0.00,SILENT,IDLE-SILENT
587,1,0,0,4,33.3,0.00,SILENT,IDLE-SILENT
587,2,0,0,4,92.2,0.00,SILENT,IDLE-SILENT
587,3,0,0,4,35.3,0.00,SILENT,IDLE-SILENT
587,4,0,0,4,99.7,0.00,SILENT,IDLE-SILENT
588,0,0,0,4,99.4,0.00,SILENT,IDLE-SILENT
588,1,0,0,4,33.2,0.00,SILENT,IDLE-SILENT
588,2,0,0,4,92.2,0.00,SILENT,IDLE-SILENT
588,3,0,0,4,35.2,0.00,SILENT,IDLE-SILENT
588,4,0,0,4,99.6,0.00,SILENT,IDLE-SILENT
589,0,0,0,4,99.3,0.00,SILENT,IDLE-SILENT
589,1,0,0,4,33.1,0.00,SILENT,IDLE-SILENT
589,2,0,0,4,92.2,0.00,SILENT,IDLE-SILENT
589,3,0,0,4,35.1,0.00,SILENT,IDLE-SILENT
589,4,0,0,4,99.5,0.00,SILENT,IDLE-SILENT
590,0,0,0,4,99.2,0.00,SILENT,IDLE-SILENT
590,1,0,0,4,33.0,0.00,SILENT,IDLE-SILENT
590,2,0,0,4,92.2,0.00,SILENT,IDLE-SILENT
590,3,0,0,4,35.0,0.00,SILENT,IDLE-SILENT
590,4,0,0,4,99.4,0.00,SILENT,IDLE-SILENT
591,0,0,0,4,99.1,0.00,SILENT,IDLE-SILENT
591,1,0,0,4,32.9,0.00,SILENT,IDLE-SILENT
591,2,0,0,4,92.2,0.00,SILENT,IDLE-SILENT
591,3,0,0,4,34.9,0.00,SILENT,IDLE-SILENT
591,4,0,0,4,99.3,0.00,SILENT,IDLE-SILENT
592,0,0,0,4,99.0,0.00,SILENT,IDLE-SILENT
592,1,0,0,4,32.8,0.00,SILENT,IDLE-SILENT
592,2,0,0,4,92.2,0.00,SILENT,IDLE-SILENT
592,3,0,0,4,34.8,0.00,SILENT,IDLE-SILENT
592,4,0,0,4,99.2,0.00,SILENT,IDLE-SILENT
593,0,0,0,4,98.9,0.00,SILENT,IDLE-SILENT
593,1,0,0,4,32.7,0.00,SILENT,IDLE-SILENT
593,2,0,0,4,92.2,0.00,SILENT,IDLE-SILENT
593,3,0,,,34.7,0.00,SILENT,IDLE-SILENT
593,4,0,0,4,99.1,0.00,SILENT,IDLE-SILENT
594,0,0,0,4,98.8,0.00,SILENT,IDLE-SILENT
594,1,0,0,4,32.6,0.00,SILENT,IDLE-SILENT
594,2,0,0,4,92.2,0.00,SILENT,IDLE-SILENT
594,3,0,,,34.6,0.00,SILENT,IDLE-SILENT
594,4,0,0,4,99.0,0.00,SILENT,IDLE-SILENT
595,0,0,0,4,98.7,0.00,SILENT,IDLE-SILENT
595,1,0,0,4,32.5,0.00,SILENT,IDLE-SILENT
595,2,0,0,4,92.2,0.00,SILENT,IDLE-SILENT
595,3,0,,,34.5,0.00,SILENT,IDLE-SILENT
595,4,0,0,4,98.9,0.00,SILENT,IDLE-SILENT
596,0,0,0,4,98.6,0.00,SILENT,IDLE-SILENT
596,1,0,0,4,32.4,0.00,SILENT,IDLE-SILENT
596,2,0,0,4,92.2,0.00,SILENT,IDLE-SILENT
596,3,0,,,34.4,0.00,SILENT,IDLE-SILENT
596,4,0,0,4,98.8,0.00,SILENT,IDLE-SILENT
597,0,0,0,4,98.5,0.00,SILENT,IDLE-SILENT
597,1,0,0,4,32.3,0.00,SILENT,IDLE-SILENT
597,2,0,0,4,92.2,0.00,SILENT,IDLE-SILENT
597,3,0,,,34.3,0.00,SILENT,IDLE-SILENT
597,4,0,0,4,98.7,0.00,SILENT,IDLE-SILENT
598,0,0,0,4,98.4,0.00,SILENT,IDLE-SILENT
598,1,0,0,4,32.2,0.00,SILENT,IDLE-SILENT
598,2,0,0,4,92.2,0.00,SILENT,IDLE-SILENT
598,3,0,0,4,34.2,0.00,SILENT,IDLE-SILENT
598,4,0,0,4,98.6,0.00,SILENT,IDLE-SILENT
599,0,0,0,4,98.3,0.00,SILENT,IDLE-SILENT
599,1,0,0,4,32.1,0.00,SILENT,IDLE-SILENT
599,2,0,0,4,92.2,0.00,SILENT,IDLE-SILENT
599,3,0,0,4,34.1,0.00,SILENT,IDLE-SILENT
599,4,0,0,4,98.5,0.00,SILENT,IDLE-SILENT
600,0,0,0,4,98.2,0.00,SILENT,IDLE-SILENT
600,1,0,0,4,32.0,0.00,SILENT,IDLE-SILENT
600,2,0,0,4,92.2,0.00,SILENT,IDLE-SILENT
600,3,0,0,4,34.0,0.00,SILENT,IDLE-SILENT
600,4,0,0,4,98.4,0.00,SILENT,IDLE-SILENT
601,0,0,0,4,98.1,0.00,SILENT,IDLE-SILENT
601,1,0,0,4,31.9,0.00,SILENT,IDLE-SILENT
601,2,0,0,4,92.2,0.00,SILENT,IDLE-SILENT
601,3,0,0,4,33.9,0.00,SILENT,IDLE-SILENT
601,4,0,0,4,98.3,0.00,SILENT,IDLE-SILENT
602,0,0,0,4,98.0,0.00,SILENT,IDLE-SILENT
602,1,0,0,4,31.8,0.00,SILENT,IDLE-SILENT
602,2,0,0,4,92.2,0.00,SILENT,IDLE-SILENT
602,3,0,0,4,33.8,0.00,SILENT,IDLE-SILENT
602,4,0,0,4,98.2,0.00,SILENT,IDLE-SILENT
603,0,0,0,4,97.9,0.00,SILENT,IDLE-SILENT
603,1,0,0,4,31.7,0.00,SILENT,IDLE-SILENT
603,2,0,0,4,92.2,0.00,SILENT,IDLE-SILENT
603,3,0,0,4,33.7,0.00,SILENT,IDLE-SILENT
603,4,0,0,4,98.1,0.00,SILENT,IDLE-SILENT
604,0,0,0,4,97.8,0.00,SILENT,IDLE-SILENT
604,1,0,0,4,31.6,0.00,SILENT,IDLE-SILENT
604,2,0,0,4,92.2,0.00,SILENT,IDLE-SILENT
604,3,0,0,4,33.6,0.00,SILENT,IDLE-SILENT
604,4,0,0,4,98.0,0.00,SILENT,IDLE-SILENT
605,0,0,0,4,97.7,0.00,SILENT,IDLE-SILENT
605,1,0,0,4,31.5,0.00,SILENT,IDLE-SILENT
605,2,0,0,4,92.1,0.00,SILENT,IDLE-SILENT
605,3,0,0,4,33.5,0.00,SILENT,IDLE-SILENT
605,4,0,0,4,97.9,0.00,SILENT,IDLE-SILENT
606,0,0,0,4,97.6,0.00,SILENT,IDLE-SILENT
606,1,0,0,4,31.4,0.00,SILENT,IDLE-SILENT
606,2,0,0,4,92.0,0.00,SILENT,IDLE-SILENT
606,3,0,0,4,33.4,0.00,SILENT,IDLE-SILENT
606,4,0,0,4,97.8,0.00,SILENT,IDLE-SILENT
607,0,0,0,4,97.5,0.00,SILENT,IDLE-SILENT
607,1,0,0,4,31.3,0.00,SILENT,IDLE-SILENT
607,2,0,0,4,91.9,0.00,SILENT,IDLE-SILENT
607,3,0,0,4,33.3,0.00,SILENT,IDLE-SILENT
607,4,0,0,4,97.7,0.00,SILENT,IDLE-SILENT
608,0,0,0,4,97.4,0.00,SILENT,IDLE-SILENT
608,1,0,0,4,31.2,0.00,SILENT,IDLE-SILENT
608,2,0,0,4,91.8,0.00,SILENT,IDLE-SILENT
608,3,0,0,4,33.2,0.00,SILENT,IDLE-SILENT
608,4,0,0,4,97.6,0.00,SILENT,IDLE-SILENT
609,0,0,0,4,97.3,0.00,SILENT,IDLE-SILENT
609,1,0,0,4,31.1,0.00,SILENT,IDLE-SILENT
609,2,0,0,4,91.7,0.00,SILENT,IDLE-SILENT
609,3,0,0,4,33.1,0.00,SILENT,IDLE-SILENT
609,4,0,0,4,97.5,0.00,SILENT,IDLE-SILENT
610,0,0,0,4,97.2,0.00,SILENT,IDLE-SILENT
610,1,0,0,4,31.0,0.00,SILENT,IDLE-SILENT
610,2,0,0,4,91.6,0.00,SILENT,IDLE-SILENT
610,3,0,0,4,33.0,0.00,SILENT,IDLE-SILENT
610,4,0,0,4,97.4,0.00,SILENT,IDLE-SILENT
611,0,0,0,4,97.1,0.00,SILENT,IDLE-SILENT
611,1,0,0,4,30.9,0.00,SILENT,IDLE-SILENT
611,2,0,0,4,91.5,0.00,SILENT,IDLE-SILENT
611,3,0,0,4,32.9,0.00,SILENT,IDLE-SILENT
611,4,0,0,4,97.3,0.00,SILENT,IDLE-SILENT
612,0,0,0,4,97.0,0.00,SILENT,IDLE-SILENT
612,1,0,0,4,30.8,0.00,SILENT,IDLE-SILENT
612,2,0,0,4,91.4,0.00,SILENT,IDLE-SILENT
612,3,0,0,4,32.8,0.00,SILENT,IDLE-SILENT
612,4,0,0,4,97.2,0.00,SILENT,IDLE-SILENT
613,0,0,0,4,96.9,0.00,SILENT,IDLE-SILENT
613,1,0,0,4,30.7,0.00,SILENT,IDLE-SILENT
613,2,0,0,4,91.3,0.00,SILENT,IDLE-SILENT
613,3,0,0,4,32.7,0.00,SILENT,IDLE-SILENT
613,4,0,0,4,97.1,0.00,SILENT,IDLE-SILENT
614,0,0,0,4,96.8,0.00,SILENT,IDLE-SILENT
614,1,0,0,4,30.6,0.00,SILENT,IDLE-SILENT
614,2,0,0,4,91.2,0.00,SILENT,IDLE-SILENT
614,3,0,0,4,32.6,0.00,SILENT,IDLE-SILENT
614,4,0,0,4,97.0,0.00,SILENT,IDLE-SILENT
615,0,0,0,4,96.7,0.00,SILENT,IDLE-SILENT
615,1,0,0,4,30.5,0.00,SILENT,IDLE-SILENT
615,2,0,0,4,91.1,0.00,SILENT,IDLE-SILENT
615,3,0,0,4,32.5,0.00,SILENT,IDLE-SILENT
615,4,0,0,4,96.9,0.00,SILENT,IDLE-SILENT
616,0,0,0,4,96.6,0.00,SILENT,IDLE-SILENT
616,1,0,0,4,30.4,0.00,SILENT,IDLE-SILENT
616,2,0,0,4,91.0,0.00,SILENT,IDLE-SILENT
616,3,0,0,4,32.4,0.00,SILENT,IDLE-SILENT
616,4,0,0,4,96.8,0.00,SILENT,IDLE-SILENT
617,0,0,0,4,96.5,0.00,SILENT,IDLE-SILENT
617,1,0,0,4,30.3,0.00,SILENT,IDLE-SILENT
617,2,0,0,4,90.9,0.00,SILENT,IDLE-SILENT
617,3,0,0,4,32.3,0.00,SILENT,IDLE-SILENT
617,4,0,0,4,96.7,0.00,SILENT,IDLE-SILENT
618,0,0,0,4,96.4,0.00,SILENT,IDLE-SILENT
618,1,0,0,4,30.2,0.00,SILENT,IDLE-SILENT
618,2,0,0,4,90.8,0.00,SILENT,IDLE-SILENT
618,3,0,0,4,32.3,0.00,SILENT,IDLE-SILENT
618,4,0,0,4,96.6,0.00,SILENT,IDLE-SILENT
619,0,0,0,4,96.3,0.00,SILENT,IDLE-SILENT
619,1,0,0,4,30.1,0.00,SILENT,IDLE-SILENT
619,2,0,0,4,90.7,0.00,SILENT,IDLE-SILENT
619,3,0,0,4,32.3,0.00,SILENT,IDLE-SILENT
619,4,0,0,4,96.5,0.00,SILENT,IDLE-SILENT
620,0,0,0,4,96.2,0.00,SILENT,IDLE-SILENT
620,1,0,0,4,30.0,0.00,SILENT,IDLE-SILENT
620,2,0,0,4,90.6,0.00,SILENT,IDLE-SILENT
620,3,0,0,4,32.3,0.00,SILENT,IDLE-SILENT
620,4,0,0,4,96.4,0.00,SILENT,IDLE-SILENT
621,0,0,0,4,96.1,0.00,SILENT,IDLE-SILENT
621,1,0,0,4,29.9,0.00,SILENT,IDLE-SILENT
621,2,0,0,4,90.5,0.00,SILENT,IDLE-SILENT
621,3,0,0,4,32.3,0.00,SILENT,IDLE-SILENT
621,4,0,0,4,96.3,0.00,SILENT,IDLE-SILENT
622,0,0,0,4,96.0,0.00,SILENT,IDLE-SILENT
622,1,0,0,4,29.8,0.00,SILENT,IDLE-SILENT
622,2,0,0,4,90.4,0.00,SILENT,IDLE-SILENT
622,3,0,0,4,32.3,0.00,SILENT,IDLE-SILENT
622,4,0,0,4,96.2,0.00,SILENT,IDLE-SILENT
623,0,0,0,4,95.9,0.00,SILENT,IDLE-SILENT
623,1,0,0,4,29.7,0.00,SILENT,IDLE-SILENT
623,2,0,0,4,90.3,0.00,SILENT,IDLE-SILENT
623,3,0,0,4,32.3,0.00,SILENT,IDLE-SILENT
623,4,0,0,4,96.1,0.00,SILENT,IDLE-SILENT
624,0,0,0,4,95.8,0.00,SILENT,IDLE-SILENT
624,1,0,0,4,29.6,0.00,SILENT,IDLE-SILENT
624,2,0,0,4,90.2,0.00,SILENT,IDLE-SILENT
624,3,0,0,4,32.3,0.00,SILENT,IDLE-SILENT
624,4,0,0,4,96.0,0.00,SILENT,IDLE-SILENT
625,0,0,0,4,95.7,0.00,SILENT,IDLE-SILENT
625,1,0,0,4,29.5,0.00,SILENT,IDLE-SILENT
625,2,0,0,4,90.1,0.00,SILENT,IDLE-SILENT
625,3,0,0,4,32.3,0.00,SILENT,IDLE-SILENT
625,4,0,0,4,95.9,0.00,SILENT,IDLE-SILENT
626,0,0,0,4,95.6,0.00,SILENT,IDLE-SILENT
626,1,0,0,4,29.4,0.00,SILENT,IDLE-SILENT
626,2,0,0,4,90.0,0.00,SILENT,IDLE-SILENT
626,3,0,0,4,32.3,0.00,SILENT,IDLE-SILENT
626,4,0,0,4,95.8,0.00,SILENT,IDLE-SILENT
627,0,0,0,4,95.5,0.00,SILENT,IDLE-SILENT
627,1,0,0,4,29.3,0.00,SILENT,IDLE-SILENT
627,2,0,0,4,89.9,0.00,SILENT,IDLE-SILENT
627,3,0,0,4,32.3,0.00,SILENT,IDLE-SILENT
627,4,0,0,4,95.7,0.00,SILENT,IDLE-SILENT
628,0,0,0,4,95.4,0.00,SILENT,IDLE-SILENT
628,1,0,0,4,29.2,0.00,SILENT,IDLE-SILENT
628,2,0,0,4,89.8,0.00,SILENT,IDLE-SILENT
628,3,0,0,4,32.3,0.00,SILENT,IDLE-SILENT
628,4,0,0,4,95.6,0.00,SILENT,IDLE-SILENT
629,0,0,0,4,95.3,0.00,SILENT,IDLE-SILENT
629,1,0,0,4,29.1,0.00,SILENT,IDLE-SILENT
629,2,0,0,4,89.7,0.00,SILENT,IDLE-SILENT
629,3,0,0,4,32.3,0.00,SILENT,IDLE-SILENT
629,4,0,0,4,95.5,0.00,SILENT,IDLE-SILENT
630,0,0,0,4,95.2,0.00,SILENT,IDLE-SILENT
630,1,0,0,4,29.0,0.00,SILENT,IDLE-SILENT
630,2,0,0,4,89.6,0.00,SILENT,IDLE-SILENT
630,3,0,0,4,32.3,0.00,SILENT,IDLE-SILENT
630,4,0,0,4,95.5,0.00,SILENT,IDLE-SILENT
631,0,0,0,4,95.1,0.00,SILENT,IDLE-SILENT
631,1,0,0,4,28.9,0.00,SILENT,IDLE-SILENT
631,2,0,0,4,89.5,0.00,SILENT,IDLE-SILENT
631,3,0,0,4,32.3,0.00,SILENT,IDLE-SILENT
631,4,0,0,4,95.5,0.00,SILENT,IDLE-SILENT
632,0,0,0,4,95.0,0.00,SILENT,IDLE-SILENT
632,1,0,0,4,28.8,0.00,SILENT,IDLE-SILENT
632,2,0,0,4,89.4,0.00,SILENT,IDLE-SILENT
632,3,0,0,4,32.3,0.00,SILENT,IDLE-SILENT
632,4,0,0,4,95.5,0.00,SILENT,IDLE-SILENT
633,0,0,0,4,94.9,0.00,SILENT,IDLE-SILENT
633,1,0,0,4,28.7,0.00,SILENT,IDLE-SILENT
633,2,0,0,4,89.3,0.00,SILENT,IDLE-SILENT
633,3,0,0,4,32.3,0.00,SILENT,IDLE-SILENT
633,4,0,0,4,95.5,0.00,SILENT,IDLE-SILENT
634,0,0,0,4,94.8,0.00,SILENT,IDLE-SILENT
634,1,0,0,4,28.6,0.00,SILENT,IDLE-SILENT
634,2,0,0,4,89.2,0.00,SILENT,IDLE-SILENT
634,3,0,0,4,32.3,0.00,SILENT,IDLE-SILENT
634,4,0,0,4,95.5,0.00,SILENT,IDLE-SILENT
635,0,0,0,4,94.7,0.00,SILENT,IDLE-SILENT
635,1,0,0,4,28.5,0.00,SILENT,IDLE-SILENT
635,2,0,0,4,89.1,0.00,SILENT,IDLE-SILENT
635,3,0,0,4,32.3,0.00,SILENT,IDLE-SILENT
635,4,0,0,4,95.5,0.00,SILENT,IDLE-SILENT
636,0,0,0,4,94.6,0.00,SILENT,IDLE-SILENT
636,1,0,0,4,28.4,0.00,SILENT,IDLE-SILENT
636,2,0,0,4,89.0,0.00,SILENT,IDLE-SILENT
636,3,0,0,4,32.3,0.00,SILENT,IDLE-SILENT
636,4,0,0,4,95.5,0.00,SILENT,IDLE-SILENT
637,0,0,0,4,94.5,0.00,SILENT,IDLE-SILENT
637,1,0,0,4,28.3,0.00,SILENT,IDLE-SILENT
637,2,0,0,4,88.9,0.00,SILENT,IDLE-SILENT
637,3,0,0,4,32.3,0.00,SILENT,IDLE-SILENT
637,4,0,0,4,95.5,0.00,SILENT,IDLE-SILENT
638,0,0,0,4,94.4,0.00,SILENT,IDLE-SILENT
638,1,0,0,4,28.2,0.00,SILENT,IDLE-SILENT
638,2,0,0,4,88.8,0.00,SILENT,IDLE-SILENT
638,3,0,0,4,32.3,0.00,SILENT,IDLE-SILENT
638,4,0,0,4,95.5,0.00,SILENT,IDLE-SILENT
639,0,0,0,4,94.3,0.00,SILENT,IDLE-SILENT
639,1,0,0,4,28.1,0.00,SILENT,IDLE-SILENT
639,2,0,0,4,88.7,0.00,SILENT,IDLE-SILENT
639,3,0,0,4,32.3,0.00,SILENT,IDLE-SILENT
639,4,0,0,4,95.5,0.00,SILENT,IDLE-SILENT
640,0,0,0,4,94.2,0.00,SILENT,IDLE-SILENT
640,1,0,0,4,28.0,0.00,SILENT,IDLE-SILENT
640,2,0,0,4,88.6,0.00,SILENT,IDLE-SILENT
640,3,0,0,4,32.3,0.00,SILENT,IDLE-SILENT
640,4,0,0,4,95.5,0.00,SILENT,IDLE-SILENT
641,0,0,0,4,94.1,0.00,SILENT,IDLE-SILENT
641,1,0,0,4,27.9,0.00,SILENT,IDLE-SILENT
641,2,0,0,4,88.5,0.00,SILENT,IDLE-SILENT
641,3,0,0,4,32.3,0.00,SILENT,IDLE-SILENT
641,4,0,0,4,95.5,0.00,SILENT,IDLE-SILENT
642,0,0,0,4,94.0,0.00,SILENT,IDLE-SILENT
642,1,0,0,4,27.8,0.00,SILENT,IDLE-SILENT
642,2,0,0,4,88.4,0.00,SILENT,IDLE-SILENT
642,3,0,0,4,32.3,0.00,SILENT,IDLE-SILENT
642,4,0,0,4,95.5,0.00,SILENT,IDLE-SILENT
643,0,0,0,4,93.9,0.00,SILENT,IDLE-SILENT
643,1,0,0,4,27.7,0.00,SILENT,IDLE-SILENT
643,2,0,0,4,88.3,0.00,SILENT,IDLE-SILENT
643,3,0,0,4,32.3,0.00,SILENT,IDLE-SILENT
643,4,0,0,4,95.5,0.00,SILENT,IDLE-SILENT
644,0,0,0,4,93.8,0.00,SILENT,IDLE-SILENT
644,1,0,0,4,27.6,0.00,SILENT,IDLE-SILENT
644,2,0,0,4,88.2,0.00,SILENT,IDLE-SILENT
644,3,0,0,4,32.3,0.00,SILENT,IDLE-SILENT
644,4,0,0,4,95.5,0.00,SILENT,IDLE-SILENT
645,0,0,0,4,93.7,0.00,SILENT,IDLE-SILENT
645,1,0,0,4,27.5,0.00,SILENT,IDLE-SILENT
645,2,0,0,4,88.1,0.00,SILENT,IDLE-SILENT
645,3,0,0,4,32.3,0.00,SILENT,IDLE-SILENT
645,4,0,0,4,95.5,0.00,SILENT,IDLE-SILENT
646,0,0,0,4,93.6,0.00,SILENT,IDLE-SILENT
646,1,0,0,4,27.4,0.00,SILENT,IDLE-SILENT
646,2,0,0,4,88.0,0.00,SILENT,IDLE-SILENT
646,3,0,0,4,32.3,0.00,SILENT,IDLE-SILENT
646,4,0,0,4,95.5,0.00,SILENT,IDLE-SILENT
647,0,0,0,4,93.5,0.00,SILENT,IDLE-SILENT
647,1,0,0,4,27.3,0.00,SILENT,IDLE-SILENT
647,2,0,0,4,87.9,0.00,SILENT,IDLE-SILENT
647,3,0,0,4,32.2,0.00,SILENT,IDLE-SILENT
647,4,0,0,4,95.5,0.00,SILENT,IDLE-SILENT
648,0,0,0,4,93.4,0.00,SILENT,IDLE-SILENT
648,1,0,0,4,27.2,0.00,SILENT,IDLE-SILENT
648,2,0,0,4,87.8,0.00,SILENT,IDLE-SILENT
648,3,0,0,4,32.1,0.00,SILENT,IDLE-SILENT
648,4,0,0,4,95.5,0.00,SILENT,IDLE-SILENT
649,0,0,0,4,93.3,0.00,SILENT,IDLE-SILENT
649,1,0,0,4,27.1,0.00,SILENT,IDLE-SILENT
649,2,0,0,4,87.7,0.00,SILENT,IDLE-SILENT
649,3,0,0,4,32.0,0.00,SILENT,IDLE-SILENT
649,4,0,0,4,95.5,0.00,SILENT,IDLE-SILENT
650,0,0,0,4,93.2,0.00,SILENT,IDLE-SILENT
650,1,0,0,4,27.0,0.00,SILENT,IDLE-SILENT
650,2,0,0,4,87.6,0.00,SILENT,IDLE-SILENT
650,3,0,0,4,31.9,0.00,SILENT,IDLE-SILENT
650,4,0,0,4,95.5,0.00,SILENT,IDLE-SILENT
651,0,0,0,4,93.1,0.00,SILENT,IDLE-SILENT
651,1,0,0,4,26.9,0.00,SILENT,IDLE-SILENT
651,2,0,0,4,87.5,0.00,SILENT,IDLE-SILENT
651,3,0,0,4,31.8,0.00,SILENT,IDLE-SILENT
651,4,0,0,4,95.5,0.00,SILENT,IDLE-SILENT
652,0,0,0,4,93.0,0.00,SILENT,IDLE-SILENT
652,1,0,0,4,26.8,0.00,SILENT,IDLE-SILENT
652,2,0,0,4,87.4,0.00,SILENT,IDLE-SILENT
652,3,0,0,4,31.7,0.00,SILENT,IDLE-SILENT
652,4,0,0,4,95.5,0.00,SILENT,IDLE-SILENT
653,0,0,0,4,92.9,0.00,SILENT,IDLE-SILENT
653,1,0,0,4,26.7,0.00,SILENT,IDLE-SILENT
653,2,0,0,4,87.3,0.00,SILENT,IDLE-SILENT
653,3,0,0,4,31.6,0.00,SILENT,IDLE-SILENT
653,4,0,0,4,95.5,0.00,SILENT,IDLE-SILENT
654,0,0,0,4,92.8,0.00,SILENT,IDLE-SILENT
654,1,0,0,4,26.6,0.00,SILENT,IDLE-SILENT
654,2,0,0,4,87.2,0.00,SILENT,IDLE-SILENT
654,3,0,0,4,31.5,0.00,SILENT,IDLE-SILENT
654,4,0,0,4,95.5,0.00,SILENT,IDLE-SILENT
655,0,0,0,4,92.7,0.00,SILENT,IDLE-SILENT
655,1,0,0,4,26.5,0.00,SILENT,IDLE-SILENT
655,2,0,0,4,87.1,0.00,SILENT,IDLE-SILENT
655,3,0,0,4,31.4,0.00,SILENT,IDLE-SILENT
655,4,0,0,4,95.5,0.00,SILENT,IDLE-SILENT
656,0,0,0,4,92.6,0.00,SILENT,IDLE-SILENT
656,1,0,0,4,26.4,0.00,SILENT,IDLE-SILENT
656,2,0,0,4,87.0,0.00,SILENT,IDLE-SILENT
656,3,0,0,4,31.3,0.00,SILENT,IDLE-SILENT
656,4,0,0,4,95.5,0.00,SILENT,IDLE-SILENT
657,0,0,0,4,92.5,0.00,SILENT,IDLE-SILENT
657,1,0,0,4,26.3,0.00,SILENT,IDLE-SILENT
657,2,0,0,4,86.9,0.00,SILENT,IDLE-SILENT
657,3,0,0,4,31.2,0.00,SILENT,IDLE-SILENT
657,4,0,0,4,95.5,0.00,SILENT,IDLE-SILENT
658,0,0,0,4,92.4,0.00,SILENT,IDLE-SILENT
658,1,0,0,4,26.2,0.00,SILENT,IDLE-SILENT
658,2,0,0,4,86.8,0.00,SILENT,IDLE-SILENT
658,3,0,0,4,31.1,0.00,SILENT,IDLE-SILENT
658,4,0,0,4,95.5,0.00,SILENT,IDLE-SILENT
659,0,0,0,4,92.3,0.00,SILENT,IDLE-SILENT
659,1,0,0,4,26.1,0.00,SILENT,IDLE-SILENT
659,2,0,0,4,86.7,0.00,SILENT,IDLE-SILENT
659,3,0,0,4,31.0,0.00,SILENT,IDLE-SILENT
659,4,0,0,4,95.4,0.00,SILENT,IDLE-SILENT
660,0,0,0,4,92.2,0.00,SILENT,IDLE-SILENT
660,1,0,0,4,26.0,0.00,SILENT,IDLE-SILENT
660,2,0,0,4,86.6,0.00,SILENT,IDLE-SILENT
660,3,0,0,4,30.9,0.00,SILENT,IDLE-SILENT
660,4,0,0,4,95.3,0.00,SILENT,IDLE-SILENT
661,0,0,0,4,92.1,0.00,SILENT,IDLE-SILENT
661,1,0,0,4,25.9,0.00,SILENT,IDLE-SILENT
661,2,0,0,4,86.5,0.00,SILENT,IDLE-SILENT
661,3,0,0,4,30.8,0.00,SILENT,IDLE-SILENT
661,4,0,0,4,95.2,0.00,SILENT,IDLE-SILENT
662,0,0,0,4,92.0,0.00,SILENT,IDLE-SILENT
662,1,0,0,4,25.8,0.00,SILENT,IDLE-SILENT
662,2,0,0,4,86.4,0.00,SILENT,IDLE-SILENT
662,3,0,0,4,30.7,0.00,SILENT,IDLE-SILENT
662,4,0,0,4,95.1,0.00,SILENT,IDLE-SILENT
663,0,0,0,4,91.9,0.00,SILENT,IDLE-SILENT
663,1,0,0,4,25.7,0.00,SILENT,IDLE-SILENT
663,2,0,0,4,86.3,0.00,SILENT,IDLE-SILENT
663,3,0,0,4,30.6,0.00,SILENT,IDLE-SILENT
663,4,0,0,4,95.0,0.00,SILENT,IDLE-SILENT
664,0,0,0,4,91.8,0.00,SILENT,IDLE-SILENT
664,1,0,0,4,25.6,0.00,SILENT,IDLE-SILENT
664,2,0,0,4,86.2,0.00,SILENT,IDLE-SILENT
664,3,0,0,4,30.5,0.00,SILENT,IDLE-SILENT
664,4,0,0,4,94.9,0.00,SILENT,IDLE-SILENT
665,0,0,0,4,91.7,0.00,SILENT,IDLE-SILENT
665,1,0,0,4,25.5,0.00,SILENT,IDLE-SILENT
665,2,0,0,4,86.1,0.00,SILENT,IDLE-SILENT
665,3,0,0,4,30.4,0.00,SILENT,IDLE-SILENT
665,4,0,0,4,94.8,0.00,SILENT,IDLE-SILENT
666,0,0,0,4,91.6,0.00,SILENT,IDLE-SILENT
666,1,0,0,4,25.4,0.00,SILENT,IDLE-SILENT
666,2,0,0,4,86.0,0.00,SILENT,IDLE-SILENT
666,3,0,0,4,30.3,0.00,SILENT,IDLE-SILENT
666,4,0,0,4,94.7,0.00,SILENT,IDLE-SILENT
667,0,0,0,4,91.5,0.00,SILENT,IDLE-SILENT
667,1,0,0,4,25.3,0.00,SILENT,IDLE-SILENT
667,2,0,0,4,85.9,0.00,SILENT,IDLE-SILENT
667,3,0,0,4,30.2,0.00,SILENT,IDLE-SILENT
667,4,0,0,4,94.6,0.00,SILENT,IDLE-SILENT
668,0,0,0,4,91.4,0.00,SILENT,IDLE-SILENT
668,1,0,0,4,25.2,0.00,SILENT,IDLE-SILENT
668,2,0,0,4,85.8,0.00,SILENT,IDLE-SILENT
668,3,0,0,4,30.1,0.00,SILENT,IDLE-SILENT
668,4,0,0,4,94.5,0.00,SILENT,IDLE-SILENT
669,0,0,0,4,91.3,0.00,SILENT,IDLE-SILENT
669,1,0,0,4,25.1,0.00,SILENT,IDLE-SILENT
669,2,0,0,4,85.7,0.00,SILENT,IDLE-SILENT
669,3,0,0,4,30.0,0.00,SILENT,IDLE-SILENT
669,4,0,0,4,94.4,0.00,SILENT,IDLE-SILENT
670,0,0,0,4,91.2,0.00,SILENT,IDLE-SILENT
670,1,0,0,4,25.0,0.00,SILENT,IDLE-SILENT
670,2,0,0,4,85.6,0.00,SILENT,IDLE-SILENT
670,3,0,0,4,29.9,0.00,SILENT,IDLE-SILENT
670,4,0,0,4,94.3,0.00,SILENT,IDLE-SILENT
671,0,0,0,4,91.1,0.00,SILENT,IDLE-SILENT
671,1,0,0,4,24.9,0.00,SILENT,IDLE-SILENT
671,2,0,0,4,85.5,0.00,SILENT,IDLE-SILENT
671,3,0,0,4,29.8,0.00,SILENT,IDLE-SILENT
671,4,0,0,4,94.2,0.00,SILENT,IDLE-SILENT
672,0,0,0,4,91.0,0.00,SILENT,IDLE-SILENT
672,1,0,0,4,24.8,0.00,SILENT,IDLE-SILENT
672,2,0,0,4,85.4,0.00,SILENT,IDLE-SILENT
672,3,0,0,4,29.7,0.00,SILENT,IDLE-SILENT
672,4,0,0,4,94.1,0.00,SILENT,IDLE-SILENT
673,0,0,0,4,90.9,0.00,SILENT,IDLE-SILENT
673,1,0,0,4,24.7,0.00,SILENT,IDLE-SILENT
673,2,0,0,4,85.3,0.00,SILENT,IDLE-SILENT
673,3,0,0,4,29.6,0.00,SILENT,IDLE-SILENT
673,4,0,0,4,94.0,0.00,SILENT,IDLE-SILENT
674,0,0,0,4,90.8,0.00,SILENT,IDLE-SILENT
674,1,0,0,4,24.6,0.00,SILENT,IDLE-SILENT
674,2,0,0,4,85.2,0.00,SILENT,IDLE-SILENT
674,3,0,0,4,29.5,0.00,SILENT,IDLE-SILENT
674,4,0,0,4,93.9,0.00,SILENT,IDLE-SILENT
675,0,0,0,4,90.7,0.00,SILENT,IDLE-SILENT
675,1,0,0,4,24.5,0.00,SILENT,IDLE-SILENT
675,2,0,0,4,85.1,0.00,SILENT,IDLE-SILENT
675,3,0,0,4,29.4,0.00,SILENT,IDLE-SILENT
675,4,0,0,4,93.8,0.00,SILENT,IDLE-SILENT
676,0,0,0,4,90.6,0.00,SILENT,IDLE-SILENT
676,1,0,0,4,24.4,0.00,SILENT,IDLE-SILENT
676,2,0,0,4,85.0,0.00,SILENT,IDLE-SILENT
676,3,0,0,4,29.3,0.00,SILENT,IDLE-SILENT
676,4,0,0,4,93.7,0.00,SILENT,IDLE-SILENT
677,0,0,0,4,90.5,0.00,SILENT,IDLE-SILENT
677,1,0,0,4,24.3,0.00,SILENT,IDLE-SILENT
677,2,0,0,4,84.9,0.00,SILENT,IDLE-SILENT
677,3,0,0,4,29.2,0.00,SILENT,IDLE-SILENT
677,4,0,0,4,93.6,0.00,SILENT,IDLE-SILENT
678,0,0,0,4,90.4,0.00,SILENT,IDLE-SILENT
678,1,0,0,4,24.2,0.00,SILENT,IDLE-SILENT
678,2,0,0,4,84.8,0.00,SILENT,IDLE-SILENT
678,3,0,0,4,29.1,0.00,SILENT,IDLE-SILENT
678,4,0,0,4,93.5,0.00,SILENT,IDLE-SILENT
679,0,0,0,4,90.3,0.00,SILENT,IDLE-SILENT
679,1,0,0,4,24.1,0.00,SILENT,IDLE-SILENT
679,2,0,0,4,84.7,0.00,SILENT,IDLE-SILENT
679,3,0,0,4,29.0,0.00,SILENT,IDLE-SILENT
679,4,0,0,4,93.4,0.00,SILENT,IDLE-SILENT
680,0,0,0,4,90.2,0.00,SILENT,IDLE-SILENT
680,1,0,0,4,24.1,0.00,SILENT,IDLE-SILENT
680,2,0,0,4,84.6,0.00,SILENT,IDLE-SILENT
680,3,0,0,4,28.9,0.00,SILENT,IDLE-SILENT
680,4,0,0,4,93.3,0.00,SILENT,IDLE-SILENT
681,0,0,0,4,90.1,0.00,SILENT,IDLE-SILENT
681,1,0,0,4,24.1,0.00,SILENT,IDLE-SILENT
681,2,0,0,4,84.5,0.00,SILENT,IDLE-SILENT
681,3,0,0,4,28.8,0.00,SILENT,IDLE-SILENT
681,4,0,0,4,93.2,0.00,SILENT,IDLE-SILENT
682,0,0,0,4,90.0,0.00,SILENT,IDLE-SILENT
682,1,0,0,4,24.1,0.00,SILENT,IDLE-SILENT
682,2,0,0,4,84.4,0.00,SILENT,IDLE-SILENT
682,3,0,0,4,28.7,0.00,SILENT,IDLE-SILENT
682,4,0,0,4,93.1,0.00,SILENT,IDLE-SILENT
683,0,0,0,4,89.9,0.00,SILENT,IDLE-SILENT
683,1,0,0,4,24.1,0.00,SILENT,IDLE-SILENT
683,2,0,0,4,84.3,0.00,SILENT,IDLE-SILENT
683,3,0,0,4,28.6,0.00,SILENT,IDLE-SILENT
683,4,0,0,4,93.0,0.00,SILENT,IDLE-SILENT
684,0,0,0,4,89.8,0.00,SILENT,IDLE-SILENT
684,1,0,0,4,24.1,0.00,SILENT,IDLE-SILENT
684,2,0,0,4,84.2,0.00,SILENT,IDLE-SILENT
684,3,0,0,4,28.5,0.00,SILENT,IDLE-SILENT
684,4,0,0,4,92.9,0.00,SILENT,IDLE-SILENT
685,0,0,0,4,89.7,0.00,SILENT,IDLE-SILENT
685,1,0,0,4,24.1,0.00,SILENT,IDLE-SILENT
685,2,0,0,4,84.1,0.00,SILENT,IDLE-SILENT
685,3,0,0,4,28.4,0.00,SILENT,IDLE-SILENT
685,4,0,0,4,92.8,0.00,SILENT,IDLE-SILENT
686,0,0,0,4,89.6,0.00,SILENT,IDLE-SILENT
686,1,0,0,4,24.1,0.00,SILENT,IDLE-SILENT
686,2,0,0,4,84.0,0.00,SILENT,IDLE-SILENT
686,3,0,0,4,28.3,0.00,SILENT,IDLE-SILENT
686,4,0,0,4,92.7,0.00,SILENT,IDLE-SILENT
687,0,0,0,4,89.5,0.00,SILENT,IDLE-SILENT
687,1,0,0,4,24.1,0.00,SILENT,IDLE-SILENT
687,2,0,0,4,83.9,0.00,SILENT,IDLE-SILENT
687,3,0,0,4,28.2,0.00,SILENT,IDLE-SILENT
687,4,0,0,4,92.6,0.00,SILENT,IDLE-SILENT
688,0,0,0,4,89.4,0.00,SILENT,IDLE-SILENT
688,1,0,0,4,24.1,0.00,SILENT,IDLE-SILENT
688,2,0,0,4,83.8,0.00,SILENT,IDLE-SILENT
688,3,0,0,4,28.1,0.00,SILENT,IDLE-SILENT
688,4,0,0,4,92.5,0.00,SILENT,IDLE-SILENT
689,0,0,0,4,89.3,0.00,SILENT,IDLE-SILENT
689,1,0,0,4,24.1,0.00,SILENT,IDLE-SILENT
689,2,0,0,4,83.7,0.00,SILENT,IDLE-SILENT
689,3,0,0,4,28.0,0.00,SILENT,IDLE-SILENT
689,4,0,0,4,92.4,0.00,SILENT,IDLE-SILENT
690,0,0,0,4,89.2,0.00,SILENT,IDLE-SILENT
690,1,0,0,4,24.1,0.00,SILENT,IDLE-SILENT
690,2,0,0,4,83.6,0.00,SILENT,IDLE-SILENT
690,3,0,0,4,27.9,0.00,SILENT,IDLE-SILENT
690,4,0,0,4,92.3,0.00,SILENT,IDLE-SILENT
691,0,0,0,4,89.1,0.00,SILENT,IDLE-SILENT
691,1,0,0,4,24.1,0.00,SILENT,IDLE-SILENT
691,2,0,0,4,83.5,0.00,SILENT,IDLE-SILENT
691,3,0,0,4,27.8,0.00,SILENT,IDLE-SILENT
691,4,0,0,4,92.2,0.00,SILENT,IDLE-SILENT
692,0,0,0,4,89.0,0.00,SILENT,IDLE-SILENT
692,1,0,0,4,24.1,0.00,SILENT,IDLE-SILENT
692,2,0,0,4,83.4,0.00,SILENT,IDLE-SILENT
692,3,0,0,4,27.7,0.00,SILENT,IDLE-SILENT
692,4,0,0,4,92.1,0.00,SILENT,IDLE-SILENT
693,0,0,0,4,88.9,0.00,SILENT,IDLE-SILENT
693,1,0,0,4,24.1,0.00,SILENT,IDLE-SILENT
693,2,0,0,4,83.3,0.00,SILENT,IDLE-SILENT
693,3,0,0,4,27.6,0.00,SILENT,IDLE-SILENT
693,4,0,0,4,92.0,0.00,SILENT,IDLE-SILENT
694,0,0,0,4,88.8,0.00,SILENT,IDLE-SILENT
694,1,0,0,4,24.1,0.00,SILENT,IDLE-SILENT
694,2,0,0,4,83.2,0.00,SILENT,IDLE-SILENT
694,3,0,0,4,27.5,0.00,SILENT,IDLE-SILENT
694,4,0,0,4,91.9,0.00,SILENT,IDLE-SILENT
695,0,0,0,4,88.7,0.00,SILENT,IDLE-SILENT
695,1,0,0,4,24.1,0.00,SILENT,IDLE-SILENT
695,2,0,0,4,83.1,0.00,SILENT,IDLE-SILENT
695,3,0,0,4,27.4,0.00,SILENT,IDLE-SILENT
695,4,0,0,4,91.8,0.00,SILENT,IDLE-SILENT
696,0,0,0,4,88.6,0.00,SILENT,IDLE-SILENT
696,1,0,0,4,24.1,0.00,SILENT,IDLE-SILENT
696,2,0,0,4,83.0,0.00,SILENT,IDLE-SILENT
696,3,0,0,4,27.3,0.00,SILENT,IDLE-SILENT
696,4,0,0,4,91.7,0.00,SILENT,IDLE-SILENT
697,0,0,0,4,88.5,0.00,SILENT,IDLE-SILENT
697,1,0,0,4,24.1,0.00,SILENT,IDLE-SILENT
697,2,0,0,4,82.9,0.00,SILENT,IDLE-SILENT
697,3,0,0,4,27.2,0.00,SILENT,IDLE-SILENT
697,4,0,0,4,91.6,0.00,SILENT,IDLE-SILENT
698,0,0,0,4,88.4,0.00,SILENT,IDLE-SILENT
698,1,0,0,4,24.1,0.00,SILENT,IDLE-SILENT
698,2,0,0,4,82.8,0.00,SILENT,IDLE-SILENT
698,3,0,0,4,27.1,0.00,SILENT,IDLE-SILENT
698,4,0,0,4,91.5,0.00,SILENT,IDLE-SILENT
699,0,0,0,4,88.3,0.00,SILENT,IDLE-SILENT
699,1,0,0,4,24.1,0.00,SILENT,IDLE-SILENT
699,2,0,0,4,82.7,0.00,SILENT,IDLE-SILENT
699,3,0,0,4,27.0,0.00,SILENT,IDLE-SILENT
699,4,0,0,4,91.4,0.00,SILENT,IDLE-SILENT
700,0,0,0,4,88.2,0.00,SILENT,IDLE-SILENT
700,1,0,0,4,24.1,0.00,SILENT,IDLE-SILENT
700,2,0,0,4,82.6,0.00,SILENT,IDLE-SILENT
700,3,0,0,4,26.9,0.00,SILENT,IDLE-SILENT
700,4,0,0,4,91.3,0.00,SILENT,IDLE-SILENT
701,0,0,0,4,88.1,0.00,SILENT,IDLE-SILENT
701,1,0,0,4,24.1,0.00,SILENT,IDLE-SILENT
701,2,0,0,4,82.5,0.00,SILENT,IDLE-SILENT
701,3,0,0,4,26.8,0.00,SILENT,IDLE-SILENT
701,4,0,0,4,91.2,0.00,SILENT,IDLE-SILENT
702,0,0,0,4,88.0,0.00,SILENT,IDLE-SILENT
702,1,0,0,4,24.1,0.00,SILENT,IDLE-SILENT
702,2,0,0,4,82.4,0.00,SILENT,IDLE-SILENT
702,3,0,0,4,26.7,0.00,SILENT,IDLE-SILENT
702,4,0,0,4,91.1,0.00,SILENT,IDLE-SILENT
703,0,0,0,4,87.9,0.00,SILENT,IDLE-SILENT
703,1,0,0,4,24.1,0.00,SILENT,IDLE-SILENT
703,2,0,0,4,82.3,0.00,SILENT,IDLE-SILENT
703,3,0,0,4,26.6,0.00,SILENT,IDLE-SILENT
703,4,0,0,4,91.0,0.00,SILENT,IDLE-SILENT
704,0,0,0,4,87.8,0.00,SILENT,IDLE-SILENT
704,1,0,0,4,24.1,0.00,SILENT,IDLE-SILENT
704,2,0,0,4,82.2,0.00,SILENT,IDLE-SILENT
704,3,0,0,4,26.5,0.00,SILENT,IDLE-SILENT
704,4,0,0,4,90.9,0.00,SILENT,IDLE-SILENT
705,0,0,0,4,87.7,0.00,SILENT,IDLE-SILENT
705,1,0,0,4,24.1,0.00,SILENT,IDLE-SILENT
705,2,0,0,4,82.1,0.00,SILENT,IDLE-SILENT
705,3,0,0,4,26.4,0.00,SILENT,IDLE-SILENT
705,4,0,0,4,90.8,0.00,SILENT,IDLE-SILENT
706,0,0,0,4,87.6,0.00,SILENT,IDLE-SILENT
706,1,0,0,4,24.1,0.00,SILENT,IDLE-SILENT
706,2,0,0,4,82.0,0.00,SILENT,IDLE-SILENT
706,3,0,0,4,26.3,0.00,SILENT,IDLE-SILENT
706,4,0,0,4,90.7,0.00,SILENT,IDLE-SILENT
707,0,0,0,4,87.5,0.00,SILENT,IDLE-SILENT
707,1,0,0,4,24.1,0.00,SILENT,IDLE-SILENT
707,2,0,0,4,81.9,0.00,SILENT,IDLE-SILENT
707,3,0,0,4,26.2,0.00,SILENT,IDLE-SILENT
707,4,0,0,4,90.6,0.00,SILENT,IDLE-SILENT
708,0,0,0,4,87.4,0.00,SILENT,IDLE-SILENT
708,1,0,0,4,24.1,0.00,SILENT,IDLE-SILENT
708,2,0,0,4,81.8,0.00,SILENT,IDLE-SILENT
708,3,0,0,4,26.1,0.00,SILENT,IDLE-SILENT
708,4,0,0,4,90.5,0.00,SILENT,IDLE-SILENT
709,0,0,0,4,87.3,0.00,SILENT,IDLE-SILENT
709,1,0,0,4,24.0,0.00,SILENT,IDLE-SILENT
709,2,0,0,4,81.7,0.00,SILENT,IDLE-SILENT
709,3,0,0,4,26.0,0.00,SILENT,IDLE-SILENT
709,4,0,0,4,90.4,0.00,SILENT,IDLE-SILENT
710,0,0,0,4,87.2,0.00,SILENT,IDLE-SILENT
710,1,0,0,4,23.9,0.00,SILENT,IDLE-SILENT
710,2,0,0,4,81.6,0.00,SILENT,IDLE-SILENT
710,3,0,0,4,25.9,0.00,SILENT,IDLE-SILENT
710,4,0,0,4,90.3,0.00,SILENT,IDLE-SILENT
711,0,0,0,4,87.1,0.00,SILENT,IDLE-SILENT
711,1,0,0,4,23.8,0.00,SILENT,IDLE-SILENT
711,2,0,0,4,81.5,0.00,SILENT,IDLE-SILENT
711,3,0,0,4,25.8,0.00,SILENT,IDLE-SILENT
711,4,0,0,4,90.2,0.00,SILENT,IDLE-SILENT
712,0,0,0,4,87.0,0.00,SILENT,IDLE-SILENT
712,1,0,0,4,23.7,0.00,SILENT,IDLE-SILENT
712,2,0,0,4,81.4,0.00,SILENT,IDLE-SILENT
712,3,0,0,4,25.7,0.00,SILENT,IDLE-SILENT
712,4,0,0,4,90.1,0.00,SILENT,IDLE-SILENT
713,0,0,0,4,86.9,0.00,SILENT,IDLE-SILENT
713,1,0,0,4,23.6,0.00,SILENT,IDLE-SILENT
713,2,0,0,4,81.3,0.00,SILENT,IDLE-SILENT
713,3,0,0,4,25.6,0.00,SILENT,IDLE-SILENT
713,4,0,0,4,90.0,0.00,SILENT,IDLE-SILENT
714,0,0,0,4,86.8,0.00,SILENT,IDLE-SILENT
714,1,0,0,4,23.5,0.00,SILENT,IDLE-SILENT
714,2,0,0,4,81.2,0.00,SILENT,IDLE-SILENT
714,3,0,0,4,25.5,0.00,SILENT,IDLE-SILENT
714,4,0,0,4,89.9,0.00,SILENT,IDLE-SILENT
715,0,0,0,4,86.7,0.00,SILENT,IDLE-SILENT
715,1,0,0,4,23.4,0.00,SILENT,IDLE-SILENT
715,2,0,0,4,81.1,0.00,SILENT,IDLE-SILENT
715,3,0,0,4,25.4,0.00,SILENT,IDLE-SILENT
715,4,0,0,4,89.8,0.00,SILENT,IDLE-SILENT
716,0,0,0,4,86.6,0.00,SILENT,IDLE-SILENT
716,1,0,0,4,23.3,0.00,SILENT,IDLE-SILENT
716,2,0,0,4,81.0,0.00,SILENT,IDLE-SILENT
716,3,0,0,4,25.3,0.00,SILENT,IDLE-SILENT
716,4,0,0,4,89.7,0.00,SILENT,IDLE-SILENT
717,0,0,0,4,86.5,0.00,SILENT,IDLE-SILENT
717,1,0,0,4,23.2,0.00,SILENT,IDLE-SILENT
717,2,0,0,4,80.9,0.00,SILENT,IDLE-SILENT
717,3,0,0,4,25.2,0.00,SILENT,IDLE-SILENT
717,4,0,0,4,89.6,0.00,SILENT,IDLE-SILENT
718,0,0,0,4,86.4,0.00,SILENT,IDLE-SILENT
718,1,0,0,4,23.1,0.00,SILENT,IDLE-SILENT
718,2,0,0,4,80.8,0.00,SILENT,IDLE-SILENT
718,3,0,0,4,25.1,0.00,SILENT,IDLE-SILENT
718,4,0,0,4,89.5,0.00,SILENT,IDLE-SILENT
719,0,0,0,4,86.3,0.00,SILENT,IDLE-SILENT
719,1,0,0,4,23.0,0.00,SILENT,IDLE-SILENT
719,2,0,0,4,80.7,0.00,SILENT,IDLE-SILENT
719,3,0,0,4,25.0,0.00,SILENT,IDLE-SILENT
719,4,0,0,4,89.4,0.00,SILENT,IDLE-SILENT
720,0,0,0,4,86.2,0.00,SILENT,IDLE-SILENT
720,1,0,0,4,22.9,0.00,SILENT,IDLE-SILENT
720,2,0,0,4,80.6,0.00,SILENT,IDLE-SILENT
720,3,0,0,4,24.9,0.00,SILENT,IDLE-SILENT
720,4,0,0,4,89.3,0.00,SILENT,IDLE-SILENT
721,0,0,0,4,86.1,0.00,SILENT,IDLE-SILENT
721,1,0,0,4,22.8,0.00,SILENT,IDLE-SILENT
721,2,0,0,4,80.5,0.00,SILENT,IDLE-SILENT
721,3,0,0,4,24.8,0.00,SILENT,IDLE-SILENT
721,4,0,0,4,89.2,0.00,SILENT,IDLE-SILENT
722,0,0,0,4,86.0,0.00,SILENT,IDLE-SILENT
722,1,0,0,4,22.7,0.00,SILENT,IDLE-SILENT
722,2,0,0,4,80.4,0.00,SILENT,IDLE-SILENT
722,3,0,0,4,24.7,0.00,SILENT,IDLE-SILENT
722,4,0,0,4,89.1,0.00,SILENT,IDLE-SILENT
723,0,0,0,4,85.9,0.00,SILENT,IDLE-SILENT
723,1,0,0,4,22.6,0.00,SILENT,IDLE-SILENT
723,2,0,0,4,80.3,0.00,SILENT,IDLE-SILENT
723,3,0,0,4,24.6,0.00,SILENT,IDLE-SILENT
723,4,0,0,4,89.0,0.00,SILENT,IDLE-SILENT
724,0,0,0,4,85.8,0.00,SILENT,IDLE-SILENT
724,1,0,0,4,22.5,0.00,SILENT,IDLE-SILENT
724,2,0,0,4,80.2,0.00,SILENT,IDLE-SILENT
724,3,0,0,4,24.5,0.00,SILENT,IDLE-SILENT
724,4,0,0,4,88.9,0.00,SILENT,IDLE-SILENT
725,0,0,0,4,85.7,0.00,SILENT,IDLE-SILENT
725,1,0,0,4,22.4,0.00,SILENT,IDLE-SILENT
725,2,0,0,4,80.1,0.00,SILENT,IDLE-SILENT
725,3,0,0,4,24.4,0.00,SILENT,IDLE-SILENT
725,4,0,0,4,88.8,0.00,SILENT,IDLE-SILENT
726,0,0,0,4,85.6,0.00,SILENT,IDLE-SILENT
726,1,0,0,4,22.3,0.00,SILENT,IDLE-SILENT
726,2,0,0,4,80.0,0.00,SILENT,IDLE-SILENT
726,3,0,0,4,24.3,0.00,SILENT,IDLE-SILENT
726,4,0,0,4,88.7,0.00,SILENT,IDLE-SILENT
727,0,0,0,4,85.5,0.00,SILENT,IDLE-SILENT
727,1,0,0,4,22.2,0.00,SILENT,IDLE-SILENT
727,2,0,0,4,79.9,0.00,SILENT,IDLE-SILENT
727,3,0,0,4,24.2,0.00,SILENT,IDLE-SILENT
727,4,0,0,4,88.6,0.00,SILENT,IDLE-SILENT
728,0,0,0,4,85.4,0.00,SILENT,IDLE-SILENT
728,1,0,0,4,22.1,0.00,SILENT,IDLE-SILENT
728,2,0,0,4,79.8,0.00,SILENT,IDLE-SILENT
728,3,0,0,4,24.1,0.00,SILENT,IDLE-SILENT
728,4,0,0,4,88.5,0.00,SILENT,IDLE-SILENT
729,0,0,0,4,85.3,0.00,SILENT,IDLE-SILENT
729,1,0,0,4,22.0,0.00,SILENT,IDLE-SILENT
729,2,0,0,4,79.7,0.00,SILENT,IDLE-SILENT
729,3,0,0,4,24.0,0.00,SILENT,IDLE-SILENT
729,4,0,0,4,88.4,0.00,SILENT,IDLE-SILENT
730,0,0,0,4,85.3,0.00,SILENT,IDLE-SILENT
730,1,0,0,4,21.9,0.00,SILENT,IDLE-SILENT
730,2,0,0,4,79.6,0.00,SILENT,IDLE-SILENT
730,3,0,0,4,23.9,0.00,SILENT,IDLE-SILENT
730,4,0,0,4,88.3,0.00,SILENT,IDLE-SILENT
731,0,0,0,4,85.3,0.00,SILENT,IDLE-SILENT
731,1,0,0,4,21.8,0.00,SILENT,IDLE-SILENT
731,2,0,0,4,79.5,0.00,SILENT,IDLE-SILENT
731,3,0,0,4,23.8,0.00,SILENT,IDLE-SILENT
731,4,0,0,4,88.2,0.00,SILENT,IDLE-SILENT
732,0,0,0,4,85.3,0.00,SILENT,IDLE-SILENT
732,1,0,0,4,21.7,0.00,SILENT,IDLE-SILENT
732,2,0,0,4,79.4,0.00,SILENT,IDLE-SILENT
732,3,0,,,23.7,0.00,SILENT,IDLE-SILENT
732,4,0,0,4,88.1,0.00,SILENT,IDLE-SILENT
733,0,0,0,4,85.3,0.00,SILENT,IDLE-SILENT
733,1,0,0,4,21.6,0.00,SILENT,IDLE-SILENT
733,2,0,0,4,79.3,0.00,SILENT,IDLE-SILENT
733,3,0,,,23.6,0.00,SILENT,IDLE-SILENT
733,4,0,0,4,88.0,0.00,SILENT,IDLE-SILENT
734,0,0,0,4,85.3,0.00,SILENT,IDLE-SILENT
734,1,0,0,4,21.5,0.00,SILENT,IDLE-SILENT
734,2,0,0,4,79.2,0.00,SILENT,IDLE-SILENT
734,3,0,,,23.5,0.00,SILENT,IDLE-SILENT
734,4,0,0,4,87.9,0.00,SILENT,IDLE-SILENT
735,0,0,0,4,85.3,0.00,SILENT,IDLE-SILENT
735,1,0,0,4,21.4,0.00,SILENT,IDLE-SILENT
735,2,0,0,4,79.1,0.00,SILENT,IDLE-SILENT
735,3,0,,,23.4,0.00,SILENT,IDLE-SILENT
735,4,0,0,4,87.8,0.00,SILENT,IDLE-SILENT
736,0,0,0,4,85.3,0.00,SILENT,IDLE-SILENT
736,1,0,0,4,21.3,0.00,SILENT,IDLE-SILENT
736,2,0,0,4,79.0,0.00,SILENT,IDLE-SILENT
736,3,0,,,23.3,0.00,SILENT,IDLE-SILENT
736,4,0,0,4,87.7,0.00,SILENT,IDLE-SILENT
737,0,0,0,4,85.3,0.00,SILENT,IDLE-SILENT
737,1,0,0,4,21.2,0.00,SILENT,IDLE-SILENT
737,2,0,0,4,78.9,0.00,SILENT,IDLE-SILENT
737,3,0,,,23.2,0.00,SILENT,IDLE-SILENT
737,4,0,0,4,87.6,0.00,SILENT,IDLE-SILENT
738,0,0,0,4,85.3,0.00,SILENT,IDLE-SILENT
738,1,0,0,4,21.1,0.00,SILENT,IDLE-SILENT
738,2,0,0,4,78.8,0.00,SILENT,IDLE-SILENT
738,3,0,,,23.1,0.00,SILENT,IDLE-SILENT
738,4,0,0,4,87.5,0.00,SILENT,IDLE-SILENT
739,0,0,0,4,85.3,0.00,SILENT,IDLE-SILENT
739,1,0,0,4,21.0,0.00,SILENT,IDLE-SILENT
739,2,0,0,4,78.7,0.00,SILENT,IDLE-SILENT
739,3,0,,,23.0,0.00,SILENT,IDLE-SILENT
739,4,0,0,4,87.4,0.00,SILENT,IDLE-SILENT
740,0,0,0,4,85.3,0.00,SILENT,IDLE-SILENT
740,1,0,0,4,20.9,0.00,SILENT,IDLE-SILENT
740,2,0,0,4,78.6,0.00,SILENT,IDLE-SILENT
740,3,0,,,22.9,0.00,SILENT,IDLE-SILENT
740,4,0,0,4,87.3,0.00,SILENT,IDLE-SILENT
741,0,0,0,4,85.3,0.00,SILENT,IDLE-SILENT
741,1,0,0,4,20.8,0.00,SILENT,IDLE-SILENT
741,2,0,0,4,78.5,0.00,SILENT,IDLE-SILENT
741,3,0,0,4,22.8,0.00,SILENT,IDLE-SILENT
741,4,0,0,4,87.2,0.00,SILENT,IDLE-SILENT
742,0,0,0,4,85.3,0.00,SILENT,IDLE-SILENT
742,1,0,0,4,20.7,0.00,SILENT,IDLE-SILENT
742,2,0,0,4,78.4,0.00,SILENT,IDLE-SILENT
742,3,0,0,4,22.7,0.00,SILENT,IDLE-SILENT
742,4,0,0,4,87.1,0.00,SILENT,IDLE-SILENT
743,0,0,0,4,85.3,0.00,SILENT,IDLE-SILENT
743,1,0,0,4,20.6,0.00,SILENT,IDLE-SILENT
743,2,0,0,4,78.3,0.00,SILENT,IDLE-SILENT
743,3,0,0,4,22.6,0.00,SILENT,IDLE-SILENT
743,4,0,0,4,87.0,0.00,SILENT,IDLE-SILENT
744,0,0,0,4,85.3,0.00,SILENT,IDLE-SILENT
744,1,0,0,4,20.5,0.00,SILENT,IDLE-SILENT
744,2,0,0,4,78.2,0.00,SILENT,IDLE-SILENT
744,3,0,0,4,22.5,0.00,SILENT,IDLE-SILENT
744,4,0,0,4,86.9,0.00,SILENT,IDLE-SILENT
745,0,0,0,4,85.3,0.00,SILENT,IDLE-SILENT
745,1,0,0,4,20.4,0.00,SILENT,IDLE-SILENT
745,2,0,0,4,78.1,0.00,SILENT,IDLE-SILENT
745,3,0,0,4,22.4,0.00,SILENT,IDLE-SILENT
745,4,0,0,4,86.8,0.00,SILENT,IDLE-SILENT
746,0,0,0,4,85.3,0.00,SILENT,IDLE-SILENT
746,1,0,0,4,20.3,0.00,SILENT,IDLE-SILENT
746,2,0,0,4,78.0,0.00,SILENT,IDLE-SILENT
746,3,0,0,4,22.3,0.00,SILENT,IDLE-SILENT
746,4,0,0,4,86.7,0.00,SILENT,IDLE-SILENT
747,0,0,0,4,85.3,0.00,SILENT,IDLE-SILENT
747,1,0,0,4,20.2,0.00,SILENT,IDLE-SILENT
747,2,0,0,4,77.9,0.00,SILENT,IDLE-SILENT
747,3,0,0,4,22.2,0.00,SILENT,IDLE-SILENT
747,4,0,0,4,86.6,0.00,SILENT,IDLE-SILENT
748,0,0,0,4,85.3,0.00,SILENT,IDLE-SILENT
748,1,0,0,4,20.1,0.00,SILENT,IDLE-SILENT
748,2,0,0,4,77.8,0.00,SILENT,IDLE-SILENT
748,3,0,0,4,22.1,0.00,SILENT,IDLE-SILENT
748,4,0,0,4,86.5,0.00,SILENT,IDLE-SILENT
749,0,0,0,4,85.3,0.00,SILENT,IDLE-SILENT
749,1,0,0,4,20.0,0.00,SILENT,IDLE-SILENT
749,2,0,0,4,77.7,0.00,SILENT,IDLE-SILENT
749,3,0,0,4,22.0,0.00,SILENT,IDLE-SILENT
749,4,0,0,4,86.4,0.00,SILENT,IDLE-SILENT
750,0,0,0,4,85.3,0.00,SILENT,IDLE-SILENT
750,1,0,0,4,19.9,0.00,CRIT(20%),SILENT,IDLE-SILENT
750,2,0,0,4,77.6,0.00,SILENT,IDLE-SILENT
750,3,0,0,4,21.9,0.00,SILENT,IDLE-SILENT
750,4,0,0,4,86.3,0.00,SILENT,IDLE-SILENT
751,0,0,0,4,85.3,0.00,SILENT,IDLE-SILENT
751,1,0,0,4,19.8,0.00,CRIT(20%),SILENT,IDLE-SILENT
751,2,0,0,4,77.5,0.00,SILENT,IDLE-SILENT
751,3,0,0,4,21.8,0.00,SILENT,IDLE-SILENT
751,4,0,0,4,86.2,0.00,SILENT,IDLE-SILENT
752,0,0,0,4,85.3,0.00,SILENT,IDLE-SILENT
752,1,0,0,4,19.7,0.00,CRIT(20%),SILENT,IDLE-SILENT
752,2,0,0,4,77.4,0.00,SILENT,IDLE-SILENT
752,3,0,0,4,21.7,0.00,SILENT,IDLE-SILENT
752,4,0,0,4,86.1,0.00,SILENT,IDLE-SILENT
753,0,0,0,4,85.3,0.00,SILENT,IDLE-SILENT
753,1,0,0,4,19.6,0.00,CRIT(20%),SILENT,IDLE-SILENT
753,2,0,0,4,77.3,0.00,SILENT,IDLE-SILENT
753,3,0,0,4,21.6,0.00,SILENT,IDLE-SILENT
753,4,0,0,4,86.0,0.00,SILENT,IDLE-SILENT
754,0,0,0,4,85.3,0.00,SILENT,IDLE-SILENT
754,1,0,0,4,19.5,0.00,CRIT(20%),SILENT,IDLE-SILENT
754,2,0,0,4,77.2,0.00,SILENT,IDLE-SILENT
754,3,0,0,4,21.5,0.00,SILENT,IDLE-SILENT
754,4,0,0,4,85.9,0.00,SILENT,IDLE-SILENT
755,0,0,0,4,85.3,0.00,SILENT,IDLE-SILENT
755,1,0,0,4,19.4,0.00,CRIT(19%),SILENT,IDLE-SILENT
755,2,0,0,4,77.1,0.00,SILENT,IDLE-SILENT
755,3,0,0,4,21.4,0.00,SILENT,IDLE-SILENT
755,4,0,0,4,85.8,0.00,SILENT,IDLE-SILENT
756,0,0,0,4,85.3,0.00,SILENT,IDLE-SILENT
756,1,0,0,4,19.3,0.00,CRIT(19%),SILENT,IDLE-SILENT
756,2,0,0,4,77.0,0.00,SILENT,IDLE-SILENT
756,3,0,0,4,21.3,0.00,SILENT,IDLE-SILENT
756,4,0,0,4,85.7,0.00,SILENT,IDLE-SILENT
757,0,0,0,4,85.3,0.00,SILENT,IDLE-SILENT
757,1,0,0,4,19.2,0.00,CRIT(19%),SILENT,IDLE-SILENT
757,2,0,0,4,76.9,0.00,SILENT,IDLE-SILENT
757,3,0,0,4,21.2,0.00,SILENT,IDLE-SILENT
757,4,0,0,4,85.6,0.00,SILENT,IDLE-SILENT
758,0,0,0,4,85.3,0.00,SILENT,IDLE-SILENT
758,1,0,0,4,19.1,0.00,CRIT(19%),SILENT,IDLE-SILENT
758,2,0,0,4,76.8,0.00,SILENT,IDLE-SILENT
758,3,0,0,4,21.1,0.00,SILENT,IDLE-SILENT
758,4,0,0,4,85.5,0.00,SILENT,IDLE-SILENT
759,0,0,0,4,85.2,0.00,SILENT,IDLE-SILENT
759,1,0,0,4,19.0,0.00,CRIT(19%),SILENT,IDLE-SILENT
759,2,0,0,4,76.7,0.00,SILENT,IDLE-SILENT
759,3,0,0,4,21.0,0.00,SILENT,IDLE-SILENT
759,4,0,0,4,85.4,0.00,SILENT,IDLE-SILENT
760,0,0,0,4,85.1,0.00,SILENT,IDLE-SILENT
760,1,0,0,4,18.9,0.00,CRIT(19%),SILENT,IDLE-SILENT
760,2,0,0,4,76.6,0.00,SILENT,IDLE-SILENT
760,3,0,0,4,20.9,0.00,SILENT,IDLE-SILENT
760,4,0,0,4,85.3,0.00,SILENT,IDLE-SILENT
761,0,0,0,4,85.0,0.00,SILENT,IDLE-SILENT
761,1,0,0,4,18.8,0.00,CRIT(19%),SILENT,IDLE-SILENT
761,2,0,0,4,76.5,0.00,SILENT,IDLE-SILENT
761,3,0,0,4,20.8,0.00,SILENT,IDLE-SILENT
761,4,0,0,4,85.2,0.00,SILENT,IDLE-SILENT
762,0,0,0,4,84.9,0.00,SILENT,IDLE-SILENT
762,1,0,0,4,18.7,0.00,CRIT(19%),SILENT,IDLE-SILENT
762,2,0,0,4,76.4,0.00,SILENT,IDLE-SILENT
762,3,0,0,4,20.7,0.00,SILENT,IDLE-SILENT
762,4,0,0,4,85.1,0.00,SILENT,IDLE-SILENT
763,0,0,0,4,84.8,0.00,SILENT,IDLE-SILENT
763,1,0,0,4,18.6,0.00,CRIT(19%),SILENT,IDLE-SILENT
763,2,0,0,4,76.3,0.00,SILENT,IDLE-SILENT
763,3,0,0,4,20.6,0.00,SILENT,IDLE-SILENT
763,4,0,0,4,85.0,0.00,SILENT,IDLE-SILENT
764,0,0,0,4,84.7,0.00,SILENT,IDLE-SILENT
764,1,0,0,4,18.5,0.00,CRIT(19%),SILENT,IDLE-SILENT
764,2,0,0,4,76.2,0.00,SILENT,IDLE-SILENT
764,3,0,0,4,20.5,0.00,SILENT,IDLE-SILENT
764,4,0,0,4,84.9,0.00,SILENT,IDLE-SILENT
765,0,0,0,4,84.6,0.00,SILENT,IDLE-SILENT
765,1,0,0,4,18.4,0.00,CRIT(18%),SILENT,IDLE-SILENT
765,2,0,0,4,76.1,0.00,SILENT,IDLE-SILENT
765,3,0,0,4,20.4,0.00,SILENT,IDLE-SILENT
765,4,0,0,4,84.8,0.00,SILENT,IDLE-SILENT
766,0,0,0,4,84.5,0.00,SILENT,IDLE-SILENT
766,1,0,0,4,18.3,0.00,CRIT(18%),SILENT,IDLE-SILENT
766,2,0,0,4,76.0,0.00,SILENT,IDLE-SILENT
766,3,0,0,4,20.3,0.00,SILENT,IDLE-SILENT
766,4,0,0,4,84.7,0.00,SILENT,IDLE-SILENT
767,0,0,0,4,84.4,0.00,SILENT,IDLE-SILENT
767,1,0,0,4,18.2,0.00,CRIT(18%),SILENT,IDLE-SILENT
767,2,0,0,4,75.9,0.00,SILENT,IDLE-SILENT
767,3,0,0,4,20.2,0.00,SILENT,IDLE-SILENT
767,4,0,0,4,84.6,0.00,SILENT,IDLE-SILENT
768,0,0,0,4,84.3,0.00,SILENT,IDLE-SILENT
768,1,0,0,4,18.1,0.00,CRIT(18%),SILENT,IDLE-SILENT
768,2,0,0,4,75.8,0.00,SILENT,IDLE-SILENT
768,3,0,,,20.1,0.00,SILENT,IDLE-SILENT
768,4,0,0,4,84.5,0.00,SILENT,IDLE-SILENT
769,0,0,0,4,84.2,0.00,SILENT,IDLE-SILENT
769,1,0,0,4,18.0,0.00,CRIT(18%),SILENT,IDLE-SILENT
769,2,0,0,4,75.7,0.00,SILENT,IDLE-SILENT
769,3,0,,,20.0,0.00,CRIT(20%),SILENT,IDLE-SILENT
769,4,0,0,4,84.4,0.00,SILENT,IDLE-SILENT
770,0,0,0,4,84.1,0.00,SILENT,IDLE-SILENT
770,1,0,0,4,17.9,0.00,CRIT(18%),SILENT,IDLE-SILENT
770,2,0,0,4,75.6,0.00,SILENT,IDLE-SILENT
770,3,0,,,19.9,0.00,CRIT(20%),SILENT,IDLE-SILENT
770,4,0,0,4,84.3,0.00,SILENT,IDLE-SILENT
771,0,0,0,4,84.0,0.00,SILENT,IDLE-SILENT
771,1,0,0,4,17.8,0.00,CRIT(18%),SILENT,IDLE-SILENT
771,2,0,0,4,75.5,0.00,SILENT,IDLE-SILENT
771,3,0,,,19.8,0.00,CRIT(20%),SILENT,IDLE-SILENT
771,4,0,0,4,84.2,0.00,SILENT,IDLE-SILENT
772,0,0,0,4,83.9,0.00,SILENT,IDLE-SILENT
772,1,0,0,4,17.7,0.00,CRIT(18%),SILENT,IDLE-SILENT
772,2,0,0,4,75.4,0.00,SILENT,IDLE-SILENT
772,3,0,,,19.7,0.00,CRIT(20%),SILENT,IDLE-SILENT
772,4,0,0,4,84.1,0.00,SILENT,IDLE-SILENT
773,0,0,0,4,83.8,0.00,SILENT,IDLE-SILENT
773,1,0,0,4,17.6,0.00,CRIT(18%),SILENT,IDLE-SILENT
773,2,0,0,4,75.3,0.00,SILENT,IDLE-SILENT
773,3,0,,,19.6,0.00,CRIT(20%),SILENT,IDLE-SILENT
773,4,0,0,4,84.0,0.00,SILENT,IDLE-SILENT
774,0,0,0,4,83.7,0.00,SILENT,IDLE-SILENT
774,1,0,0,4,17.5,0.00,CRIT(18%),SILENT,IDLE-SILENT
774,2,0,0,4,75.2,0.00,SILENT,IDLE-SILENT
774,3,0,,,19.5,0.00,CRIT(19%),SILENT,IDLE-SILENT
774,4,0,0,4,83.9,0.00,SILENT,IDLE-SILENT
775,0,0,0,4,83.6,0.00,SILENT,IDLE-SILENT
775,1,0,0,4,17.4,0.00,CRIT(17%),SILENT,IDLE-SILENT
775,2,0,0,4,75.1,0.00,SILENT,IDLE-SILENT
775,3,0,,,19.4,0.00,CRIT(19%),SILENT,IDLE-SILENT
775,4,0,0,4,83.8,0.00,SILENT,IDLE-SILENT
776,0,0,0,4,83.5,0.00,SILENT,IDLE-SILENT
776,1,0,0,4,17.3,0.00,CRIT(17%),SILENT,IDLE-SILENT
776,2,0,0,4,75.0,0.00,SILENT,IDLE-SILENT
776,3,0,,,19.3,0.00,CRIT(19%),SILENT,IDLE-SILENT
776,4,0,0,4,83.7,0.00,SILENT,IDLE-SILENT
777,0,0,0,4,83.4,0.00,SILENT,IDLE-SILENT
777,1,0,0,4,17.2,0.00,CRIT(17%),SILENT,IDLE-SILENT
777,2,0,0,4,74.9,0.00,SILENT,IDLE-SILENT
777,3,0,,,19.2,0.00,CRIT(19%),SILENT,IDLE-SILENT
777,4,0,0,4,83.6,0.00,SILENT,IDLE-SILENT
778,0,0,0,4,83.3,0.00,SILENT,IDLE-SILENT
778,1,0,0,4,17.1,0.00,CRIT(17%),SILENT,IDLE-SILENT
778,2,0,0,4,74.8,0.00,SILENT,IDLE-SILENT
778,3,0,0,4,19.1,0.00,CRIT(19%),SILENT,IDLE-SILENT
778,4,0,0,4,83.5,0.00,SILENT,IDLE-SILENT
779,0,0,0,4,83.2,0.00,SILENT,IDLE-SILENT
779,1,0,0,4,17.0,0.00,CRIT(17%),SILENT,IDLE-SILENT
779,2,0,0,4,74.7,0.00,SILENT,IDLE-SILENT
779,3,0,0,4,19.0,0.00,CRIT(19%),SILENT,IDLE-SILENT
779,4,0,0,4,83.4,0.00,SILENT,IDLE-SILENT
780,0,0,0,4,83.1,0.00,SILENT,IDLE-SILENT
780,1,0,0,4,16.9,0.00,CRIT(17%),SILENT,IDLE-SILENT
780,2,0,0,4,74.6,0.00,SILENT,IDLE-SILENT
780,3,0,0,4,18.9,0.00,CRIT(19%),SILENT,IDLE-SILENT
780,4,0,0,4,83.3,0.00,SILENT,IDLE-SILENT
781,0,0,0,4,83.0,0.00,SILENT,IDLE-SILENT
781,1,0,0,4,16.8,0.00,CRIT(17%),SILENT,IDLE-SILENT
781,2,0,0,4,74.5,0.00,SILENT,IDLE-SILENT
781,3,0,0,4,18.8,0.00,CRIT(19%),SILENT,IDLE-SILENT
781,4,0,0,4,83.2,0.00,SILENT,IDLE-SILENT
782,0,0,0,4,82.9,0.00,SILENT,IDLE-SILENT
782,1,0,0,4,16.7,0.00,CRIT(17%),SILENT,IDLE-SILENT
782,2,0,0,4,74.4,0.00,SILENT,IDLE-SILENT
782,3,0,0,4,18.7,0.00,CRIT(19%),SILENT,IDLE-SILENT
782,4,0,0,4,83.1,0.00,SILENT,IDLE-SILENT
783,0,0,0,4,82.8,0.00,SILENT,IDLE-SILENT
783,1,0,0,4,16.6,0.00,CRIT(17%),SILENT,IDLE-SILENT
783,2,0,0,4,74.3,0.00,SILENT,IDLE-SILENT
783,3,0,0,4,18.6,0.00,CRIT(19%),SILENT,IDLE-SILENT
783,4,0,0,4,83.0,0.00,SILENT,IDLE-SILENT
784,0,0,0,4,82.7,0.00,SILENT,IDLE-SILENT
784,1,0,0,4,16.5,0.00,CRIT(17%),SILENT,IDLE-SILENT
784,2,0,0,4,74.2,0.00,SILENT,IDLE-SILENT
784,3,0,0,4,18.5,0.00,CRIT(18%),SILENT,IDLE-SILENT
784,4,0,0,4,82.9,0.00,SILENT,IDLE-SILENT
785,0,0,0,4,82.6,0.00,SILENT,IDLE-SILENT
785,1,0,0,4,16.4,0.00,CRIT(16%),SILENT,IDLE-SILENT
785,2,0,0,4,74.1,0.00,SILENT,IDLE-SILENT
785,3,0,0,4,18.4,0.00,CRIT(18%),SILENT,IDLE-SILENT
785,4,0,0,4,82.8,0.00,SILENT,IDLE-SILENT
786,0,0,0,4,82.5,0.00,SILENT,IDLE-SILENT
786,1,0,0,4,16.3,0.00,CRIT(16%),SILENT,IDLE-SILENT
786,2,0,0,4,74.0,0.00,SILENT,IDLE-SILENT
786,3,0,0,4,18.3,0.00,CRIT(18%),SILENT,IDLE-SILENT
786,4,0,0,4,82.7,0.00,SILENT,IDLE-SILENT
787,0,0,0,4,82.4,0.00,SILENT,IDLE-SILENT
787,1,0,0,4,16.2,0.00,CRIT(16%),SILENT,IDLE-SILENT
787,2,0,0,4,73.9,0.00,SILENT,IDLE-SILENT
787,3,0,0,4,18.2,0.00,CRIT(18%),SILENT,IDLE-SILENT
787,4,0,0,4,82.6,0.00,SILENT,IDLE-SILENT
788,0,0,0,4,82.3,0.00,SILENT,IDLE-SILENT
788,1,0,0,4,16.1,0.00,CRIT(16%),SILENT,IDLE-SILENT
788,2,0,0,4,73.8,0.00,SILENT,IDLE-SILENT
788,3,0,0,4,18.1,0.00,CRIT(18%),SILENT,IDLE-SILENT
788,4,0,0,4,82.5,0.00,SILENT,IDLE-SILENT
789,0,0,0,4,82.2,0.00,SILENT,IDLE-SILENT
789,1,0,0,4,16.0,0.00,CRIT(16%),SILENT,IDLE-SILENT
789,2,0,0,4,73.7,0.00,SILENT,IDLE-SILENT
789,3,0,0,4,18.0,0.00,CRIT(18%),SILENT,IDLE-SILENT
789,4,0,0,4,82.4,0.00,SILENT,IDLE-SILENT
790,0,0,0,4,82.1,0.00,SILENT,IDLE-SILENT
790,1,0,0,4,15.9,0.00,CRIT(16%),SILENT,IDLE-SILENT
790,2,0,0,4,73.6,0.00,SILENT,IDLE-SILENT
790,3,0,0,4,17.9,0.00,CRIT(18%),SILENT,IDLE-SILENT
790,4,0,0,4,82.3,0.00,SILENT,IDLE-SILENT
791,0,0,0,4,82.0,0.00,SILENT,IDLE-SILENT
791,1,0,0,4,15.8,0.00,CRIT(16%),SILENT,IDLE-SILENT
791,2,0,0,4,73.5,0.00,SILENT,IDLE-SILENT
791,3,0,0,4,17.8,0.00,CRIT(18%),SILENT,IDLE-SILENT
791,4,0,0,4,82.2,0.00,SILENT,IDLE-SILENT
792,0,0,0,4,81.9,0.00,SILENT,IDLE-SILENT
792,1,0,0,4,15.7,0.00,CRIT(16%),SILENT,IDLE-SILENT
792,2,0,0,4,73.4,0.00,SILENT,IDLE-SILENT
792,3,0,0,4,17.7,0.00,CRIT(18%),SILENT,IDLE-SILENT
792,4,0,0,4,82.1,0.00,SILENT,IDLE-SILENT
793,0,0,0,4,81.8,0.00,SILENT,IDLE-SILENT
793,1,0,0,4,15.6,0.00,CRIT(16%),SILENT,IDLE-SILENT
793,2,0,0,4,73.3,0.00,SILENT,IDLE-SILENT
793,3,0,0,4,17.6,0.00,CRIT(18%),SILENT,IDLE-SILENT
793,4,0,0,4,82.0,0.00,SILENT,IDLE-SILENT
794,0,0,0,4,81.7,0.00,SILENT,IDLE-SILENT
794,1,0,0,4,15.5,0.00,CRIT(16%),SILENT,IDLE-SILENT
794,2,0,0,4,73.2,0.00,SILENT,IDLE-SILENT
794,3,0,0,4,17.5,0.00,CRIT(17%),SILENT,IDLE-SILENT
794,4,0,0,4,81.9,0.00,SILENT,IDLE-SILENT
795,0,0,0,4,81.6,0.00,SILENT,IDLE-SILENT
795,1,0,0,4,15.4,0.00,CRIT(15%),SILENT,IDLE-SILENT
795,2,0,0,4,73.1,0.00,SILENT,IDLE-SILENT
795,3,0,0,4,17.4,0.00,CRIT(17%),SILENT,IDLE-SILENT
795,4,0,0,4,81.8,0.00,SILENT,IDLE-SILENT
796,0,0,0,4,81.5,0.00,SILENT,IDLE-SILENT
796,1,0,0,4,15.3,0.00,CRIT(15%),SILENT,IDLE-SILENT
796,2,0,0,4,73.0,0.00,SILENT,IDLE-SILENT
796,3,0,0,4,17.3,0.00,CRIT(17%),SILENT,IDLE-SILENT
796,4,0,0,4,81.7,0.00,SILENT,IDLE-SILENT
797,0,0,0,4,81.4,0.00,SILENT,IDLE-SILENT
797,1,0,0,4,15.2,0.00,CRIT(15%),SILENT,IDLE-SILENT
797,2,0,0,4,72.9,0.00,SILENT,IDLE-SILENT
797,3,0,0,4,17.2,0.00,CRIT(17%),SILENT,IDLE-SILENT
797,4,0,0,4,81.6,0.00,SILENT,IDLE-SILENT
798,0,0,0,4,81.3,0.00,SILENT,IDLE-SILENT
798,1,0,0,4,15.1,0.00,CRIT(15%),SILENT,IDLE-SILENT
798,2,0,0,4,72.8,0.00,SILENT,IDLE-SILENT
798,3,0,0,4,17.1,0.00,CRIT(17%),SILENT,IDLE-SILENT
798,4,0,0,4,81.5,0.00,SILENT,IDLE-SILENT
799,0,0,0,4,81.2,0.00,SILENT,IDLE-SILENT
799,1,0,0,4,15.0,0.00,CRIT(15%),SILENT,IDLE-SILENT
799,2,0,0,4,72.7,0.00,SILENT,IDLE-SILENT
799,3,0,0,4,17.0,0.00,CRIT(17%),SILENT,IDLE-SILENT
799,4,0,0,4,81.4,0.00,SILENT,IDLE-SILENT
800,0,0,0,4,81.1,0.00,SILENT,IDLE-SILENT
800,1,0,0,4,14.9,0.00,CRIT(15%),SILENT,IDLE-SILENT
800,2,0,0,4,72.6,0.00,SILENT,IDLE-SILENT
800,3,0,0,4,16.9,0.00,CRIT(17%),SILENT,IDLE-SILENT
800,4,0,0,4,81.3,0.00,SILENT,IDLE-SILENT
801,0,0,0,4,81.0,0.00,SILENT,IDLE-SILENT
801,1,0,0,4,14.8,0.00,CRIT(15%),SILENT,IDLE-SILENT
801,2,0,0,4,72.5,0.00,SILENT,IDLE-SILENT
801,3,0,0,4,16.8,0.00,CRIT(17%),SILENT,IDLE-SILENT
801,4,0,0,4,81.2,0.00,SILENT,IDLE-SILENT
802,0,0,0,4,80.9,0.00,SILENT,IDLE-SILENT
802,1,0,0,4,14.7,0.00,CRIT(15%),SILENT,IDLE-SILENT
802,2,0,0,4,72.4,0.00,SILENT,IDLE-SILENT
802,3,0,0,4,16.7,0.00,CRIT(17%),SILENT,IDLE-SILENT
802,4,0,0,4,81.1,0.00,SILENT,IDLE-SILENT
803,0,0,0,4,80.8,0.00,SILENT,IDLE-SILENT
803,1,0,0,4,14.6,0.00,CRIT(15%),SILENT,IDLE-SILENT
803,2,0,0,4,72.3,0.00,SILENT,IDLE-SILENT
803,3,0,0,4,16.6,0.00,CRIT(17%),SILENT,IDLE-SILENT
803,4,0,0,4,81.0,0.00,SILENT,IDLE-SILENT
804,0,0,0,4,80.7,0.00,SILENT,IDLE-SILENT
804,1,0,0,4,14.5,0.00,CRIT(15%),SILENT,IDLE-SILENT
804,2,0,0,4,72.2,0.00,SILENT,IDLE-SILENT
804,3,0,0,4,16.5,0.00,CRIT(16%),SILENT,IDLE-SILENT
804,4,0,0,4,80.9,0.00,SILENT,IDLE-SILENT
805,0,0,0,4,80.6,0.00,SILENT,IDLE-SILENT
805,1,0,0,4,14.4,0.00,CRIT(14%),SILENT,IDLE-SILENT
805,2,0,0,4,72.1,0.00,SILENT,IDLE-SILENT
805,3,0,,,16.4,0.00,CRIT(16%),SILENT,IDLE-SILENT
805,4,0,0,4,80.8,0.00,SILENT,IDLE-SILENT
806,0,0,0,4,80.5,0.00,SILENT,IDLE-SILENT
806,1,0,0,4,14.3,0.00,CRIT(14%),SILENT,IDLE-SILENT
806,2,0,0,4,72.0,0.00,SILENT,IDLE-SILENT
806,3,0,,,16.3,0.00,CRIT(16%),SILENT,IDLE-SILENT
806,4,0,0,4,80.7,0.00,SILENT,IDLE-SILENT
807,0,0,0,4,80.4,0.00,SILENT,IDLE-SILENT
807,1,0,0,4,14.2,0.00,CRIT(14%),SILENT,IDLE-SILENT
807,2,0,0,4,71.9,0.00,SILENT,IDLE-SILENT
807,3,0,,,16.2,0.00,CRIT(16%),SILENT,IDLE-SILENT
807,4,0,0,4,80.6,0.00,SILENT,IDLE-SILENT
808,0,0,0,4,80.3,0.00,SILENT,IDLE-SILENT
808,1,0,0,4,14.1,0.00,CRIT(14%),SILENT,IDLE-SILENT
808,2,0,0,4,71.8,0.00,SILENT,IDLE-SILENT
808,3,0,,,16.1,0.00,CRIT(16%),SILENT,IDLE-SILENT
808,4,0,0,4,80.5,0.00,SILENT,IDLE-SILENT
809,0,0,0,4,80.2,0.00,SILENT,IDLE-SILENT
809,1,0,0,4,14.0,0.00,CRIT(14%),SILENT,IDLE-SILENT
809,2,0,0,4,71.7,0.00,SILENT,IDLE-SILENT
809,3,0,,,16.0,0.00,CRIT(16%),SILENT,IDLE-SILENT
809,4,0,0,4,80.4,0.00,SILENT,IDLE-SILENT
810,0,0,0,4,80.1,0.00,SILENT,IDLE-SILENT
810,1,0,0,4,13.9,0.00,CRIT(14%),SILENT,IDLE-SILENT
810,2,0,0,4,71.6,0.00,SILENT,IDLE-SILENT
810,3,0,,,15.9,0.00,CRIT(16%),SILENT,IDLE-SILENT
810,4,0,0,4,80.3,0.00,SILENT,IDLE-SILENT
811,0,0,0,4,80.0,0.00,SILENT,IDLE-SILENT
811,1,0,0,4,13.8,0.00,CRIT(14%),SILENT,IDLE-SILENT
811,2,0,0,4,71.5,0.00,SILENT,IDLE-SILENT
811,3,0,,,15.8,0.00,CRIT(16%),SILENT,IDLE-SILENT
811,4,0,0,4,80.2,0.00,SILENT,IDLE-SILENT
812,0,0,0,4,79.9,0.00,SILENT,IDLE-SILENT
812,1,0,0,4,13.7,0.00,CRIT(14%),SILENT,IDLE-SILENT
812,2,0,0,4,71.4,0.00,SILENT,IDLE-SILENT
812,3,0,,,15.7,0.00,CRIT(16%),SILENT,IDLE-SILENT
812,4,0,0,4,80.1,0.00,SILENT,IDLE-SILENT
813,0,0,0,4,79.8,0.00,SILENT,IDLE-SILENT
813,1,0,0,4,13.6,0.00,CRIT(14%),SILENT,IDLE-SILENT
813,2,0,0,4,71.3,0.00,SILENT,IDLE-SILENT
813,3,0,,,15.6,0.00,CRIT(16%),SILENT,IDLE-SILENT
813,4,0,0,4,80.0,0.00,SILENT,IDLE-SILENT
814,0,0,0,4,79.7,0.00,SILENT,IDLE-SILENT
814,1,0,0,4,13.5,0.00,CRIT(14%),SILENT,IDLE-SILENT
814,2,0,0,4,71.2,0.00,SILENT,IDLE-SILENT
814,3,0,,,15.5,0.00,CRIT(15%),SILENT,IDLE-SILENT
814,4,0,0,4,79.9,0.00,SILENT,IDLE-SILENT
815,0,0,0,4,79.6,0.00,SILENT,IDLE-SILENT
815,1,0,0,4,13.4,0.00,CRIT(13%),SILENT,IDLE-SILENT
815,2,0,0,4,71.1,0.00,SILENT,IDLE-SILENT
815,3,0,0,4,15.4,0.00,CRIT(15%),SILENT,IDLE-SILENT
815,4,0,0,4,79.8,0.00,SILENT,IDLE-SILENT
1,0,0,1,-1,62.3,0.00,IDLE-SILENT
1,1,1,,,62.9,0.83,OK
1,2,0,1,-1,72.6,0.00,IDLE-SILENT
1,3,0,1,-1,47.1,0.00,IDLE-SILENT
1,4,0,0,-1,82.6,0.00,IDLE-SILENT
2,0,0,,,62.2,0.00,IDLE-SILENT
2,1,0,0,-1,62.8,0.83,OK
2,2,0,1,-1,72.5,0.00,IDLE-SILENT
2,3,1,1,-1,47.0,7.50,OK
2,4,0,1,-1,82.5,0.00,IDLE-SILENT
3,0,0,1,-1,62.1,0.00,IDLE-SILENT
3,1,0,,,62.7,0.83,OK
3,2,0,0,-1,72.4,0.00,IDLE-SILENT
3,3,0,0,-1,46.9,7.50,OK
3,4,0,0,-1,82.4,0.00,IDLE-SILENT
4,0,0,1,-1,62.0,0.00,IDLE-SILENT
4,1,0,1,-1,62.6,0.83,OK
4,2,0,0,-1,72.3,0.00,IDLE-SILENT
4,3,0,0,-1,46.8,7.50,OK
4,4,0,1,-1,82.3,0.00,IDLE-SILENT
5,0,0,0,-1,61.9,0.00,IDLE-SILENT
5,1,0,0,-1,62.5,0.83,OK
5,2,0,0,-1,72.2,0.00,IDLE-SILENT
5,3,0,,,46.7,7.50,OK
5,4,0,,,82.2,0.00,IDLE-SILENT
6,0,0,1,-1,61.8,0.00,IDLE-SILENT
6,1,1,1,-1,62.4,10.00,OK
6,2,0,1,-1,72.1,0.00,IDLE-SILENT
6,3,0,,,46.6,7.50,OK
6,4,0,1,-1,82.1,0.00,IDLE-SILENT
7,0,0,,,61.7,0.00,IDLE-SILENT
7,1,0,1,-1,62.3,10.00,OK
7,2,0,0,-1,72.0,0.00,IDLE-SILENT
7,3,0,,,46.5,7.50,OK
7,4,0,1,-1,82.0,0.00,IDLE-SILENT
8,0,1,1,-1,61.6,1.67,OK
8,1,0,1,-1,62.2,10.00,OK
8,2,0,1,-1,71.9,0.00,IDLE-SILENT
8,3,0,0,-1,46.4,7.50,OK
8,4,0,1,-1,81.9,0.00,IDLE-SILENT
9,0,0,,,61.5,1.67,OK
9,1,0,1,-1,62.1,10.00,OK
9,2,0,1,-1,71.8,0.00,IDLE-SILENT
9,3,0,1,-1,46.3,7.50,OK
9,4,0,1,-1,81.8,0.00,IDLE-SILENT
10,0,0,1,-1,61.4,1.67,OK
10,1,0,,,62.0,10.00,OK
10,2,0,0,-1,71.7,0.00,IDLE-SILENT
10,3,0,0,-1,46.2,7.50,OK
10,4,0,1,-1,81.7,0.00,IDLE-SILENT
11,0,0,1,-1,61.3,1.67,OK
11,1,0,0,-1,61.9,10.00,OK
11,2,0,0,-1,71.6,0.00,IDLE-SILENT
11,3,0,,,46.1,7.50,OK
11,4,0,,,81.6,0.00,IDLE-SILENT
12,0,0,1,-1,61.2,1.67,OK
12,1,0,1,-1,61.8,10.00,OK
12,2,0,1,-1,71.5,0.00,IDLE-SILENT
12,3,0,,,46.0,7.50,OK
12,4,0,1,-1,81.5,0.00,IDLE-SILENT
13,0,0,1,-1,61.1,1.67,OK
13,1,0,1,-1,61.7,10.00,OK
13,2,0,0,-1,71.4,0.00,IDLE-SILENT
13,3,0,0,-1,45.9,7.50,OK
13,4,0,0,-1,81.4,0.00,IDLE-SILENT
14,0,0,0,-1,61.0,1.67,OK
14,1,0,1,-1,61.6,10.00,OK
14,2,0,0,-1,71.3,0.00,IDLE-SILENT
14,3,0,0,-1,45.8,7.50,OK
14,4,0,1,-1,81.3,0.00,IDLE-SILENT
15,0,0,0,-1,60.9,1.67,OK
15,1,0,0,-1,61.5,10.00,OK
15,2,0,0,-1,71.2,0.00,IDLE-SILENT
15,3,0,1,-1,45.7,7.50,OK
15,4,0,1,-1,81.2,0.00,IDLE-SILENT
16,0,0,1,-1,60.8,1.67,OK
16,1,0,,,61.4,10.00,OK
16,2,0,0,-1,71.1,0.00,IDLE-SILENT
16,3,0,,,45.6,7.50,OK
16,4,0,1,-1,81.1,0.00,IDLE-SILENT
17,0,0,,,60.7,1.67,OK
17,1,0,0,-1,61.3,10.00,OK
17,2,0,1,-1,71.0,0.00,IDLE-SILENT
17,3,0,,,45.5,7.50,OK
17,4,0,0,-1,81.0,0.00,IDLE-SILENT
18,0,0,0,-1,60.6,1.67,OK
18,1,2,0,-1,61.2,0.00,IDLE-SILENT
18,2,0,1,-1,70.9,0.00,IDLE-SILENT
18,3,0,,,45.4,7.50,OK
18,4,0,,,80.9,0.00,IDLE-SILENT
19,0,0,1,-1,60.5,1.67,OK
19,1,0,1,-1,61.1,0.00,IDLE-SILENT
19,2,0,0,-1,70.8,0.00,IDLE-SILENT
19,3,0,0,-1,45.3,7.50,OK
19,4,0,0,-1,80.8,0.00,IDLE-SILENT
20,0,0,0,-1,60.4,1.67,OK
20,1,0,1,-1,61.0,0.00,IDLE-SILENT
20,2,0,0,-1,70.7,0.00,IDLE-SILENT
20,3,0,1,-1,45.2,7.50,OK
20,4,0,0,-1,80.7,0.00,IDLE-SILENT
21,0,0,0,-1,60.3,1.67,OK
21,1,0,1,-1,60.9,0.00,IDLE-SILENT
21,2,0,0,-1,70.6,0.00,IDLE-SILENT
21,3,0,,,45.1,7.50,OK
21,4,0,,,80.6,0.00,IDLE-SILENT
22,0,0,,,60.2,1.67,OK
22,1,0,0,-1,60.8,0.00,IDLE-SILENT
22,2,0,1,-1,70.5,0.00,IDLE-SILENT
22,3,0,0,-1,45.0,7.50,OK
22,4,0,,,80.5,0.00,IDLE-SILENT
23,0,0,0,-1,60.1,1.67,OK
23,1,0,0,-1,60.7,0.00,IDLE-SILENT
23,2,0,0,-1,70.4,0.00,IDLE-SILENT
23,3,0,,,44.9,7.50,OK
23,4,0,,,80.4,0.00,IDLE-SILENT
24,0,0,0,-1,60.0,1.67,OK
24,1,0,1,-1,60.6,0.00,IDLE-SILENT
24,2,0,,,70.3,0.00,IDLE-SILENT
24,3,0,,,44.8,7.50,OK
24,4,0,,,80.3,0.00,IDLE-SILENT
25,0,0,,,59.9,1.67,OK
25,1,0,0,-1,60.5,0.00,IDLE-SILENT
25,2,1,1,-1,70.2,8.33,OK
25,3,0,,,44.7,7.50,OK
25,4,0,1,-1,80.2,0.00,IDLE-SILENT
26,0,0,,,59.8,1.67,OK
26,1,0,1,-1,60.4,0.00,IDLE-SILENT
26,2,0,1,-1,70.1,8.33,OK
26,3,0,0,-1,44.6,7.50,OK
26,4,0,0,-1,80.1,0.00,IDLE-SILENT
27,0,0,1,-1,59.7,1.67,OK
27,1,0,0,-1,60.3,0.00,IDLE-SILENT
27,2,0,0,-1,70.0,8.33,OK
27,3,0,0,-1,44.5,7.50,OK
27,4,0,0,-1,80.0,0.00,IDLE-SILENT
28,0,0,1,-1,59.6,1.67,OK
28,1,0,1,-1,60.2,0.00,IDLE-SILENT
28,2,0,,,69.9,8.33,OK
28,3,0,,,44.4,7.50,OK
28,4,0,,,79.9,0.00,IDLE-SILENT
29,0,0,0,-1,59.5,1.67,OK
29,1,0,,,60.1,0.00,IDLE-SILENT
29,2,0,0,-1,69.8,8.33,OK
29,3,0,,,44.3,7.50,OK
29,4,0,0,-1,79.8,0.00,IDLE-SILENT
30,0,0,1,6,59.4,1.67,OK
30,1,0,1,6,60.0,0.00,IDLE-SILENT
30,2,2,0,2,69.7,0.00,IDLE-SILENT
30,3,0,1,6,44.2,7.50,OK
30,4,0,1,6,79.7,0.00,IDLE-SILENT
31,0,0,0,2,59.3,1.67,OK
31,1,0,1,11,59.9,0.00,IDLE-SILENT
31,2,0,0,2,69.6,0.00,IDLE-SILENT
31,3,0,,,44.1,7.50,OK
31,4,0,1,11,79.6,0.00,SILENT,IDLE-SILENT
32,0,0,1,0,59.2,1.67,OK
32,1,0,0,2,59.8,0.00,IDLE-SILENT
32,2,0,1,0,69.5,0.00,IDLE-SILENT
32,3,0,0,2,44.0,7.50,SILENT
32,4,0,1,0,79.5,0.00,SILENT,IDLE-SILENT
33,0,0,,,59.1,1.67,OK
33,1,0,,,59.7,0.00,IDLE-SILENT
33,2,0,1,-1,69.4,0.00,IDLE-SILENT
33,3,0,0,2,43.9,7.50,SILENT
33,4,0,1,-1,79.4,0.00,SILENT,IDLE-SILENT
34,0,0,,,59.0,1.67,OK
34,1,0,1,-1,59.6,0.00,IDLE-SILENT
34,2,0,1,-1,69.3,0.00,IDLE-SILENT
34,3,0,,,43.8,7.50,SILENT
34,4,1,0,-1,79.3,10.00,OK
35,0,0,1,-1,58.9,1.67,OK
35,1,0,1,-1,59.5,0.00,IDLE-SILENT
35,2,0,0,-1,69.2,0.00,IDLE-SILENT
35,3,0,0,-1,43.7,7.50,SILENT
35,4,0,,,79.2,10.00,OK
36,0,0,,,58.8,1.67,OK
36,1,0,1,-1,59.4,0.00,IDLE-SILENT
36,2,0,1,-1,69.1,0.00,IDLE-SILENT
36,3,0,0,-1,43.6,7.50,SILENT
36,4,0,,,79.1,10.00,OK
37,0,0,0,5,58.7,1.67,OK
37,1,0,,,59.3,0.00,IDLE-SILENT
37,2,0,,,69.0,0.00,IDLE-SILENT
37,3,0,0,5,43.5,7.50,SILENT
37,4,0,1,11,79.0,10.00,OK
38,0,0,0,5,58.6,1.67,SILENT
38,1,0,1,11,59.2,0.00,IDLE-SILENT
38,2,0,1,11,68.9,0.00,IDLE-SILENT
38,3,0,0,5,43.4,7.50,SILENT
38,4,0,1,11,78.9,10.00,OK
39,0,0,1,-1,58.5,1.67,SILENT
39,1,0,1,-1,59.1,0.00,IDLE-SILENT
39,2,0,,,68.8,0.00,IDLE-SILENT
39,3,0,1,-1,43.3,7.50,SILENT
39,4,0,1,-1,78.8,10.00,OK
40,0,0,0,5,58.4,1.67,SILENT
40,1,1,,,59.0,5.00,OK
40,2,0,1,-1,68.7,0.00,IDLE-SILENT
40,3,0,1,-1,43.2,7.50,SILENT
40,4,0,,,78.7,10.00,OK
41,0,0,0,5,58.3,1.67,SILENT
41,1,1,1,-1,58.9,8.33,OK
41,2,0,0,5,68.6,0.00,IDLE-SILENT
41,3,0,0,5,43.1,7.50,SILENT
41,4,0,1,-1,78.6,10.00,OK
42,0,0,1,-1,58.2,1.67,SILENT
42,1,0,,,58.8,8.33,OK
42,2,0,1,-1,68.5,0.00,IDLE-SILENT
42,3,0,0,5,43.0,7.50,SILENT
42,4,0,1,-1,78.5,10.00,OK
43,0,0,1,-1,58.1,1.67,SILENT
43,1,0,,,58.7,8.33,OK
43,2,0,1,-1,68.4,0.00,IDLE-SILENT
43,3,0,0,5,42.9,7.50,SILENT
43,4,0,0,5,78.4,10.00,OK
44,0,0,0,5,58.0,1.67,SILENT
44,1,0,1,-1,58.6,8.33,OK
44,2,0,0,5,68.3,0.00,IDLE-SILENT
44,3,0,0,5,42.8,7.50,SILENT
44,4,0,0,5,78.3,10.00,OK
45,0,0,1,-1,57.9,1.67,SILENT
45,1,0,0,-1,58.5,8.33,OK
45,2,0,,,68.2,0.00,IDLE-SILENT
45,3,0,,,42.7,7.50,SILENT
45,4,2,,,78.2,0.00,IDLE-SILENT
46,0,0,,,57.8,1.67,SILENT
46,1,0,1,-1,58.4,8.33,OK
46,2,0,1,-1,68.1,0.00,IDLE-SILENT
46,3,0,,,42.6,7.50,SILENT
46,4,0,1,-1,78.1,0.00,IDLE-SILENT
47,0,0,1,-1,57.7,1.67,SILENT
47,1,2,,,58.3,0.00,IDLE-SILENT
47,2,0,1,-1,68.0,0.00,IDLE-SILENT
47,3,0,0,-1,42.5,7.50,SILENT
47,4,0,,,78.0,0.00,IDLE-SILENT
48,0,0,1,-1,57.6,1.67,SILENT
48,1,0,1,-1,58.2,0.00,IDLE-SILENT
48,2,0,1,-1,67.9,0.00,IDLE-SILENT
48,3,0,1,-1,42.4,7.50,SILENT
48,4,0,,,77.9,0.00,IDLE-SILENT
49,0,0,,,57.5,1.67,SILENT
49,1,0,1,-1,58.1,0.00,IDLE-SILENT
49,2,0,0,-1,67.8,0.00,IDLE-SILENT
49,3,0,,,42.3,7.50,SILENT
49,4,0,0,-1,77.8,0.00,IDLE-SILENT
50,0,0,0,-1,57.4,1.67,SILENT
50,1,0,0,-1,58.0,0.00,IDLE-SILENT
50,2,0,,,67.7,0.00,IDLE-SILENT
50,3,0,1,-1,42.2,7.50,SILENT
50,4,0,1,-1,77.7,0.00,IDLE-SILENT
51,0,0,,,57.3,1.67,SILENT
51,1,0,,,57.9,0.00,IDLE-SILENT
51,2,0,1,-1,67.6,0.00,IDLE-SILENT
51,3,0,1,-1,42.1,7.50,SILENT
51,4,0,1,-1,77.6,0.00,IDLE-SILENT
52,0,0,,,57.2,1.67,SILENT
52,1,0,,,57.8,0.00,IDLE-SILENT
52,2,0,1,-1,67.5,0.00,IDLE-SILENT
52,3,0,,,42.0,7.50,SILENT
52,4,0,1,-1,77.5,0.00,IDLE-SILENT
53,0,0,1,-1,57.1,1.67,SILENT
53,1,0,,,57.7,0.00,IDLE-SILENT
53,2,0,1,-1,67.4,0.00,IDLE-SILENT
53,3,0,1,-1,41.9,7.50,SILENT
53,4,0,1,-1,77.4,0.00,IDLE-SILENT
54,0,0,1,-1,57.0,1.67,SILENT
54,1,0,1,-1,57.6,0.00,IDLE-SILENT
54,2,0,,,67.3,0.00,IDLE-SILENT
54,3,0,0,-1,41.8,7.50,SILENT
54,4,0,,,77.3,0.00,IDLE-SILENT
55,0,0,1,-1,56.9,1.67,SILENT
55,1,0,,,57.5,0.00,IDLE-SILENT
55,2,0,1,-1,67.2,0.00,IDLE-SILENT
55,3,0,,,41.7,7.50,SILENT
55,4,0,1,-1,77.2,0.00,IDLE-SILENT
56,0,0,,,56.8,1.67,SILENT
56,1,0,0,-1,57.4,0.00,IDLE-SILENT
56,2,0,,,67.1,0.00,IDLE-SILENT
56,3,0,0,-1,41.6,7.50,SILENT
56,4,0,1,-1,77.1,0.00,IDLE-SILENT
57,0,0,1,-1,56.7,1.67,SILENT
57,1,0,1,-1,57.3,0.00,IDLE-SILENT
57,2,0,0,-1,67.0,0.00,IDLE-SILENT
57,3,0,1,-1,41.5,7.50,SILENT
57,4,0,1,-1,77.0,0.00,IDLE-SILENT
58,0,0,,,56.6,1.67,SILENT
58,1,0,1,-1,57.2,0.00,IDLE-SILENT
58,2,0,1,-1,66.9,0.00,IDLE-SILENT
58,3,0,,,41.4,7.50,SILENT
58,4,0,,,76.9,0.00,IDLE-SILENT
59,0,0,0,9,56.5,1.67,SILENT
59,1,0,,,57.1,0.00,IDLE-SILENT
59,2,0,,,66.8,0.00,IDLE-SILENT
59,3,0,,,41.3,7.50,SILENT
59,4,0,,,76.8,0.00,IDLE-SILENT
60,0,0,1,-1,56.4,1.67,SILENT
60,1,0,0,0,57.0,0.00,IDLE-SILENT
60,2,0,,,66.7,0.00,SILENT,IDLE-SILENT
60,3,0,,,41.2,7.50,SILENT
60,4,0,1,-1,76.7,0.00,IDLE-SILENT
61,0,0,1,-1,56.3,1.67,SILENT
61,1,0,0,-1,56.9,0.00,IDLE-SILENT
61,2,0,0,-1,66.6,0.00,SILENT,IDLE-SILENT
61,3,0,1,-1,41.1,7.50,SILENT
61,4,0,1,-1,76.6,0.00,IDLE-SILENT
62,0,0,,,56.2,1.67,SILENT
62,1,0,1,-1,56.8,0.00,IDLE-SILENT
62,2,0,1,-1,66.5,0.00,SILENT,IDLE-SILENT
62,3,0,0,-1,41.0,7.50,SILENT
62,4,0,1,-1,76.5,0.00,IDLE-SILENT
63,0,0,1,-1,56.1,1.67,SILENT
63,1,0,0,-1,56.7,0.00,IDLE-SILENT
63,2,0,1,-1,66.4,0.00,SILENT,IDLE-SILENT
63,3,0,1,-1,40.9,7.50,SILENT
63,4,0,0,-1,76.4,0.00,IDLE-SILENT
64,0,0,0,-1,56.0,1.67,SILENT
64,1,0,,,56.6,0.00,IDLE-SILENT
64,2,0,1,-1,66.3,0.00,SILENT,IDLE-SILENT
64,3,0,1,-1,40.8,7.50,SILENT
64,4,0,1,-1,76.3,0.00,IDLE-SILENT
65,0,0,0,-1,55.9,1.67,SILENT
65,1,0,1,-1,56.5,0.00,IDLE-SILENT
65,2,0,1,-1,66.2,0.00,SILENT,IDLE-SILENT
65,3,0,,,40.7,7.50,SILENT
65,4,0,1,-1,76.2,0.00,IDLE-SILENT
66,0,0,,,55.8,1.67,SILENT
66,1,0,0,-1,56.4,0.00,IDLE-SILENT
66,2,0,0,-1,66.1,0.00,SILENT,IDLE-SILENT
66,3,0,,,40.6,7.50,SILENT
66,4,0,1,-1,76.1,0.00,IDLE-SILENT
67,0,0,0,-1,55.7,1.67,SILENT
67,1,0,0,-1,56.3,0.00,IDLE-SILENT
67,2,0,0,-1,66.0,0.00,SILENT,IDLE-SILENT
67,3,0,1,-1,40.5,7.50,SILENT
67,4,0,,,76.0,0.00,IDLE-SILENT
68,0,0,,,55.6,1.67,SILENT
68,1,0,1,-1,56.2,0.00,IDLE-SILENT
68,2,0,1,-1,65.9,0.00,SILENT,IDLE-SILENT
68,3,0,,,40.4,7.50,SILENT
68,4,0,,,75.9,0.00,IDLE-SILENT
69,0,0,0,-1,55.5,1.67,SILENT
69,1,0,1,-1,56.1,0.00,IDLE-SILENT
69,2,0,1,-1,65.8,0.00,SILENT,IDLE-SILENT
69,3,0,,,40.3,7.50,SILENT
69,4,0,0,-1,75.8,0.00,IDLE-SILENT
70,0,0,,,55.4,1.67,SILENT
70,1,1,,,56.0,2.50,OK
70,2,0,1,-1,65.7,0.00,SILENT,IDLE-SILENT
70,3,0,1,-1,40.2,7.50,SILENT
70,4,0,1,-1,75.7,0.00,IDLE-SILENT
71,0,0,,,55.3,1.67,SILENT
71,1,0,0,-1,55.9,2.50,OK
71,2,0,,,65.6,0.00,SILENT,IDLE-SILENT
71,3,0,1,-1,40.1,7.50,SILENT
71,4,0,1,-1,75.6,0.00,IDLE-SILENT
72,0,0,0,-1,55.2,1.67,SILENT
72,1,0,0,-1,55.8,2.50,OK
72,2,0,1,-1,65.5,0.00,SILENT,IDLE-SILENT
72,3,0,,,40.0,7.50,SILENT
72,4,0,,,75.5,0.00,IDLE-SILENT
73,0,0,0,-1,55.1,1.67,SILENT
73,1,0,1,-1,55.7,2.50,OK
73,2,0,0,-1,65.4,0.00,SILENT,IDLE-SILENT
73,3,0,,,39.9,7.50,SILENT
73,4,0,,,75.4,0.00,IDLE-SILENT
74,0,0,,,55.0,1.67,SILENT
74,1,0,0,-1,55.6,2.50,OK
74,2,0,1,-1,65.3,0.00,SILENT,IDLE-SILENT
74,3,0,0,-1,39.8,7.50,SILENT
74,4,0,1,-1,75.3,0.00,IDLE-SILENT
75,0,0,1,-1,54.9,1.67,SILENT
75,1,0,,,55.5,2.50,OK
75,2,0,,,65.2,0.00,SILENT,IDLE-SILENT
75,3,0,0,-1,39.7,7.50,SILENT
75,4,0,1,-1,75.2,0.00,SILENT,IDLE-SILENT
76,0,0,0,-1,54.8,1.67,SILENT
76,1,0,1,-1,55.4,2.50,OK
76,2,0,1,-1,65.1,0.00,SILENT,IDLE-SILENT
76,3,0,1,-1,39.6,7.50,SILENT
76,4,0,1,-1,75.1,0.00,SILENT,IDLE-SILENT
77,0,0,0,-1,54.7,1.67,SILENT
77,1,0,1,-1,55.3,2.50,OK
77,2,0,0,-1,65.0,0.00,SILENT,IDLE-SILENT
77,3,0,,,39.5,7.50,SILENT
77,4,0,1,-1,75.0,0.00,SILENT,IDLE-SILENT
78,0,0,1,-1,54.6,1.67,SILENT
78,1,1,,,55.2,8.33,OK
78,2,0,0,-1,64.9,0.00,SILENT,IDLE-SILENT
78,3,0,1,-1,39.4,7.50,SILENT
78,4,0,1,-1,74.9,0.00,SILENT,IDLE-SILENT
79,0,0,,,54.5,1.67,SILENT
79,1,0,,,55.1,8.33,OK
79,2,0,1,-1,64.8,0.00,SILENT,IDLE-SILENT
79,3,0,,,39.3,7.50,SILENT
79,4,0,1,-1,74.8,0.00,SILENT,IDLE-SILENT
80,0,0,1,-1,54.4,1.67,SILENT
80,1,0,,,55.0,8.33,OK
80,2,0,1,-1,64.7,0.00,SILENT,IDLE-SILENT
80,3,0,,,39.2,7.50,SILENT
80,4,0,,,74.7,0.00,SILENT,IDLE-SILENT
81,0,0,,,54.3,1.67,SILENT
81,1,2,,,54.9,0.00,IDLE-SILENT
81,2,0,0,-1,64.6,0.00,SILENT,IDLE-SILENT
81,3,0,0,-1,39.1,7.50,SILENT
81,4,0,,,74.6,0.00,SILENT,IDLE-SILENT
82,0,0,1,-1,54.2,1.67,SILENT
82,1,1,,,54.8,6.67,OK
82,2,0,1,-1,64.5,0.00,SILENT,IDLE-SILENT
82,3,0,0,-1,39.0,7.50,SILENT
82,4,0,1,-1,74.5,0.00,SILENT,IDLE-SILENT
83,0,0,,,54.1,1.67,SILENT
83,1,0,1,-1,54.7,6.67,OK
83,2,0,1,-1,64.4,0.00,SILENT,IDLE-SILENT
83,3,0,0,-1,38.9,7.50,SILENT
83,4,0,,,74.4,0.00,SILENT,IDLE-SILENT
84,0,0,1,-1,54.0,1.67,SILENT
84,1,0,,,54.6,6.67,OK
84,2,0,1,-1,64.3,0.00,SILENT,IDLE-SILENT
84,3,0,0,-1,38.8,7.50,SILENT
84,4,0,1,-1,74.3,0.00,SILENT,IDLE-SILENT
85,0,0,,,53.9,1.67,SILENT
85,1,0,0,-1,54.5,6.67,OK
85,2,0,0,-1,64.2,0.00,SILENT,IDLE-SILENT
85,3,0,0,-1,38.7,7.50,SILENT
85,4,0,0,-1,74.2,0.00,SILENT,IDLE-SILENT
86,0,0,,,53.8,1.67,SILENT
86,1,0,0,-1,54.4,6.67,OK
86,2,0,0,-1,64.1,0.00,SILENT,IDLE-SILENT
86,3,0,,,38.6,7.50,SILENT
86,4,0,1,-1,74.1,0.00,SILENT,IDLE-SILENT
87,0,0,,,53.7,1.67,SILENT
87,1,0,1,-1,54.3,6.67,OK
87,2,0,0,-1,64.0,0.00,SILENT,IDLE-SILENT
87,3,0,,,38.5,7.50,SILENT
87,4,0,1,-1,74.0,0.00,SILENT,IDLE-SILENT
88,0,0,,,53.6,1.67,SILENT
88,1,0,1,-1,54.2,6.67,OK
88,2,0,0,-1,63.9,0.00,SILENT,IDLE-SILENT
88,3,0,,,38.4,7.50,SILENT
88,4,0,,,73.9,0.00,SILENT,IDLE-SILENT
89,0,0,1,-1,53.5,1.67,SILENT
89,1,0,0,-1,54.1,6.67,OK
89,2,0,,,63.8,0.00,SILENT,IDLE-SILENT
89,3,0,,,38.3,7.50,SILENT
89,4,0,,,73.8,0.00,SILENT,IDLE-SILENT
90,0,0,,,53.4,1.67,SILENT
90,1,0,0,-1,54.0,6.67,OK
90,2,0,0,-1,63.7,0.00,SILENT,IDLE-SILENT
90,3,0,0,-1,38.2,7.50,SILENT
90,4,0,0,-1,73.7,0.00,SILENT,IDLE-SILENT
91,0,0,0,-1,53.3,1.67,SILENT
91,1,0,,,53.9,6.67,OK
91,2,0,1,-1,63.6,0.00,SILENT,IDLE-SILENT
91,3,0,,,38.1,7.50,SILENT
91,4,0,1,-1,73.6,0.00,SILENT,IDLE-SILENT
92,0,0,0,-1,53.2,1.67,SILENT
92,1,0,0,-1,53.8,6.67,OK
92,2,0,1,-1,63.5,0.00,SILENT,IDLE-SILENT
92,3,0,1,-1,38.0,7.50,SILENT
92,4,0,1,-1,73.5,0.00,SILENT,IDLE-SILENT
93,0,0,1,-1,53.1,1.67,SILENT
93,1,0,0,-1,53.7,6.67,OK
93,2,0,1,-1,63.4,0.00,SILENT,IDLE-SILENT
93,3,0,1,-1,37.9,7.50,SILENT
93,4,0,,,73.4,0.00,SILENT,IDLE-SILENT
94,0,0,,,53.0,1.67,SILENT
94,1,0,0,-1,53.6,6.67,OK
94,2,0,1,-1,63.3,0.00,SILENT,IDLE-SILENT
94,3,0,1,-1,37.8,7.50,SILENT
94,4,0,0,-1,73.3,0.00,SILENT,IDLE-SILENT
95,0,0,,,52.9,1.67,SILENT
95,1,0,1,-1,53.5,6.67,OK
95,2,0,0,-1,63.2,0.00,SILENT,IDLE-SILENT
95,3,0,,,37.7,7.50,SILENT
95,4,0,,,73.2,0.00,SILENT,IDLE-SILENT
96,0,0,0,-1,52.8,1.67,SILENT
96,1,0,0,-1,53.4,6.67,OK
96,2,0,0,-1,63.1,0.00,SILENT,IDLE-SILENT
96,3,0,1,-1,37.6,7.50,SILENT
96,4,0,,,73.1,0.00,SILENT,IDLE-SILENT
97,0,0,,,52.7,1.67,SILENT
97,1,0,0,-1,53.3,6.67,OK
97,2,0,,,63.0,0.00,SILENT,IDLE-SILENT
97,3,0,,,37.5,7.50,SILENT
97,4,0,,,73.0,0.00,SILENT,IDLE-SILENT
98,0,0,,,52.6,1.67,SILENT
98,1,0,,,53.2,6.67,OK
98,2,0,,,62.9,0.00,SILENT,IDLE-SILENT
98,3,0,,,37.4,7.50,SILENT
98,4,0,1,-1,72.9,0.00,SILENT,IDLE-SILENT
99,0,0,0,-1,52.5,1.67,SILENT
99,1,0,,,53.1,6.67,OK
99,2,0,1,-1,62.8,0.00,SILENT,IDLE-SILENT
99,3,0,1,-1,37.3,7.50,SILENT
99,4,0,,,72.8,0.00,SILENT,IDLE-SILENT
100,0,0,,,52.4,1.67,SILENT
100,1,0,0,-1,53.0,6.67,OK
100,2,0,1,-1,62.7,0.00,SILENT,IDLE-SILENT
100,3,0,1,-1,37.2,7.50,SILENT
100,4,0,1,-1,72.7,0.00,SILENT,IDLE-SILENT
101,0,0,0,-1,52.3,1.67,SILENT
101,1,0,,,52.9,6.67,OK
101,2,0,1,-1,62.6,0.00,SILENT,IDLE-SILENT
101,3,0,,,37.1,7.50,SILENT
101,4,0,1,-1,72.6,0.00,SILENT,IDLE-SILENT
102,0,0,0,-1,52.2,1.67,SILENT
102,1,0,1,-1,52.8,6.67,OK
102,2,0,1,-1,62.5,0.00,SILENT,IDLE-SILENT
102,3,0,1,-1,37.0,7.50,SILENT
102,4,0,1,-1,72.5,0.00,SILENT,IDLE-SILENT
103,0,0,0,-1,52.1,1.67,SILENT
103,1,0,,,52.7,6.67,OK
103,2,0,1,-1,62.4,0.00,SILENT,IDLE-SILENT
103,3,0,1,-1,36.9,7.50,SILENT
103,4,0,1,-1,72.4,0.00,SILENT,IDLE-SILENT
104,0,0,,,52.0,1.67,SILENT
104,1,0,,,52.6,6.67,OK
104,2,0,1,-1,62.3,0.00,SILENT,IDLE-SILENT
104,3,0,,,36.8,7.50,SILENT
104,4,0,0,-1,72.3,0.00,SILENT,IDLE-SILENT
105,0,0,1,-1,51.9,1.67,SILENT
105,1,0,1,-1,52.5,6.67,OK
105,2,0,1,-1,62.2,0.00,SILENT,IDLE-SILENT
105,3,0,0,-1,36.7,7.50,SILENT
105,4,0,0,-1,72.2,0.00,SILENT,IDLE-SILENT
106,0,0,0,-1,51.8,1.67,SILENT
106,1,0,,,52.4,6.67,OK
106,2,0,0,-1,62.1,0.00,SILENT,IDLE-SILENT
106,3,0,,,36.6,7.50,SILENT
106,4,0,0,-1,72.1,0.00,SILENT,IDLE-SILENT
107,0,0,1,-1,51.7,1.67,SILENT
107,1,0,1,-1,52.3,6.67,OK
107,2,0,1,-1,62.0,0.00,SILENT,IDLE-SILENT
107,3,0,0,-1,36.5,7.50,SILENT
107,4,0,0,-1,72.0,0.00,SILENT,IDLE-SILENT
108,0,0,,,51.6,1.67,SILENT
108,1,0,0,-1,52.2,6.67,OK
108,2,0,0,-1,61.9,0.00,SILENT,IDLE-SILENT
108,3,0,,,36.4,7.50,SILENT
108,4,0,1,-1,71.9,0.00,SILENT,IDLE-SILENT
109,0,0,1,-1,51.5,1.67,SILENT
109,1,0,1,-1,52.1,6.67,OK
109,2,0,0,-1,61.8,0.00,SILENT,IDLE-SILENT
109,3,0,,,36.3,7.50,SILENT
109,4,0,1,-1,71.8,0.00,SILENT,IDLE-SILENT
110,0,0,0,-1,51.4,1.67,SILENT
110,1,0,,,52.0,6.67,OK
110,2,0,1,-1,61.7,0.00,SILENT,IDLE-SILENT
110,3,0,,,36.2,7.50,SILENT
110,4,0,0,-1,71.7,0.00,SILENT,IDLE-SILENT
111,0,0,,,51.3,1.67,SILENT
111,1,0,,,51.9,6.67,OK
111,2,0,1,-1,61.6,0.00,SILENT,IDLE-SILENT
111,3,0,,,36.1,7.50,SILENT
111,4,0,1,-1,71.6,0.00,SILENT,IDLE-SILENT
112,0,0,,,51.2,1.67,SILENT
112,1,0,,,51.8,6.67,SILENT
112,2,0,,,61.5,0.00,SILENT,IDLE-SILENT
112,3,0,0,9,36.0,7.50,SILENT
112,4,0,1,-1,71.5,0.00,SILENT,IDLE-SILENT
113,0,0,0,9,51.1,1.67,SILENT
113,1,0,,,51.7,6.67,SILENT
113,2,0,1,-1,61.4,0.00,SILENT,IDLE-SILENT
113,3,0,,,35.9,7.50,SILENT
113,4,0,1,-1,71.4,0.00,SILENT,IDLE-SILENT
114,0,0,,,51.0,1.67,SILENT
114,1,0,1,-1,51.6,6.67,SILENT
114,2,0,0,9,61.3,0.00,SILENT,IDLE-SILENT
114,3,0,1,-1,35.8,7.50,SILENT
114,4,0,,,71.3,0.00,SILENT,IDLE-SILENT
115,0,0,,,50.9,1.67,SILENT
115,1,0,,,51.5,6.67,SILENT
115,2,0,1,-1,61.2,0.00,SILENT,IDLE-SILENT
115,3,0,0,9,35.7,7.50,SILENT
115,4,0,1,-1,71.2,0.00,SILENT,IDLE-SILENT
116,0,0,0,9,50.8,1.67,SILENT
116,1,0,0,9,51.4,6.67,SILENT
116,2,0,1,-1,61.1,0.00,SILENT,IDLE-SILENT
116,3,0,,,35.6,7.50,SILENT
116,4,0,0,9,71.1,0.00,SILENT,IDLE-SILENT
117,0,0,,,50.7,1.67,SILENT
117,1,0,,,51.3,6.67,SILENT
117,2,0,,,61.0,0.00,SILENT,IDLE-SILENT
117,3,0,1,-1,35.5,7.50,SILENT
117,4,0,1,-1,71.0,0.00,SILENT,IDLE-SILENT
118,0,0,,,50.6,1.67,SILENT
118,1,0,1,-1,51.2,6.67,SILENT
118,2,0,1,-1,60.9,0.00,SILENT,IDLE-SILENT
118,3,0,,,35.4,7.50,SILENT
118,4,0,,,70.9,0.00,SILENT,IDLE-SILENT
119,0,0,,,50.5,1.67,SILENT
119,1,0,0,9,51.1,6.67,SILENT
119,2,0,0,9,60.8,0.00,SILENT,IDLE-SILENT
119,3,0,,,35.3,7.50,SILENT
119,4,0,0,9,70.8,0.00,SILENT,IDLE-SILENT
120,0,0,0,9,50.4,1.67,SILENT
120,1,0,1,-1,51.0,6.67,SILENT
120,2,0,0,9,60.7,0.00,SILENT,IDLE-SILENT
120,3,0,,,35.2,7.50,SILENT
120,4,0,,,70.7,0.00,SILENT,IDLE-SILENT
121,0,0,,,50.3,1.67,SILENT
121,1,0,,,50.9,6.67,SILENT
121,2,0,0,9,60.6,0.00,SILENT,IDLE-SILENT
121,3,0,0,9,35.1,7.50,SILENT
121,4,0,1,-1,70.6,0.00,SILENT,IDLE-SILENT
122,0,0,,,50.2,1.67,SILENT
122,1,0,1,-1,50.8,6.67,SILENT
122,2,0,1,-1,60.5,0.00,SILENT,IDLE-SILENT
122,3,0,0,9,35.0,7.50,SILENT
122,4,0,1,-1,70.5,0.00,SILENT,IDLE-SILENT
123,0,0,,,50.1,1.67,SILENT
123,1,0,1,-1,50.7,6.67,SILENT
123,2,0,0,9,60.4,0.00,SILENT,IDLE-SILENT
123,3,0,0,9,34.9,7.50,SILENT
123,4,0,1,-1,70.4,0.00,SILENT,IDLE-SILENT
124,0,0,0,9,50.0,1.67,SILENT
124,1,0,0,9,50.6,6.67,SILENT
124,2,0,0,9,60.3,0.00,SILENT,IDLE-SILENT
124,3,0,1,-1,34.8,7.50,SILENT
124,4,0,1,-1,70.3,0.00,SILENT,IDLE-SILENT
125,0,0,1,-1,49.9,1.67,SILENT
125,1,0,0,9,50.5,6.67,SILENT
125,2,0,,,60.2,0.00,SILENT,IDLE-SILENT
125,3,0,0,9,34.7,7.50,SILENT
125,4,0,1,-1,70.2,0.00,SILENT,IDLE-SILENT
126,0,0,0,9,49.8,1.67,SILENT
126,1,0,0,9,50.4,6.67,SILENT
126,2,0,1,-1,60.1,0.00,SILENT,IDLE-SILENT
126,3,0,,,34.6,7.50,SILENT
126,4,0,0,9,70.1,0.00,SILENT,IDLE-SILENT
127,0,0,,,49.7,1.67,SILENT
127,1,0,1,-1,50.3,6.67,SILENT
127,2,0,1,-1,60.0,0.00,SILENT,IDLE-SILENT
127,3,0,0,9,34.5,7.50,SILENT
127,4,0,1,-1,70.0,0.00,SILENT,IDLE-SILENT
128,0,0,1,-1,49.6,1.67,SILENT
128,1,0,,,50.2,6.67,SILENT
128,2,0,,,59.9,0.00,SILENT,IDLE-SILENT
128,3,0,,,34.4,7.50,SILENT
128,4,0,,,69.9,0.00,SILENT,IDLE-SILENT
129,0,0,1,-1,49.5,1.67,SILENT
129,1,0,1,-1,50.1,6.67,SILENT
129,2,0,1,-1,59.8,0.00,SILENT,IDLE-SILENT
129,3,0,,,34.3,7.50,SILENT
129,4,0,1,-1,69.8,0.00,SILENT,IDLE-SILENT
130,0,0,,,49.4,1.67,SILENT
130,1,0,0,9,50.0,6.67,SILENT
130,2,0,1,-1,59.7,0.00,SILENT,IDLE-SILENT
130,3,0,,,34.2,7.50,SILENT
130,4,0,0,9,69.7,0.00,SILENT,IDLE-SILENT
131,0,0,,,49.3,1.67,SILENT
131,1,0,1,-1,49.9,6.67,SILENT
131,2,0,,,59.6,0.00,SILENT,IDLE-SILENT
131,3,0,0,9,34.1,7.50,SILENT
131,4,0,,,69.6,0.00,SILENT,IDLE-SILENT
132,0,0,,,49.2,1.67,SILENT
132,1,0,,,49.8,6.67,SILENT
132,2,0,,,59.5,0.00,SILENT,IDLE-SILENT
132,3,0,0,9,34.0,7.50,SILENT
132,4,0,,,69.5,0.00,SILENT,IDLE-SILENT
133,0,0,0,9,49.1,1.67,SILENT
133,1,0,0,9,49.7,6.67,SILENT
133,2,0,1,-1,59.4,0.00,SILENT,IDLE-SILENT
133,3,0,1,-1,33.9,7.50,SILENT
133,4,0,,,69.4,0.00,SILENT,IDLE-SILENT
134,0,0,0,9,49.0,1.67,SILENT
134,1,0,1,-1,49.6,6.67,SILENT
134,2,0,0,9,59.3,0.00,SILENT,IDLE-SILENT
134,3,0,0,9,33.8,7.50,SILENT
134,4,0,1,-1,69.3,0.00,SILENT,IDLE-SILENT
135,0,0,,,48.9,1.67,SILENT
135,1,0,0,9,49.5,6.67,SILENT
135,2,0,1,-1,59.2,0.00,SILENT,IDLE-SILENT
135,3,0,,,33.7,7.50,SILENT
135,4,0,1,-1,69.2,0.00,SILENT,IDLE-SILENT
136,0,0,,,48.8,1.67,SILENT
136,1,0,0,9,49.4,6.67,SILENT
136,2,0,,,59.1,0.00,SILENT,IDLE-SILENT
136,3,0,0,9,33.6,7.50,SILENT
136,4,0,1,-1,69.1,0.00,SILENT,IDLE-SILENT
137,0,0,,,48.7,1.67,SILENT
137,1,0,1,-1,49.3,6.67,SILENT
137,2,0,1,-1,59.0,0.00,SILENT,IDLE-SILENT
137,3,0,0,9,33.5,7.50,SILENT
137,4,0,1,-1,69.0,0.00,SILENT,IDLE-SILENT
138,0,0,0,9,48.6,1.67,SILENT
138,1,0,,,49.2,6.67,SILENT
138,2,0,1,-1,58.9,0.00,SILENT,IDLE-SILENT
138,3,0,,,33.4,7.50,SILENT
138,4,0,,,68.9,0.00,SILENT,IDLE-SILENT
139,0,0,1,-1,48.5,1.67,SILENT
139,1,0,1,-1,49.1,6.67,SILENT
139,2,0,1,-1,58.8,0.00,SILENT,IDLE-SILENT
139,3,0,1,-1,33.3,7.50,SILENT
139,4,0,1,-1,68.8,0.00,SILENT,IDLE-SILENT
140,0,0,,,48.4,1.67,SILENT
140,1,0,1,-1,49.0,6.67,SILENT
140,2,0,1,-1,58.7,0.00,SILENT,IDLE-SILENT
140,3,0,,,33.2,7.50,SILENT
140,4,0,1,-1,68.7,0.00,SILENT,IDLE-SILENT
141,0,0,,,48.3,1.67,SILENT
141,1,0,1,-1,48.9,6.67,SILENT
141,2,0,1,-1,58.6,0.00,SILENT,IDLE-SILENT
141,3,0,,,33.1,7.50,SILENT
141,4,0,1,-1,68.6,0.00,SILENT,IDLE-SILENT
142,0,0,1,-1,48.2,1.67,SILENT
142,1,0,0,9,48.8,6.67,SILENT
142,2,0,1,-1,58.5,0.00,SILENT,IDLE-SILENT
142,3,0,1,-1,33.0,7.50,SILENT
142,4,0,0,9,68.5,0.00,SILENT,IDLE-SILENT
143,0,0,1,-1,48.1,1.67,SILENT
143,1,0,0,9,48.7,6.67,SILENT
143,2,0,1,-1,58.4,0.00,SILENT,IDLE-SILENT
143,3,0,,,32.9,7.50,SILENT
143,4,0,,,68.4,0.00,SILENT,IDLE-SILENT
144,0,0,1,-1,48.0,1.67,SILENT
144,1,0,,,48.6,6.67,SILENT
144,2,0,,,58.3,0.00,SILENT,IDLE-SILENT
144,3,0,,,32.8,7.50,SILENT
144,4,0,1,-1,68.3,0.00,SILENT,IDLE-SILENT
145,0,0,0,9,47.9,1.67,SILENT
145,1,0,0,9,48.5,6.67,SILENT
145,2,0,1,-1,58.2,0.00,SILENT,IDLE-SILENT
145,3,0,0,9,32.7,7.50,SILENT
145,4,0,1,-1,68.2,0.00,SILENT,IDLE-SILENT
146,0,1,,,47.8,5.83,OK
146,1,0,,,48.4,6.67,SILENT
146,2,0,,,58.1,0.00,SILENT,IDLE-SILENT
146,3,0,,,32.6,7.50,SILENT
146,4,0,1,-1,68.1,0.00,SILENT,IDLE-SILENT
147,0,0,1,-1,47.7,5.83,OK
147,1,0,0,-1,48.3,6.67,SILENT
147,2,0,,,58.0,0.00,SILENT,IDLE-SILENT
147,3,0,1,-1,32.5,7.50,SILENT
147,4,0,,,68.0,0.00,SILENT,IDLE-SILENT
148,0,0,,,47.6,5.83,OK
148,1,0,0,-1,48.2,6.67,SILENT
148,2,0,0,-1,57.9,0.00,SILENT,IDLE-SILENT
148,3,0,0,-1,32.4,7.50,SILENT
148,4,0,,,67.9,0.00,SILENT,IDLE-SILENT
149,0,0,1,-1,47.5,5.83,OK
149,1,0,1,-1,48.1,6.67,SILENT
149,2,0,1,-1,57.8,0.00,SILENT,IDLE-SILENT
149,3,0,0,-1,32.3,7.50,SILENT
149,4,0,0,-1,67.8,0.00,SILENT,IDLE-SILENT
150,0,0,,,47.4,5.83,OK
150,1,0,,,48.0,6.67,SILENT
150,2,0,0,-1,57.7,0.00,SILENT,IDLE-SILENT
150,3,0,,,32.2,7.50,SILENT
150,4,0,0,-1,67.7,0.00,SILENT,IDLE-SILENT
151,0,0,,,47.3,5.83,OK
151,1,0,1,-1,47.9,6.67,SILENT
151,2,0,0,-1,57.6,0.00,SILENT,IDLE-SILENT
151,3,0,1,-1,32.1,7.50,SILENT
151,4,0,0,-1,67.6,0.00,SILENT,IDLE-SILENT
152,0,0,1,-1,47.2,5.83,OK
152,1,0,1,-1,47.8,6.67,SILENT
152,2,0,1,-1,57.5,0.00,SILENT,IDLE-SILENT
152,3,0,,,32.0,7.50,SILENT
152,4,0,,,67.5,0.00,SILENT,IDLE-SILENT
153,0,0,0,-1,47.1,5.83,OK
153,1,0,1,-1,47.7,6.67,SILENT
153,2,0,0,-1,57.4,0.00,SILENT,IDLE-SILENT
153,3,0,0,-1,31.9,7.50,SILENT
153,4,0,,,67.4,0.00,SILENT,IDLE-SILENT
154,0,0,,,47.0,5.83,OK
154,1,0,1,-1,47.6,6.67,SILENT
154,2,0,1,-1,57.3,0.00,SILENT,IDLE-SILENT
154,3,0,1,-1,31.8,7.50,SILENT
154,4,0,,,67.3,0.00,SILENT,IDLE-SILENT
155,0,0,1,-1,46.9,5.83,OK
155,1,0,0,-1,47.5,6.67,SILENT
155,2,0,0,-1,57.2,0.00,SILENT,IDLE-SILENT
155,3,0,,,31.7,7.50,SILENT
155,4,0,,,67.2,0.00,SILENT,IDLE-SILENT
156,0,0,0,-1,46.8,5.83,OK
156,1,0,1,-1,47.4,6.67,SILENT
156,2,0,,,57.1,0.00,SILENT,IDLE-SILENT
156,3,0,,,31.6,7.50,SILENT
156,4,0,1,-1,67.1,0.00,SILENT,IDLE-SILENT
157,0,0,,,46.7,5.83,OK
157,1,0,,,47.3,6.67,SILENT
157,2,0,0,-1,57.0,0.00,SILENT,IDLE-SILENT
157,3,0,,,31.5,7.50,SILENT
157,4,0,1,-1,67.0,0.00,SILENT,IDLE-SILENT
158,0,0,,,46.6,5.83,OK
158,1,0,,,47.2,6.67,SILENT
158,2,0,1,-1,56.9,0.00,SILENT,IDLE-SILENT
158,3,0,,,31.4,7.50,SILENT
158,4,0,1,-1,66.9,0.00,SILENT,IDLE-SILENT
159,0,0,0,-1,46.5,5.83,OK
159,1,0,1,-1,47.1,6.67,SILENT
159,2,0,0,-1,56.8,0.00,SILENT,IDLE-SILENT
159,3,0,,,31.3,7.50,SILENT
159,4,0,1,-1,66.8,0.00,SILENT,IDLE-SILENT
160,0,0,,,46.4,5.83,OK
160,1,0,0,-1,47.0,6.67,SILENT
160,2,0,0,-1,56.7,0.00,SILENT,IDLE-SILENT
160,3,0,1,-1,31.2,7.50,SILENT
160,4,0,0,-1,66.7,0.00,SILENT,IDLE-SILENT
161,0,0,0,-1,46.3,5.83,OK
161,1,0,1,-1,46.9,6.67,SILENT
161,2,0,1,-1,56.6,0.00,SILENT,IDLE-SILENT
161,3,0,1,-1,31.1,7.50,SILENT
161,4,0,,,66.6,0.00,SILENT,IDLE-SILENT
162,0,0,,,46.2,5.83,OK
162,1,0,1,-1,46.8,6.67,SILENT
162,2,0,1,-1,56.5,0.00,SILENT,IDLE-SILENT
162,3,0,,,31.0,7.50,SILENT
162,4,0,1,-1,66.5,0.00,SILENT,IDLE-SILENT
163,0,0,,,46.1,5.83,OK
163,1,0,0,-1,46.7,6.67,SILENT
163,2,0,,,56.4,0.00,SILENT,IDLE-SILENT
163,3,0,1,-1,30.9,7.50,SILENT
163,4,0,1,-1,66.4,0.00,SILENT,IDLE-SILENT
164,0,0,,,46.0,5.83,OK
164,1,0,0,-1,46.6,6.67,SILENT
164,2,0,,,56.3,0.00,SILENT,IDLE-SILENT
164,3,0,,,30.8,7.50,SILENT
164,4,0,0,-1,66.3,0.00,SILENT,IDLE-SILENT
165,0,0,0,-1,45.9,5.83,OK
165,1,0,,,46.5,6.67,SILENT
165,2,0,1,-1,56.2,0.00,SILENT,IDLE-SILENT
165,3,0,,,30.7,7.50,SILENT
165,4,0,,,66.2,0.00,SILENT,IDLE-SILENT
166,0,0,,,45.8,5.83,OK
166,1,0,,,46.4,6.67,SILENT
166,2,0,,,56.1,0.00,SILENT,IDLE-SILENT
166,3,0,,,30.6,7.50,SILENT
166,4,0,1,-1,66.1,0.00,SILENT,IDLE-SILENT
167,0,0,,,45.7,5.83,OK
167,1,0,,,46.3,6.67,SILENT
167,2,0,0,-1,56.0,0.00,SILENT,IDLE-SILENT
167,3,0,,,30.5,7.50,SILENT
167,4,0,,,66.0,0.00,SILENT,IDLE-SILENT
168,0,0,0,-1,45.6,5.83,OK
168,1,0,0,-1,46.2,6.67,SILENT
168,2,0,0,-1,55.9,0.00,SILENT,IDLE-SILENT
168,3,0,0,-1,30.4,7.50,SILENT
168,4,0,1,-1,65.9,0.00,SILENT,IDLE-SILENT
169,0,0,,,45.5,5.83,OK
169,1,0,0,-1,46.1,6.67,SILENT
169,2,0,1,-1,55.8,0.00,SILENT,IDLE-SILENT
169,3,0,1,-1,30.3,7.50,SILENT
169,4,0,,,65.8,0.00,SILENT,IDLE-SILENT
170,0,0,0,-1,45.4,5.83,OK
170,1,0,0,-1,46.0,6.67,SILENT
170,2,0,0,-1,55.7,0.00,SILENT,IDLE-SILENT
170,3,0,0,-1,30.2,7.50,SILENT
170,4,0,,,65.7,0.00,SILENT,IDLE-SILENT
171,0,0,,,45.3,5.83,OK
171,1,0,0,-1,45.9,6.67,SILENT
171,2,0,1,-1,55.6,0.00,SILENT,IDLE-SILENT
171,3,0,,,30.1,7.50,SILENT
171,4,0,0,-1,65.6,0.00,SILENT,IDLE-SILENT
172,0,0,1,-1,45.2,5.83,OK
172,1,0,0,-1,45.8,6.67,SILENT
172,2,0,0,-1,55.5,0.00,SILENT,IDLE-SILENT
172,3,0,0,-1,30.0,7.50,SILENT
172,4,0,0,-1,65.5,0.00,SILENT,IDLE-SILENT
173,0,0,0,-1,45.1,5.83,OK
173,1,0,,,45.7,6.67,SILENT
173,2,0,1,-1,55.4,0.00,SILENT,IDLE-SILENT
173,3,0,1,-1,29.9,7.50,SILENT
173,4,0,0,-1,65.4,0.00,SILENT,IDLE-SILENT
174,0,0,1,-1,45.0,5.83,OK
174,1,0,1,-1,45.6,6.67,SILENT
174,2,0,0,-1,55.3,0.00,SILENT,IDLE-SILENT
174,3,0,1,-1,29.8,7.50,SILENT
174,4,0,,,65.3,0.00,SILENT,IDLE-SILENT
175,0,0,1,-1,44.9,5.83,OK
175,1,0,0,-1,45.5,6.67,SILENT
175,2,0,0,-1,55.2,0.00,SILENT,IDLE-SILENT
175,3,0,1,-1,29.7,7.50,SILENT
175,4,0,,,65.2,0.00,SILENT,IDLE-SILENT
176,0,0,,,44.8,5.83,SILENT
176,1,0,0,-1,45.4,6.67,SILENT
176,2,0,1,-1,55.1,0.00,SILENT,IDLE-SILENT
176,3,0,,,29.6,7.50,SILENT
176,4,0,1,-1,65.1,0.00,SILENT,IDLE-SILENT
177,0,0,,,44.7,5.83,SILENT
177,1,0,1,-1,45.3,6.67,SILENT
177,2,0,,,55.0,0.00,SILENT,IDLE-SILENT
177,3,0,0,-1,29.5,7.50,SILENT
177,4,0,1,-1,65.0,0.00,SILENT,IDLE-SILENT
178,0,0,,,44.6,5.83,SILENT
178,1,0,,,45.2,6.67,SILENT
178,2,0,1,-1,54.9,0.00,SILENT,IDLE-SILENT
178,3,0,1,-1,29.4,7.50,SILENT
178,4,0,0,-1,64.9,0.00,SILENT,IDLE-SILENT
179,0,0,0,-1,44.5,5.83,SILENT
179,1,0,,,45.1,6.67,SILENT
179,2,0,1,-1,54.8,0.00,SILENT,IDLE-SILENT
179,3,0,0,-1,29.3,7.50,SILENT
179,4,0,,,64.8,0.00,SILENT,IDLE-SILENT
180,0,0,0,-1,44.4,5.83,SILENT
180,1,0,,,45.0,6.67,SILENT
180,2,0,1,-1,54.7,0.00,SILENT,IDLE-SILENT
180,3,0,0,-1,29.2,7.50,SILENT
180,4,0,1,-1,64.7,0.00,SILENT,IDLE-SILENT
181,0,0,0,-1,44.3,5.83,SILENT
181,1,0,,,44.9,6.67,SILENT
181,2,0,,,54.6,0.00,SILENT,IDLE-SILENT
181,3,0,,,29.1,7.50,SILENT
181,4,0,,,64.6,0.00,SILENT,IDLE-SILENT
182,0,0,,,44.2,5.83,SILENT
182,1,0,,,44.8,6.67,SILENT
182,2,0,0,-1,54.5,0.00,SILENT,IDLE-SILENT
182,3,0,,,29.0,7.50,SILENT
182,4,0,,,64.5,0.00,SILENT,IDLE-SILENT
183,0,0,1,-1,44.1,5.83,SILENT
183,1,0,0,-1,44.7,6.67,SILENT
183,2,0,0,-1,54.4,0.00,SILENT,IDLE-SILENT
183,3,0,,,28.9,7.50,SILENT
183,4,0,0,-1,64.4,0.00,SILENT,IDLE-SILENT
184,0,0,,,44.0,5.83,SILENT
184,1,0,0,-1,44.6,6.67,SILENT
184,2,0,1,-1,54.3,0.00,SILENT,IDLE-SILENT
184,3,0,,,28.8,7.50,SILENT
184,4,0,0,-1,64.3,0.00,SILENT,IDLE-SILENT
185,0,0,0,-1,43.9,5.83,SILENT
185,1,0,,,44.5,6.67,SILENT
185,2,0,,,54.2,0.00,SILENT,IDLE-SILENT
185,3,0,,,28.7,7.50,SILENT
185,4,0,0,-1,64.2,0.00,SILENT,IDLE-SILENT
186,0,0,,,43.8,5.83,SILENT
186,1,0,1,-1,44.4,6.67,SILENT
186,2,0,1,-1,54.1,0.00,SILENT,IDLE-SILENT
186,3,0,,,28.6,7.50,SILENT
186,4,0,1,-1,64.1,0.00,SILENT,IDLE-SILENT
187,0,0,1,-1,43.7,5.83,SILENT
187,1,0,,,44.3,6.67,SILENT
187,2,0,1,-1,54.0,0.00,SILENT,IDLE-SILENT
187,3,0,0,-1,28.5,7.50,SILENT
187,4,0,,,64.0,0.00,SILENT,IDLE-SILENT
188,0,0,,,43.6,5.83,SILENT
188,1,0,,,44.2,6.67,SILENT
188,2,0,,,53.9,0.00,SILENT,IDLE-SILENT
188,3,0,0,-1,28.4,7.50,SILENT
188,4,0,0,-1,63.9,0.00,SILENT,IDLE-SILENT
189,0,0,,,43.5,5.83,SILENT
189,1,0,,,44.1,6.67,SILENT
189,2,0,0,-1,53.8,0.00,SILENT,IDLE-SILENT
189,3,0,0,-1,28.3,7.50,SILENT
189,4,0,1,-1,63.8,0.00,SILENT,IDLE-SILENT
190,0,0,0,-1,43.4,5.83,SILENT
190,1,0,,,44.0,6.67,SILENT
190,2,0,1,-1,53.7,0.00,SILENT,IDLE-SILENT
190,3,0,0,-1,28.2,7.50,SILENT
190,4,0,,,63.7,0.00,SILENT,IDLE-SILENT
191,0,0,1,-1,43.3,5.83,SILENT
191,1,0,0,-1,43.9,6.67,SILENT
191,2,0,,,53.6,0.00,SILENT,IDLE-SILENT
191,3,0,,,28.1,7.50,SILENT
191,4,0,1,-1,63.6,0.00,SILENT,IDLE-SILENT
192,0,0,1,-1,43.2,5.83,SILENT
192,1,0,,,43.8,6.67,SILENT
192,2,0,0,-1,53.5,0.00,SILENT,IDLE-SILENT
192,3,0,1,-1,28.0,7.50,SILENT
192,4,0,0,-1,63.5,0.00,SILENT,IDLE-SILENT
193,0,0,,,43.1,5.83,SILENT
193,1,0,0,-1,43.7,6.67,SILENT
193,2,0,0,-1,53.4,0.00,SILENT,IDLE-SILENT
193,3,0,,,27.9,7.50,SILENT
193,4,0,1,-1,63.4,0.00,SILENT,IDLE-SILENT
194,0,0,0,-1,43.0,5.83,SILENT
194,1,0,1,-1,43.6,6.67,SILENT
194,2,0,1,-1,53.3,0.00,SILENT,IDLE-SILENT
194,3,0,,,27.8,7.50,SILENT
194,4,0,1,-1,63.3,0.00,SILENT,IDLE-SILENT
195,0,0,1,-1,42.9,5.83,SILENT
195,1,0,,,43.5,6.67,SILENT
195,2,0,1,-1,53.2,0.00,SILENT,IDLE-SILENT
195,3,0,1,-1,27.7,7.50,SILENT
195,4,0,1,-1,63.2,0.00,SILENT,IDLE-SILENT
196,0,0,,,42.8,5.83,SILENT
196,1,0,0,-1,43.4,6.67,SILENT
196,2,0,,,53.1,0.00,SILENT,IDLE-SILENT
196,3,0,1,-1,27.6,7.50,SILENT
196,4,0,0,-1,63.1,0.00,SILENT,IDLE-SILENT
197,0,0,0,-1,42.7,5.83,SILENT
197,1,0,0,-1,43.3,6.67,SILENT
197,2,0,0,-1,53.0,0.00,SILENT,IDLE-SILENT
197,3,0,,,27.5,7.50,SILENT
197,4,0,,,63.0,0.00,SILENT,IDLE-SILENT
198,0,0,,,42.6,5.83,SILENT
198,1,0,,,43.2,6.67,SILENT
198,2,0,1,-1,52.9,0.00,SILENT,IDLE-SILENT
198,3,0,0,-1,27.4,7.50,SILENT
198,4,0,,,62.9,0.00,SILENT,IDLE-SILENT
199,0,0,1,-1,42.5,5.83,SILENT
199,1,0,0,-1,43.1,6.67,SILENT
199,2,0,,,52.8,0.00,SILENT,IDLE-SILENT
199,3,0,1,-1,27.3,7.50,SILENT
199,4,0,,,62.8,0.00,SILENT,IDLE-SILENT
200,0,0,1,-1,42.4,5.83,SILENT
200,1,0,0,-1,43.0,6.67,SILENT
200,2,0,0,-1,52.7,0.00,SILENT,IDLE-SILENT
200,3,0,,,27.2,7.50,SILENT
200,4,0,,,62.7,0.00,SILENT,IDLE-SILENT
201,0,0,1,-1,42.3,5.83,SILENT
201,1,0,1,-1,42.9,6.67,SILENT
201,2,0,,,52.6,0.00,SILENT,IDLE-SILENT
201,3,0,,,27.1,7.50,SILENT
201,4,0,1,-1,62.6,0.00,SILENT,IDLE-SILENT
202,0,0,,,42.2,5.83,SILENT
202,1,0,1,-1,42.8,6.67,SILENT
202,2,0,0,-1,52.5,0.00,SILENT,IDLE-SILENT
202,3,0,,,27.0,7.50,SILENT
202,4,0,1,-1,62.5,0.00,SILENT,IDLE-SILENT
203,0,0,,,42.1,5.83,SILENT
203,1,0,,,42.7,6.67,SILENT
203,2,0,0,-1,52.4,0.00,SILENT,IDLE-SILENT
203,3,0,1,-1,26.9,7.50,SILENT
203,4,0,0,-1,62.4,0.00,SILENT,IDLE-SILENT
204,0,0,,,42.0,5.83,SILENT
204,1,0,,,42.6,6.67,SILENT
204,2,0,0,-1,52.3,0.00,SILENT,IDLE-SILENT
204,3,0,1,-1,26.8,7.50,SILENT
204,4,0,,,62.3,0.00,SILENT,IDLE-SILENT
205,0,0,,,41.9,5.83,SILENT
205,1,0,0,-1,42.5,6.67,SILENT
205,2,0,0,-1,52.2,0.00,SILENT,IDLE-SILENT
205,3,0,1,-1,26.7,7.50,SILENT
205,4,0,,,62.2,0.00,SILENT,IDLE-SILENT
206,0,0,,,41.8,5.83,SILENT
206,1,0,1,-1,42.4,6.67,SILENT
206,2,0,,,52.1,0.00,SILENT,IDLE-SILENT
206,3,0,1,-1,26.6,7.50,SILENT
206,4,0,1,-1,62.1,0.00,SILENT,IDLE-SILENT
207,0,0,1,-1,41.7,5.83,SILENT
207,1,0,,,42.3,6.67,SILENT
207,2,0,,,52.0,0.00,SILENT,IDLE-SILENT
207,3,0,1,-1,26.5,7.50,SILENT
207,4,0,0,-1,62.0,0.00,SILENT,IDLE-SILENT
208,0,0,1,-1,41.6,5.83,SILENT
208,1,0,,,42.2,6.67,SILENT
208,2,0,1,-1,51.9,0.00,SILENT,IDLE-SILENT
208,3,0,,,26.4,7.50,SILENT
208,4,0,1,-1,61.9,0.00,SILENT,IDLE-SILENT
209,0,0,,,41.5,5.83,SILENT
209,1,0,1,-1,42.1,6.67,SILENT
209,2,0,1,-1,51.8,0.00,SILENT,IDLE-SILENT
209,3,0,0,-1,26.3,7.50,SILENT
209,4,0,1,-1,61.8,0.00,SILENT,IDLE-SILENT
210,0,0,1,-1,41.4,5.83,SILENT
210,1,0,1,-1,42.0,6.67,SILENT
210,2,0,0,-1,51.7,0.00,SILENT,IDLE-SILENT
210,3,0,1,-1,26.2,7.50,SILENT
210,4,0,1,-1,61.7,0.00,SILENT,IDLE-SILENT
211,0,0,1,-1,41.3,5.83,SILENT
211,1,0,1,-1,41.9,6.67,SILENT
211,2,0,,,51.6,0.00,SILENT,IDLE-SILENT
211,3,0,,,26.1,7.50,SILENT
211,4,0,,,61.6,0.00,SILENT,IDLE-SILENT
212,0,0,1,-1,41.2,5.83,SILENT
212,1,0,,,41.8,6.67,SILENT
212,2,0,1,-1,51.5,0.00,SILENT,IDLE-SILENT
212,3,0,,,26.0,7.50,SILENT
212,4,0,1,-1,61.5,0.00,SILENT,IDLE-SILENT
213,0,0,,,41.1,5.83,SILENT
213,1,0,1,-1,41.7,6.67,SILENT
213,2,0,0,-1,51.4,0.00,SILENT,IDLE-SILENT
213,3,0,,,25.9,7.50,SILENT
213,4,0,1,-1,61.4,0.00,SILENT,IDLE-SILENT
214,0,0,,,41.0,5.83,SILENT
214,1,0,0,-1,41.6,6.67,SILENT
214,2,0,,,51.3,0.00,SILENT,IDLE-SILENT
214,3,0,,,25.8,7.50,SILENT
214,4,0,1,-1,61.3,0.00,SILENT,IDLE-SILENT
215,0,0,1,-1,40.9,5.83,SILENT
215,1,0,1,-1,41.5,6.67,SILENT
215,2,0,1,-1,51.2,0.00,SILENT,IDLE-SILENT
215,3,0,,,25.7,7.50,SILENT
215,4,0,,,61.2,0.00,SILENT,IDLE-SILENT
216,0,0,,,40.8,5.83,SILENT
216,1,0,0,-1,41.4,6.67,SILENT
216,2,0,0,-1,51.1,0.00,SILENT,IDLE-SILENT
216,3,0,,,25.6,7.50,SILENT
216,4,0,1,-1,61.1,0.00,SILENT,IDLE-SILENT
217,0,0,0,-1,40.7,5.83,SILENT
217,1,0,,,41.3,6.67,SILENT
217,2,0,1,-1,51.0,0.00,SILENT,IDLE-SILENT
217,3,0,,,25.5,7.50,SILENT
217,4,0,,,61.0,0.00,SILENT,IDLE-SILENT
218,0,0,0,-1,40.6,5.83,SILENT
218,1,0,1,-1,41.2,6.67,SILENT
218,2,0,,,50.9,0.00,SILENT,IDLE-SILENT
218,3,0,,,25.4,7.50,SILENT
218,4,0,,,60.9,0.00,SILENT,IDLE-SILENT
219,0,0,1,-1,40.5,5.83,SILENT
219,1,0,0,-1,41.1,6.67,SILENT
219,2,0,,,50.8,0.00,SILENT,IDLE-SILENT
219,3,0,0,-1,25.3,7.50,SILENT
219,4,0,0,-1,60.8,0.00,SILENT,IDLE-SILENT
220,0,0,1,-1,40.4,5.83,SILENT
220,1,0,0,-1,41.0,6.67,SILENT
220,2,0,1,-1,50.7,0.00,SILENT,IDLE-SILENT
220,3,0,0,-1,25.2,7.50,SILENT
220,4,0,1,-1,60.7,0.00,SILENT,IDLE-SILENT
221,0,0,,,40.3,5.83,SILENT
221,1,0,1,-1,40.9,6.67,SILENT
221,2,0,1,-1,50.6,0.00,SILENT,IDLE-SILENT
221,3,0,,,25.1,7.50,SILENT
221,4,0,1,-1,60.6,0.00,SILENT,IDLE-SILENT
222,0,0,,,40.2,5.83,SILENT
222,1,0,0,-1,40.8,6.67,SILENT
222,2,0,1,-1,50.5,0.00,SILENT,IDLE-SILENT
222,3,0,1,-1,25.0,7.50,SILENT
222,4,0,1,-1,60.5,0.00,SILENT,IDLE-SILENT
223,0,0,0,-1,40.1,5.83,SILENT
223,1,0,,,40.7,6.67,SILENT
223,2,0,,,50.4,0.00,SILENT,IDLE-SILENT
223,3,0,0,-1,24.9,7.50,SILENT
223,4,0,,,60.4,0.00,SILENT,IDLE-SILENT
224,0,0,1,-1,40.0,5.83,SILENT
224,1,0,,,40.6,6.67,SILENT
224,2,0,1,-1,50.3,0.00,SILENT,IDLE-SILENT
224,3,0,0,-1,24.8,7.50,SILENT
224,4,0,1,-1,60.3,0.00,SILENT,IDLE-SILENT
225,0,0,,,39.9,5.83,SILENT
225,1,0,0,-1,40.5,6.67,SILENT
225,2,0,,,50.2,0.00,SILENT,IDLE-SILENT
225,3,0,1,-1,24.7,7.50,SILENT
225,4,0,0,-1,60.2,0.00,SILENT,IDLE-SILENT
226,0,0,,,39.8,5.83,SILENT
226,1,0,1,-1,40.4,6.67,SILENT
226,2,0,1,-1,50.1,0.00,SILENT,IDLE-SILENT
226,3,0,0,-1,24.6,7.50,SILENT
226,4,0,1,-1,60.1,0.00,SILENT,IDLE-SILENT
227,0,0,,,39.7,5.83,SILENT
227,1,0,0,-1,40.3,6.67,SILENT
227,2,0,1,-1,50.0,0.00,SILENT,IDLE-SILENT
227,3,0,,,24.5,7.50,SILENT
227,4,0,,,60.0,0.00,SILENT,IDLE-SILENT
228,0,0,,,39.6,5.83,SILENT
228,1,0,,,40.2,6.67,SILENT
228,2,0,0,-1,49.9,0.00,SILENT,IDLE-SILENT
228,3,0,1,-1,24.4,7.50,SILENT
228,4,0,1,-1,59.9,0.00,SILENT,IDLE-SILENT
229,0,0,,,39.5,5.83,SILENT
229,1,0,,,40.1,6.67,SILENT
229,2,0,0,-1,49.8,0.00,SILENT,IDLE-SILENT
229,3,0,,,24.3,7.50,SILENT
229,4,0,1,-1,59.8,0.00,SILENT,IDLE-SILENT
230,0,0,,,39.4,5.83,SILENT
230,1,0,1,-1,40.0,6.67,SILENT
230,2,0,0,-1,49.7,0.00,SILENT,IDLE-SILENT
230,3,0,,,24.2,7.50,SILENT
230,4,0,,,59.7,0.00,SILENT,IDLE-SILENT
231,0,0,,,39.3,5.83,SILENT
231,1,0,,,39.9,6.67,SILENT
231,2,0,,,49.6,0.00,SILENT,IDLE-SILENT
231,3,0,,,24.1,7.50,SILENT
231,4,0,1,-1,59.6,0.00,SILENT,IDLE-SILENT
232,0,0,1,-1,39.2,5.83,SILENT
232,1,0,1,-1,39.8,6.67,SILENT
232,2,0,0,-1,49.5,0.00,SILENT,IDLE-SILENT
232,3,0,1,-1,24.0,7.50,SILENT
232,4,0,0,-1,59.5,0.00,SILENT,IDLE-SILENT
233,0,0,1,-1,39.1,5.83,SILENT
233,1,0,1,-1,39.7,6.67,SILENT
233,2,0,1,-1,49.4,0.00,SILENT,IDLE-SILENT
233,3,0,1,-1,23.9,7.50,SILENT
233,4,0,,,59.4,0.00,SILENT,IDLE-SILENT
234,0,0,,,39.0,5.83,SILENT
234,1,0,1,-1,39.6,6.67,SILENT
234,2,0,0,-1,49.3,0.00,SILENT,IDLE-SILENT
234,3,0,,,23.8,7.50,SILENT
234,4,0,1,-1,59.3,0.00,SILENT,IDLE-SILENT
235,0,0,,,38.9,5.83,SILENT
235,1,0,,,39.5,6.67,SILENT
235,2,0,0,-1,49.2,0.00,SILENT,IDLE-SILENT
235,3,0,,,23.7,7.50,SILENT
235,4,0,1,-1,59.2,0.00,SILENT,IDLE-SILENT
236,0,0,,,38.8,5.83,SILENT
236,1,0,,,39.4,6.67,SILENT
236,2,0,,,49.1,0.00,SILENT,IDLE-SILENT
236,3,0,,,23.6,7.50,SILENT
236,4,0,,,59.1,0.00,SILENT,IDLE-SILENT
237,0,0,,,38.7,5.83,SILENT
237,1,0,0,-1,39.3,6.67,SILENT
237,2,0,0,-1,49.0,0.00,SILENT,IDLE-SILENT
237,3,0,1,-1,23.5,7.50,SILENT
237,4,0,1,-1,59.0,0.00,SILENT,IDLE-SILENT
238,0,0,,,38.6,5.83,SILENT
238,1,0,1,-1,39.2,6.67,SILENT
238,2,0,,,48.9,0.00,SILENT,IDLE-SILENT
238,3,0,,,23.4,7.50,SILENT
238,4,0,,,58.9,0.00,SILENT,IDLE-SILENT
239,0,0,1,-1,38.5,5.83,SILENT
239,1,0,0,-1,39.1,6.67,SILENT
239,2,0,0,-1,48.8,0.00,SILENT,IDLE-SILENT
239,3,0,,,23.3,7.50,SILENT
239,4,0,,,58.8,0.00,SILENT,IDLE-SILENT
240,0,0,0,-1,38.4,5.83,SILENT
240,1,0,0,-1,39.0,6.67,SILENT
240,2,0,1,-1,48.7,0.00,SILENT,IDLE-SILENT
240,3,0,0,-1,23.2,7.50,SILENT
240,4,0,,,58.7,0.00,SILENT,IDLE-SILENT
241,0,0,0,-1,38.3,5.83,SILENT
241,1,0,0,-1,38.9,6.67,SILENT
241,2,0,1,-1,48.6,0.00,SILENT,IDLE-SILENT
241,3,0,1,-1,23.1,7.50,SILENT
241,4,0,0,-1,58.6,0.00,SILENT,IDLE-SILENT
242,0,0,,,38.2,5.83,SILENT
242,1,0,1,-1,38.8,6.67,SILENT
242,2,0,1,-1,48.5,0.00,SILENT,IDLE-SILENT
242,3,0,,,23.0,7.50,SILENT
242,4,0,0,-1,58.5,0.00,SILENT,IDLE-SILENT
243,0,0,,,38.1,5.83,SILENT
243,1,0,0,-1,38.7,6.67,SILENT
243,2,0,1,-1,48.4,0.00,SILENT,IDLE-SILENT
243,3,0,1,-1,22.9,7.50,SILENT
243,4,0,1,-1,58.4,0.00,SILENT,IDLE-SILENT
244,0,0,0,-1,38.0,5.83,SILENT
244,1,0,,,38.6,6.67,SILENT
244,2,0,0,-1,48.3,0.00,SILENT,IDLE-SILENT
244,3,0,0,-1,22.8,7.50,SILENT
244,4,0,0,-1,58.3,0.00,SILENT,IDLE-SILENT
245,0,0,,,37.9,5.83,SILENT
245,1,0,0,-1,38.5,6.67,SILENT
245,2,0,1,-1,48.2,0.00,SILENT,IDLE-SILENT
245,3,0,,,22.7,7.50,SILENT
245,4,0,,,58.2,0.00,SILENT,IDLE-SILENT
246,0,0,,,37.8,5.83,SILENT
246,1,0,0,-1,38.4,6.67,SILENT
246,2,0,1,-1,48.1,0.00,SILENT,IDLE-SILENT
246,3,0,,,22.6,7.50,SILENT
246,4,0,,,58.1,0.00,SILENT,IDLE-SILENT
247,0,0,1,-1,37.7,5.83,SILENT
247,1,0,1,-1,38.3,6.67,SILENT
247,2,0,0,-1,48.0,0.00,SILENT,IDLE-SILENT
247,3,0,1,-1,22.5,7.50,SILENT
247,4,0,,,58.0,0.00,SILENT,IDLE-SILENT
248,0,0,0,-1,37.6,5.83,SILENT
248,1,0,,,38.2,6.67,SILENT
248,2,0,1,-1,47.9,0.00,SILENT,IDLE-SILENT
248,3,0,,,22.4,7.50,SILENT
248,4,0,,,57.9,0.00,SILENT,IDLE-SILENT
249,0,0,1,-1,37.5,5.83,SILENT
249,1,0,0,-1,38.1,6.67,SILENT
249,2,0,1,-1,47.8,0.00,SILENT,IDLE-SILENT
249,3,0,1,-1,22.3,7.50,SILENT
249,4,0,0,-1,57.8,0.00,SILENT,IDLE-SILENT
250,0,0,,,37.4,5.83,SILENT
250,1,0,1,-1,38.0,6.67,SILENT
250,2,0,1,-1,47.7,0.00,SILENT,IDLE-SILENT
250,3,0,,,22.2,7.50,SILENT
250,4,0,1,-1,57.7,0.00,SILENT,IDLE-SILENT
251,0,0,0,-1,37.3,5.83,SILENT
251,1,0,0,-1,37.9,6.67,SILENT
251,2,0,,,47.6,0.00,SILENT,IDLE-SILENT
251,3,0,1,-1,22.1,7.50,SILENT
251,4,0,0,-1,57.6,0.00,SILENT,IDLE-SILENT
252,0,0,1,-1,37.2,5.83,SILENT
252,1,0,0,-1,37.8,6.67,SILENT
252,2,0,0,-1,47.5,0.00,SILENT,IDLE-SILENT
252,3,0,,,22.0,7.50,SILENT
252,4,0,1,-1,57.5,0.00,SILENT,IDLE-SILENT
253,0,0,0,-1,37.1,5.83,SILENT
253,1,0,0,-1,37.7,6.67,SILENT
253,2,0,1,-1,47.4,0.00,SILENT,IDLE-SILENT
253,3,0,1,-1,21.9,7.50,SILENT
253,4,0,1,-1,57.4,0.00,SILENT,IDLE-SILENT
254,0,0,,,37.0,5.83,SILENT
254,1,0,,,37.6,6.67,SILENT
254,2,0,,,47.3,0.00,SILENT,IDLE-SILENT
254,3,0,,,21.8,7.50,SILENT
254,4,0,1,-1,57.3,0.00,SILENT,IDLE-SILENT
255,0,0,0,-1,36.9,5.83,SILENT
255,1,0,,,37.5,6.67,SILENT
255,2,0,1,-1,47.2,0.00,SILENT,IDLE-SILENT
255,3,0,1,-1,21.7,7.50,SILENT
255,4,0,,,57.2,0.00,SILENT,IDLE-SILENT
256,0,0,,,36.8,5.83,SILENT
256,1,0,,,37.4,6.67,SILENT
256,2,0,1,-1,47.1,0.00,SILENT,IDLE-SILENT
256,3,0,,,21.6,7.50,SILENT
256,4,0,,,57.1,0.00,SILENT,IDLE-SILENT
257,0,0,0,-1,36.7,5.83,SILENT
257,1,0,,,37.3,6.67,SILENT
257,2,0,1,-1,47.0,0.00,SILENT,IDLE-SILENT
257,3,0,,,21.5,7.50,SILENT
257,4,0,0,-1,57.0,0.00,SILENT,IDLE-SILENT
258,0,0,,,36.6,5.83,SILENT
258,1,0,1,-1,37.2,6.67,SILENT
258,2,0,1,-1,46.9,0.00,SILENT,IDLE-SILENT
258,3,0,0,-1,21.4,7.50,SILENT
258,4,0,0,-1,56.9,0.00,SILENT,IDLE-SILENT
259,0,0,1,-1,36.5,5.83,SILENT
259,1,0,1,-1,37.1,6.67,SILENT
259,2,0,1,-1,46.8,0.00,SILENT,IDLE-SILENT
259,3,0,0,-1,21.3,7.50,SILENT
259,4,0,1,-1,56.8,0.00,SILENT,IDLE-SILENT
260,0,0,0,-1,36.4,5.83,SILENT
260,1,0,,,37.0,6.67,SILENT
260,2,0,,,46.7,0.00,SILENT,IDLE-SILENT
260,3,0,1,-1,21.2,7.50,SILENT
260,4,0,0,-1,56.7,0.00,SILENT,IDLE-SILENT
261,0,0,,,36.3,5.83,SILENT
261,1,0,1,-1,36.9,6.67,SILENT
261,2,0,1,-1,46.6,0.00,SILENT,IDLE-SILENT
261,3,0,0,-1,21.1,7.50,SILENT
261,4,0,1,-1,56.6,0.00,SILENT,IDLE-SILENT
262,0,0,1,-1,36.2,5.83,SILENT
262,1,0,,,36.8,6.67,SILENT
262,2,0,,,46.5,0.00,SILENT,IDLE-SILENT
262,3,0,,,21.0,7.50,SILENT
262,4,0,,,56.5,0.00,SILENT,IDLE-SILENT
263,0,0,,,36.1,5.83,SILENT
263,1,0,1,-1,36.7,6.67,SILENT
263,2,0,,,46.4,0.00,SILENT,IDLE-SILENT
263,3,0,0,-1,20.9,7.50,SILENT
263,4,0,,,56.4,0.00,SILENT,IDLE-SILENT
264,0,0,1,-1,36.0,5.83,SILENT
264,1,0,0,-1,36.6,6.67,SILENT
264,2,0,1,-1,46.3,0.00,SILENT,IDLE-SILENT
264,3,0,0,-1,20.8,7.50,SILENT
264,4,0,0,-1,56.3,0.00,SILENT,IDLE-SILENT
265,0,0,1,-1,35.9,5.83,SILENT
265,1,0,1,-1,36.5,6.67,SILENT
265,2,0,0,-1,46.2,0.00,SILENT,IDLE-SILENT
265,3,0,0,-1,20.7,7.50,SILENT
265,4,0,1,-1,56.2,0.00,SILENT,IDLE-SILENT
266,0,0,,,35.8,5.83,SILENT
266,1,0,,,36.4,6.67,SILENT
266,2,0,1,-1,46.1,0.00,SILENT,IDLE-SILENT
266,3,0,0,-1,20.6,7.50,SILENT
266,4,0,1,-1,56.1,0.00,SILENT,IDLE-SILENT
267,0,0,,,35.7,5.83,SILENT
267,1,0,,,36.3,6.67,SILENT
267,2,0,1,-1,46.0,0.00,SILENT,IDLE-SILENT
267,3,0,,,20.5,7.50,SILENT
267,4,0,1,-1,56.0,0.00,SILENT,IDLE-SILENT
268,0,0,1,-1,35.6,5.83,SILENT
268,1,0,0,-1,36.2,6.67,SILENT
268,2,0,1,-1,45.9,0.00,SILENT,IDLE-SILENT
268,3,0,,,20.4,7.50,SILENT
268,4,0,,,55.9,0.00,SILENT,IDLE-SILENT
269,0,0,0,-1,35.5,5.83,SILENT
269,1,0,1,-1,36.1,6.67,SILENT
269,2,0,1,-1,45.8,0.00,SILENT,IDLE-SILENT
269,3,0,0,-1,20.3,7.50,SILENT
269,4,0,,,55.8,0.00,SILENT,IDLE-SILENT
270,0,0,,,35.4,5.83,SILENT
270,1,0,,,36.0,6.67,SILENT
270,2,0,1,-1,45.7,0.00,SILENT,IDLE-SILENT
270,3,0,1,-1,20.2,7.50,SILENT
270,4,0,,,55.7,0.00,SILENT,IDLE-SILENT
271,0,0,1,-1,35.3,5.83,SILENT
271,1,0,1,-1,35.9,6.67,SILENT
271,2,0,1,-1,45.6,0.00,SILENT,IDLE-SILENT
271,3,0,,,20.1,7.50,SILENT
271,4,0,,,55.6,0.00,SILENT,IDLE-SILENT
272,0,0,0,-1,35.2,5.83,SILENT
272,1,0,,,35.8,6.67,SILENT
272,2,0,0,-1,45.5,0.00,SILENT,IDLE-SILENT
272,3,0,1,-1,20.0,7.50,CRIT(20%),SILENT
272,4,0,1,-1,55.5,0.00,SILENT,IDLE-SILENT
273,0,0,,,35.1,5.83,SILENT
273,1,0,0,-1,35.7,6.67,SILENT
273,2,0,0,-1,45.4,0.00,SILENT,IDLE-SILENT
273,3,0,,,19.9,7.50,CRIT(20%),SILENT
273,4,0,,,55.4,0.00,SILENT,IDLE-SILENT
274,0,0,,,35.0,5.83,SILENT
274,1,0,0,-1,35.6,6.67,SILENT
274,2,0,,,45.3,0.00,SILENT,IDLE-SILENT
274,3,0,0,-1,19.8,7.50,CRIT(20%),SILENT
274,4,0,,,55.3,0.00,SILENT,IDLE-SILENT
275,0,0,1,-1,34.9,5.83,SILENT
275,1,0,0,-1,35.5,6.67,SILENT
275,2,0,1,-1,45.2,0.00,SILENT,IDLE-SILENT
275,3,0,,,19.7,7.50,CRIT(20%),SILENT
275,4,0,1,-1,55.2,0.00,SILENT,IDLE-SILENT
276,0,0,,,34.8,5.83,SILENT
276,1,0,,,35.4,6.67,SILENT
276,2,0,0,-1,45.1,0.00,SILENT,IDLE-SILENT
276,3,0,1,-1,19.6,7.50,CRIT(20%),SILENT
276,4,0,1,-1,55.1,0.00,SILENT,IDLE-SILENT
277,0,0,,,34.7,5.83,SILENT
277,1,0,1,-1,35.3,6.67,SILENT
277,2,0,1,-1,45.0,0.00,SILENT,IDLE-SILENT
277,3,0,0,-1,19.5,7.50,CRIT(19%),SILENT
277,4,0,1,-1,55.0,0.00,SILENT,IDLE-SILENT
278,0,0,1,-1,34.6,5.83,SILENT
278,1,0,1,-1,35.2,6.67,SILENT
278,2,0,0,-1,44.9,0.00,SILENT,IDLE-SILENT
278,3,0,0,-1,19.4,7.50,CRIT(19%),SILENT
278,4,0,0,-1,54.9,0.00,SILENT,IDLE-SILENT
279,0,0,0,-1,34.5,5.83,SILENT
279,1,0,,,35.1,6.67,SILENT
279,2,0,,,44.8,0.00,SILENT,IDLE-SILENT
279,3,0,1,-1,19.3,7.50,CRIT(19%),SILENT
279,4,0,0,-1,54.8,0.00,SILENT,IDLE-SILENT
280,0,0,0,-1,34.4,5.83,SILENT
280,1,0,,,35.0,6.67,SILENT
280,2,0,0,-1,44.7,0.00,SILENT,IDLE-SILENT
280,3,0,1,-1,19.2,7.50,CRIT(19%),SILENT
280,4,0,1,-1,54.7,0.00,SILENT,IDLE-SILENT
281,0,0,0,-1,34.3,5.83,SILENT
281,1,0,1,-1,34.9,6.67,SILENT
281,2,0,1,-1,44.6,0.00,SILENT,IDLE-SILENT
281,3,0,0,-1,19.1,7.50,CRIT(19%),SILENT
281,4,0,,,54.6,0.00,SILENT,IDLE-SILENT
282,0,0,1,-1,34.2,5.83,SILENT
282,1,0,1,-1,34.8,6.67,SILENT
282,2,0,0,-1,44.5,0.00,SILENT,IDLE-SILENT
282,3,0,,,19.0,7.50,CRIT(19%),SILENT
282,4,0,0,-1,54.5,0.00,SILENT,IDLE-SILENT
283,0,0,0,-1,34.1,5.83,SILENT
283,1,0,0,-1,34.7,6.67,SILENT
283,2,0,1,-1,44.4,0.00,SILENT,IDLE-SILENT
283,3,0,1,-1,18.9,7.50,CRIT(19%),SILENT
283,4,0,,,54.4,0.00,SILENT,IDLE-SILENT
284,0,0,0,-1,34.0,5.83,SILENT
284,1,0,1,-1,34.6,6.67,SILENT
284,2,0,0,-1,44.3,0.00,SILENT,IDLE-SILENT
284,3,0,1,-1,18.8,7.50,CRIT(19%),SILENT
284,4,0,1,-1,54.3,0.00,SILENT,IDLE-SILENT
285,0,0,,,33.9,5.83,SILENT
285,1,0,0,-1,34.5,6.67,SILENT
285,2,0,0,-1,44.2,0.00,SILENT,IDLE-SILENT
285,3,0,0,-1,18.7,7.50,CRIT(19%),SILENT
285,4,0,,,54.2,0.00,SILENT,IDLE-SILENT
286,0,0,0,-1,33.8,5.83,SILENT
286,1,0,,,34.4,6.67,SILENT
286,2,0,0,-1,44.1,0.00,SILENT,IDLE-SILENT
286,3,0,1,-1,18.6,7.50,CRIT(19%),SILENT
286,4,0,1,-1,54.1,0.00,SILENT,IDLE-SILENT
287,0,0,0,-1,33.7,5.83,SILENT
287,1,0,,,34.3,6.67,SILENT
287,2,0,1,-1,44.0,0.00,SILENT,IDLE-SILENT
287,3,0,0,-1,18.5,7.50,CRIT(18%),SILENT
287,4,0,0,-1,54.0,0.00,SILENT,IDLE-SILENT
288,0,0,0,-1,33.6,5.83,SILENT
288,1,0,,,34.2,6.67,SILENT
288,2,0,1,-1,43.9,0.00,SILENT,IDLE-SILENT
288,3,0,,,18.4,7.50,CRIT(18%),SILENT
288,4,0,1,-1,53.9,0.00,SILENT,IDLE-SILENT
289,0,0,,,33.5,5.83,SILENT
289,1,0,,,34.1,6.67,SILENT
289,2,0,1,-1,43.8,0.00,SILENT,IDLE-SILENT
289,3,0,,,18.3,7.50,CRIT(18%),SILENT
289,4,0,,,53.8,0.00,SILENT,IDLE-SILENT
290,0,0,0,-1,33.4,5.83,SILENT
290,1,0,0,-1,34.0,6.67,SILENT
290,2,0,1,-1,43.7,0.00,SILENT,IDLE-SILENT
290,3,0,,,18.2,7.50,CRIT(18%),SILENT
290,4,0,0,-1,53.7,0.00,SILENT,IDLE-SILENT
291,0,0,,,33.3,5.83,SILENT
291,1,0,1,-1,33.9,6.67,SILENT
291,2,0,,,43.6,0.00,SILENT,IDLE-SILENT
291,3,0,,,18.1,7.50,CRIT(18%),SILENT
291,4,0,0,-1,53.6,0.00,SILENT,IDLE-SILENT
292,0,0,1,-1,33.2,5.83,SILENT
292,1,0,,,33.8,6.67,SILENT
292,2,0,1,-1,43.5,0.00,SILENT,IDLE-SILENT
292,3,0,1,-1,18.0,7.50,CRIT(18%),SILENT
292,4,0,,,53.5,0.00,SILENT,IDLE-SILENT
293,0,0,1,-1,33.1,5.83,SILENT
293,1,0,1,-1,33.7,6.67,SILENT
293,2,0,1,-1,43.4,0.00,SILENT,IDLE-SILENT
293,3,0,,,17.9,7.50,CRIT(18%),SILENT
293,4,0,1,-1,53.4,0.00,SILENT,IDLE-SILENT
294,0,0,,,33.0,5.83,SILENT
294,1,0,,,33.6,6.67,SILENT
294,2,0,,,43.3,0.00,SILENT,IDLE-SILENT
294,3,0,0,-1,17.8,7.50,CRIT(18%),SILENT
294,4,0,1,-1,53.3,0.00,SILENT,IDLE-SILENT
295,0,0,0,-1,32.9,5.83,SILENT
295,1,0,,,33.5,6.67,SILENT
295,2,0,,,43.2,0.00,SILENT,IDLE-SILENT
295,3,0,,,17.7,7.50,CRIT(18%),SILENT
295,4,0,0,-1,53.2,0.00,SILENT,IDLE-SILENT
296,0,0,,,32.8,5.83,SILENT
296,1,0,,,33.4,6.67,SILENT
296,2,0,,,43.1,0.00,SILENT,IDLE-SILENT
296,3,0,1,-1,17.6,7.50,CRIT(18%),SILENT
296,4,0,1,-1,53.1,0.00,SILENT,IDLE-SILENT
297,0,0,0,-1,32.7,5.83,SILENT
297,1,0,1,-1,33.3,6.67,SILENT
297,2,0,1,-1,43.0,0.00,SILENT,IDLE-SILENT
297,3,0,1,-1,17.5,7.50,CRIT(17%),SILENT
297,4,0,1,-1,53.0,0.00,SILENT,IDLE-SILENT
298,0,0,0,-1,32.6,5.83,SILENT
298,1,0,,,33.2,6.67,SILENT
298,2,0,,,42.9,0.00,SILENT,IDLE-SILENT
298,3,0,,,17.4,7.50,CRIT(17%),SILENT
298,4,0,1,-1,52.9,0.00,SILENT,IDLE-SILENT
299,0,0,1,-1,32.5,5.83,SILENT
299,1,0,,,33.1,6.67,SILENT
299,2,0,1,-1,42.8,0.00,SILENT,IDLE-SILENT
299,3,0,,,17.3,7.50,CRIT(17%),SILENT
299,4,0,,,52.8,0.00,SILENT,IDLE-SILENT
300,0,0,,,32.4,5.83,SILENT
300,1,0,,,33.0,6.67,SILENT
300,2,0,0,-1,42.7,0.00,SILENT,IDLE-SILENT
300,3,0,,,17.2,7.50,CRIT(17%),SILENT
300,4,0,0,-1,52.7,0.00,SILENT,IDLE-SILENT
301,0,0,1,-1,32.3,5.83,SILENT
301,1,0,,,32.9,6.67,SILENT
301,2,0,0,-1,42.6,0.00,SILENT,IDLE-SILENT
301,3,0,1,-1,17.1,7.50,CRIT(17%),SILENT
301,4,0,0,-1,52.6,0.00,SILENT,IDLE-SILENT
302,0,0,,,32.2,5.83,SILENT
302,1,0,,,32.8,6.67,SILENT
302,2,0,1,-1,42.5,0.00,SILENT,IDLE-SILENT
302,3,0,,,17.0,7.50,CRIT(17%),SILENT
302,4,0,,,52.5,0.00,SILENT,IDLE-SILENT
303,0,0,,,32.1,5.83,SILENT
303,1,0,,,32.7,6.67,SILENT
303,2,0,0,-1,42.4,0.00,SILENT,IDLE-SILENT
303,3,0,0,-1,16.9,7.50,CRIT(17%),SILENT
303,4,0,1,-1,52.4,0.00,SILENT,IDLE-SILENT
304,0,0,1,-1,32.0,5.83,SILENT
304,1,0,0,-1,32.6,6.67,SILENT
304,2,0,,,42.3,0.00,SILENT,IDLE-SILENT
304,3,0,1,-1,16.8,7.50,CRIT(17%),SILENT
304,4,0,1,-1,52.3,0.00,SILENT,IDLE-SILENT
305,0,0,0,-1,31.9,5.83,SILENT
305,1,0,1,-1,32.5,6.67,SILENT
305,2,0,0,-1,42.2,0.00,SILENT,IDLE-SILENT
305,3,0,1,-1,16.7,7.50,CRIT(17%),SILENT
305,4,0,,,52.2,0.00,SILENT,IDLE-SILENT
306,0,0,,,31.8,5.83,SILENT
306,1,0,1,-1,32.4,6.67,SILENT
306,2,0,0,-1,42.1,0.00,SILENT,IDLE-SILENT
306,3,0,,,16.6,7.50,CRIT(17%),SILENT
306,4,0,0,-1,52.1,0.00,SILENT,IDLE-SILENT
307,0,0,,,31.7,5.83,SILENT
307,1,0,,,32.3,6.67,SILENT
307,2,0,0,-1,42.0,0.00,SILENT,IDLE-SILENT
307,3,0,1,-1,16.5,7.50,CRIT(16%),SILENT
307,4,0,,,52.0,0.00,SILENT,IDLE-SILENT
308,0,0,,,31.6,5.83,SILENT
308,1,0,0,-1,32.2,6.67,SILENT
308,2,0,0,-1,41.9,0.00,SILENT,IDLE-SILENT
308,3,0,,,16.4,7.50,CRIT(16%),SILENT
308,4,0,1,-1,51.9,0.00,SILENT,IDLE-SILENT
309,0,0,1,-1,31.5,5.83,SILENT
309,1,0,,,32.1,6.67,SILENT
309,2,0,0,-1,41.8,0.00,SILENT,IDLE-SILENT
309,3,0,0,-1,16.3,7.50,CRIT(16%),SILENT
309,4,0,0,-1,51.8,0.00,SILENT,IDLE-SILENT
310,0,0,1,-1,31.4,5.83,SILENT
310,1,0,0,-1,32.0,6.67,SILENT
310,2,0,1,-1,41.7,0.00,SILENT,IDLE-SILENT
310,3,0,1,-1,16.2,7.50,CRIT(16%),SILENT
310,4,0,1,-1,51.7,0.00,SILENT,IDLE-SILENT
311,0,0,,,31.3,5.83,SILENT
311,1,0,,,31.9,6.67,SILENT
311,2,0,0,-1,41.6,0.00,SILENT,IDLE-SILENT
311,3,0,1,-1,16.1,7.50,CRIT(16%),SILENT
311,4,0,0,-1,51.6,0.00,SILENT,IDLE-SILENT
312,0,0,1,-1,31.2,5.83,SILENT
312,1,0,,,31.8,6.67,SILENT
312,2,0,1,-1,41.5,0.00,SILENT,IDLE-SILENT
312,3,0,,,16.0,7.50,CRIT(16%),SILENT
312,4,0,1,-1,51.5,0.00,SILENT,IDLE-SILENT
313,0,0,1,-1,31.1,5.83,SILENT
313,1,0,0,-1,31.7,6.67,SILENT
313,2,0,,,41.4,0.00,SILENT,IDLE-SILENT
313,3,0,1,-1,15.9,7.50,CRIT(16%),SILENT
313,4,0,0,-1,51.4,0.00,SILENT,IDLE-SILENT
314,0,0,0,-1,31.0,5.83,SILENT
314,1,0,0,-1,31.6,6.67,SILENT
314,2,0,1,-1,41.3,0.00,SILENT,IDLE-SILENT
314,3,0,,,15.8,7.50,CRIT(16%),SILENT
314,4,0,,,51.3,0.00,SILENT,IDLE-SILENT
315,0,0,,,30.9,5.83,SILENT
315,1,0,,,31.5,6.67,SILENT
315,2,0,,,41.2,0.00,SILENT,IDLE-SILENT
315,3,0,0,-1,15.7,7.50,CRIT(16%),SILENT
315,4,0,,,51.2,0.00,SILENT,IDLE-SILENT
316,0,0,0,-1,30.8,5.83,SILENT
316,1,0,0,-1,31.4,6.67,SILENT
316,2,0,0,-1,41.1,0.00,SILENT,IDLE-SILENT
316,3,0,0,-1,15.6,7.50,CRIT(16%),SILENT
316,4,0,1,-1,51.1,0.00,SILENT,IDLE-SILENT
317,0,0,,,30.7,5.83,SILENT
317,1,0,,,31.3,6.67,SILENT
317,2,0,,,41.0,0.00,SILENT,IDLE-SILENT
317,3,0,0,-1,15.5,7.50,CRIT(15%),SILENT
317,4,0,1,-1,51.0,0.00,SILENT,IDLE-SILENT
318,0,0,1,-1,30.6,5.83,SILENT
318,1,0,1,-1,31.2,6.67,SILENT
318,2,0,,,40.9,0.00,SILENT,IDLE-SILENT
318,3,0,1,-1,15.4,7.50,CRIT(15%),SILENT
318,4,0,1,-1,50.9,0.00,SILENT,IDLE-SILENT
319,0,0,1,-1,30.5,5.83,SILENT
319,1,0,0,-1,31.1,6.67,SILENT
319,2,0,1,-1,40.8,0.00,SILENT,IDLE-SILENT
319,3,0,1,-1,15.3,7.50,CRIT(15%),SILENT
319,4,0,1,-1,50.8,0.00,SILENT,IDLE-SILENT
320,0,0,,,30.4,5.83,SILENT
320,1,0,,,31.0,6.67,SILENT
320,2,0,,,40.7,0.00,SILENT,IDLE-SILENT
320,3,0,0,-1,15.2,7.50,CRIT(15%),SILENT
320,4,0,,,50.7,0.00,SILENT,IDLE-SILENT
321,0,0,1,-1,30.3,5.83,SILENT
321,1,0,,,30.9,6.67,SILENT
321,2,0,1,-1,40.6,0.00,SILENT,IDLE-SILENT
321,3,0,,,15.1,7.50,CRIT(15%),SILENT
321,4,0,0,-1,50.6,0.00,SILENT,IDLE-SILENT
322,0,0,1,-1,30.2,5.83,SILENT
322,1,0,1,-1,30.8,6.67,SILENT
322,2,0,1,-1,40.5,0.00,SILENT,IDLE-SILENT
322,3,0,1,-1,15.0,7.50,CRIT(15%),SILENT
322,4,0,,,50.5,0.00,SILENT,IDLE-SILENT
323,0,0,0,-1,30.1,5.83,SILENT
323,1,0,1,-1,30.7,6.67,SILENT
323,2,0,,,40.4,0.00,SILENT,IDLE-SILENT
323,3,0,,,14.9,7.50,CRIT(15%),SILENT
323,4,0,,,50.4,0.00,SILENT,IDLE-SILENT
324,0,0,0,-1,30.0,5.83,SILENT
324,1,0,,,30.6,6.67,SILENT
324,2,0,,,40.3,0.00,SILENT,IDLE-SILENT
324,3,0,,,14.8,7.50,CRIT(15%),SILENT
324,4,0,1,-1,50.3,0.00,SILENT,IDLE-SILENT
325,0,0,0,-1,29.9,5.83,SILENT
325,1,0,1,-1,30.5,6.67,SILENT
325,2,0,1,-1,40.2,0.00,SILENT,IDLE-SILENT
325,3,0,1,-1,14.7,7.50,CRIT(15%),SILENT
325,4,0,1,-1,50.2,0.00,SILENT,IDLE-SILENT
326,0,0,0,-1,29.8,5.83,SILENT
326,1,0,0,-1,30.4,6.67,SILENT
326,2,0,,,40.1,0.00,SILENT,IDLE-SILENT
326,3,0,,,14.6,7.50,CRIT(15%),SILENT
326,4,0,,,50.1,0.00,SILENT,IDLE-SILENT
327,0,0,,,29.7,5.83,SILENT
327,1,0,,,30.3,6.67,SILENT
327,2,0,1,-1,40.0,0.00,SILENT,IDLE-SILENT
327,3,0,,,14.5,7.50,CRIT(14%),SILENT
327,4,0,0,-1,50.0,0.00,SILENT,IDLE-SILENT
328,0,0,,,29.6,5.83,SILENT
328,1,0,1,-1,30.2,6.67,SILENT
328,2,0,1,-1,39.9,0.00,SILENT,IDLE-SILENT
328,3,0,,,14.4,7.50,CRIT(14%),SILENT
328,4,0,0,-1,49.9,0.00,SILENT,IDLE-SILENT
329,0,0,1,-1,29.5,5.83,SILENT
329,1,0,0,-1,30.1,6.67,SILENT
329,2,0,,,39.8,0.00,SILENT,IDLE-SILENT
329,3,0,,,14.3,7.50,CRIT(14%),SILENT
329,4,0,,,49.8,0.00,SILENT,IDLE-SILENT
330,0,0,,,29.4,5.83,SILENT
330,1,0,0,-1,30.0,6.67,SILENT
330,2,0,,,39.7,0.00,SILENT,IDLE-SILENT
330,3,0,,,14.2,7.50,CRIT(14%),SILENT
330,4,0,,,49.7,0.00,SILENT,IDLE-SILENT
331,0,0,1,-1,29.3,5.83,SILENT
331,1,0,,,29.9,6.67,SILENT
331,2,0,1,-1,39.6,0.00,SILENT,IDLE-SILENT
331,3,0,1,-1,14.1,7.50,CRIT(14%),SILENT
331,4,0,1,-1,49.6,0.00,SILENT,IDLE-SILENT
332,0,0,,,29.2,5.83,SILENT
332,1,0,0,-1,29.8,6.67,SILENT
332,2,0,,,39.5,0.00,SILENT,IDLE-SILENT
332,3,0,0,-1,14.0,7.50,CRIT(14%),SILENT
332,4,0,1,-1,49.5,0.00,SILENT,IDLE-SILENT
333,0,0,1,-1,29.1,5.83,SILENT
333,1,0,,,29.7,6.67,SILENT
333,2,0,0,-1,39.4,0.00,SILENT,IDLE-SILENT
333,3,0,1,-1,13.9,7.50,CRIT(14%),SILENT
333,4,0,,,49.4,0.00,SILENT,IDLE-SILENT
334,0,0,0,-1,29.0,5.83,SILENT
334,1,0,,,29.6,6.67,SILENT
334,2,0,1,-1,39.3,0.00,SILENT,IDLE-SILENT
334,3,0,,,13.8,7.50,CRIT(14%),SILENT
334,4,0,1,-1,49.3,0.00,SILENT,IDLE-SILENT
335,0,0,1,-1,28.9,5.83,SILENT
335,1,0,,,29.5,6.67,SILENT
335,2,0,1,-1,39.2,0.00,SILENT,IDLE-SILENT
335,3,0,0,-1,13.7,7.50,CRIT(14%),SILENT
335,4,0,1,-1,49.2,0.00,SILENT,IDLE-SILENT
336,0,0,0,-1,28.8,5.83,SILENT
336,1,0,0,-1,29.4,6.67,SILENT
336,2,0,0,-1,39.1,0.00,SILENT,IDLE-SILENT
336,3,0,0,-1,13.6,7.50,CRIT(14%),SILENT
336,4,0,0,-1,49.1,0.00,SILENT,IDLE-SILENT
337,0,0,0,-1,28.7,5.83,SILENT
337,1,0,,,29.3,6.67,SILENT
337,2,0,0,-1,39.0,0.00,SILENT,IDLE-SILENT
337,3,0,1,-1,13.5,7.50,CRIT(13%),SILENT
337,4,0,,,49.0,0.00,SILENT,IDLE-SILENT
338,0,0,1,-1,28.6,5.83,SILENT
338,1,0,,,29.2,6.67,SILENT
338,2,0,,,38.9,0.00,SILENT,IDLE-SILENT
338,3,0,,,13.4,7.50,CRIT(13%),SILENT
338,4,0,1,-1,48.9,0.00,SILENT,IDLE-SILENT
339,0,0,1,-1,28.5,5.83,SILENT
339,1,0,1,-1,29.1,6.67,SILENT
339,2,0,0,-1,38.8,0.00,SILENT,IDLE-SILENT
339,3,0,0,-1,13.3,7.50,CRIT(13%),SILENT
339,4,0,0,-1,48.8,0.00,SILENT,IDLE-SILENT
340,0,0,,,28.4,5.83,SILENT
340,1,0,1,-1,29.0,6.67,SILENT
340,2,0,0,-1,38.7,0.00,SILENT,IDLE-SILENT
340,3,0,,,13.2,7.50,CRIT(13%),SILENT
340,4,0,0,-1,48.7,0.00,SILENT,IDLE-SILENT
341,0,0,0,-1,28.3,5.83,SILENT
341,1,0,0,-1,28.9,6.67,SILENT
341,2,0,1,-1,38.6,0.00,SILENT,IDLE-SILENT
341,3,0,1,-1,13.1,7.50,CRIT(13%),SILENT
341,4,0,1,-1,48.6,0.00,SILENT,IDLE-SILENT
342,0,0,1,-1,28.2,5.83,SILENT
342,1,0,,,28.8,6.67,SILENT
342,2,0,1,-1,38.5,0.00,SILENT,IDLE-SILENT
342,3,0,0,-1,13.0,7.50,CRIT(13%),SILENT
342,4,0,,,48.5,0.00,SILENT,IDLE-SILENT
343,0,0,,,28.1,5.83,SILENT
343,1,0,,,28.7,6.67,SILENT
343,2,0,1,-1,38.4,0.00,SILENT,IDLE-SILENT
343,3,0,0,-1,12.9,7.50,CRIT(13%),SILENT
343,4,0,,,48.4,0.00,SILENT,IDLE-SILENT
344,0,0,,,28.0,5.83,SILENT
344,1,0,0,-1,28.6,6.67,SILENT
344,2,0,1,-1,38.3,0.00,SILENT,IDLE-SILENT
344,3,0,0,-1,12.8,7.50,CRIT(13%),SILENT
344,4,0,,,48.3,0.00,SILENT,IDLE-SILENT
345,0,0,,,27.9,5.83,SILENT
345,1,0,0,-1,28.5,6.67,SILENT
345,2,0,,,38.2,0.00,SILENT,IDLE-SILENT
345,3,0,0,-1,12.7,7.50,CRIT(13%),SILENT
345,4,0,,,48.2,0.00,SILENT,IDLE-SILENT
346,0,0,,,27.8,5.83,SILENT
346,1,0,1,-1,28.4,6.67,SILENT
346,2,0,0,-1,38.1,0.00,SILENT,IDLE-SILENT
346,3,0,0,-1,12.6,7.50,CRIT(13%),SILENT
346,4,0,,,48.1,0.00,SILENT,IDLE-SILENT
347,0,0,,,27.7,5.83,SILENT
347,1,0,0,-1,28.3,6.67,SILENT
347,2,0,1,-1,38.0,0.00,SILENT,IDLE-SILENT
347,3,0,,,12.5,7.50,CRIT(12%),SILENT
347,4,0,,,48.0,0.00,SILENT,IDLE-SILENT
348,0,0,1,-1,27.6,5.83,SILENT
348,1,0,0,-1,28.2,6.67,SILENT
348,2,0,0,-1,37.9,0.00,SILENT,IDLE-SILENT
348,3,0,1,-1,12.4,7.50,CRIT(12%),SILENT
348,4,0,1,-1,47.9,0.00,SILENT,IDLE-SILENT
349,0,0,,,27.5,5.83,SILENT
349,1,0,,,28.1,6.67,SILENT
349,2,0,0,-1,37.8,0.00,SILENT,IDLE-SILENT
349,3,0,0,-1,12.3,7.50,CRIT(12%),SILENT
349,4,0,,,47.8,0.00,SILENT,IDLE-SILENT
350,0,0,0,-1,27.4,5.83,SILENT
350,1,0,0,-1,28.0,6.67,SILENT
350,2,0,0,-1,37.7,0.00,SILENT,IDLE-SILENT
350,3,0,0,-1,12.2,7.50,CRIT(12%),SILENT
350,4,0,0,-1,47.7,0.00,SILENT,IDLE-SILENT
351,0,0,,,27.3,5.83,SILENT
351,1,0,0,-1,27.9,6.67,SILENT
351,2,0,,,37.6,0.00,SILENT,IDLE-SILENT
351,3,0,,,12.1,7.50,CRIT(12%),SILENT
351,4,0,,,47.6,0.00,SILENT,IDLE-SILENT
352,0,0,1,-1,27.2,5.83,SILENT
352,1,0,0,-1,27.8,6.67,SILENT
352,2,0,1,-1,37.5,0.00,SILENT,IDLE-SILENT
352,3,0,0,-1,12.0,7.50,CRIT(12%),SILENT
352,4,0,1,-1,47.5,0.00,SILENT,IDLE-SILENT
353,0,0,,,27.1,5.83,SILENT
353,1,0,0,-1,27.7,6.67,SILENT
353,2,0,,,37.4,0.00,SILENT,IDLE-SILENT
353,3,0,0,-1,11.9,7.50,CRIT(12%),SILENT
353,4,0,,,47.4,0.00,SILENT,IDLE-SILENT
354,0,0,,,27.0,5.83,SILENT
354,1,0,0,-1,27.6,6.67,SILENT
354,2,0,1,-1,37.3,0.00,SILENT,IDLE-SILENT
354,3,0,1,-1,11.8,7.50,CRIT(12%),SILENT
354,4,0,,,47.3,0.00,SILENT,IDLE-SILENT
355,0,0,0,-1,26.9,5.83,SILENT
355,1,0,0,-1,27.5,6.67,SILENT
355,2,0,1,-1,37.2,0.00,SILENT,IDLE-SILENT
355,3,0,1,-1,11.7,7.50,CRIT(12%),SILENT
355,4,0,0,-1,47.2,0.00,SILENT,IDLE-SILENT
356,0,0,,,26.8,5.83,SILENT
356,1,0,1,-1,27.4,6.67,SILENT
356,2,0,0,-1,37.1,0.00,SILENT,IDLE-SILENT
356,3,0,,,11.6,7.50,CRIT(12%),SILENT
356,4,0,1,-1,47.1,0.00,SILENT,IDLE-SILENT
357,0,0,0,-1,26.7,5.83,SILENT
357,1,0,0,-1,27.3,6.67,SILENT
357,2,0,0,-1,37.0,0.00,SILENT,IDLE-SILENT
357,3,0,,,11.5,7.50,CRIT(11%),SILENT
357,4,0,,,47.0,0.00,SILENT,IDLE-SILENT
358,0,0,1,-1,26.6,5.83,SILENT
358,1,0,0,-1,27.2,6.67,SILENT
358,2,0,0,-1,36.9,0.00,SILENT,IDLE-SILENT
358,3,0,0,-1,11.4,7.50,CRIT(11%),SILENT
358,4,0,,,46.9,0.00,SILENT,IDLE-SILENT
359,0,0,0,-1,26.5,5.83,SILENT
359,1,0,,,27.1,6.67,SILENT
359,2,0,1,-1,36.8,0.00,SILENT,IDLE-SILENT
359,3,0,0,-1,11.3,7.50,CRIT(11%),SILENT
359,4,0,1,-1,46.8,0.00,SILENT,IDLE-SILENT
360,0,0,,,26.4,5.83,SILENT
360,1,0,0,-1,27.0,6.67,SILENT
360,2,0,1,-1,36.7,0.00,SILENT,IDLE-SILENT
360,3,0,,,11.2,7.50,CRIT(11%),SILENT
360,4,0,1,-1,46.7,0.00,SILENT,IDLE-SILENT
361,0,0,0,-1,26.3,5.83,SILENT
361,1,0,,,26.9,6.67,SILENT
361,2,0,1,-1,36.6,0.00,SILENT,IDLE-SILENT
361,3,0,,,11.1,7.50,CRIT(11%),SILENT
361,4,0,1,-1,46.6,0.00,SILENT,IDLE-SILENT
362,0,0,0,-1,26.2,5.83,SILENT
362,1,0,1,-1,26.8,6.67,SILENT
362,2,0,0,-1,36.5,0.00,SILENT,IDLE-SILENT
362,3,0,1,-1,11.0,7.50,CRIT(11%),SILENT
362,4,0,1,-1,46.5,0.00,SILENT,IDLE-SILENT
363,0,0,0,-1,26.1,5.83,SILENT
363,1,0,,,26.7,6.67,SILENT
363,2,0,1,-1,36.4,0.00,SILENT,IDLE-SILENT
363,3,0,,,10.9,7.50,CRIT(11%),SILENT
363,4,0,1,-1,46.4,0.00,SILENT,IDLE-SILENT
364,0,0,,,26.0,5.83,SILENT
364,1,0,1,-1,26.6,6.67,SILENT
364,2,0,1,-1,36.3,0.00,SILENT,IDLE-SILENT
364,3,0,,,10.8,7.50,CRIT(11%),SILENT
364,4,0,0,-1,46.3,0.00,SILENT,IDLE-SILENT
365,0,0,,,25.9,5.83,SILENT
365,1,0,,,26.5,6.67,SILENT
365,2,0,0,-1,36.2,0.00,SILENT,IDLE-SILENT
365,3,0,1,-1,10.7,7.50,CRIT(11%),SILENT
365,4,0,1,-1,46.2,0.00,SILENT,IDLE-SILENT
366,0,0,,,25.8,5.83,SILENT
366,1,0,0,-1,26.5,6.67,SILENT
366,2,0,1,-1,36.1,0.00,SILENT,IDLE-SILENT
366,3,0,1,-1,10.6,7.50,CRIT(11%),SILENT
366,4,0,0,-1,46.1,0.00,SILENT,IDLE-SILENT
367,0,0,,,25.8,5.83,SILENT
367,1,0,,,26.5,6.67,SILENT
367,2,0,0,-1,36.0,0.00,SILENT,IDLE-SILENT
367,3,0,,,10.5,7.50,CRIT(10%),SILENT
367,4,0,,,46.0,0.00,SILENT,IDLE-SILENT
368,0,0,,,25.8,5.83,SILENT
368,1,0,1,-1,26.5,6.67,SILENT
368,2,0,1,-1,35.9,0.00,SILENT,IDLE-SILENT
368,3,0,,,10.4,7.50,CRIT(10%),SILENT
368,4,0,,,45.9,0.00,SILENT,IDLE-SILENT
369,0,0,0,-1,25.8,5.83,SILENT
369,1,0,1,-1,26.5,6.67,SILENT
369,2,0,0,-1,35.8,0.00,SILENT,IDLE-SILENT
369,3,0,,,10.3,7.50,CRIT(10%),SILENT
369,4,0,1,-1,45.8,0.00,SILENT,IDLE-SILENT
370,0,0,0,-1,25.8,5.83,SILENT
370,1,0,1,-1,26.5,6.67,SILENT
370,2,0,1,-1,35.7,0.00,SILENT,IDLE-SILENT
370,3,0,1,-1,10.2,7.50,CRIT(10%),SILENT
370,4,0,1,-1,45.7,0.00,SILENT,IDLE-SILENT
371,0,0,,,25.8,5.83,SILENT
371,1,0,0,-1,26.5,6.67,SILENT
371,2,0,,,35.6,0.00,SILENT,IDLE-SILENT
371,3,0,,,10.1,7.50,CRIT(10%),SILENT
371,4,0,1,-1,45.6,0.00,SILENT,IDLE-SILENT
372,0,0,0,-1,25.8,5.83,SILENT
372,1,0,0,-1,26.5,6.67,SILENT
372,2,0,,,35.5,0.00,SILENT,IDLE-SILENT
372,3,0,,,10.0,7.50,CRIT(10%),SILENT
372,4,0,,,45.5,0.00,SILENT,IDLE-SILENT
373,0,0,,,25.8,5.83,SILENT
373,1,0,0,-1,26.5,6.67,SILENT
373,2,0,1,-1,35.4,0.00,SILENT,IDLE-SILENT
373,3,0,,,9.9,7.50,CRIT(10%),SILENT
373,4,0,0,-1,45.4,0.00,SILENT,IDLE-SILENT
374,0,0,1,-1,25.8,5.83,SILENT
374,1,0,1,-1,26.5,6.67,SILENT
374,2,0,1,-1,35.3,0.00,SILENT,IDLE-SILENT
374,3,0,,,9.8,7.50,CRIT(10%),SILENT
374,4,0,1,-1,45.3,0.00,SILENT,IDLE-SILENT
375,0,0,,,25.8,5.83,SILENT
375,1,0,1,-1,26.5,6.67,SILENT
375,2,0,1,-1,35.2,0.00,SILENT,IDLE-SILENT
375,3,0,0,-1,9.7,7.50,CRIT(10%),SILENT
375,4,0,,,45.2,0.00,SILENT,IDLE-SILENT
376,0,0,1,-1,25.8,5.83,SILENT
376,1,0,,,26.5,6.67,SILENT
376,2,0,1,-1,35.1,0.00,SILENT,IDLE-SILENT
376,3,0,,,9.6,7.50,CRIT(10%),SILENT
376,4,0,1,-1,45.1,0.00,SILENT,IDLE-SILENT
377,0,0,0,-1,25.8,5.83,SILENT
377,1,0,,,26.5,6.67,SILENT
377,2,0,0,-1,35.0,0.00,SILENT,IDLE-SILENT
377,3,0,0,-1,9.5,7.50,CRIT(9%),SILENT
377,4,0,1,-1,45.0,0.00,SILENT,IDLE-SILENT
378,0,0,0,-1,25.8,5.83,SILENT
378,1,0,1,-1,26.5,6.67,SILENT
378,2,0,0,-1,34.9,0.00,SILENT,IDLE-SILENT
378,3,0,1,-1,9.4,7.50,CRIT(9%),SILENT
378,4,0,0,-1,44.9,0.00,SILENT,IDLE-SILENT
379,0,0,0,-1,25.8,5.83,SILENT
379,1,0,1,-1,26.5,6.67,SILENT
379,2,0,1,-1,34.8,0.00,SILENT,IDLE-SILENT
379,3,0,,,9.3,7.50,CRIT(9%),SILENT
379,4,0,,,44.8,0.00,SILENT,IDLE-SILENT
380,0,0,0,-1,25.8,5.83,SILENT
380,1,0,1,-1,26.5,6.67,SILENT
380,2,0,1,-1,34.7,0.00,SILENT,IDLE-SILENT
380,3,0,,,9.2,7.50,CRIT(9%),SILENT
380,4,0,0,-1,44.7,0.00,SILENT,IDLE-SILENT
381,0,0,1,-1,25.8,5.83,SILENT
381,1,0,1,-1,26.5,6.67,SILENT
381,2,0,,,34.6,0.00,SILENT,IDLE-SILENT
381,3,0,,,9.1,7.50,CRIT(9%),SILENT
381,4,0,,,44.6,0.00,SILENT,IDLE-SILENT
382,0,0,0,-1,25.8,5.83,SILENT
382,1,0,1,-1,26.5,6.67,SILENT
382,2,0,,,34.5,0.00,SILENT,IDLE-SILENT
382,3,0,,,9.0,7.50,CRIT(9%),SILENT
382,4,0,0,-1,44.5,0.00,SILENT,IDLE-SILENT
383,0,0,1,-1,25.8,5.83,SILENT
383,1,0,,,26.5,6.67,SILENT
383,2,0,1,-1,34.4,0.00,SILENT,IDLE-SILENT
383,3,0,,,8.9,7.50,CRIT(9%),SILENT
383,4,0,0,-1,44.4,0.00,SILENT,IDLE-SILENT
384,0,0,1,-1,25.8,5.83,SILENT
384,1,0,,,26.5,6.67,SILENT
384,2,0,1,-1,34.3,0.00,SILENT,IDLE-SILENT
384,3,0,0,-1,8.8,7.50,CRIT(9%),SILENT
384,4,0,1,-1,44.3,0.00,SILENT,IDLE-SILENT
385,0,0,1,-1,25.8,5.83,SILENT
385,1,0,0,-1,26.5,6.67,SILENT
385,2,0,0,-1,34.3,0.00,SILENT,IDLE-SILENT
385,3,0,0,-1,8.7,7.50,CRIT(9%),SILENT
385,4,0,0,-1,44.2,0.00,SILENT,IDLE-SILENT
386,0,0,,,25.8,5.83,SILENT
386,1,0,,,26.5,6.67,SILENT
386,2,0,1,-1,34.3,0.00,SILENT,IDLE-SILENT
386,3,0,,,8.6,7.50,CRIT(9%),SILENT
386,4,0,,,44.1,0.00,SILENT,IDLE-SILENT
387,0,0,0,-1,25.8,5.83,SILENT
387,1,0,,,26.5,6.67,SILENT
387,2,0,0,-1,34.3,0.00,SILENT,IDLE-SILENT
387,3,0,0,-1,8.5,7.50,CRIT(8%),SILENT
387,4,0,1,-1,44.0,0.00,SILENT,IDLE-SILENT
388,0,0,1,-1,25.8,5.83,SILENT
388,1,0,0,-1,26.5,6.67,SILENT
388,2,0,,,34.3,0.00,SILENT,IDLE-SILENT
388,3,0,,,8.4,7.50,CRIT(8%),SILENT
388,4,0,1,-1,43.9,0.00,SILENT,IDLE-SILENT
389,0,0,,,25.8,5.83,SILENT
389,1,0,1,-1,26.5,6.67,SILENT
389,2,0,0,-1,34.3,0.00,SILENT,IDLE-SILENT
389,3,0,1,-1,8.3,7.50,CRIT(8%),SILENT
389,4,0,,,43.8,0.00,SILENT,IDLE-SILENT
390,0,0,0,-1,25.8,5.83,SILENT
390,1,0,,,26.5,6.67,SILENT
390,2,0,0,-1,34.3,0.00,SILENT,IDLE-SILENT
390,3,0,0,-1,8.2,7.50,CRIT(8%),SILENT
390,4,0,1,-1,43.7,0.00,SILENT,IDLE-SILENT
391,0,0,0,-1,25.8,5.83,SILENT
391,1,0,,,26.5,6.67,SILENT
391,2,0,,,34.3,0.00,SILENT,IDLE-SILENT
391,3,0,1,-1,8.1,7.50,CRIT(8%),SILENT
391,4,0,0,-1,43.6,0.00,SILENT,IDLE-SILENT
392,0,0,0,-1,25.8,5.83,SILENT
392,1,0,,,26.5,6.67,SILENT
392,2,0,1,-1,34.3,0.00,SILENT,IDLE-SILENT
392,3,0,1,-1,8.1,7.50,CRIT(8%),SILENT
392,4,0,1,-1,43.5,0.00,SILENT,IDLE-SILENT
393,0,0,1,-1,25.8,5.83,SILENT
393,1,0,,,26.5,6.67,SILENT
393,2,0,0,-1,34.3,0.00,SILENT,IDLE-SILENT
393,3,0,0,-1,8.1,7.50,CRIT(8%),SILENT
393,4,0,1,-1,43.4,0.00,SILENT,IDLE-SILENT
394,0,0,0,-1,25.8,5.83,SILENT
394,1,0,0,-1,26.5,6.67,SILENT
394,2,0,1,-1,34.3,0.00,SILENT,IDLE-SILENT
394,3,0,1,-1,8.1,7.50,CRIT(8%),SILENT
394,4,0,,,43.3,0.00,SILENT,IDLE-SILENT
395,0,0,,,25.8,5.83,SILENT
395,1,0,,,26.4,6.67,SILENT
395,2,0,0,-1,34.3,0.00,SILENT,IDLE-SILENT
395,3,0,,,8.1,7.50,CRIT(8%),SILENT
395,4,0,1,-1,43.2,0.00,SILENT,IDLE-SILENT
396,0,0,1,-1,25.7,5.83,SILENT
396,1,0,,,26.3,6.67,SILENT
396,2,0,0,-1,34.3,0.00,SILENT,IDLE-SILENT
396,3,0,0,-1,8.1,7.50,CRIT(8%),SILENT
396,4,0,1,-1,43.1,0.00,SILENT,IDLE-SILENT
397,0,0,,,25.6,5.83,SILENT
397,1,0,,,26.2,6.67,SILENT
397,2,0,1,-1,34.3,0.00,SILENT,IDLE-SILENT
397,3,0,1,-1,8.1,7.50,CRIT(8%),SILENT
397,4,0,0,-1,43.0,0.00,SILENT,IDLE-SILENT
398,0,0,0,-1,25.5,5.83,SILENT
398,1,0,1,-1,26.1,6.67,SILENT
398,2,0,,,34.3,0.00,SILENT,IDLE-SILENT
398,3,0,1,-1,8.1,7.50,CRIT(8%),SILENT
398,4,0,1,-1,42.9,0.00,SILENT,IDLE-SILENT
399,0,0,0,-1,25.4,5.83,SILENT
399,1,0,1,-1,26.0,6.67,SILENT
399,2,0,,,34.3,0.00,SILENT,IDLE-SILENT
399,3,0,0,-1,8.1,7.50,CRIT(8%),SILENT
399,4,0,0,-1,42.8,0.00,SILENT,IDLE-SILENT
400,0,0,0,-1,25.3,5.83,SILENT
400,1,0,,,25.9,6.67,SILENT
400,2,0,1,-1,34.3,0.00,SILENT,IDLE-SILENT
400,3,0,0,-1,8.1,7.50,CRIT(8%),SILENT
400,4,0,0,-1,42.7,0.00,SILENT,IDLE-SILENT
401,0,0,0,-1,25.2,5.83,SILENT
401,1,0,,,25.8,6.67,SILENT
401,2,0,1,-1,34.3,0.00,SILENT,IDLE-SILENT
401,3,0,,,8.1,7.50,CRIT(8%),SILENT
401,4,0,0,-1,42.6,0.00,SILENT,IDLE-SILENT
402,0,0,1,-1,25.1,5.83,SILENT
402,1,0,,,25.7,6.67,SILENT
402,2,0,1,-1,34.3,0.00,SILENT,IDLE-SILENT
402,3,0,1,-1,8.1,7.50,CRIT(8%),SILENT
402,4,0,,,42.5,0.00,SILENT,IDLE-SILENT
403,0,0,1,-1,25.0,5.83,SILENT
403,1,0,1,-1,25.6,6.67,SILENT
403,2,0,,,34.3,0.00,SILENT,IDLE-SILENT
403,3,0,,,8.1,7.50,CRIT(8%),SILENT
403,4,0,,,42.4,0.00,SILENT,IDLE-SILENT
404,0,0,,,24.9,5.83,SILENT
404,1,0,,,25.5,6.67,SILENT
404,2,0,1,-1,34.3,0.00,SILENT,IDLE-SILENT
404,3,0,0,-1,8.1,7.50,CRIT(8%),SILENT
404,4,0,0,-1,42.3,0.00,SILENT,IDLE-SILENT
405,0,0,,,24.8,5.83,SILENT
405,1,0,1,-1,25.4,6.67,SILENT
405,2,0,,,34.3,0.00,SILENT,IDLE-SILENT
405,3,0,,,8.1,7.50,CRIT(8%),SILENT
405,4,0,,,42.2,0.00,SILENT,IDLE-SILENT
406,0,0,,,24.7,5.83,SILENT
406,1,0,0,-1,25.3,6.67,SILENT
406,2,0,0,-1,34.3,0.00,SILENT,IDLE-SILENT
406,3,0,0,-1,8.1,7.50,CRIT(8%),SILENT
406,4,0,1,-1,42.1,0.00,SILENT,IDLE-SILENT
407,0,0,1,-1,24.6,5.83,SILENT
407,1,0,,,25.2,6.67,SILENT
407,2,0,0,-1,34.3,0.00,SILENT,IDLE-SILENT
407,3,0,0,-1,8.1,7.50,CRIT(8%),SILENT
407,4,0,1,-1,42.1,0.00,SILENT,IDLE-SILENT
408,0,0,,,24.5,5.83,SILENT
408,1,0,1,-1,25.1,6.67,SILENT
408,2,0,1,-1,34.3,0.00,SILENT,IDLE-SILENT
408,3,0,0,-1,8.1,7.50,CRIT(8%),SILENT
408,4,0,,,42.1,0.00,SILENT,IDLE-SILENT
409,0,0,1,-1,24.4,5.83,SILENT
409,1,0,0,-1,25.0,6.67,SILENT
409,2,0,1,-1,34.3,0.00,SILENT,IDLE-SILENT
409,3,0,,,8.1,7.50,CRIT(8%),SILENT
409,4,0,1,-1,42.1,0.00,SILENT,IDLE-SILENT
410,0,0,1,-1,24.3,5.83,SILENT
410,1,0,,,24.9,6.67,SILENT
410,2,0,1,-1,34.3,0.00,SILENT,IDLE-SILENT
410,3,0,0,-1,8.1,7.50,CRIT(8%),SILENT
410,4,0,1,-1,42.1,0.00,SILENT,IDLE-SILENT
411,0,0,,,24.2,5.83,SILENT
411,1,0,1,-1,24.8,6.67,SILENT
411,2,0,,,34.3,0.00,SILENT,IDLE-SILENT
411,3,0,,,8.1,7.50,CRIT(8%),SILENT
411,4,0,1,-1,42.1,0.00,SILENT,IDLE-SILENT
412,0,0,,,24.1,5.83,SILENT
412,1,0,0,-1,24.7,6.67,SILENT
412,2,0,1,-1,34.3,0.00,SILENT,IDLE-SILENT
412,3,0,,,8.1,7.50,CRIT(8%),SILENT
412,4,0,,,42.1,0.00,SILENT,IDLE-SILENT
413,0,0,,,24.0,5.83,SILENT
413,1,0,0,-1,24.6,6.67,SILENT
413,2,0,0,-1,34.3,0.00,SILENT,IDLE-SILENT
413,3,0,1,-1,8.1,7.50,CRIT(8%),SILENT
413,4,0,,,42.1,0.00,SILENT,IDLE-SILENT
414,0,0,0,-1,23.9,5.83,SILENT
414,1,0,0,-1,24.5,6.67,SILENT
414,2,0,1,-1,34.2,0.00,SILENT,IDLE-SILENT
414,3,0,1,-1,8.1,7.50,CRIT(8%),SILENT
414,4,0,1,-1,42.1,0.00,SILENT,IDLE-SILENT
415,0,0,,,23.8,5.83,SILENT
415,1,0,1,-1,24.4,6.67,SILENT
415,2,0,1,-1,34.1,0.00,SILENT,IDLE-SILENT
415,3,0,,,8.1,7.50,CRIT(8%),SILENT
415,4,0,0,-1,42.1,0.00,SILENT,IDLE-SILENT
416,0,0,,,23.7,5.83,SILENT
416,1,0,0,-1,24.3,6.67,SILENT
416,2,0,,,34.0,0.00,SILENT,IDLE-SILENT
416,3,0,0,-1,8.1,7.50,CRIT(8%),SILENT
416,4,0,1,-1,42.1,0.00,SILENT,IDLE-SILENT
417,0,0,,,23.6,5.83,SILENT
417,1,0,0,-1,24.2,6.67,SILENT
417,2,0,,,33.9,0.00,SILENT,IDLE-SILENT
417,3,0,0,-1,8.1,7.50,CRIT(8%),SILENT
417,4,0,1,-1,42.1,0.00,SILENT,IDLE-SILENT
418,0,0,,,23.5,5.83,SILENT
418,1,0,1,-1,24.1,6.67,SILENT
418,2,0,1,-1,33.8,0.00,SILENT,IDLE-SILENT
418,3,0,,,8.1,7.50,CRIT(8%),SILENT
418,4,0,0,-1,42.1,0.00,SILENT,IDLE-SILENT
419,0,0,,,23.4,5.83,SILENT
419,1,0,1,-1,24.0,6.67,SILENT
419,2,0,1,-1,33.7,0.00,SILENT,IDLE-SILENT
419,3,0,1,-1,8.1,7.50,CRIT(8%),SILENT
419,4,0,0,-1,42.1,0.00,SILENT,IDLE-SILENT
420,0,0,,,23.3,5.83,SILENT
420,1,0,0,-1,23.9,6.67,SILENT
420,2,0,0,-1,33.6,0.00,SILENT,IDLE-SILENT
420,3,0,1,-1,8.1,7.50,CRIT(8%),SILENT
420,4,0,,,42.1,0.00,SILENT,IDLE-SILENT
421,0,0,0,-1,23.2,5.83,SILENT
421,1,0,,,23.8,6.67,SILENT
421,2,0,0,-1,33.5,0.00,SILENT,IDLE-SILENT
421,3,0,,,8.0,7.50,CRIT(8%),SILENT
421,4,0,,,42.1,0.00,SILENT,IDLE-SILENT
422,0,0,0,-1,23.1,5.83,SILENT
422,1,0,0,-1,23.7,6.67,SILENT
422,2,0,1,-1,33.4,0.00,SILENT,IDLE-SILENT
422,3,0,0,-1,7.9,7.50,CRIT(8%),SILENT
422,4,0,1,-1,42.1,0.00,SILENT,IDLE-SILENT
423,0,0,,,23.0,5.83,SILENT
423,1,0,0,-1,23.6,6.67,SILENT
423,2,0,1,-1,33.3,0.00,SILENT,IDLE-SILENT
423,3,0,,,7.8,7.50,CRIT(8%),SILENT
423,4,0,1,-1,42.1,0.00,SILENT,IDLE-SILENT
424,0,0,0,-1,22.9,5.83,SILENT
424,1,0,0,-1,23.5,6.67,SILENT
424,2,0,0,-1,33.2,0.00,SILENT,IDLE-SILENT
424,3,0,0,-1,7.7,7.50,CRIT(8%),SILENT
424,4,0,0,-1,42.1,0.00,SILENT,IDLE-SILENT
425,0,0,0,-1,22.8,5.83,SILENT
425,1,0,0,-1,23.4,6.67,SILENT
425,2,0,1,-1,33.1,0.00,SILENT,IDLE-SILENT
425,3,0,,,7.6,7.50,CRIT(8%),SILENT
425,4,0,1,-1,42.1,0.00,SILENT,IDLE-SILENT
426,0,0,1,-1,22.7,5.83,SILENT
426,1,0,1,-1,23.3,6.67,SILENT
426,2,0,1,-1,33.0,0.00,SILENT,IDLE-SILENT
426,3,0,,,7.5,7.50,CRIT(7%),SILENT
426,4,0,0,-1,42.1,0.00,SILENT,IDLE-SILENT
427,0,0,,,22.6,5.83,SILENT
427,1,0,1,-1,23.2,6.67,SILENT
427,2,0,1,-1,32.9,0.00,SILENT,IDLE-SILENT
427,3,0,,,7.4,7.50,CRIT(7%),SILENT
427,4,0,0,-1,42.1,0.00,SILENT,IDLE-SILENT
428,0,0,0,-1,22.5,5.83,SILENT
428,1,0,0,-1,23.1,6.67,SILENT
428,2,0,0,-1,32.8,0.00,SILENT,IDLE-SILENT
428,3,0,1,-1,7.3,7.50,CRIT(7%),SILENT
428,4,0,,,42.1,0.00,SILENT,IDLE-SILENT
429,0,0,0,-1,22.4,5.83,SILENT
429,1,0,1,-1,23.0,6.67,SILENT
429,2,0,0,-1,32.7,0.00,SILENT,IDLE-SILENT
429,3,0,0,-1,7.2,7.50,CRIT(7%),SILENT
429,4,0,0,-1,42.1,0.00,SILENT,IDLE-SILENT
430,0,0,0,-1,22.3,5.83,SILENT
430,1,0,1,-1,22.9,6.67,SILENT
430,2,0,1,-1,32.6,0.00,SILENT,IDLE-SILENT
430,3,0,1,-1,7.1,7.50,CRIT(7%),SILENT
430,4,0,0,-1,42.1,0.00,SILENT,IDLE-SILENT
431,0,0,0,-1,22.2,5.83,SILENT
431,1,0,,,22.8,6.67,SILENT
431,2,0,1,-1,32.5,0.00,SILENT,IDLE-SILENT
431,3,0,0,-1,7.0,7.50,CRIT(7%),SILENT
431,4,0,0,-1,42.1,0.00,SILENT,IDLE-SILENT
432,0,0,0,-1,22.1,5.83,SILENT
432,1,0,,,22.7,6.67,SILENT
432,2,0,0,-1,32.4,0.00,SILENT,IDLE-SILENT
432,3,0,0,-1,6.9,7.50,CRIT(7%),SILENT
432,4,0,1,-1,42.1,0.00,SILENT,IDLE-SILENT
433,0,0,,,22.0,5.83,SILENT
433,1,0,1,-1,22.6,6.67,SILENT
433,2,0,1,-1,32.3,0.00,SILENT,IDLE-SILENT
433,3,0,1,-1,6.8,7.50,CRIT(7%),SILENT
433,4,0,1,-1,42.1,0.00,SILENT,IDLE-SILENT
434,0,0,0,-1,21.9,5.83,SILENT
434,1,0,,,22.5,6.67,SILENT
434,2,0,,,32.2,0.00,SILENT,IDLE-SILENT
434,3,0,,,6.7,7.50,CRIT(7%),SILENT
434,4,0,1,-1,42.1,0.00,SILENT,IDLE-SILENT
435,0,0,1,-1,21.8,5.83,SILENT
435,1,0,,,22.4,6.67,SILENT
435,2,0,,,32.1,0.00,SILENT,IDLE-SILENT
435,3,0,0,-1,6.6,7.50,CRIT(7%),SILENT
435,4,0,0,-1,42.1,0.00,SILENT,IDLE-SILENT
436,0,0,,,21.7,5.83,SILENT
436,1,0,0,-1,22.3,6.67,SILENT
436,2,0,1,-1,32.0,0.00,SILENT,IDLE-SILENT
436,3,0,,,6.5,7.50,CRIT(6%),SILENT
436,4,0,0,-1,42.0,0.00,SILENT,IDLE-SILENT
437,0,0,1,-1,21.6,5.83,SILENT
437,1,0,1,-1,22.2,6.67,SILENT
437,2,0,0,-1,31.9,0.00,SILENT,IDLE-SILENT
437,3,0,0,-1,6.4,7.50,CRIT(6%),SILENT
437,4,0,0,-1,41.9,0.00,SILENT,IDLE-SILENT
438,0,0,1,-1,21.5,5.83,SILENT
438,1,0,,,22.1,6.67,SILENT
438,2,0,1,-1,31.8,0.00,SILENT,IDLE-SILENT
438,3,0,,,6.3,7.50,CRIT(6%),SILENT
438,4,0,0,-1,41.8,0.00,SILENT,IDLE-SILENT
439,0,0,,,21.4,5.83,SILENT
439,1,0,,,22.0,6.67,SILENT
439,2,0,1,-1,31.7,0.00,SILENT,IDLE-SILENT
439,3,0,0,-1,6.2,7.50,CRIT(6%),SILENT
439,4,0,,,41.7,0.00,SILENT,IDLE-SILENT
440,0,0,,,21.3,5.83,SILENT
440,1,0,1,-1,21.9,6.67,SILENT
440,2,0,1,-1,31.6,0.00,SILENT,IDLE-SILENT
440,3,0,0,-1,6.1,7.50,CRIT(6%),SILENT
440,4,0,,,41.6,0.00,SILENT,IDLE-SILENT
441,0,0,0,-1,21.2,5.83,SILENT
441,1,0,,,21.8,6.67,SILENT
441,2,0,1,-1,31.5,0.00,SILENT,IDLE-SILENT
441,3,0,0,-1,6.0,7.50,CRIT(6%),SILENT
441,4,0,1,-1,41.5,0.00,SILENT,IDLE-SILENT
442,0,0,1,-1,21.1,5.83,SILENT
442,1,0,0,-1,21.7,6.67,SILENT
442,2,0,0,-1,31.4,0.00,SILENT,IDLE-SILENT
442,3,0,,,5.9,7.50,CRIT(6%),SILENT
442,4,0,,,41.4,0.00,SILENT,IDLE-SILENT
443,0,0,1,-1,21.0,5.83,SILENT
443,1,0,1,-1,21.6,6.67,SILENT
443,2,0,1,-1,31.3,0.00,SILENT,IDLE-SILENT
443,3,0,,,5.8,7.50,CRIT(6%),SILENT
443,4,0,1,-1,41.3,0.00,SILENT,IDLE-SILENT
444,0,0,1,-1,20.9,5.83,SILENT
444,1,0,,,21.5,6.67,SILENT
444,2,0,0,-1,31.2,0.00,SILENT,IDLE-SILENT
444,3,0,0,-1,5.7,7.50,CRIT(6%),SILENT
444,4,0,1,-1,41.2,0.00,SILENT,IDLE-SILENT
445,0,0,,,20.8,5.83,SILENT
445,1,0,,,21.4,6.67,SILENT
445,2,0,0,-1,31.1,0.00,SILENT,IDLE-SILENT
445,3,0,0,-1,5.6,7.50,CRIT(6%),SILENT
445,4,0,1,-1,41.1,0.00,SILENT,IDLE-SILENT
446,0,0,0,-1,20.7,5.83,SILENT
446,1,0,1,-1,21.3,6.67,SILENT
446,2,0,0,-1,31.0,0.00,SILENT,IDLE-SILENT
446,3,0,1,-1,5.5,7.50,CRIT(5%),SILENT
446,4,0,0,-1,41.0,0.00,SILENT,IDLE-SILENT
447,0,0,,,20.6,5.83,SILENT
447,1,0,1,-1,21.2,6.67,SILENT
447,2,0,0,-1,30.9,0.00,SILENT,IDLE-SILENT
447,3,0,,,5.4,7.50,CRIT(5%),SILENT
447,4,0,,,40.9,0.00,SILENT,IDLE-SILENT
448,0,0,1,-1,20.5,5.83,SILENT
448,1,0,1,-1,21.1,6.67,SILENT
448,2,0,1,-1,30.8,0.00,SILENT,IDLE-SILENT
448,3,0,1,-1,5.3,7.50,CRIT(5%),SILENT
448,4,0,,,40.8,0.00,SILENT,IDLE-SILENT
449,0,0,,,20.4,5.83,SILENT
449,1,0,1,-1,21.0,6.67,SILENT
449,2,0,0,-1,30.7,0.00,SILENT,IDLE-SILENT
449,3,0,,,5.2,7.50,CRIT(5%),SILENT
449,4,0,,,40.7,0.00,SILENT,IDLE-SILENT
450,0,0,,,20.3,5.83,SILENT
450,1,0,0,-1,20.9,6.67,SILENT
450,2,0,0,-1,30.6,0.00,SILENT,IDLE-SILENT
450,3,0,1,-1,5.1,7.50,CRIT(5%),SILENT
450,4,0,,,40.6,0.00,SILENT,IDLE-SILENT
451,0,0,1,-1,20.2,5.83,SILENT
451,1,0,1,-1,20.8,6.67,SILENT
451,2,0,0,-1,30.5,0.00,SILENT,IDLE-SILENT
451,3,0,0,-1,5.0,7.50,CRIT(5%),SILENT
451,4,0,0,-1,40.5,0.00,SILENT,IDLE-SILENT
452,0,0,1,-1,20.1,5.83,SILENT
452,1,0,1,-1,20.7,6.67,SILENT
452,2,0,1,-1,30.4,0.00,SILENT,IDLE-SILENT
452,3,0,0,-1,4.9,7.50,CRIT(5%),SILENT
452,4,0,,,40.4,0.00,SILENT,IDLE-SILENT
453,0,0,1,-1,20.0,5.83,SILENT
453,1,0,0,-1,20.6,6.67,SILENT
453,2,0,1,-1,30.3,0.00,SILENT,IDLE-SILENT
453,3,0,0,-1,4.8,7.50,CRIT(5%),SILENT
453,4,0,1,-1,40.3,0.00,SILENT,IDLE-SILENT
454,0,0,0,-1,19.9,5.83,CRIT(20%),SILENT
454,1,0,1,-1,20.5,6.67,SILENT
454,2,0,1,-1,30.2,0.00,SILENT,IDLE-SILENT
454,3,0,1,-1,4.7,7.50,CRIT(5%),SILENT
454,4,0,,,40.2,0.00,SILENT,IDLE-SILENT
455,0,0,1,-1,19.8,5.83,CRIT(20%),SILENT
455,1,0,0,-1,20.4,6.67,SILENT
455,2,0,0,-1,30.1,0.00,SILENT,IDLE-SILENT
455,3,0,0,-1,4.6,7.50,CRIT(5%),SILENT
455,4,0,1,-1,40.1,0.00,SILENT,IDLE-SILENT
456,0,0,0,-1,19.7,5.83,CRIT(20%),SILENT
456,1,0,1,-1,20.3,6.67,SILENT
456,2,0,,,30.0,0.00,SILENT,IDLE-SILENT
456,3,0,0,-1,4.5,7.50,CRIT(4%),SILENT
456,4,0,0,-1,40.0,0.00,SILENT,IDLE-SILENT
457,0,0,1,-1,19.6,5.83,CRIT(20%),SILENT
457,1,0,1,-1,20.2,6.67,SILENT
457,2,0,,,29.9,0.00,SILENT,IDLE-SILENT
457,3,0,,,4.4,7.50,CRIT(4%),SILENT
457,4,0,1,-1,39.9,0.00,SILENT,IDLE-SILENT
458,0,0,,,19.5,5.83,CRIT(20%),SILENT
458,1,0,0,-1,20.1,6.67,SILENT
458,2,0,1,-1,29.8,0.00,SILENT,IDLE-SILENT
458,3,0,0,-1,4.3,7.50,CRIT(4%),SILENT
458,4,0,1,-1,39.8,0.00,SILENT,IDLE-SILENT
459,0,0,0,-1,19.4,5.83,CRIT(19%),SILENT
459,1,0,0,-1,20.0,6.67,SILENT
459,2,0,1,-1,29.7,0.00,SILENT,IDLE-SILENT
459,3,0,0,-1,4.2,7.50,CRIT(4%),SILENT
459,4,0,1,-1,39.7,0.00,SILENT,IDLE-SILENT
460,0,0,0,-1,19.3,5.83,CRIT(19%),SILENT
460,1,0,0,-1,19.9,6.67,CRIT(20%),SILENT
460,2,0,0,-1,29.6,0.00,SILENT,IDLE-SILENT
460,3,0,1,-1,4.1,7.50,CRIT(4%),SILENT
460,4,0,,,39.6,0.00,SILENT,IDLE-SILENT
461,0,0,,,19.2,5.83,CRIT(19%),SILENT
461,1,0,0,-1,19.8,6.67,CRIT(20%),SILENT
461,2,0,1,-1,29.5,0.00,SILENT,IDLE-SILENT
461,3,0,,,4.0,7.50,CRIT(4%),SILENT
461,4,0,0,-1,39.5,0.00,SILENT,IDLE-SILENT
462,0,0,0,-1,19.1,5.83,CRIT(19%),SILENT
462,1,0,0,-1,19.7,6.67,CRIT(20%),SILENT
462,2,0,1,-1,29.4,0.00,SILENT,IDLE-SILENT
462,3,0,1,-1,3.9,7.50,CRIT(4%),SILENT
462,4,0,1,-1,39.4,0.00,SILENT,IDLE-SILENT
463,0,0,0,-1,19.0,5.83,CRIT(19%),SILENT
463,1,0,0,-1,19.6,6.67,CRIT(20%),SILENT
463,2,0,1,-1,29.3,0.00,SILENT,IDLE-SILENT
463,3,0,,,3.8,7.50,CRIT(4%),SILENT
463,4,0,0,-1,39.3,0.00,SILENT,IDLE-SILENT
464,0,0,0,-1,18.9,5.83,CRIT(19%),SILENT
464,1,0,,,19.5,6.67,CRIT(20%),SILENT
464,2,0,1,-1,29.2,0.00,SILENT,IDLE-SILENT
464,3,0,,,3.7,7.50,CRIT(4%),SILENT
464,4,0,,,39.2,0.00,SILENT,IDLE-SILENT
465,0,0,0,-1,18.8,5.83,CRIT(19%),SILENT
465,1,0,0,-1,19.4,6.67,CRIT(19%),SILENT
465,2,0,1,-1,29.1,0.00,SILENT,IDLE-SILENT
465,3,0,1,-1,3.6,7.50,CRIT(4%),SILENT
465,4,0,,,39.1,0.00,SILENT,IDLE-SILENT
466,0,0,0,-1,18.7,5.83,CRIT(19%),SILENT
466,1,0,,,19.3,6.67,CRIT(19%),SILENT
466,2,0,,,29.0,0.00,SILENT,IDLE-SILENT
466,3,0,,,3.5,7.50,CRIT(3%),SILENT
466,4,0,1,-1,39.0,0.00,SILENT,IDLE-SILENT
467,0,0,1,-1,18.6,5.83,CRIT(19%),SILENT
467,1,0,1,-1,19.2,6.67,CRIT(19%),SILENT
467,2,0,0,-1,28.9,0.00,SILENT,IDLE-SILENT
467,3,0,0,-1,3.4,7.50,CRIT(3%),SILENT
467,4,0,1,-1,38.9,0.00,SILENT,IDLE-SILENT
468,0,0,,,18.5,5.83,CRIT(19%),SILENT
468,1,0,0,-1,19.1,6.67,CRIT(19%),SILENT
468,2,0,,,28.8,0.00,SILENT,IDLE-SILENT
468,3,0,0,-1,3.3,7.50,CRIT(3%),SILENT
468,4,0,1,-1,38.8,0.00,SILENT,IDLE-SILENT
469,0,0,,,18.4,5.83,CRIT(18%),SILENT
469,1,0,0,-1,19.0,6.67,CRIT(19%),SILENT
469,2,0,,,28.7,0.00,SILENT,IDLE-SILENT
469,3,0,0,-1,3.2,7.50,CRIT(3%),SILENT
469,4,0,,,38.7,0.00,SILENT,IDLE-SILENT
470,0,0,0,-1,18.3,5.83,CRIT(18%),SILENT
470,1,0,1,-1,18.9,6.67,CRIT(19%),SILENT
470,2,0,1,-1,28.6,0.00,SILENT,IDLE-SILENT
470,3,0,,,3.1,7.50,CRIT(3%),SILENT
470,4,0,1,-1,38.6,0.00,SILENT,IDLE-SILENT
471,0,0,1,-1,18.2,5.83,CRIT(18%),SILENT
471,1,0,1,-1,18.8,6.67,CRIT(19%),SILENT
471,2,0,,,28.5,0.00,SILENT,IDLE-SILENT
471,3,0,,,3.0,7.50,CRIT(3%),SILENT
471,4,0,1,-1,38.5,0.00,SILENT,IDLE-SILENT
472,0,0,1,-1,18.1,5.83,CRIT(18%),SILENT
472,1,0,,,18.7,6.67,CRIT(19%),SILENT
472,2,0,,,28.4,0.00,SILENT,IDLE-SILENT
472,3,0,0,-1,2.9,7.50,CRIT(3%),SILENT
472,4,0,,,38.4,0.00,SILENT,IDLE-SILENT
473,0,0,1,-1,18.0,5.83,CRIT(18%),SILENT
473,1,0,,,18.6,6.67,CRIT(19%),SILENT
473,2,0,,,28.3,0.00,SILENT,IDLE-SILENT
473,3,0,1,-1,2.8,7.50,CRIT(3%),SILENT
473,4,0,0,-1,38.3,0.00,SILENT,IDLE-SILENT
474,0,0,,,17.9,5.83,CRIT(18%),SILENT
474,1,0,,,18.5,6.67,CRIT(19%),SILENT
474,2,0,,,28.2,0.00,SILENT,IDLE-SILENT
474,3,0,,,2.7,7.50,CRIT(3%),SILENT
474,4,0,1,-1,38.2,0.00,SILENT,IDLE-SILENT
475,0,0,,,17.8,5.83,CRIT(18%),SILENT
475,1,0,,,18.4,6.67,CRIT(18%),SILENT
475,2,0,0,-1,28.1,0.00,SILENT,IDLE-SILENT
475,3,0,0,-1,2.6,7.50,CRIT(3%),SILENT
475,4,0,1,-1,38.1,0.00,SILENT,IDLE-SILENT
476,0,0,,,17.7,5.83,CRIT(18%),SILENT
476,1,0,,,18.3,6.67,CRIT(18%),SILENT
476,2,0,0,-1,28.0,0.00,SILENT,IDLE-SILENT
476,3,0,0,-1,2.5,7.50,CRIT(2%),SILENT
476,4,0,,,38.0,0.00,SILENT,IDLE-SILENT
477,0,0,1,-1,17.6,5.83,CRIT(18%),SILENT
477,1,0,0,-1,18.2,6.67,CRIT(18%),SILENT
477,2,0,0,-1,27.9,0.00,SILENT,IDLE-SILENT
477,3,0,,,2.4,7.50,CRIT(2%),SILENT
477,4,0,,,37.9,0.00,SILENT,IDLE-SILENT
478,0,0,,,17.5,5.83,CRIT(18%),SILENT
478,1,0,0,-1,18.1,6.67,CRIT(18%),SILENT
478,2,0,0,-1,27.8,0.00,SILENT,IDLE-SILENT
478,3,0,,,2.3,7.50,CRIT(2%),SILENT
478,4,0,1,-1,37.8,0.00,SILENT,IDLE-SILENT
479,0,0,,,17.4,5.83,CRIT(17%),SILENT
479,1,0,0,-1,18.0,6.67,CRIT(18%),SILENT
479,2,0,1,-1,27.7,0.00,SILENT,IDLE-SILENT
479,3,0,,,2.2,7.50,CRIT(2%),SILENT
479,4,0,,,37.7,0.00,SILENT,IDLE-SILENT
480,0,0,,,17.3,5.83,CRIT(17%),SILENT
480,1,0,0,-1,17.9,6.67,CRIT(18%),SILENT
480,2,0,1,-1,27.6,0.00,SILENT,IDLE-SILENT
480,3,0,0,-1,2.1,7.50,CRIT(2%),SILENT
480,4,0,1,-1,37.6,0.00,SILENT,IDLE-SILENT
481,0,0,,,17.2,5.83,CRIT(17%),SILENT
481,1,0,,,17.8,6.67,CRIT(18%),SILENT
481,2,0,0,-1,27.5,0.00,SILENT,IDLE-SILENT
481,3,0,0,-1,2.0,7.50,CRIT(2%),SILENT
481,4,0,,,37.5,0.00,SILENT,IDLE-SILENT
482,0,0,,,17.1,5.83,CRIT(17%),SILENT
482,1,0,,,17.7,6.67,CRIT(18%),SILENT
482,2,0,,,27.4,0.00,SILENT,IDLE-SILENT
482,3,0,,,1.9,7.50,CRIT(2%),SILENT
482,4,0,1,-1,37.4,0.00,SILENT,IDLE-SILENT
483,0,0,,,17.0,5.83,CRIT(17%),SILENT
483,1,0,,,17.6,6.67,CRIT(18%),SILENT
483,2,0,,,27.3,0.00,SILENT,IDLE-SILENT
483,3,0,0,-1,1.8,7.50,CRIT(2%),SILENT
483,4,0,,,37.3,0.00,SILENT,IDLE-SILENT
484,0,0,1,-1,16.9,5.83,CRIT(17%),SILENT
484,1,0,0,-1,17.5,6.67,CRIT(18%),SILENT
484,2,0,,,27.2,0.00,SILENT,IDLE-SILENT
484,3,0,1,-1,1.7,7.50,CRIT(2%),SILENT
484,4,0,1,-1,37.2,0.00,SILENT,IDLE-SILENT
485,0,0,0,-1,16.8,5.83,CRIT(17%),SILENT
485,1,0,1,-1,17.4,6.67,CRIT(17%),SILENT
485,2,0,,,27.1,0.00,SILENT,IDLE-SILENT
485,3,0,,,1.6,7.50,CRIT(2%),SILENT
485,4,0,1,-1,37.1,0.00,SILENT,IDLE-SILENT
486,0,0,1,-1,16.7,5.83,CRIT(17%),SILENT
486,1,0,1,-1,17.3,6.67,CRIT(17%),SILENT
486,2,0,0,-1,27.0,0.00,SILENT,IDLE-SILENT
486,3,0,0,-1,1.5,7.50,CRIT(1%),SILENT
486,4,0,1,-1,37.0,0.00,SILENT,IDLE-SILENT
487,0,0,,,16.6,5.83,CRIT(17%),SILENT
487,1,0,1,-1,17.2,6.67,CRIT(17%),SILENT
487,2,0,1,-1,26.9,0.00,SILENT,IDLE-SILENT
487,3,0,0,-1,1.4,7.50,CRIT(1%),SILENT
487,4,0,1,-1,36.9,0.00,SILENT,IDLE-SILENT
488,0,0,0,-1,16.5,5.83,CRIT(17%),SILENT
488,1,0,1,-1,17.1,6.67,CRIT(17%),SILENT
488,2,0,1,-1,26.8,0.00,SILENT,IDLE-SILENT
488,3,0,1,-1,1.3,7.50,CRIT(1%),SILENT
488,4,0,1,-1,36.8,0.00,SILENT,IDLE-SILENT
489,0,0,,,16.4,5.83,CRIT(16%),SILENT
489,1,0,,,17.0,6.67,CRIT(17%),SILENT
489,2,0,1,-1,26.7,0.00,SILENT,IDLE-SILENT
489,3,0,0,-1,1.2,7.50,CRIT(1%),SILENT
489,4,0,,,36.7,0.00,SILENT,IDLE-SILENT
490,0,0,,,16.3,5.83,CRIT(16%),SILENT
490,1,0,0,-1,16.9,6.67,CRIT(17%),SILENT
490,2,0,,,26.6,0.00,SILENT,IDLE-SILENT
490,3,0,,,1.1,7.50,CRIT(1%),SILENT
490,4,0,,,36.6,0.00,SILENT,IDLE-SILENT
491,0,0,0,-1,16.2,5.83,CRIT(16%),SILENT
491,1,0,1,-1,16.8,6.67,CRIT(17%),SILENT
491,2,0,1,-1,26.5,0.00,SILENT,IDLE-SILENT
491,3,0,0,-1,1.0,7.50,CRIT(1%),SILENT
491,4,0,0,-1,36.5,0.00,SILENT,IDLE-SILENT
492,0,0,,,16.1,5.83,CRIT(16%),SILENT
492,1,0,1,-1,16.7,6.67,CRIT(17%),SILENT
492,2,0,0,-1,26.4,0.00,SILENT,IDLE-SILENT
492,3,0,1,-1,0.9,7.50,CRIT(1%),SILENT
492,4,0,,,36.4,0.00,SILENT,IDLE-SILENT
493,0,0,,,16.0,5.83,CRIT(16%),SILENT
493,1,0,0,-1,16.6,6.67,CRIT(17%),SILENT
493,2,0,0,-1,26.3,0.00,SILENT,IDLE-SILENT
493,3,0,,,0.8,7.50,CRIT(1%),SILENT
493,4,0,,,36.3,0.00,SILENT,IDLE-SILENT
494,0,0,,,15.9,5.83,CRIT(16%),SILENT
494,1,0,0,-1,16.5,6.67,CRIT(17%),SILENT
494,2,0,1,-1,26.2,0.00,SILENT,IDLE-SILENT
494,3,0,,,0.7,7.50,CRIT(1%),SILENT
494,4,0,,,36.2,0.00,SILENT,IDLE-SILENT
495,0,0,1,-1,15.8,5.83,CRIT(16%),SILENT
495,1,0,,,16.4,6.67,CRIT(16%),SILENT
495,2,0,0,-1,26.1,0.00,SILENT,IDLE-SILENT
495,3,0,1,-1,0.6,7.50,CRIT(1%),SILENT
495,4,0,,,36.1,0.00,SILENT,IDLE-SILENT
496,0,0,,,15.7,5.83,CRIT(16%),SILENT
496,1,0,,,16.3,6.67,CRIT(16%),SILENT
496,2,0,0,-1,26.0,0.00,SILENT,IDLE-SILENT
496,3,0,0,-1,0.5,7.50,CRIT(0%),SILENT
496,4,0,1,-1,36.0,0.00,SILENT,IDLE-SILENT
497,0,0,,,15.6,5.83,CRIT(16%),SILENT
497,1,0,1,-1,16.2,6.67,CRIT(16%),SILENT
497,2,0,,,25.9,0.00,SILENT,IDLE-SILENT
497,3,0,,,0.4,7.50,CRIT(0%),SILENT
497,4,0,1,-1,35.9,0.00,SILENT,IDLE-SILENT
498,0,0,,,15.5,5.83,CRIT(16%),SILENT
498,1,0,0,-1,16.1,6.67,CRIT(16%),SILENT
498,2,0,,,25.8,0.00,SILENT,IDLE-SILENT
498,3,0,,,0.3,7.50,CRIT(0%),SILENT
498,4,0,1,-1,35.8,0.00,SILENT,IDLE-SILENT
499,0,0,0,-1,15.4,5.83,CRIT(15%),SILENT
499,1,0,1,-1,16.0,6.67,CRIT(16%),SILENT
499,2,0,0,-1,25.7,0.00,SILENT,IDLE-SILENT
499,3,0,1,-1,0.2,7.50,CRIT(0%),SILENT
499,4,0,,,35.7,0.00,SILENT,IDLE-SILENT
500,0,0,0,-1,15.3,5.83,CRIT(15%),SILENT
500,1,0,0,-1,15.9,6.67,CRIT(16%),SILENT
500,2,0,,,25.6,0.00,SILENT,IDLE-SILENT
500,3,0,0,-1,0.1,7.50,CRIT(0%),SILENT
500,4,0,,,35.6,0.00,SILENT,IDLE-SILENT
501,0,0,0,-1,15.2,5.83,CRIT(15%),SILENT
501,1,0,0,-1,15.8,6.67,CRIT(16%),SILENT
501,2,0,1,-1,25.5,0.00,SILENT,IDLE-SILENT
501,3,0,1,-1,0.0,7.50,RECHARGING,CRIT(0%),SILENT
501,4,0,,,35.5,0.00,SILENT,IDLE-SILENT
502,0,0,1,-1,15.1,5.83,CRIT(15%),SILENT
502,1,0,0,-1,15.7,6.67,CRIT(16%),SILENT
502,2,0,,,25.4,0.00,SILENT,IDLE-SILENT
502,3,0,,,0.0,7.50,RECHARGING,CRIT(0%),SILENT
502,4,0,1,-1,35.4,0.00,SILENT,IDLE-SILENT
503,0,0,,,15.0,5.83,CRIT(15%),SILENT
503,1,0,1,-1,15.6,6.67,CRIT(16%),SILENT
503,2,0,,,25.3,0.00,SILENT,IDLE-SILENT
503,3,0,,,0.0,7.50,RECHARGING,CRIT(0%),SILENT
503,4,0,1,-1,35.3,0.00,SILENT,IDLE-SILENT
504,0,0,0,-1,14.9,5.83,CRIT(15%),SILENT
504,1,0,1,-1,15.5,6.67,CRIT(16%),SILENT
504,2,0,,,25.2,0.00,SILENT,IDLE-SILENT
504,3,0,,,0.0,7.50,RECHARGING,CRIT(0%),SILENT
504,4,0,0,-1,35.2,0.00,SILENT,IDLE-SILENT
505,0,0,,,14.8,5.83,CRIT(15%),SILENT
505,1,0,1,-1,15.4,6.67,CRIT(15%),SILENT
505,2,0,0,-1,25.1,0.00,SILENT,IDLE-SILENT
505,3,0,,,0.0,7.50,RECHARGING,CRIT(0%),SILENT
505,4,0,1,-1,35.1,0.00,SILENT,IDLE-SILENT
506,0,0,,,14.7,5.83,CRIT(15%),SILENT
506,1,0,0,-1,15.3,6.67,CRIT(15%),SILENT
506,2,0,0,-1,25.0,0.00,SILENT,IDLE-SILENT
506,3,0,,,0.0,7.50,RECHARGING,CRIT(0%),SILENT
506,4,0,1,-1,35.0,0.00,SILENT,IDLE-SILENT
507,0,0,,,14.6,5.83,CRIT(15%),SILENT
507,1,0,,,15.2,6.67,CRIT(15%),SILENT
507,2,0,1,-1,24.9,0.00,SILENT,IDLE-SILENT
507,3,0,0,-1,0.0,7.50,RECHARGING,CRIT(0%),SILENT
507,4,0,,,34.9,0.00,SILENT,IDLE-SILENT
508,0,0,,,14.5,5.83,CRIT(15%),SILENT
508,1,0,,,15.1,6.67,CRIT(15%),SILENT
508,2,0,0,-1,24.8,0.00,SILENT,IDLE-SILENT
508,3,0,,,0.0,7.50,RECHARGING,CRIT(0%),SILENT
508,4,0,1,-1,34.8,0.00,SILENT,IDLE-SILENT
509,0,0,,,14.4,5.83,CRIT(14%),SILENT
509,1,0,,,15.0,6.67,CRIT(15%),SILENT
509,2,0,0,-1,24.7,0.00,SILENT,IDLE-SILENT
509,3,0,1,-1,0.0,7.50,RECHARGING,CRIT(0%),SILENT
509,4,0,1,-1,34.7,0.00,SILENT,IDLE-SILENT
510,0,0,,,14.3,5.83,CRIT(14%),SILENT
510,1,0,,,14.9,6.67,CRIT(15%),SILENT
510,2,0,1,-1,24.6,0.00,SILENT,IDLE-SILENT
510,3,0,0,-1,0.0,7.50,RECHARGING,CRIT(0%),SILENT
510,4,0,0,-1,34.6,0.00,SILENT,IDLE-SILENT
511,0,0,,,14.2,5.83,CRIT(14%),SILENT
511,1,0,,,14.8,6.67,CRIT(15%),SILENT
511,2,0,,,24.5,0.00,SILENT,IDLE-SILENT
511,3,0,1,-1,0.0,7.50,RECHARGING,CRIT(0%),SILENT
511,4,0,1,-1,34.5,0.00,SILENT,IDLE-SILENT
512,0,0,,,14.1,5.83,CRIT(14%),SILENT
512,1,0,,,14.7,6.67,CRIT(15%),SILENT
512,2,0,1,-1,24.4,0.00,SILENT,IDLE-SILENT
512,3,0,,,0.0,7.50,RECHARGING,CRIT(0%),SILENT
512,4,0,,,34.4,0.00,SILENT,IDLE-SILENT
513,0,0,0,-1,14.0,5.83,CRIT(14%),SILENT
513,1,0,,,14.6,6.67,CRIT(15%),SILENT
513,2,0,1,-1,24.3,0.00,SILENT,IDLE-SILENT
513,3,0,1,-1,0.0,7.50,RECHARGING,CRIT(0%),SILENT
513,4,0,1,-1,34.3,0.00,SILENT,IDLE-SILENT
514,0,0,,,13.9,5.83,CRIT(14%),SILENT
514,1,0,,,14.5,6.67,CRIT(15%),SILENT
514,2,0,1,-1,24.2,0.00,SILENT,IDLE-SILENT
514,3,0,1,-1,0.0,7.50,RECHARGING,CRIT(0%),SILENT
514,4,0,1,-1,34.2,0.00,SILENT,IDLE-SILENT
515,0,0,,,13.8,5.83,CRIT(14%),SILENT
515,1,0,,,14.4,6.67,CRIT(14%),SILENT
515,2,0,1,-1,24.1,0.00,SILENT,IDLE-SILENT
515,3,0,0,-1,0.0,7.50,RECHARGING,CRIT(0%),SILENT
515,4,0,,,34.1,0.00,SILENT,IDLE-SILENT
516,0,0,1,-1,13.7,5.83,CRIT(14%),SILENT
516,1,0,,,14.3,6.67,CRIT(14%),SILENT
516,2,0,0,-1,24.0,0.00,SILENT,IDLE-SILENT
516,3,0,,,0.0,7.50,RECHARGING,CRIT(0%),SILENT
516,4,0,1,-1,34.0,0.00,SILENT,IDLE-SILENT
517,0,0,0,-1,13.6,5.83,CRIT(14%),SILENT
517,1,0,,,14.2,6.67,CRIT(14%),SILENT
517,2,0,1,-1,23.9,0.00,SILENT,IDLE-SILENT
517,3,0,,,0.0,7.50,RECHARGING,CRIT(0%),SILENT
517,4,0,1,-1,33.9,0.00,SILENT,IDLE-SILENT
518,0,0,1,-1,13.5,5.83,CRIT(14%),SILENT
518,1,0,,,14.1,6.67,CRIT(14%),SILENT
518,2,0,1,-1,23.8,0.00,SILENT,IDLE-SILENT
518,3,0,0,-1,0.0,7.50,RECHARGING,CRIT(0%),SILENT
518,4,0,0,-1,33.8,0.00,SILENT,IDLE-SILENT
519,0,0,0,-1,13.4,5.83,CRIT(13%),SILENT
519,1,0,,,14.0,6.67,CRIT(14%),SILENT
519,2,0,1,-1,23.7,0.00,SILENT,IDLE-SILENT
519,3,0,1,-1,0.0,7.50,RECHARGING,CRIT(0%),SILENT
519,4,0,,,33.7,0.00,SILENT,IDLE-SILENT
520,0,0,,,13.3,5.83,CRIT(13%),SILENT
520,1,0,1,-1,13.9,6.67,CRIT(14%),SILENT
520,2,0,1,-1,23.6,0.00,SILENT,IDLE-SILENT
520,3,0,1,-1,0.0,7.50,RECHARGING,CRIT(0%),SILENT
520,4,0,1,-1,33.6,0.00,SILENT,IDLE-SILENT
521,0,0,,,13.2,5.83,CRIT(13%),SILENT
521,1,0,0,-1,13.8,6.67,CRIT(14%),SILENT
521,2,0,1,-1,23.5,0.00,SILENT,IDLE-SILENT
521,3,0,1,-1,0.0,7.50,RECHARGING,CRIT(0%),SILENT
521,4,0,1,-1,33.5,0.00,SILENT,IDLE-SILENT
522,0,0,,,13.1,5.83,CRIT(13%),SILENT
522,1,0,0,-1,13.7,6.67,CRIT(14%),SILENT
522,2,0,0,-1,23.4,0.00,SILENT,IDLE-SILENT
522,3,0,,,0.0,7.50,RECHARGING,CRIT(0%),SILENT
522,4,0,1,-1,33.4,0.00,SILENT,IDLE-SILENT
523,0,0,,,13.0,5.83,CRIT(13%),SILENT
523,1,0,0,-1,13.6,6.67,CRIT(14%),SILENT
523,2,0,1,-1,23.3,0.00,SILENT,IDLE-SILENT
523,3,0,,,0.0,7.50,RECHARGING,CRIT(0%),SILENT
523,4,0,1,-1,33.3,0.00,SILENT,IDLE-SILENT
524,0,0,1,-1,12.9,5.83,CRIT(13%),SILENT
524,1,0,1,-1,13.5,6.67,CRIT(14%),SILENT
524,2,0,,,23.2,0.00,SILENT,IDLE-SILENT
524,3,0,1,-1,0.0,7.50,RECHARGING,CRIT(0%),SILENT
524,4,0,1,-1,33.2,0.00,SILENT,IDLE-SILENT
525,0,0,1,-1,12.8,5.83,CRIT(13%),SILENT
525,1,0,,,13.4,6.67,CRIT(13%),SILENT
525,2,0,,,23.1,0.00,SILENT,IDLE-SILENT
525,3,0,1,-1,0.0,7.50,RECHARGING,CRIT(0%),SILENT
525,4,0,1,-1,33.1,0.00,SILENT,IDLE-SILENT
526,0,0,1,-1,12.7,5.83,CRIT(13%),SILENT
526,1,0,0,-1,13.3,6.67,CRIT(13%),SILENT
526,2,0,0,-1,23.0,0.00,SILENT,IDLE-SILENT
526,3,0,1,-1,0.0,7.50,RECHARGING,CRIT(0%),SILENT
526,4,0,0,-1,33.0,0.00,SILENT,IDLE-SILENT
527,0,0,,,12.6,5.83,CRIT(13%),SILENT
527,1,0,1,-1,13.2,6.67,CRIT(13%),SILENT
527,2,0,1,-1,22.9,0.00,SILENT,IDLE-SILENT
527,3,0,0,-1,0.0,7.50,RECHARGING,CRIT(0%),SILENT
527,4,0,,,32.9,0.00,SILENT,IDLE-SILENT
528,0,0,0,-1,12.5,5.83,CRIT(13%),SILENT
528,1,0,,,13.1,6.67,CRIT(13%),SILENT
528,2,0,,,22.8,0.00,SILENT,IDLE-SILENT
528,3,0,0,-1,0.0,7.50,RECHARGING,CRIT(0%),SILENT
528,4,0,,,32.8,0.00,SILENT,IDLE-SILENT
529,0,0,,,12.4,5.83,CRIT(12%),SILENT
529,1,0,0,-1,13.0,6.67,CRIT(13%),SILENT
529,2,0,1,-1,22.7,0.00,SILENT,IDLE-SILENT
529,3,0,1,-1,0.0,7.50,RECHARGING,CRIT(0%),SILENT
529,4,0,1,-1,32.7,0.00,SILENT,IDLE-SILENT
530,0,0,1,-1,12.3,5.83,CRIT(12%),SILENT
530,1,0,,,12.9,6.67,CRIT(13%),SILENT
530,2,0,1,-1,22.6,0.00,SILENT,IDLE-SILENT
530,3,0,1,-1,100.0,7.50,SILENT
530,4,0,0,-1,32.6,0.00,SILENT,IDLE-SILENT
531,0,0,1,-1,12.2,5.83,CRIT(12%),SILENT
531,1,0,,,12.8,6.67,CRIT(13%),SILENT
531,2,0,1,-1,22.5,0.00,SILENT,IDLE-SILENT
531,3,0,1,-1,99.9,7.50,SILENT
531,4,0,,,32.5,0.00,SILENT,IDLE-SILENT
532,0,0,0,-1,12.1,5.83,CRIT(12%),SILENT
532,1,0,0,-1,12.7,6.67,CRIT(13%),SILENT
532,2,0,0,-1,22.4,0.00,SILENT,IDLE-SILENT
532,3,0,,,99.8,7.50,SILENT
532,4,0,1,-1,32.4,0.00,SILENT,IDLE-SILENT
533,0,0,0,-1,12.0,5.83,CRIT(12%),SILENT
533,1,0,,,12.6,6.67,CRIT(13%),SILENT
533,2,0,,,22.3,0.00,SILENT,IDLE-SILENT
533,3,0,0,-1,99.7,7.50,SILENT
533,4,0,,,32.3,0.00,SILENT,IDLE-SILENT
534,0,0,0,-1,11.9,5.83,CRIT(12%),SILENT
534,1,0,0,-1,12.5,6.67,CRIT(13%),SILENT
534,2,0,1,-1,22.2,0.00,SILENT,IDLE-SILENT
534,3,0,1,-1,99.6,7.50,SILENT
534,4,0,0,-1,32.2,0.00,SILENT,IDLE-SILENT
535,0,0,0,-1,11.8,5.83,CRIT(12%),SILENT
535,1,0,1,-1,12.4,6.67,CRIT(12%),SILENT
535,2,0,0,-1,22.1,0.00,SILENT,IDLE-SILENT
535,3,0,0,-1,99.5,7.50,SILENT
535,4,0,,,32.1,0.00,SILENT,IDLE-SILENT
536,0,0,0,-1,11.7,5.83,CRIT(12%),SILENT
536,1,0,1,-1,12.3,6.67,CRIT(12%),SILENT
536,2,0,1,-1,22.0,0.00,SILENT,IDLE-SILENT
536,3,0,1,-1,99.4,7.50,SILENT
536,4,0,,,32.0,0.00,SILENT,IDLE-SILENT
537,0,0,,,11.6,5.83,CRIT(12%),SILENT
537,1,0,0,-1,12.2,6.67,CRIT(12%),SILENT
537,2,0,1,-1,21.9,0.00,SILENT,IDLE-SILENT
537,3,0,,,99.3,7.50,SILENT
537,4,0,,,31.9,0.00,SILENT,IDLE-SILENT
538,0,0,0,-1,11.5,5.83,CRIT(12%),SILENT
538,1,0,1,-1,12.1,6.67,CRIT(12%),SILENT
538,2,0,0,-1,21.8,0.00,SILENT,IDLE-SILENT
538,3,0,1,-1,99.2,7.50,SILENT
538,4,0,,,31.8,0.00,SILENT,IDLE-SILENT
539,0,0,,,11.4,5.83,CRIT(11%),SILENT
539,1,0,,,12.0,6.67,CRIT(12%),SILENT
539,2,0,1,-1,21.7,0.00,SILENT,IDLE-SILENT
539,3,0,,,99.1,7.50,SILENT
539,4,0,0,-1,31.7,0.00,SILENT,IDLE-SILENT
540,0,0,,,11.3,5.83,CRIT(11%),SILENT
540,1,0,,,11.9,6.67,CRIT(12%),SILENT
540,2,0,,,21.6,0.00,SILENT,IDLE-SILENT
540,3,0,,,99.0,7.50,SILENT
540,4,0,,,31.6,0.00,SILENT,IDLE-SILENT
541,0,0,0,-1,11.2,5.83,CRIT(11%),SILENT
541,1,0,,,11.8,6.67,CRIT(12%),SILENT
541,2,0,1,-1,21.5,0.00,SILENT,IDLE-SILENT
541,3,0,1,-1,98.9,7.50,SILENT
541,4,0,1,-1,31.5,0.00,SILENT,IDLE-SILENT
542,0,0,,,11.1,5.83,CRIT(11%),SILENT
542,1,0,0,-1,11.7,6.67,CRIT(12%),SILENT
542,2,0,,,21.4,0.00,SILENT,IDLE-SILENT
542,3,0,,,98.8,7.50,SILENT
542,4,0,1,-1,31.4,0.00,SILENT,IDLE-SILENT
543,0,0,1,-1,11.0,5.83,CRIT(11%),SILENT
543,1,0,,,11.6,6.67,CRIT(12%),SILENT
543,2,0,1,-1,21.3,0.00,SILENT,IDLE-SILENT
543,3,0,,,98.7,7.50,SILENT
543,4,0,1,-1,31.3,0.00,SILENT,IDLE-SILENT
544,0,0,1,-1,10.9,5.83,CRIT(11%),SILENT
544,1,0,,,11.5,6.67,CRIT(12%),SILENT
544,2,0,1,-1,21.2,0.00,SILENT,IDLE-SILENT
544,3,0,0,-1,98.6,7.50,SILENT
544,4,0,0,-1,31.2,0.00,SILENT,IDLE-SILENT
545,0,0,1,-1,10.8,5.83,CRIT(11%),SILENT
545,1,0,,,11.4,6.67,CRIT(11%),SILENT
545,2,0,,,21.1,0.00,SILENT,IDLE-SILENT
545,3,0,,,98.5,7.50,SILENT
545,4,0,0,-1,31.1,0.00,SILENT,IDLE-SILENT
546,0,0,,,10.7,5.83,CRIT(11%),SILENT
546,1,0,1,-1,11.3,6.67,CRIT(11%),SILENT
546,2,0,1,-1,21.0,0.00,SILENT,IDLE-SILENT
546,3,0,,,98.4,7.50,SILENT
546,4,0,,,31.0,0.00,SILENT,IDLE-SILENT
547,0,0,,,10.6,5.83,CRIT(11%),SILENT
547,1,0,,,11.2,6.67,CRIT(11%),SILENT
547,2,0,1,-1,20.9,0.00,SILENT,IDLE-SILENT
547,3,0,,,98.3,7.50,SILENT
547,4,0,1,-1,30.9,0.00,SILENT,IDLE-SILENT
548,0,0,,,10.5,5.83,CRIT(11%),SILENT
548,1,0,,,11.1,6.67,CRIT(11%),SILENT
548,2,0,1,-1,20.8,0.00,SILENT,IDLE-SILENT
548,3,0,,,98.2,7.50,SILENT
548,4,0,,,30.8,0.00,SILENT,IDLE-SILENT
549,0,0,1,-1,10.4,5.83,CRIT(10%),SILENT
549,1,0,1,-1,11.0,6.67,CRIT(11%),SILENT
549,2,0,1,-1,20.7,0.00,SILENT,IDLE-SILENT
549,3,0,0,-1,98.1,7.50,SILENT
549,4,0,0,-1,30.7,0.00,SILENT,IDLE-SILENT
550,0,0,0,-1,10.3,5.83,CRIT(10%),SILENT
550,1,0,,,10.9,6.67,CRIT(11%),SILENT
550,2,0,1,-1,20.6,0.00,SILENT,IDLE-SILENT
550,3,0,0,-1,98.0,7.50,SILENT
550,4,0,,,30.6,0.00,SILENT,IDLE-SILENT
551,0,0,0,-1,10.2,5.83,CRIT(10%),SILENT
551,1,0,0,-1,10.8,6.67,CRIT(11%),SILENT
551,2,0,,,20.5,0.00,SILENT,IDLE-SILENT
551,3,0,0,-1,97.9,7.50,SILENT
551,4,0,1,-1,30.5,0.00,SILENT,IDLE-SILENT
552,0,0,1,-1,10.1,5.83,CRIT(10%),SILENT
552,1,0,0,-1,10.7,6.67,CRIT(11%),SILENT
552,2,0,1,-1,20.4,0.00,SILENT,IDLE-SILENT
552,3,0,,,97.8,7.50,SILENT
552,4,0,1,-1,30.4,0.00,SILENT,IDLE-SILENT
553,0,0,1,-1,10.0,5.83,CRIT(10%),SILENT
553,1,0,,,10.6,6.67,CRIT(11%),SILENT
553,2,0,0,-1,20.3,0.00,SILENT,IDLE-SILENT
553,3,0,0,-1,97.7,7.50,SILENT
553,4,0,1,-1,30.3,0.00,SILENT,IDLE-SILENT
554,0,0,1,-1,9.9,5.83,CRIT(10%),SILENT
554,1,0,,,10.5,6.67,CRIT(11%),SILENT
554,2,0,1,-1,20.2,0.00,SILENT,IDLE-SILENT
554,3,0,1,-1,97.6,7.50,SILENT
554,4,0,1,-1,30.2,0.00,SILENT,IDLE-SILENT
555,0,0,0,-1,9.8,5.83,CRIT(10%),SILENT
555,1,0,,,10.4,6.67,CRIT(10%),SILENT
555,2,0,1,-1,20.1,0.00,SILENT,IDLE-SILENT
555,3,0,0,-1,97.5,7.50,SILENT
555,4,0,1,-1,30.1,0.00,SILENT,IDLE-SILENT
556,0,0,1,-1,9.7,5.83,CRIT(10%),SILENT
556,1,0,,,10.3,6.67,CRIT(10%),SILENT
556,2,0,0,-1,20.0,0.00,SILENT,IDLE-SILENT
556,3,0,1,-1,97.4,7.50,SILENT
556,4,0,0,-1,30.0,0.00,SILENT,IDLE-SILENT
557,0,0,,,9.6,5.83,CRIT(10%),SILENT
557,1,0,1,-1,10.2,6.67,CRIT(10%),SILENT
557,2,0,0,-1,19.9,0.00,CRIT(20%),SILENT,IDLE-SILENT
557,3,0,,,97.3,7.50,SILENT
557,4,0,1,-1,29.9,0.00,SILENT,IDLE-SILENT
558,0,0,,,9.5,5.83,CRIT(10%),SILENT
558,1,0,1,-1,10.1,6.67,CRIT(10%),SILENT
558,2,0,1,-1,19.8,0.00,CRIT(20%),SILENT,IDLE-SILENT
558,3,0,0,-1,97.2,7.50,SILENT
558,4,0,,,29.8,0.00,SILENT,IDLE-SILENT
559,0,0,,,9.4,5.83,CRIT(9%),SILENT
559,1,0,0,-1,10.0,6.67,CRIT(10%),SILENT
559,2,0,0,-1,19.7,0.00,CRIT(20%),SILENT,IDLE-SILENT
559,3,0,1,-1,97.1,7.50,SILENT
559,4,0,1,-1,29.7,0.00,SILENT,IDLE-SILENT
560,0,0,0,-1,9.3,5.83,CRIT(9%),SILENT
560,1,0,0,-1,9.9,6.67,CRIT(10%),SILENT
560,2,0,1,-1,19.6,0.00,CRIT(20%),SILENT,IDLE-SILENT
560,3,0,,,97.0,7.50,SILENT
560,4,0,1,-1,29.6,0.00,SILENT,IDLE-SILENT
561,0,0,,,9.2,5.83,CRIT(9%),SILENT
561,1,0,1,-1,9.8,6.67,CRIT(10%),SILENT
561,2,0,1,-1,19.5,0.00,CRIT(20%),SILENT,IDLE-SILENT
561,3,0,1,-1,96.9,7.50,SILENT
561,4,0,1,-1,29.5,0.00,SILENT,IDLE-SILENT
562,0,0,1,-1,9.1,5.83,CRIT(9%),SILENT
562,1,0,1,-1,9.7,6.67,CRIT(10%),SILENT
562,2,0,1,-1,19.4,0.00,CRIT(19%),SILENT,IDLE-SILENT
562,3,0,,,96.8,7.50,SILENT
562,4,0,0,-1,29.4,0.00,SILENT,IDLE-SILENT
563,0,0,1,-1,9.0,5.83,CRIT(9%),SILENT
563,1,0,0,-1,9.6,6.67,CRIT(10%),SILENT
563,2,0,0,-1,19.3,0.00,CRIT(19%),SILENT,IDLE-SILENT
563,3,0,1,-1,96.7,7.50,SILENT
563,4,0,1,-1,29.3,0.00,SILENT,IDLE-SILENT
564,0,0,,,8.9,5.83,CRIT(9%),SILENT
564,1,0,1,-1,9.5,6.67,CRIT(10%),SILENT
564,2,0,,,19.2,0.00,CRIT(19%),SILENT,IDLE-SILENT
564,3,0,0,-1,96.6,7.50,SILENT
564,4,0,1,-1,29.2,0.00,SILENT,IDLE-SILENT
565,0,0,,,8.8,5.83,CRIT(9%),SILENT
565,1,0,0,-1,9.4,6.67,CRIT(9%),SILENT
565,2,0,0,-1,19.1,0.00,CRIT(19%),SILENT,IDLE-SILENT
565,3,0,0,-1,96.5,7.50,SILENT
565,4,0,,,29.1,0.00,SILENT,IDLE-SILENT
566,0,0,0,-1,8.7,5.83,CRIT(9%),SILENT
566,1,0,1,-1,9.3,6.67,CRIT(9%),SILENT
566,2,0,0,-1,19.0,0.00,CRIT(19%),SILENT,IDLE-SILENT
566,3,0,1,-1,96.4,7.50,SILENT
566,4,0,,,29.0,0.00,SILENT,IDLE-SILENT
567,0,0,0,-1,8.6,5.83,CRIT(9%),SILENT
567,1,0,,,9.2,6.67,CRIT(9%),SILENT
567,2,0,,,18.9,0.00,CRIT(19%),SILENT,IDLE-SILENT
567,3,0,,,96.3,7.50,SILENT
567,4,0,1,-1,28.9,0.00,SILENT,IDLE-SILENT
568,0,0,,,8.5,5.83,CRIT(9%),SILENT
568,1,0,0,-1,9.1,6.67,CRIT(9%),SILENT
568,2,0,,,18.8,0.00,CRIT(19%),SILENT,IDLE-SILENT
568,3,0,1,-1,96.2,7.50,SILENT
568,4,0,,,28.8,0.00,SILENT,IDLE-SILENT
569,0,0,,,8.4,5.83,CRIT(8%),SILENT
569,1,0,0,-1,9.0,6.67,CRIT(9%),SILENT
569,2,0,1,-1,18.7,0.00,CRIT(19%),SILENT,IDLE-SILENT
569,3,0,,,96.1,7.50,SILENT
569,4,0,0,-1,28.7,0.00,SILENT,IDLE-SILENT
570,0,0,,,8.3,5.83,CRIT(8%),SILENT
570,1,0,,,8.9,6.67,CRIT(9%),SILENT
570,2,0,,,18.6,0.00,CRIT(19%),SILENT,IDLE-SILENT
570,3,0,1,-1,96.0,7.50,SILENT
570,4,0,1,-1,28.6,0.00,SILENT,IDLE-SILENT
571,0,0,,,8.2,5.83,CRIT(8%),SILENT
571,1,0,,,8.8,6.67,CRIT(9%),SILENT
571,2,0,,,18.5,0.00,CRIT(19%),SILENT,IDLE-SILENT
571,3,0,1,-1,95.9,7.50,SILENT
571,4,0,1,-1,28.5,0.00,SILENT,IDLE-SILENT
572,0,0,0,-1,8.1,5.83,CRIT(8%),SILENT
572,1,0,1,-1,8.7,6.67,CRIT(9%),SILENT
572,2,0,0,-1,18.4,0.00,CRIT(18%),SILENT,IDLE-SILENT
572,3,0,,,95.8,7.50,SILENT
572,4,0,0,-1,28.4,0.00,SILENT,IDLE-SILENT
573,0,0,0,-1,8.0,5.83,CRIT(8%),SILENT
573,1,0,0,-1,8.6,6.67,CRIT(9%),SILENT
573,2,0,,,18.3,0.00,CRIT(18%),SILENT,IDLE-SILENT
573,3,0,,,95.7,7.50,SILENT
573,4,0,,,28.3,0.00,SILENT,IDLE-SILENT
574,0,0,,,7.9,5.83,CRIT(8%),SILENT
574,1,0,,,8.5,6.67,CRIT(9%),SILENT
574,2,0,,,18.2,0.00,CRIT(18%),SILENT,IDLE-SILENT
574,3,0,0,-1,95.6,7.50,SILENT
574,4,0,,,28.2,0.00,SILENT,IDLE-SILENT
575,0,0,1,-1,7.8,5.83,CRIT(8%),SILENT
575,1,0,1,-1,8.4,6.67,CRIT(8%),SILENT
575,2,0,1,-1,18.1,0.00,CRIT(18%),SILENT,IDLE-SILENT
575,3,0,,,95.5,7.50,SILENT
575,4,0,1,-1,28.1,0.00,SILENT,IDLE-SILENT
576,0,0,0,-1,7.7,5.83,CRIT(8%),SILENT
576,1,0,,,8.3,6.67,CRIT(8%),SILENT
576,2,0,,,18.0,0.00,CRIT(18%),SILENT,IDLE-SILENT
576,3,0,,,95.4,7.50,SILENT
576,4,0,,,28.0,0.00,SILENT,IDLE-SILENT
577,0,0,,,7.6,5.83,CRIT(8%),SILENT
577,1,0,0,-1,8.2,6.67,CRIT(8%),SILENT
577,2,0,1,-1,17.9,0.00,CRIT(18%),SILENT,IDLE-SILENT
577,3,0,,,95.3,7.50,SILENT
577,4,0,,,27.9,0.00,SILENT,IDLE-SILENT
578,0,0,1,-1,7.5,5.83,CRIT(8%),SILENT
578,1,0,,,8.1,6.67,CRIT(8%),SILENT
578,2,0,1,-1,17.8,0.00,CRIT(18%),SILENT,IDLE-SILENT
578,3,0,0,-1,95.2,7.50,SILENT
578,4,0,1,-1,27.8,0.00,SILENT,IDLE-SILENT
579,0,0,,,7.4,5.83,CRIT(7%),SILENT
579,1,0,,,8.0,6.67,CRIT(8%),SILENT
579,2,0,,,17.7,0.00,CRIT(18%),SILENT,IDLE-SILENT
579,3,0,1,-1,95.1,7.50,SILENT
579,4,0,1,-1,27.7,0.00,SILENT,IDLE-SILENT
580,0,0,0,-1,7.3,5.83,CRIT(7%),SILENT
580,1,0,,,7.9,6.67,CRIT(8%),SILENT
580,2,0,1,-1,17.6,0.00,CRIT(18%),SILENT,IDLE-SILENT
580,3,0,,,95.0,7.50,SILENT
580,4,0,0,-1,27.6,0.00,SILENT,IDLE-SILENT
581,0,0,0,-1,7.2,5.83,CRIT(7%),SILENT
581,1,0,0,-1,7.8,6.67,CRIT(8%),SILENT
581,2,0,1,-1,17.5,0.00,CRIT(18%),SILENT,IDLE-SILENT
581,3,0,1,-1,94.9,7.50,SILENT
581,4,0,1,-1,27.5,0.00,SILENT,IDLE-SILENT
582,0,0,1,-1,7.1,5.83,CRIT(7%),SILENT
582,1,0,1,-1,7.7,6.67,CRIT(8%),SILENT
582,2,0,,,17.4,0.00,CRIT(17%),SILENT,IDLE-SILENT
582,3,0,1,-1,94.8,7.50,SILENT
582,4,0,1,-1,27.4,0.00,SILENT,IDLE-SILENT
583,0,0,1,-1,7.0,5.83,CRIT(7%),SILENT
583,1,0,,,7.6,6.67,CRIT(8%),SILENT
583,2,0,1,-1,17.3,0.00,CRIT(17%),SILENT,IDLE-SILENT
583,3,0,0,-1,94.7,7.50,SILENT
583,4,0,1,-1,27.3,0.00,SILENT,IDLE-SILENT
584,0,0,,,6.9,5.83,CRIT(7%),SILENT
584,1,0,1,-1,7.5,6.67,CRIT(8%),SILENT
584,2,0,1,-1,17.2,0.00,CRIT(17%),SILENT,IDLE-SILENT
584,3,0,1,-1,94.6,7.50,SILENT
584,4,0,,,27.2,0.00,SILENT,IDLE-SILENT
585,0,0,1,-1,6.8,5.83,CRIT(7%),SILENT
585,1,0,,,7.4,6.67,CRIT(7%),SILENT
585,2,0,1,-1,17.1,0.00,CRIT(17%),SILENT,IDLE-SILENT
585,3,0,0,-1,94.5,7.50,SILENT
585,4,0,1,-1,27.1,0.00,SILENT,IDLE-SILENT
586,0,0,,,6.7,5.83,CRIT(7%),SILENT
586,1,0,1,-1,7.3,6.67,CRIT(7%),SILENT
586,2,0,,,17.0,0.00,CRIT(17%),SILENT,IDLE-SILENT
586,3,0,1,-1,94.4,7.50,SILENT
586,4,0,,,27.0,0.00,SILENT,IDLE-SILENT
587,0,0,,,6.6,5.83,CRIT(7%),SILENT
587,1,0,,,7.2,6.67,CRIT(7%),SILENT
587,2,0,1,-1,16.9,0.00,CRIT(17%),SILENT,IDLE-SILENT
587,3,0,,,94.3,7.50,SILENT
587,4,0,1,-1,26.9,0.00,SILENT,IDLE-SILENT
588,0,0,,,6.5,5.83,CRIT(7%),SILENT
588,1,0,1,-1,7.1,6.67,CRIT(7%),SILENT
588,2,0,1,-1,16.8,0.00,CRIT(17%),SILENT,IDLE-SILENT
588,3,0,,,94.2,7.50,SILENT
588,4,0,1,-1,26.8,0.00,SILENT,IDLE-SILENT
589,0,0,,,6.4,5.83,CRIT(6%),SILENT
589,1,0,,,7.0,6.67,CRIT(7%),SILENT
589,2,0,,,16.7,0.00,CRIT(17%),SILENT,IDLE-SILENT
589,3,0,1,-1,94.1,7.50,SILENT
589,4,0,,,26.7,0.00,SILENT,IDLE-SILENT
590,0,0,,,6.3,5.83,CRIT(6%),SILENT
590,1,0,1,-1,6.9,6.67,CRIT(7%),SILENT
590,2,0,0,-1,16.6,0.00,CRIT(17%),SILENT,IDLE-SILENT
590,3,0,0,-1,94.0,7.50,SILENT
590,4,0,1,-1,26.6,0.00,SILENT,IDLE-SILENT
591,0,0,,,6.2,5.83,CRIT(6%),SILENT
591,1,0,,,6.8,6.67,CRIT(7%),SILENT
591,2,0,0,-1,16.5,0.00,CRIT(17%),SILENT,IDLE-SILENT
591,3,0,1,-1,93.9,7.50,SILENT
591,4,0,,,26.5,0.00,SILENT,IDLE-SILENT
592,0,0,,,6.1,5.83,CRIT(6%),SILENT
592,1,0,,,6.7,6.67,CRIT(7%),SILENT
592,2,0,1,-1,16.4,0.00,CRIT(16%),SILENT,IDLE-SILENT
592,3,0,0,-1,93.8,7.50,SILENT
592,4,0,,,26.4,0.00,SILENT,IDLE-SILENT
593,0,0,,,6.0,5.83,CRIT(6%),SILENT
593,1,0,,,6.6,6.67,CRIT(7%),SILENT
593,2,0,1,-1,16.3,0.00,CRIT(16%),SILENT,IDLE-SILENT
593,3,0,,,93.7,7.50,SILENT
593,4,0,1,-1,26.3,0.00,SILENT,IDLE-SILENT
594,0,0,,,5.9,5.83,CRIT(6%),SILENT
594,1,0,,,6.5,6.67,CRIT(7%),SILENT
594,2,0,1,-1,16.2,0.00,CRIT(16%),SILENT,IDLE-SILENT
594,3,0,0,-1,93.6,7.50,SILENT
594,4,0,1,-1,26.2,0.00,SILENT,IDLE-SILENT
595,0,0,1,-1,5.8,5.83,CRIT(6%),SILENT
595,1,0,,,6.4,6.67,CRIT(6%),SILENT
595,2,0,,,16.1,0.00,CRIT(16%),SILENT,IDLE-SILENT
595,3,0,1,-1,93.5,7.50,SILENT
595,4,0,,,26.1,0.00,SILENT,IDLE-SILENT
596,0,0,,,5.7,5.83,CRIT(6%),SILENT
596,1,0,,,6.3,6.67,CRIT(6%),SILENT
596,2,0,1,-1,16.0,0.00,CRIT(16%),SILENT,IDLE-SILENT
596,3,0,0,-1,93.4,7.50,SILENT
596,4,0,1,-1,26.0,0.00,SILENT,IDLE-SILENT
597,0,0,0,-1,5.6,5.83,CRIT(6%),SILENT
597,1,0,1,-1,6.2,6.67,CRIT(6%),SILENT
597,2,0,0,-1,15.9,0.00,CRIT(16%),SILENT,IDLE-SILENT
597,3,0,1,-1,93.3,7.50,SILENT
597,4,0,1,-1,25.9,0.00,SILENT,IDLE-SILENT
598,0,0,,,5.5,5.83,CRIT(6%),SILENT
598,1,0,0,-1,6.1,6.67,CRIT(6%),SILENT
598,2,0,1,-1,15.8,0.00,CRIT(16%),SILENT,IDLE-SILENT
598,3,0,0,-1,93.2,7.50,SILENT
598,4,0,1,-1,25.8,0.00,SILENT,IDLE-SILENT
599,0,0,,,5.4,5.83,CRIT(5%),SILENT
599,1,0,0,-1,6.0,6.67,CRIT(6%),SILENT
599,2,0,1,-1,15.7,0.00,CRIT(16%),SILENT,IDLE-SILENT
599,3,0,0,-1,93.1,7.50,SILENT
599,4,0,,,25.7,0.00,SILENT,IDLE-SILENT
600,0,0,,,5.3,5.83,CRIT(5%),SILENT
600,1,0,0,-1,5.9,6.67,CRIT(6%),SILENT
600,2,0,0,-1,15.6,0.00,CRIT(16%),SILENT,IDLE-SILENT
600,3,0,,,93.0,7.50,SILENT
600,4,0,,,25.6,0.00,SILENT,IDLE-SILENT
601,0,0,,,5.2,5.83,CRIT(5%),SILENT
601,1,0,,,5.8,6.67,CRIT(6%),SILENT
601,2,0,0,-1,15.5,0.00,CRIT(16%),SILENT,IDLE-SILENT
601,3,0,,,92.9,7.50,SILENT
601,4,0,0,-1,25.5,0.00,SILENT,IDLE-SILENT
602,0,0,1,-1,5.1,5.83,CRIT(5%),SILENT
602,1,0,1,-1,5.7,6.67,CRIT(6%),SILENT
602,2,0,,,15.4,0.00,CRIT(15%),SILENT,IDLE-SILENT
602,3,0,1,-1,92.8,7.50,SILENT
602,4,0,1,-1,25.4,0.00,SILENT,IDLE-SILENT
603,0,0,,,5.0,5.83,CRIT(5%),SILENT
603,1,0,,,5.6,6.67,CRIT(6%),SILENT
603,2,0,1,-1,15.3,0.00,CRIT(15%),SILENT,IDLE-SILENT
603,3,0,1,-1,92.7,7.50,SILENT
603,4,0,0,-1,25.3,0.00,SILENT,IDLE-SILENT
604,0,0,,,4.9,5.83,CRIT(5%),SILENT
604,1,0,,,5.5,6.67,CRIT(6%),SILENT
604,2,0,1,-1,15.2,0.00,CRIT(15%),SILENT,IDLE-SILENT
604,3,0,1,-1,92.6,7.50,SILENT
604,4,0,1,-1,25.2,0.00,SILENT,IDLE-SILENT
605,0,0,,,4.8,5.83,CRIT(5%),SILENT
605,1,0,,,5.4,6.67,CRIT(5%),SILENT
605,2,0,0,-1,15.1,0.00,CRIT(15%),SILENT,IDLE-SILENT
605,3,0,,,92.5,7.50,SILENT
605,4,0,0,-1,25.1,0.00,SILENT,IDLE-SILENT
606,0,0,,,4.7,5.83,CRIT(5%),SILENT
606,1,0,0,-1,5.3,6.67,CRIT(5%),SILENT
606,2,0,0,-1,15.0,0.00,CRIT(15%),SILENT,IDLE-SILENT
606,3,0,0,-1,92.4,7.50,SILENT
606,4,0,,,25.0,0.00,SILENT,IDLE-SILENT
607,0,0,1,-1,4.6,5.83,CRIT(5%),SILENT
607,1,0,1,-1,5.2,6.67,CRIT(5%),SILENT
607,2,0,0,-1,14.9,0.00,CRIT(15%),SILENT,IDLE-SILENT
607,3,0,0,-1,92.3,7.50,SILENT
607,4,0,1,-1,24.9,0.00,SILENT,IDLE-SILENT
608,0,0,1,-1,4.5,5.83,CRIT(5%),SILENT
608,1,0,0,-1,5.1,6.67,CRIT(5%),SILENT
608,2,0,1,-1,14.8,0.00,CRIT(15%),SILENT,IDLE-SILENT
608,3,0,1,-1,92.2,7.50,SILENT
608,4,0,0,-1,24.8,0.00,SILENT,IDLE-SILENT
609,0,0,,,4.4,5.83,CRIT(4%),SILENT
609,1,0,,,5.0,6.67,CRIT(5%),SILENT
609,2,0,,,14.7,0.00,CRIT(15%),SILENT,IDLE-SILENT
609,3,0,1,-1,92.1,7.50,SILENT
609,4,0,,,24.7,0.00,SILENT,IDLE-SILENT
610,0,0,0,-1,4.3,5.83,CRIT(4%),SILENT
610,1,0,,,4.9,6.67,CRIT(5%),SILENT
610,2,0,1,-1,14.6,0.00,CRIT(15%),SILENT,IDLE-SILENT
610,3,0,,,92.0,7.50,SILENT
610,4,0,1,-1,24.6,0.00,SILENT,IDLE-SILENT
611,0,0,0,-1,4.2,5.83,CRIT(4%),SILENT
611,1,0,1,-1,4.8,6.67,CRIT(5%),SILENT
611,2,0,0,-1,14.5,0.00,CRIT(15%),SILENT,IDLE-SILENT
611,3,0,,,91.9,7.50,SILENT
611,4,0,0,-1,24.5,0.00,SILENT,IDLE-SILENT
612,0,0,,,4.1,5.83,CRIT(4%),SILENT
612,1,0,0,-1,4.7,6.67,CRIT(5%),SILENT
612,2,0,1,-1,14.4,0.00,CRIT(14%),SILENT,IDLE-SILENT
612,3,0,,,91.8,7.50,SILENT
612,4,0,0,-1,24.4,0.00,SILENT,IDLE-SILENT
613,0,0,1,-1,4.0,5.83,CRIT(4%),SILENT
613,1,0,,,4.6,6.67,CRIT(5%),SILENT
613,2,0,1,-1,14.3,0.00,CRIT(14%),SILENT,IDLE-SILENT
613,3,0,,,91.7,7.50,SILENT
613,4,0,1,-1,24.3,0.00,SILENT,IDLE-SILENT
614,0,0,,,3.9,5.83,CRIT(4%),SILENT
614,1,0,,,4.5,6.67,CRIT(5%),SILENT
614,2,0,1,-1,14.2,0.00,CRIT(14%),SILENT,IDLE-SILENT
614,3,0,0,-1,91.6,7.50,SILENT
614,4,0,,,24.2,0.00,SILENT,IDLE-SILENT
615,0,0,1,-1,3.8,5.83,CRIT(4%),SILENT
615,1,0,,,4.4,6.67,CRIT(4%),SILENT
615,2,0,1,-1,14.1,0.00,CRIT(14%),SILENT,IDLE-SILENT
615,3,0,0,-1,91.5,7.50,SILENT
615,4,0,,,24.1,0.00,SILENT,IDLE-SILENT
616,0,0,1,-1,3.7,5.83,CRIT(4%),SILENT
616,1,0,0,-1,4.3,6.67,CRIT(4%),SILENT
616,2,0,1,-1,14.0,0.00,CRIT(14%),SILENT,IDLE-SILENT
616,3,0,0,-1,91.4,7.50,SILENT
616,4,0,1,-1,24.0,0.00,SILENT,IDLE-SILENT
617,0,0,,,3.6,5.83,CRIT(4%),SILENT
617,1,0,,,4.2,6.67,CRIT(4%),SILENT
617,2,0,1,-1,13.9,0.00,CRIT(14%),SILENT,IDLE-SILENT
617,3,0,1,-1,91.3,7.50,SILENT
617,4,0,1,-1,23.9,0.00,SILENT,IDLE-SILENT
618,0,0,0,-1,3.5,5.83,CRIT(4%),SILENT
618,1,0,1,-1,4.1,6.67,CRIT(4%),SILENT
618,2,0,0,-1,13.8,0.00,CRIT(14%),SILENT,IDLE-SILENT
618,3,0,,,91.2,7.50,SILENT
618,4,0,1,-1,23.8,0.00,SILENT,IDLE-SILENT
619,0,0,,,3.4,5.83,CRIT(3%),SILENT
619,1,0,,,4.0,6.67,CRIT(4%),SILENT
619,2,0,1,-1,13.7,0.00,CRIT(14%),SILENT,IDLE-SILENT
619,3,0,1,-1,91.1,7.50,SILENT
619,4,0,,,23.7,0.00,SILENT,IDLE-SILENT
620,0,0,1,-1,3.3,5.83,CRIT(3%),SILENT
620,1,0,,,3.9,6.67,CRIT(4%),SILENT
620,2,0,1,-1,13.6,0.00,CRIT(14%),SILENT,IDLE-SILENT
620,3,0,0,-1,91.0,7.50,SILENT
620,4,0,0,-1,23.6,0.00,SILENT,IDLE-SILENT
621,0,0,,,3.2,5.83,CRIT(3%),SILENT
621,1,0,,,3.8,6.67,CRIT(4%),SILENT
621,2,0,,,13.5,0.00,CRIT(14%),SILENT,IDLE-SILENT
621,3,0,,,90.9,7.50,SILENT
621,4,0,1,-1,23.5,0.00,SILENT,IDLE-SILENT
622,0,0,,,3.1,5.83,CRIT(3%),SILENT
622,1,0,0,-1,3.7,6.67,CRIT(4%),SILENT
622,2,0,1,-1,13.4,0.00,CRIT(13%),SILENT,IDLE-SILENT
622,3,0,0,-1,90.8,7.50,SILENT
622,4,0,,,23.4,0.00,SILENT,IDLE-SILENT
623,0,0,,,3.0,5.83,CRIT(3%),SILENT
623,1,0,0,-1,3.6,6.67,CRIT(4%),SILENT
623,2,0,0,-1,13.3,0.00,CRIT(13%),SILENT,IDLE-SILENT
623,3,0,1,-1,90.7,7.50,SILENT
623,4,0,1,-1,23.3,0.00,SILENT,IDLE-SILENT
624,0,0,1,-1,2.9,5.83,CRIT(3%),SILENT
624,1,0,,,3.5,6.67,CRIT(4%),SILENT
624,2,0,1,-1,13.2,0.00,CRIT(13%),SILENT,IDLE-SILENT
624,3,0,0,-1,90.6,7.50,SILENT
624,4,0,,,23.2,0.00,SILENT,IDLE-SILENT
625,0,0,,,2.8,5.83,CRIT(3%),SILENT
625,1,0,,,3.4,6.67,CRIT(3%),SILENT
625,2,0,1,-1,13.1,0.00,CRIT(13%),SILENT,IDLE-SILENT
625,3,0,0,-1,90.5,7.50,SILENT
625,4,0,,,23.1,0.00,SILENT,IDLE-SILENT
626,0,0,,,2.7,5.83,CRIT(3%),SILENT
626,1,0,0,-1,3.3,6.67,CRIT(3%),SILENT
626,2,0,1,-1,13.0,0.00,CRIT(13%),SILENT,IDLE-SILENT
626,3,0,0,-1,90.4,7.50,SILENT
626,4,0,0,-1,23.0,0.00,SILENT,IDLE-SILENT
627,0,0,0,-1,2.6,5.83,CRIT(3%),SILENT
627,1,0,,,3.2,6.67,CRIT(3%),SILENT
627,2,0,0,-1,12.9,0.00,CRIT(13%),SILENT,IDLE-SILENT
627,3,0,0,-1,90.3,7.50,SILENT
627,4,0,,,22.9,0.00,SILENT,IDLE-SILENT
628,0,0,0,-1,2.5,5.83,CRIT(3%),SILENT
628,1,0,,,3.1,6.67,CRIT(3%),SILENT
628,2,0,0,-1,12.8,0.00,CRIT(13%),SILENT,IDLE-SILENT
628,3,0,,,90.2,7.50,SILENT
628,4,0,1,-1,22.8,0.00,SILENT,IDLE-SILENT
629,0,0,0,-1,2.4,5.83,CRIT(2%),SILENT
629,1,0,,,3.0,6.67,CRIT(3%),SILENT
629,2,0,1,-1,12.7,0.00,CRIT(13%),SILENT,IDLE-SILENT
629,3,0,0,-1,90.1,7.50,SILENT
629,4,0,,,22.7,0.00,SILENT,IDLE-SILENT
630,0,0,0,-1,2.3,5.83,CRIT(2%),SILENT
630,1,0,1,-1,2.9,6.67,CRIT(3%),SILENT
630,2,0,0,-1,12.6,0.00,CRIT(13%),SILENT,IDLE-SILENT
630,3,0,,,90.0,7.50,SILENT
630,4,0,1,-1,22.6,0.00,SILENT,IDLE-SILENT
631,0,0,1,-1,2.2,5.83,CRIT(2%),SILENT
631,1,0,,,2.8,6.67,CRIT(3%),SILENT
631,2,0,0,-1,12.5,0.00,CRIT(13%),SILENT,IDLE-SILENT
631,3,0,1,-1,89.9,7.50,SILENT
631,4,0,,,22.5,0.00,SILENT,IDLE-SILENT
632,0,0,1,-1,2.1,5.83,CRIT(2%),SILENT
632,1,0,1,-1,2.7,6.67,CRIT(3%),SILENT
632,2,0,0,-1,12.4,0.00,CRIT(12%),SILENT,IDLE-SILENT
632,3,0,,,89.8,7.50,SILENT
632,4,0,,,22.4,0.00,SILENT,IDLE-SILENT
633,0,0,,,2.0,5.83,CRIT(2%),SILENT
633,1,0,1,-1,2.6,6.67,CRIT(3%),SILENT
633,2,0,0,-1,12.3,0.00,CRIT(12%),SILENT,IDLE-SILENT
633,3,0,,,89.7,7.50,SILENT
633,4,0,1,-1,22.3,0.00,SILENT,IDLE-SILENT
634,0,0,0,-1,1.9,5.83,CRIT(2%),SILENT
634,1,0,1,-1,2.5,6.67,CRIT(3%),SILENT
634,2,0,0,-1,12.2,0.00,CRIT(12%),SILENT,IDLE-SILENT
634,3,0,1,-1,89.6,7.50,SILENT
634,4,0,,,22.2,0.00,SILENT,IDLE-SILENT
635,0,0,0,-1,1.8,5.83,CRIT(2%),SILENT
635,1,0,0,-1,2.4,6.67,CRIT(2%),SILENT
635,2,0,0,-1,12.1,0.00,CRIT(12%),SILENT,IDLE-SILENT
635,3,0,,,89.5,7.50,SILENT
635,4,0,1,-1,22.1,0.00,SILENT,IDLE-SILENT
636,0,0,,,1.7,5.83,CRIT(2%),SILENT
636,1,0,,,2.3,6.67,CRIT(2%),SILENT
636,2,0,0,-1,12.0,0.00,CRIT(12%),SILENT,IDLE-SILENT
636,3,0,1,-1,89.4,7.50,SILENT
636,4,0,0,-1,22.0,0.00,SILENT,IDLE-SILENT
637,0,0,,,1.6,5.83,CRIT(2%),SILENT
637,1,0,,,2.2,6.67,CRIT(2%),SILENT
637,2,0,1,-1,11.9,0.00,CRIT(12%),SILENT,IDLE-SILENT
637,3,0,0,-1,89.3,7.50,SILENT
637,4,0,1,-1,21.9,0.00,SILENT,IDLE-SILENT
638,0,0,1,-1,1.5,5.83,CRIT(2%),SILENT
638,1,0,,,2.1,6.67,CRIT(2%),SILENT
638,2,0,0,-1,11.8,0.00,CRIT(12%),SILENT,IDLE-SILENT
638,3,0,,,89.2,7.50,SILENT
638,4,0,,,21.8,0.00,SILENT,IDLE-SILENT
639,0,0,1,-1,1.4,5.83,CRIT(1%),SILENT
639,1,0,1,-1,2.0,6.67,CRIT(2%),SILENT
639,2,0,0,-1,11.7,0.00,CRIT(12%),SILENT,IDLE-SILENT
639,3,0,,,89.1,7.50,SILENT
639,4,0,1,-1,21.7,0.00,SILENT,IDLE-SILENT
640,0,0,,,1.3,5.83,CRIT(1%),SILENT
640,1,0,0,-1,1.9,6.67,CRIT(2%),SILENT
640,2,0,0,-1,11.6,0.00,CRIT(12%),SILENT,IDLE-SILENT
640,3,0,,,89.0,7.50,SILENT
640,4,0,,,21.6,0.00,SILENT,IDLE-SILENT
641,0,0,,,1.2,5.83,CRIT(1%),SILENT
641,1,0,,,1.8,6.67,CRIT(2%),SILENT
641,2,0,0,-1,11.5,0.00,CRIT(12%),SILENT,IDLE-SILENT
641,3,0,,,88.9,7.50,SILENT
641,4,0,0,-1,21.5,0.00,SILENT,IDLE-SILENT
642,0,0,0,-1,1.1,5.83,CRIT(1%),SILENT
642,1,0,,,1.7,6.67,CRIT(2%),SILENT
642,2,0,1,-1,11.4,0.00,CRIT(11%),SILENT,IDLE-SILENT
642,3,0,1,-1,88.8,7.50,SILENT
642,4,0,1,-1,21.4,0.00,SILENT,IDLE-SILENT
643,0,0,0,-1,1.0,5.83,CRIT(1%),SILENT
643,1,0,1,-1,1.6,6.67,CRIT(2%),SILENT
643,2,0,1,-1,11.3,0.00,CRIT(11%),SILENT,IDLE-SILENT
643,3,0,,,88.7,7.50,SILENT
643,4,0,1,-1,21.3,0.00,SILENT,IDLE-SILENT
644,0,0,,,0.9,5.83,CRIT(1%),SILENT
644,1,0,,,1.5,6.67,CRIT(2%),SILENT
644,2,0,1,-1,11.2,0.00,CRIT(11%),SILENT,IDLE-SILENT
644,3,0,0,-1,88.6,7.50,SILENT
644,4,0,,,21.2,0.00,SILENT,IDLE-SILENT
645,0,0,0,-1,0.8,5.83,CRIT(1%),SILENT
645,1,0,,,1.4,6.67,CRIT(1%),SILENT
645,2,0,,,11.1,0.00,CRIT(11%),SILENT,IDLE-SILENT
645,3,0,,,88.5,7.50,SILENT
645,4,0,1,-1,21.1,0.00,SILENT,IDLE-SILENT
646,0,0,0,-1,0.7,5.83,CRIT(1%),SILENT
646,1,0,0,-1,1.3,6.67,CRIT(1%),SILENT
646,2,0,1,-1,11.0,0.00,CRIT(11%),SILENT,IDLE-SILENT
646,3,0,,,88.4,7.50,SILENT
646,4,0,1,-1,21.0,0.00,SILENT,IDLE-SILENT
647,0,0,0,-1,0.6,5.83,CRIT(1%),SILENT
647,1,0,,,1.2,6.67,CRIT(1%),SILENT
647,2,0,1,-1,10.9,0.00,CRIT(11%),SILENT,IDLE-SILENT
647,3,0,,,88.3,7.50,SILENT
647,4,0,,,20.9,0.00,SILENT,IDLE-SILENT
648,0,0,1,-1,0.5,5.83,CRIT(1%),SILENT
648,1,0,1,-1,1.1,6.67,CRIT(1%),SILENT
648,2,0,,,10.8,0.00,CRIT(11%),SILENT,IDLE-SILENT
648,3,0,,,88.2,7.50,SILENT
648,4,0,,,20.8,0.00,SILENT,IDLE-SILENT
649,0,0,0,-1,0.4,5.83,CRIT(0%),SILENT
649,1,0,1,-1,1.0,6.67,CRIT(1%),SILENT
649,2,0,1,-1,10.7,0.00,CRIT(11%),SILENT,IDLE-SILENT
649,3,0,,,88.1,7.50,SILENT
649,4,0,0,-1,20.7,0.00,SILENT,IDLE-SILENT
650,0,0,0,-1,0.3,5.83,CRIT(0%),SILENT
650,1,0,,,0.9,6.67,CRIT(1%),SILENT
650,2,0,,,10.6,0.00,CRIT(11%),SILENT,IDLE-SILENT
650,3,0,,,88.0,7.50,SILENT
650,4,0,1,-1,20.6,0.00,SILENT,IDLE-SILENT
651,0,0,0,-1,0.2,5.83,CRIT(0%),SILENT
651,1,0,,,0.8,6.67,CRIT(1%),SILENT
651,2,0,1,-1,10.5,0.00,CRIT(11%),SILENT,IDLE-SILENT
651,3,0,0,-1,87.9,7.50,SILENT
651,4,0,,,20.5,0.00,SILENT,IDLE-SILENT
652,0,0,0,-1,0.1,5.83,CRIT(0%),SILENT
652,1,0,1,-1,0.7,6.67,CRIT(1%),SILENT
652,2,0,,,10.4,0.00,CRIT(10%),SILENT,IDLE-SILENT
652,3,0,0,-1,87.8,7.50,SILENT
652,4,0,1,-1,20.4,0.00,SILENT,IDLE-SILENT
653,0,0,0,-1,0.0,5.83,CRIT(0%),SILENT
653,1,0,,,0.6,6.67,CRIT(1%),SILENT
653,2,0,0,-1,10.3,0.00,CRIT(10%),SILENT,IDLE-SILENT
653,3,0,1,-1,87.7,7.50,SILENT
653,4,0,1,-1,20.3,0.00,SILENT,IDLE-SILENT
654,0,0,,,0.0,5.83,RECHARGING,CRIT(0%),SILENT
654,1,0,,,0.5,6.67,CRIT(1%),SILENT
654,2,0,,,10.2,0.00,CRIT(10%),SILENT,IDLE-SILENT
654,3,0,0,-1,87.6,7.50,SILENT
654,4,0,,,20.2,0.00,SILENT,IDLE-SILENT
655,0,0,0,-1,0.0,5.83,RECHARGING,CRIT(0%),SILENT
655,1,0,0,-1,0.4,6.67,CRIT(0%),SILENT
655,2,0,1,-1,10.1,0.00,CRIT(10%),SILENT,IDLE-SILENT
655,3,0,,,87.5,7.50,SILENT
655,4,0,1,-1,20.1,0.00,SILENT,IDLE-SILENT
656,0,0,1,-1,0.0,5.83,RECHARGING,CRIT(0%),SILENT
656,1,0,,,0.3,6.67,CRIT(0%),SILENT
656,2,0,1,-1,10.0,0.00,CRIT(10%),SILENT,IDLE-SILENT
656,3,0,0,-1,87.4,7.50,SILENT
656,4,0,,,20.0,0.00,CRIT(20%),SILENT,IDLE-SILENT
657,0,0,,,0.0,5.83,RECHARGING,CRIT(0%),SILENT
657,1,0,0,-1,0.2,6.67,CRIT(0%),SILENT
657,2,0,1,-1,9.9,0.00,CRIT(10%),SILENT,IDLE-SILENT
657,3,0,0,-1,87.3,7.50,SILENT
657,4,0,,,19.9,0.00,CRIT(20%),SILENT,IDLE-SILENT
658,0,0,0,-1,0.0,5.83,RECHARGING,CRIT(0%),SILENT
658,1,0,1,-1,0.1,6.67,CRIT(0%),SILENT
658,2,0,1,-1,9.8,0.00,CRIT(10%),SILENT,IDLE-SILENT
658,3,0,1,-1,87.2,7.50,SILENT
658,4,0,1,-1,19.8,0.00,CRIT(20%),SILENT,IDLE-SILENT
659,0,0,0,-1,0.0,5.83,RECHARGING,CRIT(0%),SILENT
659,1,0,,,0.0,6.67,CRIT(0%),SILENT
659,2,0,1,-1,9.7,0.00,CRIT(10%),SILENT,IDLE-SILENT
659,3,0,0,-1,87.1,7.50,SILENT
659,4,0,,,19.7,0.00,CRIT(20%),SILENT,IDLE-SILENT
660,0,0,,,0.0,5.83,RECHARGING,CRIT(0%),SILENT
660,1,0,1,-1,0.0,6.67,RECHARGING,CRIT(0%),SILENT
660,2,0,0,-1,9.6,0.00,CRIT(10%),SILENT,IDLE-SILENT
660,3,0,1,-1,87.0,7.50,SILENT
660,4,0,1,-1,19.6,0.00,CRIT(20%),SILENT,IDLE-SILENT
661,0,0,0,-1,0.0,5.83,RECHARGING,CRIT(0%),SILENT
661,1,0,,,0.0,6.67,RECHARGING,CRIT(0%),SILENT
661,2,0,1,-1,9.5,0.00,CRIT(10%),SILENT,IDLE-SILENT
661,3,0,1,-1,86.9,7.50,SILENT
661,4,0,1,-1,19.5,0.00,CRIT(19%),SILENT,IDLE-SILENT
662,0,0,,,0.0,5.83,RECHARGING,CRIT(0%),SILENT
662,1,0,1,-1,0.0,6.67,RECHARGING,CRIT(0%),SILENT
662,2,0,1,-1,9.4,0.00,CRIT(9%),SILENT,IDLE-SILENT
662,3,0,,,86.8,7.50,SILENT
662,4,0,1,-1,19.4,0.00,CRIT(19%),SILENT,IDLE-SILENT
663,0,0,,,0.0,5.83,RECHARGING,CRIT(0%),SILENT
663,1,0,,,0.0,6.67,RECHARGING,CRIT(0%),SILENT
663,2,0,0,-1,9.3,0.00,CRIT(9%),SILENT,IDLE-SILENT
663,3,0,,,86.7,7.50,SILENT
663,4,0,1,-1,19.3,0.00,CRIT(19%),SILENT,IDLE-SILENT
664,0,0,,,0.0,5.83,RECHARGING,CRIT(0%),SILENT
664,1,0,,,0.0,6.67,RECHARGING,CRIT(0%),SILENT
664,2,0,0,-1,9.2,0.00,CRIT(9%),SILENT,IDLE-SILENT
664,3,0,0,-1,86.6,7.50,SILENT
664,4,0,0,-1,19.2,0.00,CRIT(19%),SILENT,IDLE-SILENT
665,0,0,,,0.0,5.83,RECHARGING,CRIT(0%),SILENT
665,1,0,1,-1,0.0,6.67,RECHARGING,CRIT(0%),SILENT
665,2,0,1,-1,9.1,0.00,CRIT(9%),SILENT,IDLE-SILENT
665,3,0,1,-1,86.5,7.50,SILENT
665,4,0,1,-1,19.1,0.00,CRIT(19%),SILENT,IDLE-SILENT
666,0,0,0,-1,0.0,5.83,RECHARGING,CRIT(0%),SILENT
666,1,0,1,-1,0.0,6.67,RECHARGING,CRIT(0%),SILENT
666,2,0,0,-1,9.0,0.00,CRIT(9%),SILENT,IDLE-SILENT
666,3,0,0,-1,86.4,7.50,SILENT
666,4,0,,,19.0,0.00,CRIT(19%),SILENT,IDLE-SILENT
667,0,0,,,0.0,5.83,RECHARGING,CRIT(0%),SILENT
667,1,0,1,-1,0.0,6.67,RECHARGING,CRIT(0%),SILENT
667,2,0,0,-1,8.9,0.00,CRIT(9%),SILENT,IDLE-SILENT
667,3,0,0,-1,86.3,7.50,SILENT
667,4,0,1,-1,18.9,0.00,CRIT(19%),SILENT,IDLE-SILENT
668,0,0,0,-1,0.0,5.83,RECHARGING,CRIT(0%),SILENT
668,1,0,1,-1,0.0,6.67,RECHARGING,CRIT(0%),SILENT
668,2,0,,,8.8,0.00,CRIT(9%),SILENT,IDLE-SILENT
668,3,0,1,-1,86.2,7.50,SILENT
668,4,0,,,18.8,0.00,CRIT(19%),SILENT,IDLE-SILENT
669,0,0,1,-1,0.0,5.83,RECHARGING,CRIT(0%),SILENT
669,1,0,,,0.0,6.67,RECHARGING,CRIT(0%),SILENT
669,2,0,,,8.7,0.00,CRIT(9%),SILENT,IDLE-SILENT
669,3,0,1,-1,86.1,7.50,SILENT
669,4,0,1,-1,18.7,0.00,CRIT(19%),SILENT,IDLE-SILENT
670,0,0,0,-1,0.0,5.83,RECHARGING,CRIT(0%),SILENT
670,1,0,0,-1,0.0,6.67,RECHARGING,CRIT(0%),SILENT
670,2,0,1,-1,8.6,0.00,CRIT(9%),SILENT,IDLE-SILENT
670,3,0,0,-1,86.0,7.50,SILENT
670,4,0,,,18.6,0.00,CRIT(19%),SILENT,IDLE-SILENT
671,0,0,0,-1,0.0,5.83,RECHARGING,CRIT(0%),SILENT
671,1,0,1,-1,0.0,6.67,RECHARGING,CRIT(0%),SILENT
671,2,0,,,8.5,0.00,CRIT(9%),SILENT,IDLE-SILENT
671,3,0,0,-1,85.9,7.50,SILENT
671,4,0,0,-1,18.5,0.00,CRIT(18%),SILENT,IDLE-SILENT
672,0,0,,,0.0,5.83,RECHARGING,CRIT(0%),SILENT
672,1,0,1,-1,0.0,6.67,RECHARGING,CRIT(0%),SILENT
672,2,0,,,8.4,0.00,CRIT(8%),SILENT,IDLE-SILENT
672,3,0,1,-1,85.8,7.50,SILENT
672,4,0,0,-1,18.4,0.00,CRIT(18%),SILENT,IDLE-SILENT
673,0,0,,,0.0,5.83,RECHARGING,CRIT(0%),SILENT
673,1,0,,,0.0,6.67,RECHARGING,CRIT(0%),SILENT
673,2,0,1,-1,8.3,0.00,CRIT(8%),SILENT,IDLE-SILENT
673,3,0,0,-1,85.7,7.50,SILENT
673,4,0,0,-1,18.3,0.00,CRIT(18%),SILENT,IDLE-SILENT
674,0,0,,,0.0,5.83,RECHARGING,CRIT(0%),SILENT
674,1,0,1,-1,0.0,6.67,RECHARGING,CRIT(0%),SILENT
674,2,0,,,8.2,0.00,CRIT(8%),SILENT,IDLE-SILENT
674,3,0,1,-1,85.6,7.50,SILENT
674,4,0,,,18.2,0.00,CRIT(18%),SILENT,IDLE-SILENT
675,0,0,0,-1,0.0,5.83,RECHARGING,CRIT(0%),SILENT
675,1,0,,,0.0,6.67,RECHARGING,CRIT(0%),SILENT
675,2,0,1,-1,8.1,0.00,CRIT(8%),SILENT,IDLE-SILENT
675,3,0,0,-1,85.5,7.50,SILENT
675,4,0,1,-1,18.1,0.00,CRIT(18%),SILENT,IDLE-SILENT
676,0,0,0,-1,0.0,5.83,RECHARGING,CRIT(0%),SILENT
676,1,0,,,0.0,6.67,RECHARGING,CRIT(0%),SILENT
676,2,0,,,8.0,0.00,CRIT(8%),SILENT,IDLE-SILENT
676,3,0,1,-1,85.4,7.50,SILENT
676,4,0,0,-1,18.0,0.00,CRIT(18%),SILENT,IDLE-SILENT
677,0,0,0,-1,0.0,5.83,RECHARGING,CRIT(0%),SILENT
677,1,0,1,-1,0.0,6.67,RECHARGING,CRIT(0%),SILENT
677,2,0,1,-1,7.9,0.00,CRIT(8%),SILENT,IDLE-SILENT
677,3,0,,,85.3,7.50,SILENT
677,4,0,,,17.9,0.00,CRIT(18%),SILENT,IDLE-SILENT
678,0,0,,,0.0,5.83,RECHARGING,CRIT(0%),SILENT
678,1,0,,,0.0,6.67,RECHARGING,CRIT(0%),SILENT
678,2,0,1,-1,7.8,0.00,CRIT(8%),SILENT,IDLE-SILENT
678,3,0,1,-1,85.2,7.50,SILENT
678,4,0,1,-1,17.8,0.00,CRIT(18%),SILENT,IDLE-SILENT
679,0,0,,,0.0,5.83,RECHARGING,CRIT(0%),SILENT
679,1,0,1,-1,0.0,6.67,RECHARGING,CRIT(0%),SILENT
679,2,0,0,-1,7.7,0.00,CRIT(8%),SILENT,IDLE-SILENT
679,3,0,1,-1,85.1,7.50,SILENT
679,4,0,1,-1,17.7,0.00,CRIT(18%),SILENT,IDLE-SILENT
680,0,0,,,0.0,5.83,RECHARGING,CRIT(0%),SILENT
680,1,0,,,0.0,6.67,RECHARGING,CRIT(0%),SILENT
680,2,0,0,-1,7.6,0.00,CRIT(8%),SILENT,IDLE-SILENT
680,3,0,0,-1,85.0,7.50,SILENT
680,4,0,1,-1,17.6,0.00,CRIT(18%),SILENT,IDLE-SILENT
681,0,0,0,-1,0.0,5.83,RECHARGING,CRIT(0%),SILENT
681,1,0,1,-1,0.0,6.67,RECHARGING,CRIT(0%),SILENT
681,2,0,,,7.5,0.00,CRIT(8%),SILENT,IDLE-SILENT
681,3,0,1,-1,84.9,7.50,SILENT
681,4,0,1,-1,17.5,0.00,CRIT(17%),SILENT,IDLE-SILENT
682,0,0,0,-1,0.0,5.83,RECHARGING,CRIT(0%),SILENT
682,1,0,,,0.0,6.67,RECHARGING,CRIT(0%),SILENT
682,2,0,,,7.4,0.00,CRIT(7%),SILENT,IDLE-SILENT
682,3,0,,,84.8,7.50,SILENT
682,4,0,1,-1,17.4,0.00,CRIT(17%),SILENT,IDLE-SILENT
683,0,0,0,-1,100.0,5.83,SILENT
683,1,0,,,0.0,6.67,RECHARGING,CRIT(0%),SILENT
683,2,0,,,7.3,0.00,CRIT(7%),SILENT,IDLE-SILENT
683,3,0,,,84.7,7.50,SILENT
683,4,0,0,-1,17.3,0.00,CRIT(17%),SILENT,IDLE-SILENT
684,0,0,0,-1,99.9,5.83,SILENT
684,1,0,,,0.0,6.67,RECHARGING,CRIT(0%),SILENT
684,2,0,,,7.2,0.00,CRIT(7%),SILENT,IDLE-SILENT
684,3,0,,,84.6,7.50,SILENT
684,4,0,,,17.2,0.00,CRIT(17%),SILENT,IDLE-SILENT
685,0,0,,,99.8,5.83,SILENT
685,1,0,,,0.0,6.67,RECHARGING,CRIT(0%),SILENT
685,2,0,1,-1,7.1,0.00,CRIT(7%),SILENT,IDLE-SILENT
685,3,0,1,-1,84.5,7.50,SILENT
685,4,0,,,17.1,0.00,CRIT(17%),SILENT,IDLE-SILENT
686,0,0,,,99.7,5.83,SILENT
686,1,0,,,0.0,6.67,RECHARGING,CRIT(0%),SILENT
686,2,0,1,-1,7.0,0.00,CRIT(7%),SILENT,IDLE-SILENT
686,3,0,,,84.4,7.50,SILENT
686,4,0,1,-1,17.0,0.00,CRIT(17%),SILENT,IDLE-SILENT
687,0,0,1,-1,99.6,5.83,SILENT
687,1,0,1,-1,0.0,6.67,RECHARGING,CRIT(0%),SILENT
687,2,0,0,-1,6.9,0.00,CRIT(7%),SILENT,IDLE-SILENT
687,3,0,,,84.3,7.50,SILENT
687,4,0,0,-1,16.9,0.00,CRIT(17%),SILENT,IDLE-SILENT
688,0,0,0,-1,99.5,5.83,SILENT
688,1,0,1,-1,0.0,6.67,RECHARGING,CRIT(0%),SILENT
688,2,0,0,-1,6.8,0.00,CRIT(7%),SILENT,IDLE-SILENT
688,3,0,,,84.2,7.50,SILENT
688,4,0,1,-1,16.8,0.00,CRIT(17%),SILENT,IDLE-SILENT
689,0,0,,,99.4,5.83,SILENT
689,1,0,,,100.0,6.67,SILENT
689,2,0,0,-1,6.7,0.00,CRIT(7%),SILENT,IDLE-SILENT
689,3,0,1,-1,84.1,7.50,SILENT
689,4,0,,,16.7,0.00,CRIT(17%),SILENT,IDLE-SILENT
690,0,0,1,-1,99.3,5.83,SILENT
690,1,0,,,99.9,6.67,SILENT
690,2,0,1,-1,6.6,0.00,CRIT(7%),SILENT,IDLE-SILENT
690,3,0,0,-1,84.0,7.50,SILENT
690,4,0,,,16.6,0.00,CRIT(17%),SILENT,IDLE-SILENT
691,0,0,1,-1,99.2,5.83,SILENT
691,1,0,,,99.8,6.67,SILENT
691,2,0,,,6.5,0.00,CRIT(7%),SILENT,IDLE-SILENT
691,3,0,,,83.9,7.50,SILENT
691,4,0,0,-1,16.5,0.00,CRIT(16%),SILENT,IDLE-SILENT
692,0,0,1,-1,99.1,5.83,SILENT
692,1,0,,,99.7,6.67,SILENT
692,2,0,1,-1,6.4,0.00,CRIT(6%),SILENT,IDLE-SILENT
692,3,0,0,-1,83.8,7.50,SILENT
692,4,0,,,16.4,0.00,CRIT(16%),SILENT,IDLE-SILENT
693,0,0,,,99.0,5.83,SILENT
693,1,0,1,-1,99.6,6.67,SILENT
693,2,0,0,-1,6.3,0.00,CRIT(6%),SILENT,IDLE-SILENT
693,3,0,0,-1,83.7,7.50,SILENT
693,4,0,1,-1,16.3,0.00,CRIT(16%),SILENT,IDLE-SILENT
694,0,0,1,-1,98.9,5.83,SILENT
694,1,0,1,-1,99.5,6.67,SILENT
694,2,0,1,-1,6.2,0.00,CRIT(6%),SILENT,IDLE-SILENT
694,3,0,,,83.6,7.50,SILENT
694,4,0,,,16.2,0.00,CRIT(16%),SILENT,IDLE-SILENT
695,0,0,0,-1,98.8,5.83,SILENT
695,1,0,,,99.4,6.67,SILENT
695,2,0,0,-1,6.1,0.00,CRIT(6%),SILENT,IDLE-SILENT
695,3,0,0,-1,83.5,7.50,SILENT
695,4,0,1,-1,16.1,0.00,CRIT(16%),SILENT,IDLE-SILENT
696,0,0,1,-1,98.7,5.83,SILENT
696,1,0,,,99.3,6.67,SILENT
696,2,0,,,6.0,0.00,CRIT(6%),SILENT,IDLE-SILENT
696,3,0,0,-1,83.4,7.50,SILENT
696,4,0,1,-1,16.0,0.00,CRIT(16%),SILENT,IDLE-SILENT
697,0,0,1,-1,98.6,5.83,SILENT
697,1,0,,,99.2,6.67,SILENT
697,2,0,,,5.9,0.00,CRIT(6%),SILENT,IDLE-SILENT
697,3,0,,,83.3,7.50,SILENT
697,4,0,,,15.9,0.00,CRIT(16%),SILENT,IDLE-SILENT
698,0,0,,,98.5,5.83,SILENT
698,1,0,1,-1,99.1,6.67,SILENT
698,2,0,1,-1,5.8,0.00,CRIT(6%),SILENT,IDLE-SILENT
698,3,0,,,83.2,7.50,SILENT
698,4,0,,,15.8,0.00,CRIT(16%),SILENT,IDLE-SILENT
699,0,0,,,98.4,5.83,SILENT
699,1,0,0,-1,99.0,6.67,SILENT
699,2,0,0,-1,5.7,0.00,CRIT(6%),SILENT,IDLE-SILENT
699,3,0,,,83.1,7.50,SILENT
699,4,0,,,15.7,0.00,CRIT(16%),SILENT,IDLE-SILENT
700,0,0,1,-1,98.3,5.83,SILENT
700,1,0,0,-1,98.9,6.67,SILENT
700,2,0,1,-1,5.6,0.00,CRIT(6%),SILENT,IDLE-SILENT
700,3,0,0,-1,83.0,7.50,SILENT
700,4,0,,,15.6,0.00,CRIT(16%),SILENT,IDLE-SILENT
701,0,0,0,-1,98.2,5.83,SILENT
701,1,0,1,-1,98.8,6.67,SILENT
701,2,0,0,-1,5.5,0.00,CRIT(6%),SILENT,IDLE-SILENT
701,3,0,0,-1,82.9,7.50,SILENT
701,4,0,,,15.5,0.00,CRIT(15%),SILENT,IDLE-SILENT
702,0,0,,,98.1,5.83,SILENT
702,1,0,0,-1,98.7,6.67,SILENT
702,2,0,0,-1,5.4,0.00,CRIT(5%),SILENT,IDLE-SILENT
702,3,0,,,82.8,7.50,SILENT
702,4,0,1,-1,15.4,0.00,CRIT(15%),SILENT,IDLE-SILENT
703,0,0,,,98.0,5.83,SILENT
703,1,0,1,-1,98.6,6.67,SILENT
703,2,0,0,-1,5.3,0.00,CRIT(5%),SILENT,IDLE-SILENT
703,3,0,1,-1,82.7,7.50,SILENT
703,4,0,0,-1,15.3,0.00,CRIT(15%),SILENT,IDLE-SILENT
704,0,0,0,-1,97.9,5.83,SILENT
704,1,0,1,-1,98.5,6.67,SILENT
704,2,0,1,-1,5.2,0.00,CRIT(5%),SILENT,IDLE-SILENT
704,3,0,1,-1,82.6,7.50,SILENT
704,4,0,1,-1,15.2,0.00,CRIT(15%),SILENT,IDLE-SILENT
705,0,0,,,97.8,5.83,SILENT
705,1,0,0,-1,98.4,6.67,SILENT
705,2,0,1,-1,5.1,0.00,CRIT(5%),SILENT,IDLE-SILENT
705,3,0,1,-1,82.5,7.50,SILENT
705,4,0,,,15.1,0.00,CRIT(15%),SILENT,IDLE-SILENT
706,0,0,0,-1,97.7,5.83,SILENT
706,1,0,0,-1,98.3,6.67,SILENT
706,2,0,0,-1,5.0,0.00,CRIT(5%),SILENT,IDLE-SILENT
706,3,0,,,82.4,7.50,SILENT
706,4,0,0,-1,15.0,0.00,CRIT(15%),SILENT,IDLE-SILENT
707,0,0,,,97.6,5.83,SILENT
707,1,0,1,-1,98.2,6.67,SILENT
707,2,0,0,-1,4.9,0.00,CRIT(5%),SILENT,IDLE-SILENT
707,3,0,0,-1,82.3,7.50,SILENT
707,4,0,0,-1,14.9,0.00,CRIT(15%),SILENT,IDLE-SILENT
708,0,0,,,97.5,5.83,SILENT
708,1,0,1,-1,98.1,6.67,SILENT
708,2,0,1,-1,4.8,0.00,CRIT(5%),SILENT,IDLE-SILENT
708,3,0,1,-1,82.2,7.50,SILENT
708,4,0,1,-1,14.8,0.00,CRIT(15%),SILENT,IDLE-SILENT
709,0,0,1,-1,97.4,5.83,SILENT
709,1,0,0,-1,98.0,6.67,SILENT
709,2,0,0,-1,4.7,0.00,CRIT(5%),SILENT,IDLE-SILENT
709,3,0,0,-1,82.1,7.50,SILENT
709,4,0,0,-1,14.7,0.00,CRIT(15%),SILENT,IDLE-SILENT
710,0,0,0,-1,97.3,5.83,SILENT
710,1,0,0,-1,97.9,6.67,SILENT
710,2,0,0,-1,4.6,0.00,CRIT(5%),SILENT,IDLE-SILENT
710,3,0,0,-1,82.0,7.50,SILENT
710,4,0,,,14.6,0.00,CRIT(15%),SILENT,IDLE-SILENT
711,0,0,0,-1,97.2,5.83,SILENT
711,1,0,1,-1,97.8,6.67,SILENT
711,2,0,,,4.5,0.00,CRIT(5%),SILENT,IDLE-SILENT
711,3,0,,,81.9,7.50,SILENT
711,4,0,,,14.5,0.00,CRIT(14%),SILENT,IDLE-SILENT
712,0,0,0,-1,97.1,5.83,SILENT
712,1,0,1,-1,97.7,6.67,SILENT
712,2,0,,,4.4,0.00,CRIT(4%),SILENT,IDLE-SILENT
712,3,0,1,-1,81.8,7.50,SILENT
712,4,0,1,-1,14.4,0.00,CRIT(14%),SILENT,IDLE-SILENT
713,0,0,0,-1,97.0,5.83,SILENT
713,1,0,0,-1,97.6,6.67,SILENT
713,2,0,1,-1,4.3,0.00,CRIT(4%),SILENT,IDLE-SILENT
713,3,0,0,-1,81.7,7.50,SILENT
713,4,0,,,14.3,0.00,CRIT(14%),SILENT,IDLE-SILENT
714,0,0,1,-1,96.9,5.83,SILENT
714,1,0,,,97.5,6.67,SILENT
714,2,0,0,-1,4.2,0.00,CRIT(4%),SILENT,IDLE-SILENT
714,3,0,1,-1,81.6,7.50,SILENT
714,4,0,,,14.2,0.00,CRIT(14%),SILENT,IDLE-SILENT
715,0,0,,,96.8,5.83,SILENT
715,1,0,0,-1,97.4,6.67,SILENT
715,2,0,,,4.1,0.00,CRIT(4%),SILENT,IDLE-SILENT
715,3,0,,,81.5,7.50,SILENT
715,4,0,1,-1,14.1,0.00,CRIT(14%),SILENT,IDLE-SILENT
716,0,0,,,96.7,5.83,SILENT
716,1,0,0,-1,97.3,6.67,SILENT
716,2,0,,,4.0,0.00,CRIT(4%),SILENT,IDLE-SILENT
716,3,0,,,81.4,7.50,SILENT
716,4,0,1,-1,14.0,0.00,CRIT(14%),SILENT,IDLE-SILENT
717,0,0,0,-1,96.6,5.83,SILENT
717,1,0,0,-1,97.2,6.67,SILENT
717,2,0,1,-1,3.9,0.00,CRIT(4%),SILENT,IDLE-SILENT
717,3,0,,,81.3,7.50,SILENT
717,4,0,1,-1,13.9,0.00,CRIT(14%),SILENT,IDLE-SILENT
718,0,0,0,-1,96.5,5.83,SILENT
718,1,0,1,-1,97.1,6.67,SILENT
718,2,0,1,-1,3.8,0.00,CRIT(4%),SILENT,IDLE-SILENT
718,3,0,,,81.2,7.50,SILENT
718,4,0,1,-1,13.8,0.00,CRIT(14%),SILENT,IDLE-SILENT
719,0,0,0,-1,96.4,5.83,SILENT
719,1,0,0,-1,97.0,6.67,SILENT
719,2,0,1,-1,3.7,0.00,CRIT(4%),SILENT,IDLE-SILENT
719,3,0,,,81.1,7.50,SILENT
719,4,0,1,-1,13.7,0.00,CRIT(14%),SILENT,IDLE-SILENT
720,0,0,1,-1,96.3,5.83,SILENT
720,1,0,1,-1,96.9,6.67,SILENT
720,2,0,,,3.6,0.00,CRIT(4%),SILENT,IDLE-SILENT
720,3,0,0,-1,81.0,7.50,SILENT
720,4,0,1,-1,13.6,0.00,CRIT(14%),SILENT,IDLE-SILENT
721,0,0,1,-1,96.2,5.83,SILENT
721,1,0,1,-1,96.8,6.67,SILENT
721,2,0,,,3.5,0.00,CRIT(4%),SILENT,IDLE-SILENT
721,3,0,,,80.9,7.50,SILENT
721,4,0,1,-1,13.5,0.00,CRIT(13%),SILENT,IDLE-SILENT
722,0,0,0,-1,96.1,5.83,SILENT
722,1,0,,,96.7,6.67,SILENT
722,2,0,1,-1,3.4,0.00,CRIT(3%),SILENT,IDLE-SILENT
722,3,0,,,80.8,7.50,SILENT
722,4,0,1,-1,13.4,0.00,CRIT(13%),SILENT,IDLE-SILENT
723,0,0,0,-1,96.0,5.83,SILENT
723,1,0,1,-1,96.6,6.67,SILENT
723,2,0,,,3.3,0.00,CRIT(3%),SILENT,IDLE-SILENT
723,3,0,,,80.7,7.50,SILENT
723,4,0,1,-1,13.3,0.00,CRIT(13%),SILENT,IDLE-SILENT
724,0,0,0,-1,95.9,5.83,SILENT
724,1,0,,,96.5,6.67,SILENT
724,2,0,,,3.2,0.00,CRIT(3%),SILENT,IDLE-SILENT
724,3,0,,,80.6,7.50,SILENT
724,4,0,0,-1,13.2,0.00,CRIT(13%),SILENT,IDLE-SILENT
725,0,0,,,95.8,5.83,SILENT
725,1,0,1,-1,96.4,6.67,SILENT
725,2,0,1,-1,3.1,0.00,CRIT(3%),SILENT,IDLE-SILENT
725,3,0,0,-1,80.5,7.50,SILENT
725,4,0,1,-1,13.1,0.00,CRIT(13%),SILENT,IDLE-SILENT
726,0,0,,,95.7,5.83,SILENT
726,1,0,1,-1,96.3,6.67,SILENT
726,2,0,1,-1,3.0,0.00,CRIT(3%),SILENT,IDLE-SILENT
726,3,0,0,-1,80.4,7.50,SILENT
726,4,0,,,13.0,0.00,CRIT(13%),SILENT,IDLE-SILENT
727,0,0,,,95.6,5.83,SILENT
727,1,0,,,96.2,6.67,SILENT
727,2,0,1,-1,2.9,0.00,CRIT(3%),SILENT,IDLE-SILENT
727,3,0,,,80.3,7.50,SILENT
727,4,0,1,-1,12.9,0.00,CRIT(13%),SILENT,IDLE-SILENT
728,0,0,1,-1,95.5,5.83,SILENT
728,1,0,1,-1,96.1,6.67,SILENT
728,2,0,1,-1,2.8,0.00,CRIT(3%),SILENT,IDLE-SILENT
728,3,0,,,80.2,7.50,SILENT
728,4,0,1,-1,12.8,0.00,CRIT(13%),SILENT,IDLE-SILENT
729,0,0,0,-1,95.4,5.83,SILENT
729,1,0,1,-1,96.0,6.67,SILENT
729,2,0,1,-1,2.7,0.00,CRIT(3%),SILENT,IDLE-SILENT
729,3,0,0,-1,80.1,7.50,SILENT
729,4,0,,,12.7,0.00,CRIT(13%),SILENT,IDLE-SILENT
730,0,0,1,-1,95.3,5.83,SILENT
730,1,0,,,95.9,6.67,SILENT
730,2,0,0,-1,2.6,0.00,CRIT(3%),SILENT,IDLE-SILENT
730,3,0,,,80.0,7.50,SILENT
730,4,0,1,-1,12.6,0.00,CRIT(13%),SILENT,IDLE-SILENT
731,0,0,,,95.2,5.83,SILENT
731,1,0,1,-1,95.8,6.67,SILENT
731,2,0,1,-1,2.5,0.00,CRIT(3%),SILENT,IDLE-SILENT
731,3,0,0,-1,79.9,7.50,SILENT
731,4,0,,,12.5,0.00,CRIT(12%),SILENT,IDLE-SILENT
732,0,0,,,95.1,5.83,SILENT
732,1,0,0,-1,95.7,6.67,SILENT
732,2,0,,,2.4,0.00,CRIT(2%),SILENT,IDLE-SILENT
732,3,0,0,-1,79.8,7.50,SILENT
732,4,0,1,-1,12.4,0.00,CRIT(12%),SILENT,IDLE-SILENT
733,0,0,,,95.0,5.83,SILENT
733,1,0,,,95.6,6.67,SILENT
733,2,0,,,2.3,0.00,CRIT(2%),SILENT,IDLE-SILENT
733,3,0,,,79.7,7.50,SILENT
733,4,0,,,12.3,0.00,CRIT(12%),SILENT,IDLE-SILENT
734,0,0,1,-1,94.9,5.83,SILENT
734,1,0,,,95.5,6.67,SILENT
734,2,0,1,-1,2.2,0.00,CRIT(2%),SILENT,IDLE-SILENT
734,3,0,,,79.6,7.50,SILENT
734,4,0,,,12.2,0.00,CRIT(12%),SILENT,IDLE-SILENT
735,0,0,,,94.8,5.83,SILENT
735,1,0,1,-1,95.4,6.67,SILENT
735,2,0,,,2.1,0.00,CRIT(2%),SILENT,IDLE-SILENT
735,3,0,,,79.5,7.50,SILENT
735,4,0,,,12.1,0.00,CRIT(12%),SILENT,IDLE-SILENT
736,0,0,,,94.7,5.83,SILENT
736,1,0,,,95.3,6.67,SILENT
736,2,0,,,2.0,0.00,CRIT(2%),SILENT,IDLE-SILENT
736,3,0,0,-1,79.4,7.50,SILENT
736,4,0,,,12.0,0.00,CRIT(12%),SILENT,IDLE-SILENT
737,0,0,,,94.6,5.83,SILENT
737,1,0,1,-1,95.2,6.67,SILENT
737,2,0,,,1.9,0.00,CRIT(2%),SILENT,IDLE-SILENT
737,3,0,1,-1,79.3,7.50,SILENT
737,4,0,1,-1,11.9,0.00,CRIT(12%),SILENT,IDLE-SILENT
738,0,0,1,-1,94.5,5.83,SILENT
738,1,0,0,-1,95.1,6.67,SILENT
738,2,0,0,-1,1.8,0.00,CRIT(2%),SILENT,IDLE-SILENT
738,3,0,1,-1,79.2,7.50,SILENT
738,4,0,,,11.8,0.00,CRIT(12%),SILENT,IDLE-SILENT
739,0,0,,,94.4,5.83,SILENT
739,1,0,,,95.0,6.67,SILENT
739,2,0,1,-1,1.7,0.00,CRIT(2%),SILENT,IDLE-SILENT
739,3,0,,,79.1,7.50,SILENT
739,4,0,,,11.7,0.00,CRIT(12%),SILENT,IDLE-SILENT
740,0,0,1,-1,94.3,5.83,SILENT
740,1,0,1,-1,94.9,6.67,SILENT
740,2,0,1,-1,1.6,0.00,CRIT(2%),SILENT,IDLE-SILENT
740,3,0,0,-1,79.0,7.50,SILENT
740,4,0,1,-1,11.6,0.00,CRIT(12%),SILENT,IDLE-SILENT
741,0,0,1,-1,94.2,5.83,SILENT
741,1,0,,,94.8,6.67,SILENT
741,2,0,0,-1,1.5,0.00,CRIT(2%),SILENT,IDLE-SILENT
741,3,0,0,-1,78.9,7.50,SILENT
741,4,0,1,-1,11.5,0.00,CRIT(11%),SILENT,IDLE-SILENT
742,0,0,0,-1,94.1,5.83,SILENT
742,1,0,0,-1,94.7,6.67,SILENT
742,2,0,0,-1,1.4,0.00,CRIT(1%),SILENT,IDLE-SILENT
742,3,0,,,78.8,7.50,SILENT
742,4,0,1,-1,11.4,0.00,CRIT(11%),SILENT,IDLE-SILENT
743,0,0,,,94.0,5.83,SILENT
743,1,0,,,94.6,6.67,SILENT
743,2,0,,,1.3,0.00,CRIT(1%),SILENT,IDLE-SILENT
743,3,0,,,78.7,7.50,SILENT
743,4,0,,,11.3,0.00,CRIT(11%),SILENT,IDLE-SILENT
744,0,0,,,93.9,5.83,SILENT
744,1,0,,,94.5,6.67,SILENT
744,2,0,0,-1,1.2,0.00,CRIT(1%),SILENT,IDLE-SILENT
744,3,0,,,78.6,7.50,SILENT
744,4,0,1,-1,11.2,0.00,CRIT(11%),SILENT,IDLE-SILENT
745,0,0,,,93.8,5.83,SILENT
745,1,0,0,-1,94.4,6.67,SILENT
745,2,0,1,-1,1.1,0.00,CRIT(1%),SILENT,IDLE-SILENT
745,3,0,1,-1,78.5,7.50,SILENT
745,4,0,1,-1,11.1,0.00,CRIT(11%),SILENT,IDLE-SILENT
746,0,0,0,-1,93.7,5.83,SILENT
746,1,0,0,-1,94.3,6.67,SILENT
746,2,0,1,-1,1.0,0.00,CRIT(1%),SILENT,IDLE-SILENT
746,3,0,1,-1,78.4,7.50,SILENT
746,4,0,,,11.0,0.00,CRIT(11%),SILENT,IDLE-SILENT
747,0,0,,,93.6,5.83,SILENT
747,1,0,0,-1,94.2,6.67,SILENT
747,2,0,1,-1,0.9,0.00,CRIT(1%),SILENT,IDLE-SILENT
747,3,0,0,-1,78.3,7.50,SILENT
747,4,0,1,-1,10.9,0.00,CRIT(11%),SILENT,IDLE-SILENT
748,0,0,0,-1,93.5,5.83,SILENT
748,1,0,1,-1,94.1,6.67,SILENT
748,2,0,1,-1,0.8,0.00,CRIT(1%),SILENT,IDLE-SILENT
748,3,0,,,78.2,7.50,SILENT
748,4,0,,,10.8,0.00,CRIT(11%),SILENT,IDLE-SILENT
749,0,0,,,93.4,5.83,SILENT
749,1,0,0,-1,94.0,6.67,SILENT
749,2,0,,,0.7,0.00,CRIT(1%),SILENT,IDLE-SILENT
749,3,0,0,-1,78.1,7.50,SILENT
749,4,0,1,-1,10.7,0.00,CRIT(11%),SILENT,IDLE-SILENT
750,0,0,,,93.3,5.83,SILENT
750,1,0,1,-1,93.9,6.67,SILENT
750,2,0,0,-1,0.6,0.00,CRIT(1%),SILENT,IDLE-SILENT
750,3,0,1,-1,78.0,7.50,SILENT
750,4,0,1,-1,10.6,0.00,CRIT(11%),SILENT,IDLE-SILENT
751,0,0,,,93.2,5.83,SILENT
751,1,0,,,93.8,6.67,SILENT
751,2,0,1,-1,0.5,0.00,CRIT(1%),SILENT,IDLE-SILENT
751,3,0,,,77.9,7.50,SILENT
751,4,0,1,-1,10.5,0.00,CRIT(10%),SILENT,IDLE-SILENT
752,0,0,,,93.1,5.83,SILENT
752,1,0,0,-1,93.7,6.67,SILENT
752,2,0,1,-1,0.4,0.00,CRIT(0%),SILENT,IDLE-SILENT
752,3,0,0,-1,77.8,7.50,SILENT
752,4,0,0,-1,10.4,0.00,CRIT(10%),SILENT,IDLE-SILENT
753,0,0,1,-1,93.0,5.83,SILENT
753,1,0,0,-1,93.6,6.67,SILENT
753,2,0,1,-1,0.3,0.00,CRIT(0%),SILENT,IDLE-SILENT
753,3,0,0,-1,77.7,7.50,SILENT
753,4,0,,,10.3,0.00,CRIT(10%),SILENT,IDLE-SILENT
754,0,0,0,-1,92.9,5.83,SILENT
754,1,0,0,-1,93.5,6.67,SILENT
754,2,0,,,0.2,0.00,CRIT(0%),SILENT,IDLE-SILENT
754,3,0,1,-1,77.6,7.50,SILENT
754,4,0,1,-1,10.2,0.00,CRIT(10%),SILENT,IDLE-SILENT
755,0,0,0,-1,92.8,5.83,SILENT
755,1,0,0,-1,93.4,6.67,SILENT
755,2,0,0,-1,0.1,0.00,CRIT(0%),SILENT,IDLE-SILENT
755,3,0,,,77.5,7.50,SILENT
755,4,0,,,10.1,0.00,CRIT(10%),SILENT,IDLE-SILENT
756,0,0,0,-1,92.7,5.83,SILENT
756,1,0,0,-1,93.3,6.67,SILENT
756,2,0,1,-1,0.0,0.00,CRIT(0%),SILENT,IDLE-SILENT
756,3,0,,,77.4,7.50,SILENT
756,4,0,1,-1,10.0,0.00,CRIT(10%),SILENT,IDLE-SILENT
757,0,0,0,-1,92.6,5.83,SILENT
757,1,0,0,-1,93.2,6.67,SILENT
757,2,0,1,-1,0.0,0.00,RECHARGING,CRIT(0%),SILENT,IDLE-SILENT
757,3,0,,,77.3,7.50,SILENT
757,4,0,,,9.9,0.00,CRIT(10%),SILENT,IDLE-SILENT
758,0,0,0,-1,92.5,5.83,SILENT
758,1,0,0,-1,93.1,6.67,SILENT
758,2,0,0,-1,0.0,0.00,RECHARGING,CRIT(0%),SILENT,IDLE-SILENT
758,3,0,,,77.2,7.50,SILENT
758,4,0,0,-1,9.8,0.00,CRIT(10%),SILENT,IDLE-SILENT
759,0,0,,,92.4,5.83,SILENT
759,1,0,,,93.0,6.67,SILENT
759,2,0,,,0.0,0.00,RECHARGING,CRIT(0%),SILENT,IDLE-SILENT
759,3,0,1,-1,77.1,7.50,SILENT
759,4,0,,,9.7,0.00,CRIT(10%),SILENT,IDLE-SILENT
760,0,0,1,-1,92.3,5.83,SILENT
760,1,0,,,92.9,6.67,SILENT
760,2,0,1,-1,0.0,0.00,RECHARGING,CRIT(0%),SILENT,IDLE-SILENT
760,3,0,,,77.0,7.50,SILENT
760,4,0,1,-1,9.6,0.00,CRIT(10%),SILENT,IDLE-SILENT
761,0,0,1,-1,92.2,5.83,SILENT
761,1,0,1,-1,92.8,6.67,SILENT
761,2,0,1,-1,0.0,0.00,RECHARGING,CRIT(0%),SILENT,IDLE-SILENT
761,3,0,,,76.9,7.50,SILENT
761,4,0,1,-1,9.5,0.00,CRIT(9%),SILENT,IDLE-SILENT
762,0,0,,,92.1,5.83,SILENT
762,1,0,,,92.7,6.67,SILENT
762,2,0,1,-1,0.0,0.00,RECHARGING,CRIT(0%),SILENT,IDLE-SILENT
762,3,0,1,-1,76.8,7.50,SILENT
762,4,0,1,-1,9.4,0.00,CRIT(9%),SILENT,IDLE-SILENT
763,0,0,1,-1,92.0,5.83,SILENT
763,1,0,,,92.6,6.67,SILENT
763,2,0,1,-1,0.0,0.00,RECHARGING,CRIT(0%),SILENT,IDLE-SILENT
763,3,0,,,76.7,7.50,SILENT
763,4,0,1,-1,9.3,0.00,CRIT(9%),SILENT,IDLE-SILENT
764,0,0,,,91.9,5.83,SILENT
764,1,0,0,-1,92.5,6.67,SILENT
764,2,0,1,-1,0.0,0.00,RECHARGING,CRIT(0%),SILENT,IDLE-SILENT
764,3,0,,,76.6,7.50,SILENT
764,4,0,,,9.2,0.00,CRIT(9%),SILENT,IDLE-SILENT
765,0,0,,,91.8,5.83,SILENT
765,1,0,,,92.4,6.67,SILENT
765,2,0,,,0.0,0.00,RECHARGING,CRIT(0%),SILENT,IDLE-SILENT
765,3,0,0,-1,76.5,7.50,SILENT
765,4,0,0,-1,9.1,0.00,CRIT(9%),SILENT,IDLE-SILENT
766,0,0,1,-1,91.7,5.83,SILENT
766,1,0,0,-1,92.3,6.67,SILENT
766,2,0,,,0.0,0.00,RECHARGING,CRIT(0%),SILENT,IDLE-SILENT
766,3,0,,,76.4,7.50,SILENT
766,4,0,0,-1,9.0,0.00,CRIT(9%),SILENT,IDLE-SILENT
767,0,0,1,-1,91.6,5.83,SILENT
767,1,0,1,-1,92.2,6.67,SILENT
767,2,0,1,-1,0.0,0.00,RECHARGING,CRIT(0%),SILENT,IDLE-SILENT
767,3,0,0,-1,76.3,7.50,SILENT
767,4,0,,,8.9,0.00,CRIT(9%),SILENT,IDLE-SILENT
768,0,0,1,-1,91.5,5.83,SILENT
768,1,0,,,92.1,6.67,SILENT
768,2,0,0,-1,0.0,0.00,RECHARGING,CRIT(0%),SILENT,IDLE-SILENT
768,3,0,0,-1,76.2,7.50,SILENT
768,4,0,0,-1,8.8,0.00,CRIT(9%),SILENT,IDLE-SILENT
769,0,0,,,91.4,5.83,SILENT
769,1,0,,,92.0,6.67,SILENT
769,2,0,1,-1,0.0,0.00,RECHARGING,CRIT(0%),SILENT,IDLE-SILENT
769,3,0,,,76.1,7.50,SILENT
769,4,0,0,-1,8.7,0.00,CRIT(9%),SILENT,IDLE-SILENT
770,0,0,1,-1,91.3,5.83,SILENT
770,1,0,,,91.9,6.67,SILENT
770,2,0,0,-1,0.0,0.00,RECHARGING,CRIT(0%),SILENT,IDLE-SILENT
770,3,0,1,-1,76.0,7.50,SILENT
770,4,0,0,-1,8.6,0.00,CRIT(9%),SILENT,IDLE-SILENT
771,0,0,0,-1,91.2,5.83,SILENT
771,1,0,0,-1,91.8,6.67,SILENT
771,2,0,,,0.0,0.00,RECHARGING,CRIT(0%),SILENT,IDLE-SILENT
771,3,0,0,-1,75.9,7.50,SILENT
771,4,0,1,-1,8.5,0.00,CRIT(8%),SILENT,IDLE-SILENT
772,0,0,0,-1,91.1,5.83,SILENT
772,1,0,1,-1,91.7,6.67,SILENT
772,2,0,1,-1,0.0,0.00,RECHARGING,CRIT(0%),SILENT,IDLE-SILENT
772,3,0,,,75.8,7.50,SILENT
772,4,0,,,8.4,0.00,CRIT(8%),SILENT,IDLE-SILENT
773,0,0,0,-1,91.0,5.83,SILENT
773,1,0,,,91.6,6.67,SILENT
773,2,0,0,-1,0.0,0.00,RECHARGING,CRIT(0%),SILENT,IDLE-SILENT
773,3,0,1,-1,75.7,7.50,SILENT
773,4,0,,,8.3,0.00,CRIT(8%),SILENT,IDLE-SILENT
774,0,0,0,-1,90.9,5.83,SILENT
774,1,0,1,-1,91.5,6.67,SILENT
774,2,0,0,-1,0.0,0.00,RECHARGING,CRIT(0%),SILENT,IDLE-SILENT
774,3,0,,,75.6,7.50,SILENT
774,4,0,,,8.2,0.00,CRIT(8%),SILENT,IDLE-SILENT
775,0,0,,,90.8,5.83,SILENT
775,1,0,1,-1,91.4,6.67,SILENT
775,2,0,0,-1,0.0,0.00,RECHARGING,CRIT(0%),SILENT,IDLE-SILENT
775,3,0,0,-1,75.5,7.50,SILENT
775,4,0,,,8.1,0.00,CRIT(8%),SILENT,IDLE-SILENT
776,0,0,,,90.7,5.83,SILENT
776,1,0,0,-1,91.3,6.67,SILENT
776,2,0,,,0.0,0.00,RECHARGING,CRIT(0%),SILENT,IDLE-SILENT
776,3,0,1,-1,75.4,7.50,SILENT
776,4,0,1,-1,8.0,0.00,CRIT(8%),SILENT,IDLE-SILENT
777,0,0,,,90.6,5.83,SILENT
777,1,0,1,-1,91.2,6.67,SILENT
777,2,0,1,-1,0.0,0.00,RECHARGING,CRIT(0%),SILENT,IDLE-SILENT
777,3,0,1,-1,75.3,7.50,SILENT
777,4,0,1,-1,7.9,0.00,CRIT(8%),SILENT,IDLE-SILENT
778,0,0,0,-1,90.5,5.83,SILENT
778,1,0,0,-1,91.1,6.67,SILENT
778,2,0,1,-1,0.0,0.00,RECHARGING,CRIT(0%),SILENT,IDLE-SILENT
778,3,0,,,75.2,7.50,SILENT
778,4,0,1,-1,7.8,0.00,CRIT(8%),SILENT,IDLE-SILENT
779,0,0,,,90.4,5.83,SILENT
779,1,0,1,-1,91.0,6.67,SILENT
779,2,0,0,-1,0.0,0.00,RECHARGING,CRIT(0%),SILENT,IDLE-SILENT
779,3,0,0,-1,75.1,7.50,SILENT
779,4,0,0,-1,7.7,0.00,CRIT(8%),SILENT,IDLE-SILENT
780,0,0,1,-1,90.3,5.83,SILENT
780,1,0,0,-1,90.9,6.67,SILENT
780,2,0,1,-1,0.0,0.00,RECHARGING,CRIT(0%),SILENT,IDLE-SILENT
780,3,0,1,-1,75.0,7.50,SILENT
780,4,0,1,-1,7.6,0.00,CRIT(8%),SILENT,IDLE-SILENT
781,0,0,,,90.2,5.83,SILENT
781,1,0,0,-1,90.8,6.67,SILENT
781,2,0,1,-1,0.0,0.00,RECHARGING,CRIT(0%),SILENT,IDLE-SILENT
781,3,0,1,-1,74.9,7.50,SILENT
781,4,0,1,-1,7.5,0.00,CRIT(7%),SILENT,IDLE-SILENT
782,0,0,,,90.1,5.83,SILENT
782,1,0,0,-1,90.7,6.67,SILENT
782,2,0,1,-1,0.0,0.00,RECHARGING,CRIT(0%),SILENT,IDLE-SILENT
782,3,0,,,74.8,7.50,SILENT
782,4,0,1,-1,7.4,0.00,CRIT(7%),SILENT,IDLE-SILENT
783,0,0,1,-1,90.0,5.83,SILENT
783,1,0,0,-1,90.6,6.67,SILENT
783,2,0,1,-1,0.0,0.00,RECHARGING,CRIT(0%),SILENT,IDLE-SILENT
783,3,0,0,-1,74.7,7.50,SILENT
783,4,0,,,7.3,0.00,CRIT(7%),SILENT,IDLE-SILENT
784,0,0,,,89.9,5.83,SILENT
784,1,0,,,90.5,6.67,SILENT
784,2,0,0,-1,0.0,0.00,RECHARGING,CRIT(0%),SILENT,IDLE-SILENT
784,3,0,1,-1,74.6,7.50,SILENT
784,4,0,,,7.2,0.00,CRIT(7%),SILENT,IDLE-SILENT
785,0,0,,,89.8,5.83,SILENT
785,1,0,0,-1,90.4,6.67,SILENT
785,2,0,,,0.0,0.00,RECHARGING,CRIT(0%),SILENT,IDLE-SILENT
785,3,0,0,-1,74.5,7.50,SILENT
785,4,0,1,-1,7.1,0.00,CRIT(7%),SILENT,IDLE-SILENT
786,0,0,1,-1,89.7,5.83,SILENT
786,1,0,1,-1,90.3,6.67,SILENT
786,2,0,,,100.0,0.00,SILENT,IDLE-SILENT
786,3,0,0,-1,74.4,7.50,SILENT
786,4,0,1,-1,7.0,0.00,CRIT(7%),SILENT,IDLE-SILENT
787,0,0,,,89.6,5.83,SILENT
787,1,0,0,-1,90.2,6.67,SILENT
787,2,0,0,-1,99.9,0.00,SILENT,IDLE-SILENT
787,3,0,,,74.3,7.50,SILENT
787,4,0,,,6.9,0.00,CRIT(7%),SILENT,IDLE-SILENT
788,0,0,1,-1,89.5,5.83,SILENT
788,1,0,1,-1,90.1,6.67,SILENT
788,2,0,1,-1,99.8,0.00,SILENT,IDLE-SILENT
788,3,0,0,-1,74.2,7.50,SILENT
788,4,0,0,-1,6.8,0.00,CRIT(7%),SILENT,IDLE-SILENT
789,0,0,,,89.4,5.83,SILENT
789,1,0,0,-1,90.0,6.67,SILENT
789,2,0,0,-1,99.7,0.00,SILENT,IDLE-SILENT
789,3,0,0,-1,74.1,7.50,SILENT
789,4,0,1,-1,6.7,0.00,CRIT(7%),SILENT,IDLE-SILENT
790,0,0,,,89.3,5.83,SILENT
790,1,0,,,89.9,6.67,SILENT
790,2,0,1,-1,99.6,0.00,SILENT,IDLE-SILENT
790,3,0,1,-1,74.0,7.50,SILENT
790,4,0,1,-1,6.6,0.00,CRIT(7%),SILENT,IDLE-SILENT
791,0,0,1,-1,89.2,5.83,SILENT
791,1,0,,,89.8,6.67,SILENT
791,2,0,1,-1,99.5,0.00,SILENT,IDLE-SILENT
791,3,0,,,73.9,7.50,SILENT
791,4,0,1,-1,6.5,0.00,CRIT(6%),SILENT,IDLE-SILENT
792,0,0,0,-1,89.1,5.83,SILENT
792,1,0,,,89.7,6.67,SILENT
792,2,0,,,99.4,0.00,SILENT,IDLE-SILENT
792,3,0,,,73.8,7.50,SILENT
792,4,0,0,-1,6.4,0.00,CRIT(6%),SILENT,IDLE-SILENT
793,0,0,1,-1,89.0,5.83,SILENT
793,1,0,1,-1,89.6,6.67,SILENT
793,2,0,1,-1,99.3,0.00,SILENT,IDLE-SILENT
793,3,0,,,73.7,7.50,SILENT
793,4,0,,,6.3,0.00,CRIT(6%),SILENT,IDLE-SILENT
794,0,0,0,-1,88.9,5.83,SILENT
794,1,0,0,-1,89.5,6.67,SILENT
794,2,0,0,-1,99.2,0.00,SILENT,IDLE-SILENT
794,3,0,,,73.6,7.50,SILENT
794,4,0,1,-1,6.2,0.00,CRIT(6%),SILENT,IDLE-SILENT
795,0,0,,,88.8,5.83,SILENT
795,1,0,,,89.4,6.67,SILENT
795,2,0,0,-1,99.1,0.00,SILENT,IDLE-SILENT
795,3,0,,,73.5,7.50,SILENT
795,4,0,0,-1,6.1,0.00,CRIT(6%),SILENT,IDLE-SILENT
796,0,0,,,88.7,5.83,SILENT
796,1,0,,,89.3,6.67,SILENT
796,2,0,,,99.0,0.00,SILENT,IDLE-SILENT
796,3,0,,,73.4,7.50,SILENT
796,4,0,1,-1,6.0,0.00,CRIT(6%),SILENT,IDLE-SILENT
797,0,0,,,88.6,5.83,SILENT
797,1,0,1,-1,89.2,6.67,SILENT
797,2,0,,,98.9,0.00,SILENT,IDLE-SILENT
797,3,0,,,73.3,7.50,SILENT
797,4,0,1,-1,5.9,0.00,CRIT(6%),SILENT,IDLE-SILENT
798,0,0,,,88.5,5.83,SILENT
798,1,0,0,-1,89.1,6.67,SILENT
798,2,0,1,-1,98.8,0.00,SILENT,IDLE-SILENT
798,3,0,1,-1,73.2,7.50,SILENT
798,4,0,,,5.8,0.00,CRIT(6%),SILENT,IDLE-SILENT
799,0,0,0,-1,88.4,5.83,SILENT
799,1,0,1,-1,89.0,6.67,SILENT
799,2,0,1,-1,98.7,0.00,SILENT,IDLE-SILENT
799,3,0,0,-1,73.1,7.50,SILENT
799,4,0,0,-1,5.7,0.00,CRIT(6%),SILENT,IDLE-SILENT
800,0,0,,,88.3,5.83,SILENT
800,1,0,1,-1,88.9,6.67,SILENT
800,2,0,,,98.6,0.00,SILENT,IDLE-SILENT
800,3,0,,,73.0,7.50,SILENT
800,4,0,,,5.6,0.00,CRIT(6%),SILENT,IDLE-SILENT
801,0,0,1,-1,88.2,5.83,SILENT
801,1,0,0,-1,88.8,6.67,SILENT
801,2,0,1,-1,98.5,0.00,SILENT,IDLE-SILENT
801,3,0,,,72.9,7.50,SILENT
801,4,0,,,5.5,0.00,CRIT(5%),SILENT,IDLE-SILENT
802,0,0,1,-1,88.2,5.83,SILENT
802,1,0,1,-1,88.7,6.67,SILENT
802,2,0,0,-1,98.4,0.00,SILENT,IDLE-SILENT
802,3,0,1,-1,72.8,7.50,SILENT
802,4,0,0,-1,5.4,0.00,CRIT(5%),SILENT,IDLE-SILENT
803,0,0,,,88.2,5.83,SILENT
803,1,0,,,88.6,6.67,SILENT
803,2,0,0,-1,98.3,0.00,SILENT,IDLE-SILENT
803,3,0,0,-1,72.7,7.50,SILENT
803,4,0,,,5.3,0.00,CRIT(5%),SILENT,IDLE-SILENT
804,0,0,0,-1,88.2,5.83,SILENT
804,1,0,1,-1,88.5,6.67,SILENT
804,2,0,1,-1,98.2,0.00,SILENT,IDLE-SILENT
804,3,0,,,72.6,7.50,SILENT
804,4,0,1,-1,5.2,0.00,CRIT(5%),SILENT,IDLE-SILENT
805,0,0,,,88.2,5.83,SILENT
805,1,0,,,88.4,6.67,SILENT
805,2,0,1,-1,98.1,0.00,SILENT,IDLE-SILENT
805,3,0,,,72.5,7.50,SILENT
805,4,0,1,-1,5.1,0.00,CRIT(5%),SILENT,IDLE-SILENT
806,0,0,0,-1,88.2,5.83,SILENT
806,1,0,1,-1,88.3,6.67,SILENT
806,2,0,1,-1,98.0,0.00,SILENT,IDLE-SILENT
806,3,0,1,-1,72.4,7.50,SILENT
806,4,0,0,-1,5.0,0.00,CRIT(5%),SILENT,IDLE-SILENT
807,0,0,1,-1,88.2,5.83,SILENT
807,1,0,0,-1,88.2,6.67,SILENT
807,2,0,1,-1,97.9,0.00,SILENT,IDLE-SILENT
807,3,0,,,72.3,7.50,SILENT
807,4,0,1,-1,4.9,0.00,CRIT(5%),SILENT,IDLE-SILENT
808,0,0,1,-1,88.2,5.83,SILENT
808,1,0,1,-1,88.1,6.67,SILENT
808,2,0,1,-1,97.8,0.00,SILENT,IDLE-SILENT
808,3,0,0,-1,72.2,7.50,SILENT
808,4,0,1,-1,4.8,0.00,CRIT(5%),SILENT,IDLE-SILENT
809,0,0,,,88.2,5.83,SILENT
809,1,0,1,-1,88.0,6.67,SILENT
809,2,0,0,-1,97.7,0.00,SILENT,IDLE-SILENT
809,3,0,,,72.1,7.50,SILENT
809,4,0,1,-1,4.7,0.00,CRIT(5%),SILENT,IDLE-SILENT
810,0,0,,,88.2,5.83,SILENT
810,1,0,,,87.9,6.67,SILENT
810,2,0,,,97.6,0.00,SILENT,IDLE-SILENT
810,3,0,0,-1,72.0,7.50,SILENT
810,4,0,0,-1,4.6,0.00,CRIT(5%),SILENT,IDLE-SILENT
811,0,0,0,-1,88.2,5.83,SILENT
811,1,0,1,-1,87.8,6.67,SILENT
811,2,0,1,-1,97.5,0.00,SILENT,IDLE-SILENT
811,3,0,1,-1,71.9,7.50,SILENT
811,4,0,1,-1,4.5,0.00,CRIT(4%),SILENT,IDLE-SILENT
812,0,0,,,88.2,5.83,SILENT
812,1,0,0,-1,87.7,6.67,SILENT
812,2,0,0,-1,97.4,0.00,SILENT,IDLE-SILENT
812,3,0,,,71.8,7.50,SILENT
812,4,0,1,-1,4.4,0.00,CRIT(4%),SILENT,IDLE-SILENT
813,0,0,,,88.2,5.83,SILENT
813,1,0,1,-1,87.6,6.67,SILENT
813,2,0,0,-1,97.3,0.00,SILENT,IDLE-SILENT
813,3,0,0,-1,71.7,7.50,SILENT
813,4,0,1,-1,4.3,0.00,CRIT(4%),SILENT,IDLE-SILENT
814,0,0,,,88.2,5.83,SILENT
814,1,0,0,-1,87.5,6.67,SILENT
814,2,0,1,-1,97.2,0.00,SILENT,IDLE-SILENT
814,3,0,,,71.6,7.50,SILENT
814,4,0,0,-1,4.2,0.00,CRIT(4%),SILENT,IDLE-SILENT
815,0,0,,,88.2,5.83,SILENT
815,1,0,,,87.4,6.67,SILENT
815,2,0,,,97.1,0.00,SILENT,IDLE-SILENT
815,3,0,1,-1,71.5,7.50,SILENT
815,4,0,1,-1,4.1,0.00,CRIT(4%),SILENT,IDLE-SILENT
816,0,0,,,88.2,5.83,SILENT
816,1,0,,,87.3,6.67,SILENT
816,2,0,0,-1,97.0,0.00,SILENT,IDLE-SILENT
816,3,0,,,71.4,7.50,SILENT
816,4,0,0,-1,4.0,0.00,CRIT(4%),SILENT,IDLE-SILENT
817,0,0,,,88.2,5.83,SILENT
817,1,0,1,-1,87.2,6.67,SILENT
817,2,0,0,-1,96.9,0.00,SILENT,IDLE-SILENT
817,3,0,,,71.3,7.50,SILENT
817,4,0,,,3.9,0.00,CRIT(4%),SILENT,IDLE-SILENT
818,0,0,0,-1,88.2,5.83,SILENT
818,1,0,,,87.1,6.67,SILENT
818,2,0,,,96.8,0.00,SILENT,IDLE-SILENT
818,3,0,,,71.2,7.50,SILENT
818,4,0,,,3.8,0.00,CRIT(4%),SILENT,IDLE-SILENT
819,0,0,1,-1,88.2,5.83,SILENT
819,1,0,0,-1,87.0,6.67,SILENT
819,2,0,0,-1,96.7,0.00,SILENT,IDLE-SILENT
819,3,0,,,71.1,7.50,SILENT
819,4,0,1,-1,3.7,0.00,CRIT(4%),SILENT,IDLE-SILENT
820,0,0,1,-1,88.2,5.83,SILENT
820,1,0,,,86.9,6.67,SILENT
820,2,0,0,-1,96.6,0.00,SILENT,IDLE-SILENT
820,3,0,0,-1,71.0,7.50,SILENT
820,4,0,,,3.6,0.00,CRIT(4%),SILENT,IDLE-SILENT
821,0,0,,,88.2,5.83,SILENT
821,1,0,1,-1,86.8,6.67,SILENT
821,2,0,0,-1,96.5,0.00,SILENT,IDLE-SILENT
821,3,0,,,70.9,7.50,SILENT
821,4,0,,,3.5,0.00,CRIT(3%),SILENT,IDLE-SILENT
822,0,0,0,-1,88.2,5.83,SILENT
822,1,0,1,-1,86.7,6.67,SILENT
822,2,0,,,96.4,0.00,SILENT,IDLE-SILENT
822,3,0,0,-1,70.8,7.50,SILENT
822,4,0,1,-1,3.4,0.00,CRIT(3%),SILENT,IDLE-SILENT
823,0,0,1,-1,88.2,5.83,SILENT
823,1,0,1,-1,86.6,6.67,SILENT
823,2,0,1,-1,96.3,0.00,SILENT,IDLE-SILENT
823,3,0,,,70.7,7.50,SILENT
823,4,0,,,3.3,0.00,CRIT(3%),SILENT,IDLE-SILENT
824,0,0,,,88.2,5.83,SILENT
824,1,0,0,-1,86.5,6.67,SILENT
824,2,0,1,-1,96.2,0.00,SILENT,IDLE-SILENT
824,3,0,1,-1,70.6,7.50,SILENT
824,4,0,,,3.2,0.00,CRIT(3%),SILENT,IDLE-SILENT
825,0,0,,,88.2,5.83,SILENT
825,1,0,1,-1,86.5,6.67,SILENT
825,2,0,,,96.1,0.00,SILENT,IDLE-SILENT
825,3,0,1,-1,70.5,7.50,SILENT
825,4,0,,,3.1,0.00,CRIT(3%),SILENT,IDLE-SILENT
826,0,0,,,88.2,5.83,SILENT
826,1,0,0,-1,86.5,6.67,SILENT
826,2,0,0,-1,96.0,0.00,SILENT,IDLE-SILENT
826,3,0,1,-1,70.4,7.50,SILENT
826,4,0,,,3.0,0.00,CRIT(3%),SILENT,IDLE-SILENT
827,0,0,,,88.2,5.83,SILENT
827,1,0,,,86.5,6.67,SILENT
827,2,0,0,-1,95.9,0.00,SILENT,IDLE-SILENT
827,3,0,,,70.3,7.50,SILENT
827,4,0,,,2.9,0.00,CRIT(3%),SILENT,IDLE-SILENT
828,0,0,,,88.2,5.83,SILENT
828,1,0,1,-1,86.5,6.67,SILENT
828,2,0,,,95.8,0.00,SILENT,IDLE-SILENT
828,3,0,,,70.2,7.50,SILENT
828,4,0,1,-1,2.8,0.00,CRIT(3%),SILENT,IDLE-SILENT
829,0,0,0,-1,88.2,5.83,SILENT
829,1,0,0,-1,86.5,6.67,SILENT
829,2,0,1,-1,95.7,0.00,SILENT,IDLE-SILENT
829,3,0,,,70.1,7.50,SILENT
829,4,0,1,-1,2.7,0.00,CRIT(3%),SILENT,IDLE-SILENT
830,0,0,,,88.2,5.83,SILENT
830,1,0,,,86.5,6.67,SILENT
830,2,0,,,95.6,0.00,SILENT,IDLE-SILENT
830,3,0,,,70.0,7.50,SILENT
830,4,0,1,-1,2.6,0.00,CRIT(3%),SILENT,IDLE-SILENT
831,0,0,0,-1,88.1,5.83,SILENT
831,1,0,1,-1,86.5,6.67,SILENT
831,2,0,0,-1,95.5,0.00,SILENT,IDLE-SILENT
831,3,0,1,-1,69.9,7.50,SILENT
831,4,0,,,2.5,0.00,CRIT(2%),SILENT,IDLE-SILENT
832,0,0,,,88.0,5.83,SILENT
832,1,0,1,-1,86.5,6.67,SILENT
832,2,0,0,-1,95.4,0.00,SILENT,IDLE-SILENT
832,3,0,1,-1,69.8,7.50,SILENT
832,4,0,1,-1,2.4,0.00,CRIT(2%),SILENT,IDLE-SILENT
833,0,0,,,87.9,5.83,SILENT
833,1,0,0,-1,86.5,6.67,SILENT
833,2,0,1,-1,95.4,0.00,SILENT,IDLE-SILENT
833,3,0,0,-1,69.7,7.50,SILENT
833,4,0,0,-1,2.3,0.00,CRIT(2%),SILENT,IDLE-SILENT
834,0,0,,,87.8,5.83,SILENT
834,1,0,0,-1,86.5,6.67,SILENT
834,2,0,1,-1,95.4,0.00,SILENT,IDLE-SILENT
834,3,0,,,69.6,7.50,SILENT
834,4,0,1,-1,2.2,0.00,CRIT(2%),SILENT,IDLE-SILENT
835,0,0,1,-1,87.7,5.83,SILENT
835,1,0,0,-1,86.5,6.67,SILENT
835,2,0,,,95.4,0.00,SILENT,IDLE-SILENT
835,3,0,,,69.5,7.50,SILENT
835,4,0,,,2.1,0.00,CRIT(2%),SILENT,IDLE-SILENT
836,0,0,,,87.6,5.83,SILENT
836,1,0,0,-1,86.5,6.67,SILENT
836,2,0,1,-1,95.4,0.00,SILENT,IDLE-SILENT
836,3,0,,,69.4,7.50,SILENT
836,4,0,1,-1,2.0,0.00,CRIT(2%),SILENT,IDLE-SILENT
837,0,0,,,87.5,5.83,SILENT
837,1,0,,,86.5,6.67,SILENT
837,2,0,,,95.4,0.00,SILENT,IDLE-SILENT
837,3,0,1,-1,69.3,7.50,SILENT
837,4,0,1,-1,1.9,0.00,CRIT(2%),SILENT,IDLE-SILENT
838,0,0,,,87.4,5.83,SILENT
838,1,0,,,86.5,6.67,SILENT
838,2,0,1,-1,95.4,0.00,SILENT,IDLE-SILENT
838,3,0,1,-1,69.2,7.50,SILENT
838,4,0,,,1.8,0.00,CRIT(2%),SILENT,IDLE-SILENT
839,0,0,0,-1,87.3,5.83,SILENT
839,1,0,,,86.5,6.67,SILENT
839,2,0,0,-1,95.4,0.00,SILENT,IDLE-SILENT
839,3,0,,,69.1,7.50,SILENT
839,4,0,1,-1,1.7,0.00,CRIT(2%),SILENT,IDLE-SILENT
840,0,0,,,87.2,5.83,SILENT
840,1,0,0,-1,86.5,6.67,SILENT
840,2,0,,,95.4,0.00,SILENT,IDLE-SILENT
840,3,0,0,-1,69.0,7.50,SILENT
840,4,0,1,-1,1.6,0.00,CRIT(2%),SILENT,IDLE-SILENT
841,0,0,1,-1,87.1,5.83,SILENT
841,1,0,0,-1,86.5,6.67,SILENT
841,2,0,1,-1,95.4,0.00,SILENT,IDLE-SILENT
841,3,0,1,-1,68.9,7.50,SILENT
841,4,0,1,-1,1.5,0.00,CRIT(1%),SILENT,IDLE-SILENT
842,0,0,1,-1,87.0,5.83,SILENT
842,1,0,,,86.5,6.67,SILENT
842,2,0,,,95.4,0.00,SILENT,IDLE-SILENT
842,3,0,,,68.8,7.50,SILENT
842,4,0,1,-1,1.4,0.00,CRIT(1%),SILENT,IDLE-SILENT
843,0,0,,,86.9,5.83,SILENT
843,1,0,0,-1,86.5,6.67,SILENT
843,2,0,1,-1,95.4,0.00,SILENT,IDLE-SILENT
843,3,0,,,68.7,7.50,SILENT
843,4,0,0,-1,1.3,0.00,CRIT(1%),SILENT,IDLE-SILENT
844,0,0,,,86.8,5.83,SILENT
844,1,0,,,86.5,6.67,SILENT
844,2,0,1,-1,95.4,0.00,SILENT,IDLE-SILENT
844,3,0,1,-1,68.6,7.50,SILENT
844,4,0,,,1.2,0.00,CRIT(1%),SILENT,IDLE-SILENT
845,0,0,,,86.7,5.83,SILENT
845,1,0,1,-1,86.5,6.67,SILENT
845,2,0,,,95.4,0.00,SILENT,IDLE-SILENT
845,3,0,0,-1,68.5,7.50,SILENT
845,4,0,,,1.1,0.00,CRIT(1%),SILENT,IDLE-SILENT
846,0,0,,,86.6,5.83,SILENT
846,1,0,,,86.5,6.67,SILENT
846,2,0,,,95.4,0.00,SILENT,IDLE-SILENT
846,3,0,1,-1,68.4,7.50,SILENT
846,4,0,,,1.0,0.00,CRIT(1%),SILENT,IDLE-SILENT
847,0,0,,,86.5,5.83,SILENT
847,1,0,1,-1,86.5,6.67,SILENT
847,2,0,1,-1,95.4,0.00,SILENT,IDLE-SILENT
847,3,0,1,-1,68.4,7.50,SILENT
847,4,0,0,-1,1.0,0.00,CRIT(1%),SILENT,IDLE-SILENT
848,0,0,,,86.4,5.83,SILENT
848,1,0,,,86.5,6.67,SILENT
848,2,0,,,95.4,0.00,SILENT,IDLE-SILENT
848,3,0,0,-1,68.4,7.50,SILENT
848,4,0,,,1.0,0.00,CRIT(1%),SILENT,IDLE-SILENT
849,0,0,1,-1,86.3,5.83,SILENT
849,1,0,1,-1,86.5,6.67,SILENT
849,2,0,,,95.4,0.00,SILENT,IDLE-SILENT
849,3,0,1,-1,68.4,7.50,SILENT
849,4,0,,,1.0,0.00,CRIT(1%),SILENT,IDLE-SILENT
850,0,0,0,-1,86.2,5.83,SILENT
850,1,0,1,-1,86.5,6.67,SILENT
850,2,0,,,95.4,0.00,SILENT,IDLE-SILENT
850,3,0,0,-1,68.4,7.50,SILENT
850,4,0,1,-1,1.0,0.00,CRIT(1%),SILENT,IDLE-SILENT
851,0,0,,,86.1,5.83,SILENT
851,1,0,0,-1,86.5,6.67,SILENT
851,2,0,,,95.4,0.00,SILENT,IDLE-SILENT
851,3,0,,,68.4,7.50,SILENT
851,4,0,1,-1,1.0,0.00,CRIT(1%),SILENT,IDLE-SILENT
852,0,0,,,86.0,5.83,SILENT
852,1,0,1,-1,86.5,6.67,SILENT
852,2,0,1,-1,95.4,0.00,SILENT,IDLE-SILENT
852,3,0,,,68.4,7.50,SILENT
852,4,0,1,-1,1.0,0.00,CRIT(1%),SILENT,IDLE-SILENT
853,0,0,0,-1,85.9,5.83,SILENT
853,1,0,0,-1,86.5,6.67,SILENT
853,2,0,1,-1,95.4,0.00,SILENT,IDLE-SILENT
853,3,0,0,-1,68.4,7.50,SILENT
853,4,0,0,-1,1.0,0.00,CRIT(1%),SILENT,IDLE-SILENT
854,0,0,1,-1,85.8,5.83,SILENT
854,1,0,1,-1,86.4,6.67,SILENT
854,2,0,1,-1,95.4,0.00,SILENT,IDLE-SILENT
854,3,0,0,-1,68.4,7.50,SILENT
854,4,0,1,-1,1.0,0.00,CRIT(1%),SILENT,IDLE-SILENT
855,0,0,,,85.7,5.83,SILENT
855,1,0,0,-1,86.3,6.67,SILENT
855,2,0,,,95.4,0.00,SILENT,IDLE-SILENT
855,3,0,0,-1,68.4,7.50,SILENT
855,4,0,1,-1,1.0,0.00,CRIT(1%),SILENT,IDLE-SILENT
856,0,0,1,-1,85.6,5.83,SILENT
856,1,0,1,-1,86.2,6.67,SILENT
856,2,0,,,95.4,0.00,SILENT,IDLE-SILENT
856,3,0,0,-1,68.4,7.50,SILENT
856,4,0,1,-1,1.0,0.00,CRIT(1%),SILENT,IDLE-SILENT
857,0,0,0,-1,85.5,5.83,SILENT
857,1,0,1,-1,86.1,6.67,SILENT
857,2,0,,,95.4,0.00,SILENT,IDLE-SILENT
857,3,0,,,68.4,7.50,SILENT
857,4,0,0,-1,1.0,0.00,CRIT(1%),SILENT,IDLE-SILENT
858,0,0,1,-1,85.4,5.83,SILENT
858,1,0,,,86.0,6.67,SILENT
858,2,0,1,-1,95.4,0.00,SILENT,IDLE-SILENT
858,3,0,0,-1,68.4,7.50,SILENT
858,4,0,1,-1,1.0,0.00,CRIT(1%),SILENT,IDLE-SILENT
859,0,0,0,-1,85.3,5.83,SILENT
859,1,0,0,-1,85.9,6.67,SILENT
859,2,0,,,95.4,0.00,SILENT,IDLE-SILENT
859,3,0,1,-1,68.4,7.50,SILENT
859,4,0,,,1.0,0.00,CRIT(1%),SILENT,IDLE-SILENT
860,0,0,0,-1,85.2,5.83,SILENT
860,1,0,0,-1,85.8,6.67,SILENT
860,2,0,0,-1,95.4,0.00,SILENT,IDLE-SILENT
860,3,0,,,68.4,7.50,SILENT
860,4,0,,,1.0,0.00,CRIT(1%),SILENT,IDLE-SILENT
861,0,0,,,85.1,5.83,SILENT
861,1,0,,,85.7,6.67,SILENT
861,2,0,0,-1,95.4,0.00,SILENT,IDLE-SILENT
861,3,0,,,68.4,7.50,SILENT
861,4,0,,,1.0,0.00,CRIT(1%),SILENT,IDLE-SILENT
862,0,0,,,85.0,5.83,SILENT
862,1,0,,,85.6,6.67,SILENT
862,2,0,0,-1,95.3,0.00,SILENT,IDLE-SILENT
862,3,0,1,-1,68.4,7.50,SILENT
862,4,0,,,1.0,0.00,CRIT(1%),SILENT,IDLE-SILENT
1,0,0,0,-1,97.9,0.00,IDLE-SILENT
1,1,0,0,-1,98.4,0.00,IDLE-SILENT
1,2,0,0,-1,67.2,0.00,IDLE-SILENT
1,3,0,0,-1,92.9,0.00,IDLE-SILENT
1,4,0,0,-1,91.9,0.00,IDLE-SILENT
2,0,0,0,-1,97.8,0.00,IDLE-SILENT
2,1,0,0,-1,98.3,0.00,IDLE-SILENT
2,2,0,0,-1,67.1,0.00,IDLE-SILENT
2,3,0,0,-1,92.8,0.00,IDLE-SILENT
2,4,0,0,-1,91.8,0.00,IDLE-SILENT
3,0,0,0,-1,97.7,0.00,IDLE-SILENT
3,1,0,0,-1,98.2,0.00,IDLE-SILENT
3,2,0,0,-1,67.0,0.00,IDLE-SILENT
3,3,0,0,-1,92.7,0.00,IDLE-SILENT
3,4,0,0,-1,91.7,0.00,IDLE-SILENT
4,0,0,0,-1,97.6,0.00,IDLE-SILENT
4,1,0,0,-1,98.1,0.00,IDLE-SILENT
4,2,0,0,-1,66.9,0.00,IDLE-SILENT
4,3,0,0,-1,92.6,0.00,IDLE-SILENT
4,4,0,0,-1,91.6,0.00,IDLE-SILENT
5,0,0,0,-1,97.5,0.00,IDLE-SILENT
5,1,0,0,-1,98.0,0.00,IDLE-SILENT
5,2,0,0,-1,66.8,0.00,IDLE-SILENT
5,3,0,0,-1,92.5,0.00,IDLE-SILENT
5,4,0,0,-1,91.5,0.00,IDLE-SILENT
6,0,0,0,-1,97.4,0.00,IDLE-SILENT
6,1,0,0,-1,97.9,0.00,IDLE-SILENT
6,2,0,0,-1,66.7,0.00,IDLE-SILENT
6,3,0,0,-1,92.4,0.00,IDLE-SILENT
6,4,0,0,-1,91.4,0.00,IDLE-SILENT
7,0,0,0,-1,97.3,0.00,IDLE-SILENT
7,1,0,0,-1,97.8,0.00,IDLE-SILENT
7,2,0,0,-1,66.6,0.00,IDLE-SILENT
7,3,0,0,-1,92.3,0.00,IDLE-SILENT
7,4,0,0,-1,91.3,0.00,IDLE-SILENT
8,0,0,0,-1,97.2,0.00,IDLE-SILENT
8,1,0,0,-1,97.7,0.00,IDLE-SILENT
8,2,0,0,-1,66.5,0.00,IDLE-SILENT
8,3,0,0,-1,92.2,0.00,IDLE-SILENT
8,4,0,0,-1,91.2,0.00,IDLE-SILENT
9,0,0,0,-1,97.1,0.00,IDLE-SILENT
9,1,0,0,-1,97.6,0.00,IDLE-SILENT
9,2,0,0,-1,66.4,0.00,IDLE-SILENT
9,3,0,0,-1,92.1,0.00,IDLE-SILENT
9,4,0,0,-1,91.1,0.00,IDLE-SILENT
10,0,0,0,-1,97.0,0.00,IDLE-SILENT
10,1,0,0,-1,97.5,0.00,IDLE-SILENT
10,2,0,0,-1,66.3,0.00,IDLE-SILENT
10,3,0,0,-1,92.0,0.00,IDLE-SILENT
10,4,0,0,-1,91.0,0.00,IDLE-SILENT
11,0,0,0,-1,96.9,0.00,IDLE-SILENT
11,1,0,0,-1,97.4,0.00,IDLE-SILENT
11,2,0,0,-1,66.2,0.00,IDLE-SILENT
11,3,0,0,-1,91.9,0.00,IDLE-SILENT
11,4,0,0,-1,90.9,0.00,IDLE-SILENT
12,0,0,0,-1,96.8,0.00,IDLE-SILENT
12,1,0,0,-1,97.3,0.00,IDLE-SILENT
12,2,0,0,-1,66.1,0.00,IDLE-SILENT
12,3,0,0,-1,91.8,0.00,IDLE-SILENT
12,4,0,0,-1,90.8,0.00,IDLE-SILENT
13,0,0,0,-1,96.7,0.00,IDLE-SILENT
13,1,0,0,-1,97.2,0.00,IDLE-SILENT
13,2,0,0,-1,66.0,0.00,IDLE-SILENT
13,3,0,0,-1,91.7,0.00,IDLE-SILENT
13,4,0,0,-1,90.7,0.00,IDLE-SILENT
14,0,0,0,-1,96.6,0.00,IDLE-SILENT
14,1,0,0,-1,97.1,0.00,IDLE-SILENT
14,2,0,0,-1,65.9,0.00,IDLE-SILENT
14,3,0,0,-1,91.6,0.00,IDLE-SILENT
14,4,0,0,-1,90.6,0.00,IDLE-SILENT
15,0,0,0,-1,96.5,0.00,IDLE-SILENT
15,1,0,0,-1,97.0,0.00,IDLE-SILENT
15,2,0,0,-1,65.8,0.00,IDLE-SILENT
15,3,0,0,-1,91.5,0.00,IDLE-SILENT
15,4,0,0,-1,90.5,0.00,IDLE-SILENT
16,0,0,0,-1,96.4,0.00,IDLE-SILENT
16,1,0,0,-1,96.9,0.00,IDLE-SILENT
16,2,0,0,-1,65.7,0.00,IDLE-SILENT
16,3,0,0,-1,91.4,0.00,IDLE-SILENT
16,4,0,0,-1,90.4,0.00,IDLE-SILENT
17,0,0,0,-1,96.3,0.00,IDLE-SILENT
17,1,0,0,-1,96.8,0.00,IDLE-SILENT
17,2,0,0,-1,65.6,0.00,IDLE-SILENT
17,3,0,0,-1,91.3,0.00,IDLE-SILENT
17,4,0,0,-1,90.3,0.00,IDLE-SILENT
18,0,0,0,-1,96.2,0.00,IDLE-SILENT
18,1,0,0,-1,96.7,0.00,IDLE-SILENT
18,2,0,0,-1,65.5,0.00,IDLE-SILENT
18,3,0,0,-1,91.2,0.00,IDLE-SILENT
18,4,0,0,-1,90.2,0.00,IDLE-SILENT
19,0,0,0,-1,96.1,0.00,IDLE-SILENT
19,1,0,0,-1,96.6,0.00,IDLE-SILENT
19,2,0,0,-1,65.4,0.00,IDLE-SILENT
19,3,0,0,-1,91.1,0.00,IDLE-SILENT
19,4,0,0,-1,90.1,0.00,IDLE-SILENT
20,0,0,0,-1,96.0,0.00,IDLE-SILENT
20,1,0,0,-1,96.5,0.00,IDLE-SILENT
20,2,0,0,-1,65.3,0.00,IDLE-SILENT
20,3,0,0,-1,91.0,0.00,IDLE-SILENT
20,4,0,0,-1,90.0,0.00,IDLE-SILENT
21,0,0,0,-1,95.9,0.00,IDLE-SILENT
21,1,0,0,-1,96.4,0.00,IDLE-SILENT
21,2,0,0,-1,65.2,0.00,IDLE-SILENT
21,3,0,0,-1,90.9,0.00,IDLE-SILENT
21,4,0,0,-1,89.9,0.00,IDLE-SILENT
22,0,0,0,-1,95.8,0.00,IDLE-SILENT
22,1,0,0,-1,96.3,0.00,IDLE-SILENT
22,2,0,0,-1,65.1,0.00,IDLE-SILENT
22,3,0,0,-1,90.8,0.00,IDLE-SILENT
22,4,0,0,-1,89.8,0.00,IDLE-SILENT
23,0,0,0,-1,95.7,0.00,IDLE-SILENT
23,1,0,0,-1,96.2,0.00,IDLE-SILENT
23,2,0,0,-1,65.0,0.00,IDLE-SILENT
23,3,0,0,-1,90.7,0.00,IDLE-SILENT
23,4,0,0,-1,89.7,0.00,IDLE-SILENT
24,0,0,0,-1,95.6,0.00,IDLE-SILENT
24,1,0,0,-1,96.1,0.00,IDLE-SILENT
24,2,0,0,-1,64.9,0.00,IDLE-SILENT
24,3,0,0,-1,90.6,0.00,IDLE-SILENT
24,4,0,0,-1,89.6,0.00,IDLE-SILENT
25,0,0,0,-1,95.5,0.00,IDLE-SILENT
25,1,0,0,-1,96.0,0.00,IDLE-SILENT
25,2,0,0,-1,64.8,0.00,IDLE-SILENT
25,3,0,0,-1,90.5,0.00,IDLE-SILENT
25,4,0,0,-1,89.5,0.00,IDLE-SILENT
26,0,0,0,-1,95.4,0.00,IDLE-SILENT
26,1,0,0,-1,95.9,0.00,IDLE-SILENT
26,2,0,0,-1,64.7,0.00,IDLE-SILENT
26,3,0,0,-1,90.4,0.00,IDLE-SILENT
26,4,0,0,-1,89.4,0.00,IDLE-SILENT
27,0,0,0,-1,95.3,0.00,IDLE-SILENT
27,1,0,0,-1,95.8,0.00,IDLE-SILENT
27,2,0,0,-1,64.6,0.00,IDLE-SILENT
27,3,0,0,-1,90.3,0.00,IDLE-SILENT
27,4,0,0,-1,89.3,0.00,IDLE-SILENT
28,0,0,0,-1,95.2,0.00,IDLE-SILENT
28,1,0,0,-1,95.7,0.00,IDLE-SILENT
28,2,0,0,-1,64.5,0.00,IDLE-SILENT
28,3,0,0,-1,90.2,0.00,IDLE-SILENT
28,4,0,0,-1,89.2,0.00,IDLE-SILENT
29,0,0,0,-1,95.1,0.00,IDLE-SILENT
29,1,0,0,-1,95.6,0.00,IDLE-SILENT
29,2,0,0,-1,64.4,0.00,IDLE-SILENT
29,3,0,0,-1,90.1,0.00,IDLE-SILENT
29,4,0,0,-1,89.1,0.00,IDLE-SILENT
30,0,0,0,0,95.0,0.00,IDLE-SILENT
30,1,0,0,0,95.5,0.00,IDLE-SILENT
30,2,0,0,0,64.3,0.00,IDLE-SILENT
30,3,0,0,0,90.0,0.00,IDLE-SILENT
30,4,0,0,0,89.0,0.00,IDLE-SILENT
31,0,0,0,0,94.9,0.00,SILENT,IDLE-SILENT
31,1,0,0,0,95.4,0.00,SILENT,IDLE-SILENT
31,2,0,0,0,64.2,0.00,SILENT,IDLE-SILENT
31,3,0,0,0,89.9,0.00,SILENT,IDLE-SILENT
31,4,0,0,0,88.9,0.00,SILENT,IDLE-SILENT
32,0,0,0,0,94.8,0.00,SILENT,IDLE-SILENT
32,1,0,0,0,95.3,0.00,SILENT,IDLE-SILENT
32,2,0,0,0,64.1,0.00,SILENT,IDLE-SILENT
32,3,0,0,0,89.8,0.00,SILENT,IDLE-SILENT
32,4,0,0,0,88.8,0.00,SILENT,IDLE-SILENT
33,0,0,0,0,94.7,0.00,SILENT,IDLE-SILENT
33,1,0,0,0,95.2,0.00,SILENT,IDLE-SILENT
33,2,0,0,0,64.0,0.00,SILENT,IDLE-SILENT
33,3,0,0,0,89.7,0.00,SILENT,IDLE-SILENT
33,4,0,0,0,88.7,0.00,SILENT,IDLE-SILENT
34,0,0,0,0,94.6,0.00,SILENT,IDLE-SILENT
34,1,0,0,0,95.1,0.00,SILENT,IDLE-SILENT
34,2,0,0,0,63.9,0.00,SILENT,IDLE-SILENT
34,3,0,0,0,89.6,0.00,SILENT,IDLE-SILENT
34,4,0,0,0,88.6,0.00,SILENT,IDLE-SILENT
35,0,0,0,0,94.5,0.00,SILENT,IDLE-SILENT
35,1,0,0,0,95.0,0.00,SILENT,IDLE-SILENT
35,2,0,0,0,63.8,0.00,SILENT,IDLE-SILENT
35,3,0,0,0,89.5,0.00,SILENT,IDLE-SILENT
35,4,0,0,0,88.5,0.00,SILENT,IDLE-SILENT
36,0,0,0,0,94.4,0.00,SILENT,IDLE-SILENT
36,1,0,0,0,94.9,0.00,SILENT,IDLE-SILENT
36,2,0,0,0,63.7,0.00,SILENT,IDLE-SILENT
36,3,0,0,0,89.4,0.00,SILENT,IDLE-SILENT
36,4,0,0,0,88.4,0.00,SILENT,IDLE-SILENT
37,0,0,0,0,94.3,0.00,SILENT,IDLE-SILENT
37,1,0,0,0,94.8,0.00,SILENT,IDLE-SILENT
37,2,0,0,0,63.6,0.00,SILENT,IDLE-SILENT
37,3,0,0,0,89.3,0.00,SILENT,IDLE-SILENT
37,4,0,0,0,88.3,0.00,SILENT,IDLE-SILENT
38,0,0,0,0,94.2,0.00,SILENT,IDLE-SILENT
38,1,0,0,0,94.7,0.00,SILENT,IDLE-SILENT
38,2,0,0,0,63.5,0.00,SILENT,IDLE-SILENT
38,3,0,0,0,89.2,0.00,SILENT,IDLE-SILENT
38,4,0,0,0,88.2,0.00,SILENT,IDLE-SILENT
39,0,0,0,0,94.1,0.00,SILENT,IDLE-SILENT
39,1,0,0,0,94.6,0.00,SILENT,IDLE-SILENT
39,2,0,0,0,63.4,0.00,SILENT,IDLE-SILENT
39,3,0,0,0,89.1,0.00,SILENT,IDLE-SILENT
39,4,0,0,0,88.1,0.00,SILENT,IDLE-SILENT
40,0,0,0,0,94.0,0.00,SILENT,IDLE-SILENT
40,1,0,0,0,94.5,0.00,SILENT,IDLE-SILENT
40,2,0,0,0,63.3,0.00,SILENT,IDLE-SILENT
40,3,0,0,0,89.0,0.00,SILENT,IDLE-SILENT
40,4,0,0,0,88.0,0.00,SILENT,IDLE-SILENT
41,0,0,0,0,93.9,0.00,SILENT,IDLE-SILENT
41,1,0,0,0,94.4,0.00,SILENT,IDLE-SILENT
41,2,0,0,0,63.2,0.00,SILENT,IDLE-SILENT
41,3,0,0,0,88.9,0.00,SILENT,IDLE-SILENT
41,4,0,0,0,87.9,0.00,SILENT,IDLE-SILENT
42,0,0,0,0,93.8,0.00,SILENT,IDLE-SILENT
42,1,0,0,0,94.3,0.00,SILENT,IDLE-SILENT
42,2,0,0,0,63.1,0.00,SILENT,IDLE-SILENT
42,3,0,0,0,88.8,0.00,SILENT,IDLE-SILENT
42,4,0,0,0,87.8,0.00,SILENT,IDLE-SILENT
43,0,0,0,0,93.7,0.00,SILENT,IDLE-SILENT
43,1,0,0,0,94.2,0.00,SILENT,IDLE-SILENT
43,2,0,0,0,63.0,0.00,SILENT,IDLE-SILENT
43,3,0,0,0,88.8,0.00,SILENT,IDLE-SILENT
43,4,0,0,0,87.7,0.00,SILENT,IDLE-SILENT
44,0,0,0,0,93.6,0.00,SILENT,IDLE-SILENT
44,1,0,0,0,94.1,0.00,SILENT,IDLE-SILENT
44,2,0,0,0,62.9,0.00,SILENT,IDLE-SILENT
44,3,0,0,0,88.8,0.00,SILENT,IDLE-SILENT
44,4,0,0,0,87.6,0.00,SILENT,IDLE-SILENT
45,0,0,0,0,93.5,0.00,SILENT,IDLE-SILENT
45,1,0,0,0,94.0,0.00,SILENT,IDLE-SILENT
45,2,0,0,0,62.8,0.00,SILENT,IDLE-SILENT
45,3,0,0,0,88.8,0.00,SILENT,IDLE-SILENT
45,4,0,0,0,87.5,0.00,SILENT,IDLE-SILENT
46,0,0,0,0,93.4,0.00,SILENT,IDLE-SILENT
46,1,0,0,0,93.9,0.00,SILENT,IDLE-SILENT
46,2,0,0,0,62.7,0.00,SILENT,IDLE-SILENT
46,3,0,0,0,88.8,0.00,SILENT,IDLE-SILENT
46,4,0,0,0,87.4,0.00,SILENT,IDLE-SILENT
47,0,0,0,0,93.3,0.00,SILENT,IDLE-SILENT
47,1,0,0,0,93.8,0.00,SILENT,IDLE-SILENT
47,2,0,0,0,62.6,0.00,SILENT,IDLE-SILENT
47,3,0,0,0,88.8,0.00,SILENT,IDLE-SILENT
47,4,0,0,0,87.4,0.00,SILENT,IDLE-SILENT
48,0,0,0,0,93.2,0.00,SILENT,IDLE-SILENT
48,1,0,0,0,93.7,0.00,SILENT,IDLE-SILENT
48,2,0,0,0,62.5,0.00,SILENT,IDLE-SILENT
48,3,0,0,0,88.8,0.00,SILENT,IDLE-SILENT
48,4,0,0,0,87.4,0.00,SILENT,IDLE-SILENT
49,0,0,0,0,93.1,0.00,SILENT,IDLE-SILENT
49,1,0,0,0,93.6,0.00,SILENT,IDLE-SILENT
49,2,0,0,0,62.4,0.00,SILENT,IDLE-SILENT
49,3,0,0,0,88.8,0.00,SILENT,IDLE-SILENT
49,4,0,0,0,87.4,0.00,SILENT,IDLE-SILENT
50,0,0,0,0,93.0,0.00,SILENT,IDLE-SILENT
50,1,0,0,0,93.5,0.00,SILENT,IDLE-SILENT
50,2,0,0,0,62.3,0.00,SILENT,IDLE-SILENT
50,3,0,0,0,88.8,0.00,SILENT,IDLE-SILENT
50,4,0,0,0,87.4,0.00,SILENT,IDLE-SILENT
51,0,0,0,0,92.9,0.00,SILENT,IDLE-SILENT
51,1,0,0,0,93.4,0.00,SILENT,IDLE-SILENT
51,2,0,0,0,62.2,0.00,SILENT,IDLE-SILENT
51,3,0,0,0,88.8,0.00,SILENT,IDLE-SILENT
51,4,0,0,0,87.4,0.00,SILENT,IDLE-SILENT
52,0,0,0,0,92.8,0.00,SILENT,IDLE-SILENT
52,1,0,0,0,93.3,0.00,SILENT,IDLE-SILENT
52,2,0,0,0,62.1,0.00,SILENT,IDLE-SILENT
52,3,0,0,0,88.8,0.00,SILENT,IDLE-SILENT
52,4,0,0,0,87.4,0.00,SILENT,IDLE-SILENT
53,0,0,0,0,92.7,0.00,SILENT,IDLE-SILENT
53,1,0,0,0,93.2,0.00,SILENT,IDLE-SILENT
53,2,0,0,0,62.0,0.00,SILENT,IDLE-SILENT
53,3,0,0,0,88.8,0.00,SILENT,IDLE-SILENT
53,4,0,0,0,87.4,0.00,SILENT,IDLE-SILENT
54,0,0,0,0,92.6,0.00,SILENT,IDLE-SILENT
54,1,0,0,0,93.1,0.00,SILENT,IDLE-SILENT
54,2,0,0,0,61.9,0.00,SILENT,IDLE-SILENT
54,3,0,0,0,88.8,0.00,SILENT,IDLE-SILENT
54,4,0,0,0,87.4,0.00,SILENT,IDLE-SILENT
55,0,0,0,0,92.5,0.00,SILENT,IDLE-SILENT
55,1,0,0,0,93.0,0.00,SILENT,IDLE-SILENT
55,2,0,0,0,61.9,0.00,SILENT,IDLE-SILENT
55,3,0,0,0,88.8,0.00,SILENT,IDLE-SILENT
55,4,0,0,0,87.4,0.00,SILENT,IDLE-SILENT
56,0,0,0,0,92.4,0.00,SILENT,IDLE-SILENT
56,1,0,0,0,92.9,0.00,SILENT,IDLE-SILENT
56,2,0,0,0,61.9,0.00,SILENT,IDLE-SILENT
56,3,0,0,0,88.8,0.00,SILENT,IDLE-SILENT
56,4,0,0,0,87.4,0.00,SILENT,IDLE-SILENT
57,0,0,0,0,92.3,0.00,SILENT,IDLE-SILENT
57,1,0,0,0,92.8,0.00,SILENT,IDLE-SILENT
57,2,0,0,0,61.9,0.00,SILENT,IDLE-SILENT
57,3,0,0,0,88.8,0.00,SILENT,IDLE-SILENT
57,4,0,0,0,87.4,0.00,SILENT,IDLE-SILENT
58,0,0,0,0,92.2,0.00,SILENT,IDLE-SILENT
58,1,0,0,0,92.7,0.00,SILENT,IDLE-SILENT
58,2,0,0,0,61.9,0.00,SILENT,IDLE-SILENT
58,3,0,0,0,88.8,0.00,SILENT,IDLE-SILENT
58,4,0,0,0,87.4,0.00,SILENT,IDLE-SILENT
59,0,0,0,0,92.1,0.00,SILENT,IDLE-SILENT
59,1,0,0,0,92.6,0.00,SILENT,IDLE-SILENT
59,2,0,0,0,61.9,0.00,SILENT,IDLE-SILENT
59,3,0,0,0,88.8,0.00,SILENT,IDLE-SILENT
59,4,0,0,0,87.4,0.00,SILENT,IDLE-SILENT
60,0,0,0,0,92.0,0.00,SILENT,IDLE-SILENT
60,1,0,0,0,92.5,0.00,SILENT,IDLE-SILENT
60,2,0,0,0,61.9,0.00,SILENT,IDLE-SILENT
60,3,0,0,0,88.8,0.00,SILENT,IDLE-SILENT
60,4,0,0,0,87.4,0.00,SILENT,IDLE-SILENT
61,0,0,0,0,91.9,0.00,SILENT,IDLE-SILENT
61,1,0,0,0,92.4,0.00,SILENT,IDLE-SILENT
61,2,0,0,0,61.9,0.00,SILENT,IDLE-SILENT
61,3,0,0,0,88.8,0.00,SILENT,IDLE-SILENT
61,4,0,0,0,87.4,0.00,SILENT,IDLE-SILENT
62,0,0,0,0,91.8,0.00,SILENT,IDLE-SILENT
62,1,0,0,0,92.3,0.00,SILENT,IDLE-SILENT
62,2,0,0,0,61.9,0.00,SILENT,IDLE-SILENT
62,3,0,0,0,88.8,0.00,SILENT,IDLE-SILENT
62,4,0,0,0,87.4,0.00,SILENT,IDLE-SILENT
63,0,0,0,0,91.7,0.00,SILENT,IDLE-SILENT
63,1,0,0,0,92.2,0.00,SILENT,IDLE-SILENT
63,2,0,0,0,61.9,0.00,SILENT,IDLE-SILENT
63,3,0,0,0,88.8,0.00,SILENT,IDLE-SILENT
63,4,0,0,0,87.4,0.00,SILENT,IDLE-SILENT
64,0,0,0,0,91.6,0.00,SILENT,IDLE-SILENT
64,1,0,0,0,92.1,0.00,SILENT,IDLE-SILENT
64,2,0,0,0,61.9,0.00,SILENT,IDLE-SILENT
64,3,0,0,0,88.8,0.00,SILENT,IDLE-SILENT
64,4,0,0,0,87.4,0.00,SILENT,IDLE-SILENT
65,0,0,0,0,91.5,0.00,SILENT,IDLE-SILENT
65,1,0,0,0,92.0,0.00,SILENT,IDLE-SILENT
65,2,0,0,0,61.9,0.00,SILENT,IDLE-SILENT
65,3,0,0,0,88.8,0.00,SILENT,IDLE-SILENT
65,4,0,0,0,87.4,0.00,SILENT,IDLE-SILENT
66,0,0,0,0,91.4,0.00,SILENT,IDLE-SILENT
66,1,0,0,0,91.9,0.00,SILENT,IDLE-SILENT
66,2,0,0,0,61.9,0.00,SILENT,IDLE-SILENT
66,3,0,0,0,88.8,0.00,SILENT,IDLE-SILENT
66,4,0,0,0,87.4,0.00,SILENT,IDLE-SILENT
67,0,0,0,0,91.3,0.00,SILENT,IDLE-SILENT
67,1,0,0,0,91.8,0.00,SILENT,IDLE-SILENT
67,2,0,0,0,61.9,0.00,SILENT,IDLE-SILENT
67,3,0,0,0,88.8,0.00,SILENT,IDLE-SILENT
67,4,0,0,0,87.4,0.00,SILENT,IDLE-SILENT
68,0,0,0,0,91.2,0.00,SILENT,IDLE-SILENT
68,1,0,0,0,91.8,0.00,SILENT,IDLE-SILENT
68,2,0,0,0,61.9,0.00,SILENT,IDLE-SILENT
68,3,0,0,0,88.8,0.00,SILENT,IDLE-SILENT
68,4,0,0,0,87.4,0.00,SILENT,IDLE-SILENT
69,0,0,0,0,91.1,0.00,SILENT,IDLE-SILENT
69,1,0,0,0,91.8,0.00,SILENT,IDLE-SILENT
69,2,0,0,0,61.9,0.00,SILENT,IDLE-SILENT
69,3,0,0,0,88.8,0.00,SILENT,IDLE-SILENT
69,4,0,0,0,87.4,0.00,SILENT,IDLE-SILENT
70,0,0,0,0,91.0,0.00,SILENT,IDLE-SILENT
70,1,0,0,0,91.8,0.00,SILENT,IDLE-SILENT
70,2,0,0,0,61.9,0.00,SILENT,IDLE-SILENT
70,3,0,0,0,88.8,0.00,SILENT,IDLE-SILENT
70,4,0,0,0,87.4,0.00,SILENT,IDLE-SILENT
71,0,0,0,0,90.9,0.00,SILENT,IDLE-SILENT
71,1,0,0,0,91.8,0.00,SILENT,IDLE-SILENT
71,2,0,0,0,61.9,0.00,SILENT,IDLE-SILENT
71,3,0,0,0,88.8,0.00,SILENT,IDLE-SILENT
71,4,0,0,0,87.4,0.00,SILENT,IDLE-SILENT
72,0,0,0,0,90.8,0.00,SILENT,IDLE-SILENT
72,1,0,0,0,91.8,0.00,SILENT,IDLE-SILENT
72,2,0,0,0,61.9,0.00,SILENT,IDLE-SILENT
72,3,0,0,0,88.7,0.00,SILENT,IDLE-SILENT
72,4,0,0,0,87.4,0.00,SILENT,IDLE-SILENT
73,0,0,0,0,90.7,0.00,SILENT,IDLE-SILENT
73,1,0,0,0,91.8,0.00,SILENT,IDLE-SILENT
73,2,0,0,0,61.9,0.00,SILENT,IDLE-SILENT
73,3,0,0,0,88.6,0.00,SILENT,IDLE-SILENT
73,4,0,0,0,87.4,0.00,SILENT,IDLE-SILENT
74,0,0,0,0,90.6,0.00,SILENT,IDLE-SILENT
74,1,0,0,0,91.8,0.00,SILENT,IDLE-SILENT
74,2,0,0,0,61.9,0.00,SILENT,IDLE-SILENT
74,3,0,0,0,88.5,0.00,SILENT,IDLE-SILENT
74,4,0,0,0,87.4,0.00,SILENT,IDLE-SILENT
75,0,0,0,0,90.5,0.00,SILENT,IDLE-SILENT
75,1,0,0,0,91.8,0.00,SILENT,IDLE-SILENT
75,2,0,0,0,61.9,0.00,SILENT,IDLE-SILENT
75,3,0,0,0,88.4,0.00,SILENT,IDLE-SILENT
75,4,0,0,0,87.4,0.00,SILENT,IDLE-SILENT
76,0,0,0,0,90.5,0.00,SILENT,IDLE-SILENT
76,1,0,0,0,91.8,0.00,SILENT,IDLE-SILENT
76,2,0,0,0,61.9,0.00,SILENT,IDLE-SILENT
76,3,0,0,0,88.3,0.00,SILENT,IDLE-SILENT
76,4,0,0,0,87.3,0.00,SILENT,IDLE-SILENT
77,0,0,0,0,90.5,0.00,SILENT,IDLE-SILENT
77,1,0,0,0,91.8,0.00,SILENT,IDLE-SILENT
77,2,0,0,0,61.9,0.00,SILENT,IDLE-SILENT
77,3,0,0,0,88.2,0.00,SILENT,IDLE-SILENT
77,4,0,0,0,87.2,0.00,SILENT,IDLE-SILENT
78,0,0,0,0,90.5,0.00,SILENT,IDLE-SILENT
78,1,0,0,0,91.8,0.00,SILENT,IDLE-SILENT
78,2,0,0,0,61.9,0.00,SILENT,IDLE-SILENT
78,3,0,0,0,88.1,0.00,SILENT,IDLE-SILENT
78,4,0,0,0,87.1,0.00,SILENT,IDLE-SILENT
79,0,0,0,0,90.5,0.00,SILENT,IDLE-SILENT
79,1,0,0,0,91.8,0.00,SILENT,IDLE-SILENT
79,2,0,0,0,61.9,0.00,SILENT,IDLE-SILENT
79,3,0,0,0,88.0,0.00,SILENT,IDLE-SILENT
79,4,0,0,0,87.0,0.00,SILENT,IDLE-SILENT
80,0,0,0,0,90.5,0.00,SILENT,IDLE-SILENT
80,1,0,0,0,91.8,0.00,SILENT,IDLE-SILENT
80,2,0,0,0,61.9,0.00,SILENT,IDLE-SILENT
80,3,0,0,0,87.9,0.00,SILENT,IDLE-SILENT
80,4,0,0,0,86.9,0.00,SILENT,IDLE-SILENT
81,0,0,0,0,90.5,0.00,SILENT,IDLE-SILENT
81,1,0,0,0,91.8,0.00,SILENT,IDLE-SILENT
81,2,0,0,0,61.9,0.00,SILENT,IDLE-SILENT
81,3,0,0,0,87.8,0.00,SILENT,IDLE-SILENT
81,4,0,0,0,86.8,0.00,SILENT,IDLE-SILENT
82,0,0,0,0,90.5,0.00,SILENT,IDLE-SILENT
82,1,0,0,0,91.8,0.00,SILENT,IDLE-SILENT
82,2,0,0,0,61.9,0.00,SILENT,IDLE-SILENT
82,3,0,0,0,87.7,0.00,SILENT,IDLE-SILENT
82,4,0,0,0,86.7,0.00,SILENT,IDLE-SILENT
83,0,0,0,0,90.5,0.00,SILENT,IDLE-SILENT
83,1,0,0,0,91.8,0.00,SILENT,IDLE-SILENT
83,2,0,0,0,61.9,0.00,SILENT,IDLE-SILENT
83,3,0,0,0,87.6,0.00,SILENT,IDLE-SILENT
83,4,0,0,0,86.6,0.00,SILENT,IDLE-SILENT
84,0,0,0,0,90.5,0.00,SILENT,IDLE-SILENT
84,1,0,0,0,91.8,0.00,SILENT,IDLE-SILENT
84,2,0,0,0,61.8,0.00,SILENT,IDLE-SILENT
84,3,0,0,0,87.5,0.00,SILENT,IDLE-SILENT
84,4,0,0,0,86.5,0.00,SILENT,IDLE-SILENT
85,0,0,0,0,90.5,0.00,SILENT,IDLE-SILENT
85,1,0,0,0,91.8,0.00,SILENT,IDLE-SILENT
85,2,0,0,0,61.7,0.00,SILENT,IDLE-SILENT
85,3,0,0,0,87.4,0.00,SILENT,IDLE-SILENT
85,4,0,0,0,86.4,0.00,SILENT,IDLE-SILENT
86,0,0,0,0,90.5,0.00,SILENT,IDLE-SILENT
86,1,0,0,0,91.8,0.00,SILENT,IDLE-SILENT
86,2,0,0,0,61.6,0.00,SILENT,IDLE-SILENT
86,3,0,0,0,87.3,0.00,SILENT,IDLE-SILENT
86,4,0,0,0,86.3,0.00,SILENT,IDLE-SILENT
87,0,0,0,0,90.5,0.00,SILENT,IDLE-SILENT
87,1,0,0,0,91.8,0.00,SILENT,IDLE-SILENT
87,2,0,0,0,61.5,0.00,SILENT,IDLE-SILENT
87,3,0,0,0,87.2,0.00,SILENT,IDLE-SILENT
87,4,0,0,0,86.2,0.00,SILENT,IDLE-SILENT
88,0,0,0,0,90.5,0.00,SILENT,IDLE-SILENT
88,1,0,0,0,91.8,0.00,SILENT,IDLE-SILENT
88,2,0,0,0,61.4,0.00,SILENT,IDLE-SILENT
88,3,0,0,0,87.1,0.00,SILENT,IDLE-SILENT
88,4,0,0,0,86.1,0.00,SILENT,IDLE-SILENT
89,0,0,0,0,90.5,0.00,SILENT,IDLE-SILENT
89,1,0,0,0,91.8,0.00,SILENT,IDLE-SILENT
89,2,0,0,0,61.3,0.00,SILENT,IDLE-SILENT
89,3,0,0,0,87.0,0.00,SILENT,IDLE-SILENT
89,4,0,0,0,86.0,0.00,SILENT,IDLE-SILENT
90,0,0,0,0,90.5,0.00,SILENT,IDLE-SILENT
90,1,0,0,0,91.8,0.00,SILENT,IDLE-SILENT
90,2,0,0,0,61.2,0.00,SILENT,IDLE-SILENT
90,3,0,0,0,86.9,0.00,SILENT,IDLE-SILENT
90,4,0,0,0,85.9,0.00,SILENT,IDLE-SILENT
91,0,0,0,0,90.5,0.00,SILENT,IDLE-SILENT
91,1,0,0,0,91.8,0.00,SILENT,IDLE-SILENT
91,2,0,0,0,61.1,0.00,SILENT,IDLE-SILENT
91,3,0,0,0,86.8,0.00,SILENT,IDLE-SILENT
91,4,0,0,0,85.8,0.00,SILENT,IDLE-SILENT
92,0,0,0,0,90.5,0.00,SILENT,IDLE-SILENT
92,1,0,0,0,91.8,0.00,SILENT,IDLE-SILENT
92,2,0,0,0,61.0,0.00,SILENT,IDLE-SILENT
92,3,0,0,0,86.7,0.00,SILENT,IDLE-SILENT
92,4,0,0,0,85.7,0.00,SILENT,IDLE-SILENT
93,0,0,0,0,90.5,0.00,SILENT,IDLE-SILENT
93,1,0,0,0,91.8,0.00,SILENT,IDLE-SILENT
93,2,0,0,0,60.9,0.00,SILENT,IDLE-SILENT
93,3,0,0,0,86.6,0.00,SILENT,IDLE-SILENT
93,4,0,0,0,85.6,0.00,SILENT,IDLE-SILENT
94,0,0,0,0,90.5,0.00,SILENT,IDLE-SILENT
94,1,0,0,0,91.8,0.00,SILENT,IDLE-SILENT
94,2,0,0,0,60.8,0.00,SILENT,IDLE-SILENT
94,3,0,0,0,86.5,0.00,SILENT,IDLE-SILENT
94,4,0,0,0,85.5,0.00,SILENT,IDLE-SILENT
95,0,0,0,0,90.5,0.00,SILENT,IDLE-SILENT
95,1,0,0,0,91.8,0.00,SILENT,IDLE-SILENT
95,2,0,0,0,60.7,0.00,SILENT,IDLE-SILENT
95,3,0,0,0,86.4,0.00,SILENT,IDLE-SILENT
95,4,0,0,0,85.4,0.00,SILENT,IDLE-SILENT
96,0,0,0,0,90.5,0.00,SILENT,IDLE-SILENT
96,1,0,0,0,91.8,0.00,SILENT,IDLE-SILENT
96,2,0,0,0,60.6,0.00,SILENT,IDLE-SILENT
96,3,0,0,0,86.3,0.00,SILENT,IDLE-SILENT
96,4,0,0,0,85.3,0.00,SILENT,IDLE-SILENT
97,0,0,0,0,90.5,0.00,SILENT,IDLE-SILENT
97,1,0,0,0,91.7,0.00,SILENT,IDLE-SILENT
97,2,0,0,0,60.5,0.00,SILENT,IDLE-SILENT
97,3,0,0,0,86.2,0.00,SILENT,IDLE-SILENT
97,4,0,0,0,85.2,0.00,SILENT,IDLE-SILENT
98,0,0,0,0,90.5,0.00,SILENT,IDLE-SILENT
98,1,0,0,0,91.6,0.00,SILENT,IDLE-SILENT
98,2,0,0,0,60.4,0.00,SILENT,IDLE-SILENT
98,3,0,0,0,86.1,0.00,SILENT,IDLE-SILENT
98,4,0,0,0,85.1,0.00,SILENT,IDLE-SILENT
99,0,0,0,0,90.5,0.00,SILENT,IDLE-SILENT
99,1,0,0,0,91.5,0.00,SILENT,IDLE-SILENT
99,2,0,0,0,60.3,0.00,SILENT,IDLE-SILENT
99,3,0,0,0,86.0,0.00,SILENT,IDLE-SILENT
99,4,0,0,0,85.0,0.00,SILENT,IDLE-SILENT
100,0,0,0,0,90.5,0.00,SILENT,IDLE-SILENT
100,1,0,0,0,91.4,0.00,SILENT,IDLE-SILENT
100,2,0,0,0,60.2,0.00,SILENT,IDLE-SILENT
100,3,0,0,0,85.9,0.00,SILENT,IDLE-SILENT
100,4,0,0,0,84.9,0.00,SILENT,IDLE-SILENT
101,0,0,0,0,90.5,0.00,SILENT,IDLE-SILENT
101,1,0,0,0,91.3,0.00,SILENT,IDLE-SILENT
101,2,0,0,0,60.1,0.00,SILENT,IDLE-SILENT
101,3,0,0,0,85.8,0.00,SILENT,IDLE-SILENT
101,4,0,0,0,84.8,0.00,SILENT,IDLE-SILENT
102,0,0,0,0,90.5,0.00,SILENT,IDLE-SILENT
102,1,0,0,0,91.2,0.00,SILENT,IDLE-SILENT
102,2,0,0,0,60.0,0.00,SILENT,IDLE-SILENT
102,3,0,0,0,85.7,0.00,SILENT,IDLE-SILENT
102,4,0,0,0,84.7,0.00,SILENT,IDLE-SILENT
103,0,0,0,0,90.5,0.00,SILENT,IDLE-SILENT
103,1,0,0,0,91.1,0.00,SILENT,IDLE-SILENT
103,2,0,0,0,59.9,0.00,SILENT,IDLE-SILENT
103,3,0,0,0,85.6,0.00,SILENT,IDLE-SILENT
103,4,0,0,0,84.6,0.00,SILENT,IDLE-SILENT
104,0,0,0,0,90.5,0.00,SILENT,IDLE-SILENT
104,1,0,0,0,91.0,0.00,SILENT,IDLE-SILENT
104,2,0,0,0,59.8,0.00,SILENT,IDLE-SILENT
104,3,0,0,0,85.5,0.00,SILENT,IDLE-SILENT
104,4,0,0,0,84.5,0.00,SILENT,IDLE-SILENT
105,0,0,0,0,90.4,0.00,SILENT,IDLE-SILENT
105,1,0,0,0,90.9,0.00,SILENT,IDLE-SILENT
105,2,0,0,0,59.7,0.00,SILENT,IDLE-SILENT
105,3,0,0,0,85.4,0.00,SILENT,IDLE-SILENT
105,4,0,0,0,84.4,0.00,SILENT,IDLE-SILENT
106,0,0,0,0,90.3,0.00,SILENT,IDLE-SILENT
106,1,0,0,0,90.8,0.00,SILENT,IDLE-SILENT
106,2,0,0,0,59.6,0.00,SILENT,IDLE-SILENT
106,3,0,0,0,85.3,0.00,SILENT,IDLE-SILENT
106,4,0,0,0,84.3,0.00,SILENT,IDLE-SILENT
107,0,0,0,0,90.2,0.00,SILENT,IDLE-SILENT
107,1,0,0,0,90.7,0.00,SILENT,IDLE-SILENT
107,2,0,0,0,59.5,0.00,SILENT,IDLE-SILENT
107,3,0,0,0,85.2,0.00,SILENT,IDLE-SILENT
107,4,0,0,0,84.2,0.00,SILENT,IDLE-SILENT
108,0,0,0,0,90.1,0.00,SILENT,IDLE-SILENT
108,1,0,0,0,90.6,0.00,SILENT,IDLE-SILENT
108,2,0,0,0,59.4,0.00,SILENT,IDLE-SILENT
108,3,0,0,0,85.1,0.00,SILENT,IDLE-SILENT
108,4,0,0,0,84.1,0.00,SILENT,IDLE-SILENT
109,0,0,0,0,90.0,0.00,SILENT,IDLE-SILENT
109,1,0,0,0,90.5,0.00,SILENT,IDLE-SILENT
109,2,0,0,0,59.3,0.00,SILENT,IDLE-SILENT
109,3,0,0,0,85.0,0.00,SILENT,IDLE-SILENT
109,4,0,0,0,84.0,0.00,SILENT,IDLE-SILENT
110,0,0,0,0,89.9,0.00,SILENT,IDLE-SILENT
110,1,0,0,0,90.4,0.00,SILENT,IDLE-SILENT
110,2,0,0,0,59.2,0.00,SILENT,IDLE-SILENT
110,3,0,0,0,84.9,0.00,SILENT,IDLE-SILENT
110,4,0,0,0,83.9,0.00,SILENT,IDLE-SILENT
111,0,0,0,0,89.8,0.00,SILENT,IDLE-SILENT
111,1,0,0,0,90.3,0.00,SILENT,IDLE-SILENT
111,2,0,0,0,59.1,0.00,SILENT,IDLE-SILENT
111,3,0,0,0,84.8,0.00,SILENT,IDLE-SILENT
111,4,0,0,0,83.8,0.00,SILENT,IDLE-SILENT
112,0,0,0,0,89.7,0.00,SILENT,IDLE-SILENT
112,1,0,0,0,90.2,0.00,SILENT,IDLE-SILENT
112,2,0,0,0,59.0,0.00,SILENT,IDLE-SILENT
112,3,0,0,0,84.7,0.00,SILENT,IDLE-SILENT
112,4,0,0,0,83.7,0.00,SILENT,IDLE-SILENT
113,0,0,0,0,89.6,0.00,SILENT,IDLE-SILENT
113,1,0,0,0,90.1,0.00,SILENT,IDLE-SILENT
113,2,0,0,0,58.9,0.00,SILENT,IDLE-SILENT
113,3,0,0,0,84.6,0.00,SILENT,IDLE-SILENT
113,4,0,0,0,83.6,0.00,SILENT,IDLE-SILENT
114,0,0,0,0,89.5,0.00,SILENT,IDLE-SILENT
114,1,0,0,0,90.0,0.00,SILENT,IDLE-SILENT
114,2,0,0,0,58.8,0.00,SILENT,IDLE-SILENT
114,3,0,0,0,84.6,0.00,SILENT,IDLE-SILENT
114,4,0,0,0,83.5,0.00,SILENT,IDLE-SILENT
115,0,0,0,0,89.4,0.00,SILENT,IDLE-SILENT
115,1,0,0,0,89.9,0.00,SILENT,IDLE-SILENT
115,2,0,0,0,58.7,0.00,SILENT,IDLE-SILENT
115,3,0,0,0,84.6,0.00,SILENT,IDLE-SILENT
115,4,0,0,0,83.4,0.00,SILENT,IDLE-SILENT
116,0,0,0,0,89.3,0.00,SILENT,IDLE-SILENT
116,1,0,0,0,89.8,0.00,SILENT,IDLE-SILENT
116,2,0,0,0,58.6,0.00,SILENT,IDLE-SILENT
116,3,0,0,0,84.6,0.00,SILENT,IDLE-SILENT
116,4,0,0,0,83.3,0.00,SILENT,IDLE-SILENT
117,0,0,0,0,89.2,0.00,SILENT,IDLE-SILENT
117,1,0,0,0,89.7,0.00,SILENT,IDLE-SILENT
117,2,0,0,0,58.5,0.00,SILENT,IDLE-SILENT
117,3,0,0,0,84.6,0.00,SILENT,IDLE-SILENT
117,4,0,0,0,83.2,0.00,SILENT,IDLE-SILENT
118,0,0,0,0,89.1,0.00,SILENT,IDLE-SILENT
118,1,0,0,0,89.6,0.00,SILENT,IDLE-SILENT
118,2,0,0,0,58.4,0.00,SILENT,IDLE-SILENT
118,3,0,0,0,84.6,0.00,SILENT,IDLE-SILENT
118,4,0,0,0,83.1,0.00,SILENT,IDLE-SILENT
119,0,0,0,0,89.0,0.00,SILENT,IDLE-SILENT
119,1,0,0,0,89.5,0.00,SILENT,IDLE-SILENT
119,2,0,0,0,58.3,0.00,SILENT,IDLE-SILENT
119,3,0,0,0,84.6,0.00,SILENT,IDLE-SILENT
119,4,0,0,0,83.0,0.00,SILENT,IDLE-SILENT
120,0,0,0,0,88.9,0.00,SILENT,IDLE-SILENT
120,1,0,0,0,89.4,0.00,SILENT,IDLE-SILENT
120,2,0,0,0,58.2,0.00,SILENT,IDLE-SILENT
120,3,0,0,0,84.6,0.00,SILENT,IDLE-SILENT
120,4,0,0,0,82.9,0.00,SILENT,IDLE-SILENT
121,0,0,0,0,88.8,0.00,SILENT,IDLE-SILENT
121,1,0,0,0,89.3,0.00,SILENT,IDLE-SILENT
121,2,0,0,0,58.1,0.00,SILENT,IDLE-SILENT
121,3,0,0,0,84.6,0.00,SILENT,IDLE-SILENT
121,4,0,0,0,82.8,0.00,SILENT,IDLE-SILENT
122,0,0,0,0,88.7,0.00,SILENT,IDLE-SILENT
122,1,0,0,0,89.2,0.00,SILENT,IDLE-SILENT
122,2,0,0,0,58.0,0.00,SILENT,IDLE-SILENT
122,3,0,0,0,84.6,0.00,SILENT,IDLE-SILENT
122,4,0,0,0,82.8,0.00,SILENT,IDLE-SILENT
123,0,0,0,0,88.6,0.00,SILENT,IDLE-SILENT
123,1,0,0,0,89.1,0.00,SILENT,IDLE-SILENT
123,2,0,0,0,57.9,0.00,SILENT,IDLE-SILENT
123,3,0,0,0,84.6,0.00,SILENT,IDLE-SILENT
123,4,0,0,0,82.8,0.00,SILENT,IDLE-SILENT
124,0,0,0,0,88.5,0.00,SILENT,IDLE-SILENT
124,1,0,0,0,89.0,0.00,SILENT,IDLE-SILENT
124,2,0,0,0,57.8,0.00,SILENT,IDLE-SILENT
124,3,0,0,0,84.6,0.00,SILENT,IDLE-SILENT
124,4,0,0,0,82.8,0.00,SILENT,IDLE-SILENT
125,0,0,0,0,88.4,0.00,SILENT,IDLE-SILENT
125,1,0,0,0,88.9,0.00,SILENT,IDLE-SILENT
125,2,0,0,0,57.7,0.00,SILENT,IDLE-SILENT
125,3,0,0,0,84.6,0.00,SILENT,IDLE-SILENT
125,4,0,0,0,82.8,0.00,SILENT,IDLE-SILENT
126,0,0,0,0,88.3,0.00,SILENT,IDLE-SILENT
126,1,0,0,0,88.8,0.00,SILENT,IDLE-SILENT
126,2,0,0,0,57.6,0.00,SILENT,IDLE-SILENT
126,3,0,0,0,84.6,0.00,SILENT,IDLE-SILENT
126,4,0,0,0,82.8,0.00,SILENT,IDLE-SILENT
127,0,0,0,0,88.2,0.00,SILENT,IDLE-SILENT
127,1,0,0,0,88.7,0.00,SILENT,IDLE-SILENT
127,2,0,0,0,57.5,0.00,SILENT,IDLE-SILENT
127,3,0,0,0,84.6,0.00,SILENT,IDLE-SILENT
127,4,0,0,0,82.8,0.00,SILENT,IDLE-SILENT
128,0,0,0,0,88.1,0.00,SILENT,IDLE-SILENT
128,1,0,0,0,88.6,0.00,SILENT,IDLE-SILENT
128,2,0,0,0,57.4,0.00,SILENT,IDLE-SILENT
128,3,0,0,0,84.6,0.00,SILENT,IDLE-SILENT
128,4,0,0,0,82.8,0.00,SILENT,IDLE-SILENT
129,0,0,0,0,88.0,0.00,SILENT,IDLE-SILENT
129,1,0,0,0,88.5,0.00,SILENT,IDLE-SILENT
129,2,0,0,0,57.3,0.00,SILENT,IDLE-SILENT
129,3,0,0,0,84.6,0.00,SILENT,IDLE-SILENT
129,4,0,0,0,82.8,0.00,SILENT,IDLE-SILENT
130,0,0,0,0,87.9,0.00,SILENT,IDLE-SILENT
130,1,0,0,0,88.4,0.00,SILENT,IDLE-SILENT
130,2,0,0,0,57.2,0.00,SILENT,IDLE-SILENT
130,3,0,0,0,84.6,0.00,SILENT,IDLE-SILENT
130,4,0,0,0,82.8,0.00,SILENT,IDLE-SILENT
131,0,0,0,0,87.8,0.00,SILENT,IDLE-SILENT
131,1,0,0,0,88.3,0.00,SILENT,IDLE-SILENT
131,2,0,0,0,57.1,0.00,SILENT,IDLE-SILENT
131,3,0,0,0,84.6,0.00,SILENT,IDLE-SILENT
131,4,0,0,0,82.8,0.00,SILENT,IDLE-SILENT
132,0,0,0,0,87.7,0.00,SILENT,IDLE-SILENT
132,1,0,0,0,88.2,0.00,SILENT,IDLE-SILENT
132,2,0,0,0,57.0,0.00,SILENT,IDLE-SILENT
132,3,0,0,0,84.6,0.00,SILENT,IDLE-SILENT
132,4,0,0,0,82.8,0.00,SILENT,IDLE-SILENT
133,0,0,0,0,87.6,0.00,SILENT,IDLE-SILENT
133,1,0,0,0,88.1,0.00,SILENT,IDLE-SILENT
133,2,0,0,0,56.9,0.00,SILENT,IDLE-SILENT
133,3,0,0,0,84.6,0.00,SILENT,IDLE-SILENT
133,4,0,0,0,82.8,0.00,SILENT,IDLE-SILENT
134,0,0,0,0,87.5,0.00,SILENT,IDLE-SILENT
134,1,0,0,0,88.0,0.00,SILENT,IDLE-SILENT
134,2,0,0,0,56.8,0.00,SILENT,IDLE-SILENT
134,3,0,0,0,84.6,0.00,SILENT,IDLE-SILENT
134,4,0,0,0,82.8,0.00,SILENT,IDLE-SILENT
135,0,0,0,0,87.4,0.00,SILENT,IDLE-SILENT
135,1,0,0,0,87.9,0.00,SILENT,IDLE-SILENT
135,2,0,0,0,56.7,0.00,SILENT,IDLE-SILENT
135,3,0,0,0,84.6,0.00,SILENT,IDLE-SILENT
135,4,0,0,0,82.8,0.00,SILENT,IDLE-SILENT
136,0,0,0,0,87.3,0.00,SILENT,IDLE-SILENT
136,1,0,0,0,87.8,0.00,SILENT,IDLE-SILENT
136,2,0,0,0,56.6,0.00,SILENT,IDLE-SILENT
136,3,0,0,0,84.6,0.00,SILENT,IDLE-SILENT
136,4,0,0,0,82.8,0.00,SILENT,IDLE-SILENT
137,0,0,0,0,87.2,0.00,SILENT,IDLE-SILENT
137,1,0,0,0,87.7,0.00,SILENT,IDLE-SILENT
137,2,0,0,0,56.5,0.00,SILENT,IDLE-SILENT
137,3,0,0,0,84.6,0.00,SILENT,IDLE-SILENT
137,4,0,0,0,82.8,0.00,SILENT,IDLE-SILENT
138,0,0,0,0,87.1,0.00,SILENT,IDLE-SILENT
138,1,0,0,0,87.6,0.00,SILENT,IDLE-SILENT
138,2,0,0,0,56.5,0.00,SILENT,IDLE-SILENT
138,3,0,0,0,84.6,0.00,SILENT,IDLE-SILENT
138,4,0,0,0,82.8,0.00,SILENT,IDLE-SILENT
139,0,0,0,0,87.0,0.00,SILENT,IDLE-SILENT
139,1,0,0,0,87.5,0.00,SILENT,IDLE-SILENT
139,2,0,0,0,56.5,0.00,SILENT,IDLE-SILENT
139,3,0,0,0,84.6,0.00,SILENT,IDLE-SILENT
139,4,0,0,0,82.8,0.00,SILENT,IDLE-SILENT
140,0,0,0,0,86.9,0.00,SILENT,IDLE-SILENT
140,1,0,0,0,87.4,0.00,SILENT,IDLE-SILENT
140,2,0,0,0,56.5,0.00,SILENT,IDLE-SILENT
140,3,0,0,0,84.6,0.00,SILENT,IDLE-SILENT
140,4,0,0,0,82.8,0.00,SILENT,IDLE-SILENT
141,0,0,0,0,86.8,0.00,SILENT,IDLE-SILENT
141,1,0,0,0,87.3,0.00,SILENT,IDLE-SILENT
141,2,0,0,0,56.5,0.00,SILENT,IDLE-SILENT
141,3,0,0,0,84.6,0.00,SILENT,IDLE-SILENT
141,4,0,0,0,82.8,0.00,SILENT,IDLE-SILENT
142,0,0,0,0,86.7,0.00,SILENT,IDLE-SILENT
142,1,0,0,0,87.2,0.00,SILENT,IDLE-SILENT
142,2,0,0,0,56.5,0.00,SILENT,IDLE-SILENT
142,3,0,0,0,84.6,0.00,SILENT,IDLE-SILENT
142,4,0,0,0,82.8,0.00,SILENT,IDLE-SILENT
143,0,0,0,0,86.6,0.00,SILENT,IDLE-SILENT
143,1,0,0,0,87.1,0.00,SILENT,IDLE-SILENT
143,2,0,0,0,56.5,0.00,SILENT,IDLE-SILENT
143,3,0,0,0,84.5,0.00,SILENT,IDLE-SILENT
143,4,0,0,0,82.8,0.00,SILENT,IDLE-SILENT
144,0,0,0,0,86.5,0.00,SILENT,IDLE-SILENT
144,1,0,0,0,87.0,0.00,SILENT,IDLE-SILENT
144,2,0,0,0,56.5,0.00,SILENT,IDLE-SILENT
144,3,0,0,0,84.4,0.00,SILENT,IDLE-SILENT
144,4,0,0,0,82.8,0.00,SILENT,IDLE-SILENT
145,0,0,0,0,86.4,0.00,SILENT,IDLE-SILENT
145,1,0,0,0,86.9,0.00,SILENT,IDLE-SILENT
145,2,0,0,0,56.5,0.00,SILENT,IDLE-SILENT
145,3,0,0,0,84.3,0.00,SILENT,IDLE-SILENT
145,4,0,0,0,82.8,0.00,SILENT,IDLE-SILENT
146,0,0,0,0,86.3,0.00,SILENT,IDLE-SILENT
146,1,0,0,0,86.8,0.00,SILENT,IDLE-SILENT
146,2,0,0,0,56.5,0.00,SILENT,IDLE-SILENT
146,3,0,0,0,84.2,0.00,SILENT,IDLE-SILENT
146,4,0,0,0,82.8,0.00,SILENT,IDLE-SILENT
147,0,0,0,0,86.2,0.00,SILENT,IDLE-SILENT
147,1,0,0,0,86.7,0.00,SILENT,IDLE-SILENT
147,2,0,0,0,56.5,0.00,SILENT,IDLE-SILENT
147,3,0,0,0,84.1,0.00,SILENT,IDLE-SILENT
147,4,0,0,0,82.8,0.00,SILENT,IDLE-SILENT
148,0,0,0,0,86.1,0.00,SILENT,IDLE-SILENT
148,1,0,0,0,86.6,0.00,SILENT,IDLE-SILENT
148,2,0,0,0,56.5,0.00,SILENT,IDLE-SILENT
148,3,0,0,0,84.0,0.00,SILENT,IDLE-SILENT
148,4,0,0,0,82.8,0.00,SILENT,IDLE-SILENT
149,0,0,0,0,86.0,0.00,SILENT,IDLE-SILENT
149,1,0,0,0,86.5,0.00,SILENT,IDLE-SILENT
149,2,0,0,0,56.5,0.00,SILENT,IDLE-SILENT
149,3,0,0,0,83.9,0.00,SILENT,IDLE-SILENT
149,4,0,0,0,82.8,0.00,SILENT,IDLE-SILENT
150,0,0,0,0,85.9,0.00,SILENT,IDLE-SILENT
150,1,0,0,0,86.4,0.00,SILENT,IDLE-SILENT
150,2,0,0,0,56.5,0.00,SILENT,IDLE-SILENT
150,3,0,0,0,83.8,0.00,SILENT,IDLE-SILENT
150,4,0,0,0,82.8,0.00,SILENT,IDLE-SILENT
151,0,0,0,0,85.8,0.00,SILENT,IDLE-SILENT
151,1,0,0,0,86.3,0.00,SILENT,IDLE-SILENT
151,2,0,0,0,56.5,0.00,SILENT,IDLE-SILENT
151,3,0,0,0,83.7,0.00,SILENT,IDLE-SILENT
151,4,0,0,0,82.7,0.00,SILENT,IDLE-SILENT
152,0,0,0,0,85.7,0.00,SILENT,IDLE-SILENT
152,1,0,0,0,86.2,0.00,SILENT,IDLE-SILENT
152,2,0,0,0,56.5,0.00,SILENT,IDLE-SILENT
152,3,0,0,0,83.6,0.00,SILENT,IDLE-SILENT
152,4,0,0,0,82.6,0.00,SILENT,IDLE-SILENT
153,0,0,0,0,85.6,0.00,SILENT,IDLE-SILENT
153,1,0,0,0,86.1,0.00,SILENT,IDLE-SILENT
153,2,0,0,0,56.5,0.00,SILENT,IDLE-SILENT
153,3,0,0,0,83.5,0.00,SILENT,IDLE-SILENT
153,4,0,0,0,82.5,0.00,SILENT,IDLE-SILENT
154,0,0,0,0,85.5,0.00,SILENT,IDLE-SILENT
154,1,0,0,0,86.0,0.00,SILENT,IDLE-SILENT
154,2,0,0,0,56.5,0.00,SILENT,IDLE-SILENT
154,3,0,0,0,83.4,0.00,SILENT,IDLE-SILENT
154,4,0,0,0,82.4,0.00,SILENT,IDLE-SILENT
155,0,0,0,0,85.4,0.00,SILENT,IDLE-SILENT
155,1,0,0,0,85.9,0.00,SILENT,IDLE-SILENT
155,2,0,0,0,56.5,0.00,SILENT,IDLE-SILENT
155,3,0,0,0,83.3,0.00,SILENT,IDLE-SILENT
155,4,0,0,0,82.3,0.00,SILENT,IDLE-SILENT
156,0,0,0,0,85.3,0.00,SILENT,IDLE-SILENT
156,1,0,0,0,85.8,0.00,SILENT,IDLE-SILENT
156,2,0,0,0,56.5,0.00,SILENT,IDLE-SILENT
156,3,0,0,0,83.2,0.00,SILENT,IDLE-SILENT
156,4,0,0,0,82.2,0.00,SILENT,IDLE-SILENT
157,0,0,0,0,85.2,0.00,SILENT,IDLE-SILENT
157,1,0,0,0,85.7,0.00,SILENT,IDLE-SILENT
157,2,0,0,0,56.5,0.00,SILENT,IDLE-SILENT
157,3,0,0,0,83.1,0.00,SILENT,IDLE-SILENT
157,4,0,0,0,82.1,0.00,SILENT,IDLE-SILENT
158,0,0,0,0,85.1,0.00,SILENT,IDLE-SILENT
158,1,0,0,0,85.6,0.00,SILENT,IDLE-SILENT
158,2,0,0,0,56.5,0.00,SILENT,IDLE-SILENT
158,3,0,0,0,83.0,0.00,SILENT,IDLE-SILENT
158,4,0,0,0,82.0,0.00,SILENT,IDLE-SILENT
159,0,0,0,0,85.0,0.00,SILENT,IDLE-SILENT
159,1,0,0,0,85.5,0.00,SILENT,IDLE-SILENT
159,2,0,0,0,56.5,0.00,SILENT,IDLE-SILENT
159,3,0,0,0,82.9,0.00,SILENT,IDLE-SILENT
159,4,0,0,0,81.9,0.00,SILENT,IDLE-SILENT
160,0,0,0,0,84.9,0.00,SILENT,IDLE-SILENT
160,1,0,0,0,85.4,0.00,SILENT,IDLE-SILENT
160,2,0,0,0,56.5,0.00,SILENT,IDLE-SILENT
160,3,0,0,0,82.8,0.00,SILENT,IDLE-SILENT
160,4,0,0,0,81.8,0.00,SILENT,IDLE-SILENT
161,0,0,0,0,84.8,0.00,SILENT,IDLE-SILENT
161,1,0,0,0,85.3,0.00,SILENT,IDLE-SILENT
161,2,0,0,0,56.5,0.00,SILENT,IDLE-SILENT
161,3,0,0,0,82.7,0.00,SILENT,IDLE-SILENT
161,4,0,0,0,81.7,0.00,SILENT,IDLE-SILENT
162,0,0,0,0,84.7,0.00,SILENT,IDLE-SILENT
162,1,0,0,0,85.2,0.00,SILENT,IDLE-SILENT
162,2,0,0,0,56.5,0.00,SILENT,IDLE-SILENT
162,3,0,0,0,82.6,0.00,SILENT,IDLE-SILENT
162,4,0,0,0,81.6,0.00,SILENT,IDLE-SILENT
163,0,0,0,0,84.6,0.00,SILENT,IDLE-SILENT
163,1,0,0,0,85.1,0.00,SILENT,IDLE-SILENT
163,2,0,0,0,56.5,0.00,SILENT,IDLE-SILENT
163,3,0,0,0,82.5,0.00,SILENT,IDLE-SILENT
163,4,0,0,0,81.5,0.00,SILENT,IDLE-SILENT
164,0,0,0,0,84.5,0.00,SILENT,IDLE-SILENT
164,1,0,0,0,85.1,0.00,SILENT,IDLE-SILENT
164,2,0,0,0,56.5,0.00,SILENT,IDLE-SILENT
164,3,0,0,0,82.4,0.00,SILENT,IDLE-SILENT
164,4,0,0,0,81.4,0.00,SILENT,IDLE-SILENT
165,0,0,0,0,84.4,0.00,SILENT,IDLE-SILENT
165,1,0,0,0,85.1,0.00,SILENT,IDLE-SILENT
165,2,0,0,0,56.5,0.00,SILENT,IDLE-SILENT
165,3,0,0,0,82.3,0.00,SILENT,IDLE-SILENT
165,4,0,0,0,81.3,0.00,SILENT,IDLE-SILENT
166,0,0,0,0,84.3,0.00,SILENT,IDLE-SILENT
166,1,0,0,0,85.1,0.00,SILENT,IDLE-SILENT
166,2,0,0,0,56.5,0.00,SILENT,IDLE-SILENT
166,3,0,0,0,82.2,0.00,SILENT,IDLE-SILENT
166,4,0,0,0,81.2,0.00,SILENT,IDLE-SILENT
167,0,0,0,0,84.2,0.00,SILENT,IDLE-SILENT
167,1,0,0,0,85.1,0.00,SILENT,IDLE-SILENT
167,2,0,0,0,56.4,0.00,SILENT,IDLE-SILENT
167,3,0,0,0,82.1,0.00,SILENT,IDLE-SILENT
167,4,0,0,0,81.1,0.00,SILENT,IDLE-SILENT
168,0,0,0,0,84.1,0.00,SILENT,IDLE-SILENT
168,1,0,0,0,85.1,0.00,SILENT,IDLE-SILENT
168,2,0,0,0,56.3,0.00,SILENT,IDLE-SILENT
168,3,0,0,0,82.0,0.00,SILENT,IDLE-SILENT
168,4,0,0,0,81.0,0.00,SILENT,IDLE-SILENT
169,0,0,0,0,84.0,0.00,SILENT,IDLE-SILENT
169,1,0,0,0,85.1,0.00,SILENT,IDLE-SILENT
169,2,0,0,0,56.2,0.00,SILENT,IDLE-SILENT
169,3,0,0,0,81.9,0.00,SILENT,IDLE-SILENT
169,4,0,0,0,80.9,0.00,SILENT,IDLE-SILENT
170,0,0,0,0,83.9,0.00,SILENT,IDLE-SILENT
170,1,0,0,0,85.1,0.00,SILENT,IDLE-SILENT
170,2,0,0,0,56.1,0.00,SILENT,IDLE-SILENT
170,3,0,0,0,81.8,0.00,SILENT,IDLE-SILENT
170,4,0,0,0,80.8,0.00,SILENT,IDLE-SILENT
171,0,0,0,0,83.8,0.00,SILENT,IDLE-SILENT
171,1,0,0,0,85.1,0.00,SILENT,IDLE-SILENT
171,2,0,0,0,56.0,0.00,SILENT,IDLE-SILENT
171,3,0,0,0,81.7,0.00,SILENT,IDLE-SILENT
171,4,0,0,0,80.7,0.00,SILENT,IDLE-SILENT
172,0,0,0,0,83.7,0.00,SILENT,IDLE-SILENT
172,1,0,0,0,85.1,0.00,SILENT,IDLE-SILENT
172,2,0,0,0,55.9,0.00,SILENT,IDLE-SILENT
172,3,0,0,0,81.6,0.00,SILENT,IDLE-SILENT
172,4,0,0,0,80.6,0.00,SILENT,IDLE-SILENT
173,0,0,0,0,83.6,0.00,SILENT,IDLE-SILENT
173,1,0,0,0,85.1,0.00,SILENT,IDLE-SILENT
173,2,0,0,0,55.8,0.00,SILENT,IDLE-SILENT
173,3,0,0,0,81.5,0.00,SILENT,IDLE-SILENT
173,4,0,0,0,80.5,0.00,SILENT,IDLE-SILENT
174,0,0,0,0,83.5,0.00,SILENT,IDLE-SILENT
174,1,0,0,0,85.1,0.00,SILENT,IDLE-SILENT
174,2,0,0,0,55.7,0.00,SILENT,IDLE-SILENT
174,3,0,0,0,81.4,0.00,SILENT,IDLE-SILENT
174,4,0,0,0,80.4,0.00,SILENT,IDLE-SILENT
1,0,0,0,-1,93.4,0.00,IDLE-SILENT
1,1,0,0,-1,93.2,0.00,IDLE-SILENT
1,2,0,0,-1,45.4,0.00,IDLE-SILENT
1,3,0,0,-1,87.1,0.00,IDLE-SILENT
1,4,0,0,-1,77.0,0.00,IDLE-SILENT
2,0,0,0,-1,93.3,0.00,IDLE-SILENT
2,1,0,0,-1,93.1,0.00,IDLE-SILENT
2,2,0,0,-1,45.3,0.00,IDLE-SILENT
2,3,0,0,-1,87.0,0.00,IDLE-SILENT
2,4,0,0,-1,76.9,0.00,IDLE-SILENT
3,0,0,0,-1,93.2,0.00,IDLE-SILENT
3,1,0,0,-1,93.0,0.00,IDLE-SILENT
3,2,0,0,-1,45.2,0.00,IDLE-SILENT
3,3,0,0,-1,86.9,0.00,IDLE-SILENT
3,4,0,0,-1,76.8,0.00,IDLE-SILENT
4,0,0,0,-1,93.1,0.00,IDLE-SILENT
4,1,0,0,-1,92.9,0.00,IDLE-SILENT
4,2,0,0,-1,45.1,0.00,IDLE-SILENT
4,3,0,0,-1,86.8,0.00,IDLE-SILENT
4,4,0,0,-1,76.7,0.00,IDLE-SILENT
5,0,0,0,-1,93.0,0.00,IDLE-SILENT
5,1,0,0,-1,92.8,0.00,IDLE-SILENT
5,2,0,0,-1,45.0,0.00,IDLE-SILENT
5,3,0,0,-1,86.7,0.00,IDLE-SILENT
5,4,0,0,-1,76.6,0.00,IDLE-SILENT
6,0,0,0,-1,92.9,0.00,IDLE-SILENT
6,1,0,0,-1,92.7,0.00,IDLE-SILENT
6,2,0,0,-1,44.9,0.00,IDLE-SILENT
6,3,0,0,-1,86.6,0.00,IDLE-SILENT
6,4,0,0,-1,76.5,0.00,IDLE-SILENT
7,0,0,0,-1,92.8,0.00,IDLE-SILENT
7,1,0,0,-1,92.6,0.00,IDLE-SILENT
7,2,0,0,-1,44.8,0.00,IDLE-SILENT
7,3,0,0,-1,86.5,0.00,IDLE-SILENT
7,4,0,0,-1,76.4,0.00,IDLE-SILENT
8,0,0,0,-1,92.7,0.00,IDLE-SILENT
8,1,0,0,-1,92.5,0.00,IDLE-SILENT
8,2,0,0,-1,44.7,0.00,IDLE-SILENT
8,3,0,0,-1,86.4,0.00,IDLE-SILENT
8,4,0,0,-1,76.3,0.00,IDLE-SILENT
9,0,0,0,-1,92.6,0.00,IDLE-SILENT
9,1,0,0,-1,92.4,0.00,IDLE-SILENT
9,2,0,0,-1,44.6,0.00,IDLE-SILENT
9,3,0,0,-1,86.3,0.00,IDLE-SILENT
9,4,0,0,-1,76.2,0.00,IDLE-SILENT
10,0,0,0,-1,92.5,0.00,IDLE-SILENT
10,1,0,0,-1,92.3,0.00,IDLE-SILENT
10,2,0,0,-1,44.5,0.00,IDLE-SILENT
10,3,0,0,-1,86.2,0.00,IDLE-SILENT
10,4,0,0,-1,76.1,0.00,IDLE-SILENT
11,0,0,0,-1,92.4,0.00,IDLE-SILENT
11,1,0,0,-1,92.2,0.00,IDLE-SILENT
11,2,0,0,-1,44.4,0.00,IDLE-SILENT
11,3,0,0,-1,86.1,0.00,IDLE-SILENT
11,4,0,0,-1,76.0,0.00,IDLE-SILENT
12,0,0,0,-1,92.3,0.00,IDLE-SILENT
12,1,0,0,-1,92.1,0.00,IDLE-SILENT
12,2,0,0,-1,44.3,0.00,IDLE-SILENT
12,3,0,0,-1,86.0,0.00,IDLE-SILENT
12,4,0,0,-1,75.9,0.00,IDLE-SILENT
13,0,0,0,-1,92.2,0.00,IDLE-SILENT
13,1,0,0,-1,92.0,0.00,IDLE-SILENT
13,2,0,0,-1,44.2,0.00,IDLE-SILENT
13,3,0,0,-1,85.9,0.00,IDLE-SILENT
13,4,0,0,-1,75.8,0.00,IDLE-SILENT
14,0,0,0,-1,92.1,0.00,IDLE-SILENT
14,1,0,0,-1,91.9,0.00,IDLE-SILENT
14,2,0,0,-1,44.1,0.00,IDLE-SILENT
14,3,0,0,-1,85.8,0.00,IDLE-SILENT
14,4,0,0,-1,75.7,0.00,IDLE-SILENT
15,0,0,0,-1,92.0,0.00,IDLE-SILENT
15,1,0,0,-1,91.8,0.00,IDLE-SILENT
15,2,0,0,-1,44.0,0.00,IDLE-SILENT
15,3,0,0,-1,85.7,0.00,IDLE-SILENT
15,4,0,0,-1,75.6,0.00,IDLE-SILENT
16,0,0,0,-1,91.9,0.00,IDLE-SILENT
16,1,0,0,-1,91.7,0.00,IDLE-SILENT
16,2,0,0,-1,43.9,0.00,IDLE-SILENT
16,3,0,0,-1,85.6,0.00,IDLE-SILENT
16,4,0,0,-1,75.5,0.00,IDLE-SILENT
17,0,0,0,-1,91.8,0.00,IDLE-SILENT
17,1,0,0,-1,91.6,0.00,IDLE-SILENT
17,2,0,0,-1,43.8,0.00,IDLE-SILENT
17,3,0,0,-1,85.5,0.00,IDLE-SILENT
17,4,0,0,-1,75.4,0.00,IDLE-SILENT
18,0,0,0,-1,91.7,0.00,IDLE-SILENT
18,1,0,0,-1,91.5,0.00,IDLE-SILENT
18,2,0,0,-1,43.7,0.00,IDLE-SILENT
18,3,0,0,-1,85.4,0.00,IDLE-SILENT
18,4,0,0,-1,75.3,0.00,IDLE-SILENT
19,0,0,0,-1,91.6,0.00,IDLE-SILENT
19,1,0,0,-1,91.4,0.00,IDLE-SILENT
19,2,0,0,-1,43.6,0.00,IDLE-SILENT
19,3,0,0,-1,85.3,0.00,IDLE-SILENT
19,4,0,0,-1,75.2,0.00,IDLE-SILENT
20,0,0,0,-1,91.5,0.00,IDLE-SILENT
20,1,0,0,-1,91.3,0.00,IDLE-SILENT
20,2,0,0,-1,43.5,0.00,IDLE-SILENT
20,3,0,0,-1,85.2,0.00,IDLE-SILENT
20,4,0,0,-1,75.1,0.00,IDLE-SILENT
21,0,0,0,-1,91.4,0.00,IDLE-SILENT
21,1,0,0,-1,91.2,0.00,IDLE-SILENT
21,2,0,0,-1,43.4,0.00,IDLE-SILENT
21,3,0,0,-1,85.1,0.00,IDLE-SILENT
21,4,0,0,-1,75.0,0.00,IDLE-SILENT
22,0,0,0,-1,91.3,0.00,IDLE-SILENT
22,1,0,0,-1,91.1,0.00,IDLE-SILENT
22,2,0,0,-1,43.3,0.00,IDLE-SILENT
22,3,0,0,-1,85.0,0.00,IDLE-SILENT
22,4,0,0,-1,74.9,0.00,IDLE-SILENT
23,0,0,0,-1,91.2,0.00,IDLE-SILENT
23,1,0,0,-1,91.0,0.00,IDLE-SILENT
23,2,0,0,-1,43.2,0.00,IDLE-SILENT
23,3,0,0,-1,84.9,0.00,IDLE-SILENT
23,4,0,0,-1,74.8,0.00,IDLE-SILENT
24,0,0,0,-1,91.1,0.00,IDLE-SILENT
24,1,0,0,-1,90.9,0.00,IDLE-SILENT
24,2,0,0,-1,43.1,0.00,IDLE-SILENT
24,3,0,0,-1,84.8,0.00,IDLE-SILENT
24,4,0,0,-1,74.7,0.00,IDLE-SILENT
25,0,0,0,-1,91.0,0.00,IDLE-SILENT
25,1,0,0,-1,90.8,0.00,IDLE-SILENT
25,2,0,0,-1,43.0,0.00,IDLE-SILENT
25,3,0,0,-1,84.7,0.00,IDLE-SILENT
25,4,0,0,-1,74.6,0.00,IDLE-SILENT
26,0,0,0,-1,90.9,0.00,IDLE-SILENT
26,1,0,0,-1,90.7,0.00,IDLE-SILENT
26,2,0,0,-1,42.9,0.00,IDLE-SILENT
26,3,0,0,-1,84.6,0.00,IDLE-SILENT
26,4,0,0,-1,74.5,0.00,IDLE-SILENT
27,0,0,0,-1,90.8,0.00,IDLE-SILENT
27,1,0,0,-1,90.6,0.00,IDLE-SILENT
27,2,0,0,-1,42.8,0.00,IDLE-SILENT
27,3,0,0,-1,84.5,0.00,IDLE-SILENT
27,4,0,0,-1,74.4,0.00,IDLE-SILENT
28,0,0,0,-1,90.7,0.00,IDLE-SILENT
28,1,0,0,-1,90.5,0.00,IDLE-SILENT
28,2,0,0,-1,42.7,0.00,IDLE-SILENT
28,3,0,0,-1,84.4,0.00,IDLE-SILENT
28,4,0,0,-1,74.3,0.00,IDLE-SILENT
29,0,0,0,-1,90.6,0.00,IDLE-SILENT
29,1,0,0,-1,90.4,0.00,IDLE-SILENT
29,2,0,0,-1,42.6,0.00,IDLE-SILENT
29,3,0,0,-1,84.3,0.00,IDLE-SILENT
29,4,0,0,-1,74.2,0.00,IDLE-SILENT
30,0,0,0,1,90.5,0.00,IDLE-SILENT
30,1,0,0,1,90.3,0.00,IDLE-SILENT
30,2,0,0,1,42.5,0.00,IDLE-SILENT
30,3,0,0,1,84.2,0.00,IDLE-SILENT
30,4,0,0,1,74.1,0.00,IDLE-SILENT
31,0,0,0,1,90.4,0.00,SILENT,IDLE-SILENT
31,1,0,0,1,90.2,0.00,SILENT,IDLE-SILENT
31,2,0,0,1,42.4,0.00,SILENT,IDLE-SILENT
31,3,0,0,1,84.1,0.00,SILENT,IDLE-SILENT
31,4,0,0,1,74.0,0.00,SILENT,IDLE-SILENT
32,0,0,0,1,90.3,0.00,SILENT,IDLE-SILENT
32,1,0,0,1,90.1,0.00,SILENT,IDLE-SILENT
32,2,0,0,1,42.3,0.00,SILENT,IDLE-SILENT
32,3,0,0,1,84.0,0.00,SILENT,IDLE-SILENT
32,4,0,0,1,73.9,0.00,SILENT,IDLE-SILENT
33,0,0,0,1,90.2,0.00,SILENT,IDLE-SILENT
33,1,0,0,1,90.0,0.00,SILENT,IDLE-SILENT
33,2,0,0,1,42.2,0.00,SILENT,IDLE-SILENT
33,3,0,0,1,83.9,0.00,SILENT,IDLE-SILENT
33,4,0,0,1,73.8,0.00,SILENT,IDLE-SILENT
34,0,0,0,1,90.1,0.00,SILENT,IDLE-SILENT
34,1,0,0,1,89.9,0.00,SILENT,IDLE-SILENT
34,2,0,0,1,42.1,0.00,SILENT,IDLE-SILENT
34,3,0,0,1,83.8,0.00,SILENT,IDLE-SILENT
34,4,0,0,1,73.7,0.00,SILENT,IDLE-SILENT
35,0,0,0,1,90.0,0.00,SILENT,IDLE-SILENT
35,1,0,0,1,89.8,0.00,SILENT,IDLE-SILENT
35,2,0,0,1,42.0,0.00,SILENT,IDLE-SILENT
35,3,0,0,1,83.7,0.00,SILENT,IDLE-SILENT
35,4,0,0,1,73.6,0.00,SILENT,IDLE-SILENT
36,0,0,0,1,89.9,0.00,SILENT,IDLE-SILENT
36,1,0,0,1,89.7,0.00,SILENT,IDLE-SILENT
36,2,0,0,1,41.9,0.00,SILENT,IDLE-SILENT
36,3,0,0,1,83.6,0.00,SILENT,IDLE-SILENT
36,4,0,0,1,73.5,0.00,SILENT,IDLE-SILENT
37,0,0,0,1,89.8,0.00,SILENT,IDLE-SILENT
37,1,0,0,1,89.6,0.00,SILENT,IDLE-SILENT
37,2,0,0,1,41.8,0.00,SILENT,IDLE-SILENT
37,3,0,0,1,83.5,0.00,SILENT,IDLE-SILENT
37,4,0,0,1,73.4,0.00,SILENT,IDLE-SILENT
38,0,0,0,1,89.7,0.00,SILENT,IDLE-SILENT
38,1,0,0,1,89.5,0.00,SILENT,IDLE-SILENT
38,2,0,0,1,41.7,0.00,SILENT,IDLE-SILENT
38,3,0,0,1,83.4,0.00,SILENT,IDLE-SILENT
38,4,0,0,1,73.3,0.00,SILENT,IDLE-SILENT
39,0,0,0,1,89.6,0.00,SILENT,IDLE-SILENT
39,1,0,0,1,89.4,0.00,SILENT,IDLE-SILENT
39,2,0,0,1,41.6,0.00,SILENT,IDLE-SILENT
39,3,0,0,1,83.3,0.00,SILENT,IDLE-SILENT
39,4,0,0,1,73.2,0.00,SILENT,IDLE-SILENT
40,0,0,0,1,89.5,0.00,SILENT,IDLE-SILENT
40,1,0,0,1,89.3,0.00,SILENT,IDLE-SILENT
40,2,0,0,1,41.5,0.00,SILENT,IDLE-SILENT
40,3,0,0,1,83.2,0.00,SILENT,IDLE-SILENT
40,4,0,0,1,73.1,0.00,SILENT,IDLE-SILENT
41,0,0,0,1,89.4,0.00,SILENT,IDLE-SILENT
41,1,0,0,1,89.2,0.00,SILENT,IDLE-SILENT
41,2,0,0,1,41.4,0.00,SILENT,IDLE-SILENT
41,3,0,0,1,83.1,0.00,SILENT,IDLE-SILENT
41,4,0,0,1,73.0,0.00,SILENT,IDLE-SILENT
42,0,0,0,1,89.3,0.00,SILENT,IDLE-SILENT
42,1,0,0,1,89.1,0.00,SILENT,IDLE-SILENT
42,2,0,0,1,41.3,0.00,SILENT,IDLE-SILENT
42,3,0,0,1,83.0,0.00,SILENT,IDLE-SILENT
42,4,0,0,1,72.9,0.00,SILENT,IDLE-SILENT
43,0,0,0,1,89.2,0.00,SILENT,IDLE-SILENT
43,1,0,0,1,89.0,0.00,SILENT,IDLE-SILENT
43,2,0,0,1,41.2,0.00,SILENT,IDLE-SILENT
43,3,0,0,1,82.9,0.00,SILENT,IDLE-SILENT
43,4,0,0,1,72.8,0.00,SILENT,IDLE-SILENT
44,0,0,0,1,89.1,0.00,SILENT,IDLE-SILENT
44,1,0,0,1,88.9,0.00,SILENT,IDLE-SILENT
44,2,0,0,1,41.1,0.00,SILENT,IDLE-SILENT
44,3,0,0,1,82.8,0.00,SILENT,IDLE-SILENT
44,4,0,0,1,72.7,0.00,SILENT,IDLE-SILENT
45,0,0,0,1,89.0,0.00,SILENT,IDLE-SILENT
45,1,0,0,1,88.8,0.00,SILENT,IDLE-SILENT
45,2,0,0,1,41.0,0.00,SILENT,IDLE-SILENT
45,3,0,0,1,82.7,0.00,SILENT,IDLE-SILENT
45,4,0,0,1,72.6,0.00,SILENT,IDLE-SILENT
46,0,0,0,1,88.9,0.00,SILENT,IDLE-SILENT
46,1,0,0,1,88.7,0.00,SILENT,IDLE-SILENT
46,2,0,0,1,40.9,0.00,SILENT,IDLE-SILENT
46,3,0,0,1,82.6,0.00,SILENT,IDLE-SILENT
46,4,0,0,1,72.5,0.00,SILENT,IDLE-SILENT
47,0,0,0,1,88.8,0.00,SILENT,IDLE-SILENT
47,1,0,0,1,88.6,0.00,SILENT,IDLE-SILENT
47,2,0,0,1,40.8,0.00,SILENT,IDLE-SILENT
47,3,0,0,1,82.5,0.00,SILENT,IDLE-SILENT
47,4,0,0,1,72.4,0.00,SILENT,IDLE-SILENT
48,0,0,0,1,88.7,0.00,SILENT,IDLE-SILENT
48,1,0,0,1,88.5,0.00,SILENT,IDLE-SILENT
48,2,0,0,1,40.7,0.00,SILENT,IDLE-SILENT
48,3,0,0,1,82.4,0.00,SILENT,IDLE-SILENT
48,4,0,0,1,72.3,0.00,SILENT,IDLE-SILENT
49,0,0,0,1,88.6,0.00,SILENT,IDLE-SILENT
49,1,0,0,1,88.4,0.00,SILENT,IDLE-SILENT
49,2,0,0,1,40.6,0.00,SILENT,IDLE-SILENT
49,3,0,0,1,82.3,0.00,SILENT,IDLE-SILENT
49,4,0,0,1,72.2,0.00,SILENT,IDLE-SILENT
50,0,0,0,1,88.5,0.00,SILENT,IDLE-SILENT
50,1,0,0,1,88.3,0.00,SILENT,IDLE-SILENT
50,2,0,0,1,40.5,0.00,SILENT,IDLE-SILENT
50,3,0,0,1,82.2,0.00,SILENT,IDLE-SILENT
50,4,0,0,1,72.1,0.00,SILENT,IDLE-SILENT
51,0,0,0,1,88.4,0.00,SILENT,IDLE-SILENT
51,1,0,0,1,88.2,0.00,SILENT,IDLE-SILENT
51,2,0,0,1,40.4,0.00,SILENT,IDLE-SILENT
51,3,0,0,1,82.1,0.00,SILENT,IDLE-SILENT
51,4,0,0,1,72.0,0.00,SILENT,IDLE-SILENT
52,0,0,0,1,88.3,0.00,SILENT,IDLE-SILENT
52,1,0,0,1,88.1,0.00,SILENT,IDLE-SILENT
52,2,0,0,1,40.3,0.00,SILENT,IDLE-SILENT
52,3,0,0,1,82.0,0.00,SILENT,IDLE-SILENT
52,4,0,0,1,71.9,0.00,SILENT,IDLE-SILENT
53,0,0,0,1,88.2,0.00,SILENT,IDLE-SILENT
53,1,0,0,1,88.0,0.00,SILENT,IDLE-SILENT
53,2,0,0,1,40.2,0.00,SILENT,IDLE-SILENT
53,3,0,0,1,81.9,0.00,SILENT,IDLE-SILENT
53,4,0,0,1,71.8,0.00,SILENT,IDLE-SILENT
54,0,0,0,1,88.1,0.00,SILENT,IDLE-SILENT
54,1,0,0,1,87.9,0.00,SILENT,IDLE-SILENT
54,2,0,0,1,40.1,0.00,SILENT,IDLE-SILENT
54,3,0,0,1,81.8,0.00,SILENT,IDLE-SILENT
54,4,0,0,1,71.7,0.00,SILENT,IDLE-SILENT
55,0,0,0,1,88.0,0.00,SILENT,IDLE-SILENT
55,1,0,0,1,87.8,0.00,SILENT,IDLE-SILENT
55,2,0,0,1,40.0,0.00,SILENT,IDLE-SILENT
55,3,0,0,1,81.7,0.00,SILENT,IDLE-SILENT
55,4,0,0,1,71.6,0.00,SILENT,IDLE-SILENT
56,0,0,0,1,87.9,0.00,SILENT,IDLE-SILENT
56,1,0,0,1,87.7,0.00,SILENT,IDLE-SILENT
56,2,0,0,1,39.9,0.00,SILENT,IDLE-SILENT
56,3,0,0,1,81.6,0.00,SILENT,IDLE-SILENT
56,4,0,0,1,71.5,0.00,SILENT,IDLE-SILENT
57,0,0,0,1,87.8,0.00,SILENT,IDLE-SILENT
57,1,0,0,1,87.6,0.00,SILENT,IDLE-SILENT
57,2,0,0,1,39.8,0.00,SILENT,IDLE-SILENT
57,3,0,0,1,81.5,0.00,SILENT,IDLE-SILENT
57,4,0,0,1,71.4,0.00,SILENT,IDLE-SILENT
58,0,0,0,1,87.7,0.00,SILENT,IDLE-SILENT
58,1,0,0,1,87.5,0.00,SILENT,IDLE-SILENT
58,2,0,0,1,39.7,0.00,SILENT,IDLE-SILENT
58,3,0,0,1,81.4,0.00,SILENT,IDLE-SILENT
58,4,0,0,1,71.3,0.00,SILENT,IDLE-SILENT
59,0,0,0,1,87.6,0.00,SILENT,IDLE-SILENT
59,1,0,0,1,87.4,0.00,SILENT,IDLE-SILENT
59,2,0,0,1,39.6,0.00,SILENT,IDLE-SILENT
59,3,0,0,1,81.3,0.00,SILENT,IDLE-SILENT
59,4,0,0,1,71.2,0.00,SILENT,IDLE-SILENT
60,0,0,0,1,87.5,0.00,SILENT,IDLE-SILENT
60,1,0,0,1,87.3,0.00,SILENT,IDLE-SILENT
60,2,0,0,1,39.5,0.00,SILENT,IDLE-SILENT
60,3,0,0,1,81.2,0.00,SILENT,IDLE-SILENT
60,4,0,0,1,71.1,0.00,SILENT,IDLE-SILENT
61,0,0,0,1,87.4,0.00,SILENT,IDLE-SILENT
61,1,0,0,1,87.2,0.00,SILENT,IDLE-SILENT
61,2,0,0,1,39.4,0.00,SILENT,IDLE-SILENT
61,3,0,0,1,81.1,0.00,SILENT,IDLE-SILENT
61,4,0,0,1,71.0,0.00,SILENT,IDLE-SILENT
62,0,0,0,1,87.3,0.00,SILENT,IDLE-SILENT
62,1,0,0,1,87.1,0.00,SILENT,IDLE-SILENT
62,2,0,0,1,39.3,0.00,SILENT,IDLE-SILENT
62,3,0,0,1,81.0,0.00,SILENT,IDLE-SILENT
62,4,0,0,1,70.9,0.00,SILENT,IDLE-SILENT
63,0,0,0,1,87.2,0.00,SILENT,IDLE-SILENT
63,1,0,0,1,87.0,0.00,SILENT,IDLE-SILENT
63,2,0,0,1,39.2,0.00,SILENT,IDLE-SILENT
63,3,0,0,1,80.9,0.00,SILENT,IDLE-SILENT
63,4,0,0,1,70.8,0.00,SILENT,IDLE-SILENT
64,0,0,0,1,87.1,0.00,SILENT,IDLE-SILENT
64,1,0,0,1,86.9,0.00,SILENT,IDLE-SILENT
64,2,0,0,1,39.1,0.00,SILENT,IDLE-SILENT
64,3,0,0,1,80.8,0.00,SILENT,IDLE-SILENT
64,4,0,0,1,70.7,0.00,SILENT,IDLE-SILENT
65,0,0,0,1,87.0,0.00,SILENT,IDLE-SILENT
65,1,0,0,1,86.8,0.00,SILENT,IDLE-SILENT
65,2,0,0,1,39.0,0.00,SILENT,IDLE-SILENT
65,3,0,0,1,80.7,0.00,SILENT,IDLE-SILENT
65,4,0,0,1,70.6,0.00,SILENT,IDLE-SILENT
66,0,0,0,1,86.9,0.00,SILENT,IDLE-SILENT
66,1,0,0,1,86.7,0.00,SILENT,IDLE-SILENT
66,2,0,0,1,38.9,0.00,SILENT,IDLE-SILENT
66,3,0,0,1,80.6,0.00,SILENT,IDLE-SILENT
66,4,0,0,1,70.5,0.00,SILENT,IDLE-SILENT
67,0,0,0,1,86.8,0.00,SILENT,IDLE-SILENT
67,1,0,0,1,86.6,0.00,SILENT,IDLE-SILENT
67,2,0,0,1,38.8,0.00,SILENT,IDLE-SILENT
67,3,0,0,1,80.5,0.00,SILENT,IDLE-SILENT
67,4,0,0,1,70.4,0.00,SILENT,IDLE-SILENT
68,0,0,0,1,86.7,0.00,SILENT,IDLE-SILENT
68,1,0,0,1,86.5,0.00,SILENT,IDLE-SILENT
68,2,0,0,1,38.7,0.00,SILENT,IDLE-SILENT
68,3,0,0,1,80.4,0.00,SILENT,IDLE-SILENT
68,4,0,0,1,70.3,0.00,SILENT,IDLE-SILENT
69,0,0,0,1,86.6,0.00,SILENT,IDLE-SILENT
69,1,0,0,1,86.4,0.00,SILENT,IDLE-SILENT
69,2,0,0,1,38.6,0.00,SILENT,IDLE-SILENT
69,3,0,0,1,80.3,0.00,SILENT,IDLE-SILENT
69,4,0,0,1,70.2,0.00,SILENT,IDLE-SILENT
70,0,0,0,1,86.5,0.00,SILENT,IDLE-SILENT
70,1,0,0,1,86.3,0.00,SILENT,IDLE-SILENT
70,2,0,0,1,38.5,0.00,SILENT,IDLE-SILENT
70,3,0,0,1,80.2,0.00,SILENT,IDLE-SILENT
70,4,0,0,1,70.1,0.00,SILENT,IDLE-SILENT
71,0,0,0,1,86.4,0.00,SILENT,IDLE-SILENT
71,1,0,0,1,86.2,0.00,SILENT,IDLE-SILENT
71,2,0,0,1,38.4,0.00,SILENT,IDLE-SILENT
71,3,0,0,1,80.1,0.00,SILENT,IDLE-SILENT
71,4,0,0,1,70.0,0.00,SILENT,IDLE-SILENT
72,0,0,0,1,86.3,0.00,SILENT,IDLE-SILENT
72,1,0,0,1,86.1,0.00,SILENT,IDLE-SILENT
72,2,0,0,1,38.3,0.00,SILENT,IDLE-SILENT
72,3,0,0,1,80.0,0.00,SILENT,IDLE-SILENT
72,4,0,0,1,69.9,0.00,SILENT,IDLE-SILENT
73,0,0,0,1,86.2,0.00,SILENT,IDLE-SILENT
73,1,0,0,1,86.0,0.00,SILENT,IDLE-SILENT
73,2,0,0,1,38.2,0.00,SILENT,IDLE-SILENT
73,3,0,0,1,79.9,0.00,SILENT,IDLE-SILENT
73,4,0,0,1,69.8,0.00,SILENT,IDLE-SILENT
74,0,0,0,1,86.1,0.00,SILENT,IDLE-SILENT
74,1,0,0,1,85.9,0.00,SILENT,IDLE-SILENT
74,2,0,0,1,38.1,0.00,SILENT,IDLE-SILENT
74,3,0,0,1,79.8,0.00,SILENT,IDLE-SILENT
74,4,0,0,1,69.7,0.00,SILENT,IDLE-SILENT
75,0,0,0,1,86.0,0.00,SILENT,IDLE-SILENT
75,1,0,0,1,85.8,0.00,SILENT,IDLE-SILENT
75,2,0,0,1,38.0,0.00,SILENT,IDLE-SILENT
75,3,0,0,1,79.7,0.00,SILENT,IDLE-SILENT
75,4,0,0,1,69.6,0.00,SILENT,IDLE-SILENT
76,0,0,0,1,85.9,0.00,SILENT,IDLE-SILENT
76,1,0,0,1,85.7,0.00,SILENT,IDLE-SILENT
76,2,0,0,1,37.9,0.00,SILENT,IDLE-SILENT
76,3,0,0,1,79.6,0.00,SILENT,IDLE-SILENT
76,4,0,0,1,69.5,0.00,SILENT,IDLE-SILENT
77,0,0,0,1,85.8,0.00,SILENT,IDLE-SILENT
77,1,0,0,1,85.6,0.00,SILENT,IDLE-SILENT
77,2,0,0,1,37.8,0.00,SILENT,IDLE-SILENT
77,3,0,0,1,79.5,0.00,SILENT,IDLE-SILENT
77,4,0,0,1,69.4,0.00,SILENT,IDLE-SILENT
78,0,0,0,1,85.7,0.00,SILENT,IDLE-SILENT
78,1,0,0,1,85.5,0.00,SILENT,IDLE-SILENT
78,2,0,0,1,37.7,0.00,SILENT,IDLE-SILENT
78,3,0,0,1,79.4,0.00,SILENT,IDLE-SILENT
78,4,0,0,1,69.3,0.00,SILENT,IDLE-SILENT
79,0,0,0,1,85.6,0.00,SILENT,IDLE-SILENT
79,1,0,0,1,85.4,0.00,SILENT,IDLE-SILENT
79,2,0,0,1,37.6,0.00,SILENT,IDLE-SILENT
79,3,0,0,1,79.3,0.00,SILENT,IDLE-SILENT
79,4,0,0,1,69.2,0.00,SILENT,IDLE-SILENT
80,0,0,0,1,85.5,0.00,SILENT,IDLE-SILENT
80,1,0,0,1,85.3,0.00,SILENT,IDLE-SILENT
80,2,0,0,1,37.5,0.00,SILENT,IDLE-SILENT
80,3,0,0,1,79.2,0.00,SILENT,IDLE-SILENT
80,4,0,0,1,69.1,0.00,SILENT,IDLE-SILENT
81,0,0,0,1,85.4,0.00,SILENT,IDLE-SILENT
81,1,0,0,1,85.2,0.00,SILENT,IDLE-SILENT
81,2,0,0,1,37.4,0.00,SILENT,IDLE-SILENT
81,3,0,0,1,79.1,0.00,SILENT,IDLE-SILENT
81,4,0,0,1,69.0,0.00,SILENT,IDLE-SILENT
82,0,0,0,1,85.3,0.00,SILENT,IDLE-SILENT
82,1,0,0,1,85.1,0.00,SILENT,IDLE-SILENT
82,2,0,0,1,37.3,0.00,SILENT,IDLE-SILENT
82,3,0,0,1,79.0,0.00,SILENT,IDLE-SILENT
82,4,0,0,1,68.9,0.00,SILENT,IDLE-SILENT
83,0,0,0,1,85.2,0.00,SILENT,IDLE-SILENT
83,1,0,0,1,85.0,0.00,SILENT,IDLE-SILENT
83,2,0,0,1,37.2,0.00,SILENT,IDLE-SILENT
83,3,0,0,1,78.9,0.00,SILENT,IDLE-SILENT
83,4,0,0,1,68.8,0.00,SILENT,IDLE-SILENT
84,0,0,0,1,85.1,0.00,SILENT,IDLE-SILENT
84,1,0,0,1,84.9,0.00,SILENT,IDLE-SILENT
84,2,0,0,1,37.1,0.00,SILENT,IDLE-SILENT
84,3,0,0,1,78.8,0.00,SILENT,IDLE-SILENT
84,4,0,0,1,68.7,0.00,SILENT,IDLE-SILENT
85,0,0,0,1,85.0,0.00,SILENT,IDLE-SILENT
85,1,0,0,1,84.8,0.00,SILENT,IDLE-SILENT
85,2,0,0,1,37.0,0.00,SILENT,IDLE-SILENT
85,3,0,0,1,78.7,0.00,SILENT,IDLE-SILENT
85,4,0,0,1,68.6,0.00,SILENT,IDLE-SILENT
86,0,0,0,1,84.9,0.00,SILENT,IDLE-SILENT
86,1,0,0,1,84.7,0.00,SILENT,IDLE-SILENT
86,2,0,0,1,36.9,0.00,SILENT,IDLE-SILENT
86,3,0,0,1,78.6,0.00,SILENT,IDLE-SILENT
86,4,0,0,1,68.5,0.00,SILENT,IDLE-SILENT
87,0,0,0,1,84.8,0.00,SILENT,IDLE-SILENT
87,1,0,0,1,84.6,0.00,SILENT,IDLE-SILENT
87,2,0,0,1,36.8,0.00,SILENT,IDLE-SILENT
87,3,0,0,1,78.5,0.00,SILENT,IDLE-SILENT
87,4,0,0,1,68.4,0.00,SILENT,IDLE-SILENT
88,0,0,0,1,84.7,0.00,SILENT,IDLE-SILENT
88,1,0,0,1,84.5,0.00,SILENT,IDLE-SILENT
88,2,0,0,1,36.7,0.00,SILENT,IDLE-SILENT
88,3,0,0,1,78.4,0.00,SILENT,IDLE-SILENT
88,4,0,0,1,68.3,0.00,SILENT,IDLE-SILENT
89,0,0,0,1,84.6,0.00,SILENT,IDLE-SILENT
89,1,0,0,1,84.4,0.00,SILENT,IDLE-SILENT
89,2,0,0,1,36.6,0.00,SILENT,IDLE-SILENT
89,3,0,0,1,78.3,0.00,SILENT,IDLE-SILENT
89,4,0,0,1,68.2,0.00,SILENT,IDLE-SILENT
90,0,0,0,1,84.5,0.00,SILENT,IDLE-SILENT
90,1,0,0,1,84.3,0.00,SILENT,IDLE-SILENT
90,2,0,0,1,36.5,0.00,SILENT,IDLE-SILENT
90,3,0,0,1,78.2,0.00,SILENT,IDLE-SILENT
90,4,0,0,1,68.1,0.00,SILENT,IDLE-SILENT
91,0,0,0,1,84.4,0.00,SILENT,IDLE-SILENT
91,1,0,0,1,84.2,0.00,SILENT,IDLE-SILENT
91,2,0,0,1,36.4,0.00,SILENT,IDLE-SILENT
91,3,0,0,1,78.1,0.00,SILENT,IDLE-SILENT
91,4,0,0,1,68.0,0.00,SILENT,IDLE-SILENT
92,0,0,0,1,84.3,0.00,SILENT,IDLE-SILENT
92,1,0,0,1,84.1,0.00,SILENT,IDLE-SILENT
92,2,0,0,1,36.3,0.00,SILENT,IDLE-SILENT
92,3,0,0,1,78.0,0.00,SILENT,IDLE-SILENT
92,4,0,0,1,67.9,0.00,SILENT,IDLE-SILENT
93,0,0,0,1,84.2,0.00,SILENT,IDLE-SILENT
93,1,0,0,1,84.0,0.00,SILENT,IDLE-SILENT
93,2,0,0,1,36.2,0.00,SILENT,IDLE-SILENT
93,3,0,0,1,77.9,0.00,SILENT,IDLE-SILENT
93,4,0,0,1,67.8,0.00,SILENT,IDLE-SILENT
94,0,0,0,1,84.1,0.00,SILENT,IDLE-SILENT
94,1,0,0,1,83.9,0.00,SILENT,IDLE-SILENT
94,2,0,0,1,36.1,0.00,SILENT,IDLE-SILENT
94,3,0,0,1,77.8,0.00,SILENT,IDLE-SILENT
94,4,0,0,1,67.7,0.00,SILENT,IDLE-SILENT
95,0,0,0,1,84.0,0.00,SILENT,IDLE-SILENT
95,1,0,0,1,83.8,0.00,SILENT,IDLE-SILENT
95,2,0,0,1,36.0,0.00,SILENT,IDLE-SILENT
95,3,0,0,1,77.7,0.00,SILENT,IDLE-SILENT
95,4,0,0,1,67.6,0.00,SILENT,IDLE-SILENT
96,0,0,0,1,83.9,0.00,SILENT,IDLE-SILENT
96,1,0,0,1,83.7,0.00,SILENT,IDLE-SILENT
96,2,0,0,1,35.9,0.00,SILENT,IDLE-SILENT
96,3,0,0,1,77.6,0.00,SILENT,IDLE-SILENT
96,4,0,0,1,67.5,0.00,SILENT,IDLE-SILENT
97,0,0,0,1,83.8,0.00,SILENT,IDLE-SILENT
97,1,0,0,1,83.6,0.00,SILENT,IDLE-SILENT
97,2,0,0,1,35.8,0.00,SILENT,IDLE-SILENT
97,3,0,0,1,77.5,0.00,SILENT,IDLE-SILENT
97,4,0,0,1,67.4,0.00,SILENT,IDLE-SILENT
98,0,0,0,1,83.7,0.00,SILENT,IDLE-SILENT
98,1,0,0,1,83.5,0.00,SILENT,IDLE-SILENT
98,2,0,0,1,35.7,0.00,SILENT,IDLE-SILENT
98,3,0,0,1,77.4,0.00,SILENT,IDLE-SILENT
98,4,0,0,1,67.3,0.00,SILENT,IDLE-SILENT
99,0,0,0,1,83.6,0.00,SILENT,IDLE-SILENT
99,1,0,0,1,83.4,0.00,SILENT,IDLE-SILENT
99,2,0,0,1,35.6,0.00,SILENT,IDLE-SILENT
99,3,0,0,1,77.3,0.00,SILENT,IDLE-SILENT
99,4,0,0,1,67.2,0.00,SILENT,IDLE-SILENT
100,0,0,0,1,83.5,0.00,SILENT,IDLE-SILENT
100,1,0,0,1,83.3,0.00,SILENT,IDLE-SILENT
100,2,0,0,1,35.5,0.00,SILENT,IDLE-SILENT
100,3,0,0,1,77.2,0.00,SILENT,IDLE-SILENT
100,4,0,0,1,67.1,0.00,SILENT,IDLE-SILENT
101,0,0,0,1,83.4,0.00,SILENT,IDLE-SILENT
101,1,0,0,1,83.2,0.00,SILENT,IDLE-SILENT
101,2,0,0,1,35.4,0.00,SILENT,IDLE-SILENT
101,3,0,0,1,77.1,0.00,SILENT,IDLE-SILENT
101,4,0,0,1,67.0,0.00,SILENT,IDLE-SILENT
102,0,0,0,1,83.3,0.00,SILENT,IDLE-SILENT
102,1,0,0,1,83.1,0.00,SILENT,IDLE-SILENT
102,2,0,0,1,35.3,0.00,SILENT,IDLE-SILENT
102,3,0,0,1,77.0,0.00,SILENT,IDLE-SILENT
102,4,0,0,1,66.9,0.00,SILENT,IDLE-SILENT
103,0,0,0,1,83.2,0.00,SILENT,IDLE-SILENT
103,1,0,0,1,83.0,0.00,SILENT,IDLE-SILENT
103,2,0,0,1,35.2,0.00,SILENT,IDLE-SILENT
103,3,0,0,1,76.9,0.00,SILENT,IDLE-SILENT
103,4,0,0,1,66.8,0.00,SILENT,IDLE-SILENT
104,0,0,0,1,83.1,0.00,SILENT,IDLE-SILENT
104,1,0,0,1,82.9,0.00,SILENT,IDLE-SILENT
104,2,0,0,1,35.1,0.00,SILENT,IDLE-SILENT
104,3,0,0,1,76.8,0.00,SILENT,IDLE-SILENT
104,4,0,0,1,66.7,0.00,SILENT,IDLE-SILENT
105,0,0,0,1,83.0,0.00,SILENT,IDLE-SILENT
105,1,0,0,1,82.8,0.00,SILENT,IDLE-SILENT
105,2,0,0,1,35.0,0.00,SILENT,IDLE-SILENT
105,3,0,0,1,76.7,0.00,SILENT,IDLE-SILENT
105,4,0,0,1,66.6,0.00,SILENT,IDLE-SILENT
106,0,0,0,1,82.9,0.00,SILENT,IDLE-SILENT
106,1,0,0,1,82.7,0.00,SILENT,IDLE-SILENT
106,2,0,0,1,34.9,0.00,SILENT,IDLE-SILENT
106,3,0,0,1,76.6,0.00,SILENT,IDLE-SILENT
106,4,0,0,1,66.5,0.00,SILENT,IDLE-SILENT
107,0,0,0,1,82.8,0.00,SILENT,IDLE-SILENT
107,1,0,0,1,82.6,0.00,SILENT,IDLE-SILENT
107,2,0,0,1,34.8,0.00,SILENT,IDLE-SILENT
107,3,0,0,1,76.5,0.00,SILENT,IDLE-SILENT
107,4,0,0,1,66.4,0.00,SILENT,IDLE-SILENT
108,0,0,0,1,82.7,0.00,SILENT,IDLE-SILENT
108,1,0,0,1,82.5,0.00,SILENT,IDLE-SILENT
108,2,0,0,1,34.7,0.00,SILENT,IDLE-SILENT
108,3,0,0,1,76.4,0.00,SILENT,IDLE-SILENT
108,4,0,0,1,66.3,0.00,SILENT,IDLE-SILENT
109,0,0,0,1,82.6,0.00,SILENT,IDLE-SILENT
109,1,0,0,1,82.4,0.00,SILENT,IDLE-SILENT
109,2,0,0,1,34.6,0.00,SILENT,IDLE-SILENT
109,3,0,0,1,76.3,0.00,SILENT,IDLE-SILENT
109,4,0,0,1,66.2,0.00,SILENT,IDLE-SILENT
110,0,0,0,1,82.5,0.00,SILENT,IDLE-SILENT
110,1,0,0,1,82.3,0.00,SILENT,IDLE-SILENT
110,2,0,0,1,34.5,0.00,SILENT,IDLE-SILENT
110,3,0,0,1,76.2,0.00,SILENT,IDLE-SILENT
110,4,0,0,1,66.1,0.00,SILENT,IDLE-SILENT
111,0,0,0,1,82.4,0.00,SILENT,IDLE-SILENT
111,1,0,0,1,82.2,0.00,SILENT,IDLE-SILENT
111,2,0,0,1,34.4,0.00,SILENT,IDLE-SILENT
111,3,0,0,1,76.1,0.00,SILENT,IDLE-SILENT
111,4,0,0,1,66.0,0.00,SILENT,IDLE-SILENT
112,0,0,0,1,82.3,0.00,SILENT,IDLE-SILENT
112,1,0,0,1,82.1,0.00,SILENT,IDLE-SILENT
112,2,0,0,1,34.3,0.00,SILENT,IDLE-SILENT
112,3,0,0,1,76.0,0.00,SILENT,IDLE-SILENT
112,4,0,0,1,65.9,0.00,SILENT,IDLE-SILENT
113,0,0,0,1,82.2,0.00,SILENT,IDLE-SILENT
113,1,0,0,1,82.0,0.00,SILENT,IDLE-SILENT
113,2,0,0,1,34.2,0.00,SILENT,IDLE-SILENT
113,3,0,0,1,75.9,0.00,SILENT,IDLE-SILENT
113,4,0,0,1,65.8,0.00,SILENT,IDLE-SILENT
114,0,0,0,1,82.1,0.00,SILENT,IDLE-SILENT
114,1,0,0,1,81.9,0.00,SILENT,IDLE-SILENT
114,2,0,0,1,34.1,0.00,SILENT,IDLE-SILENT
114,3,0,0,1,75.8,0.00,SILENT,IDLE-SILENT
114,4,0,0,1,65.7,0.00,SILENT,IDLE-SILENT
115,0,0,0,1,82.0,0.00,SILENT,IDLE-SILENT
115,1,0,0,1,81.8,0.00,SILENT,IDLE-SILENT
115,2,0,0,1,34.0,0.00,SILENT,IDLE-SILENT
115,3,0,0,1,75.7,0.00,SILENT,IDLE-SILENT
115,4,0,0,1,65.6,0.00,SILENT,IDLE-SILENT
116,0,0,0,1,81.9,0.00,SILENT,IDLE-SILENT
116,1,0,0,1,81.7,0.00,SILENT,IDLE-SILENT
116,2,0,0,1,33.9,0.00,SILENT,IDLE-SILENT
116,3,0,0,1,75.6,0.00,SILENT,IDLE-SILENT
116,4,0,0,1,65.5,0.00,SILENT,IDLE-SILENT
117,0,0,0,1,81.8,0.00,SILENT,IDLE-SILENT
117,1,0,0,1,81.6,0.00,SILENT,IDLE-SILENT
117,2,0,0,1,33.8,0.00,SILENT,IDLE-SILENT
117,3,0,0,1,75.5,0.00,SILENT,IDLE-SILENT
117,4,0,0,1,65.4,0.00,SILENT,IDLE-SILENT
118,0,0,0,1,81.7,0.00,SILENT,IDLE-SILENT
118,1,0,0,1,81.5,0.00,SILENT,IDLE-SILENT
118,2,0,0,1,33.7,0.00,SILENT,IDLE-SILENT
118,3,0,0,1,75.4,0.00,SILENT,IDLE-SILENT
118,4,0,0,1,65.3,0.00,SILENT,IDLE-SILENT
119,0,0,0,1,81.6,0.00,SILENT,IDLE-SILENT
119,1,0,0,1,81.4,0.00,SILENT,IDLE-SILENT
119,2,0,0,1,33.6,0.00,SILENT,IDLE-SILENT
119,3,0,0,1,75.3,0.00,SILENT,IDLE-SILENT
119,4,0,0,1,65.2,0.00,SILENT,IDLE-SILENT
120,0,0,0,1,81.5,0.00,SILENT,IDLE-SILENT
120,1,0,0,1,81.3,0.00,SILENT,IDLE-SILENT
120,2,0,0,1,33.5,0.00,SILENT,IDLE-SILENT
120,3,0,0,1,75.2,0.00,SILENT,IDLE-SILENT
120,4,0,0,1,65.1,0.00,SILENT,IDLE-SILENT
121,0,0,0,1,81.4,0.00,SILENT,IDLE-SILENT
121,1,0,0,1,81.2,0.00,SILENT,IDLE-SILENT
121,2,0,0,1,33.4,0.00,SILENT,IDLE-SILENT
121,3,0,0,1,75.1,0.00,SILENT,IDLE-SILENT
121,4,0,0,1,65.0,0.00,SILENT,IDLE-SILENT
122,0,0,0,1,81.3,0.00,SILENT,IDLE-SILENT
122,1,0,0,1,81.1,0.00,SILENT,IDLE-SILENT
122,2,0,0,1,33.3,0.00,SILENT,IDLE-SILENT
122,3,0,0,1,75.0,0.00,SILENT,IDLE-SILENT
122,4,0,0,1,64.9,0.00,SILENT,IDLE-SILENT
123,0,0,0,1,81.2,0.00,SILENT,IDLE-SILENT
123,1,0,0,1,81.0,0.00,SILENT,IDLE-SILENT
123,2,0,0,1,33.2,0.00,SILENT,IDLE-SILENT
123,3,0,0,1,74.9,0.00,SILENT,IDLE-SILENT
123,4,0,0,1,64.8,0.00,SILENT,IDLE-SILENT
124,0,0,0,1,81.1,0.00,SILENT,IDLE-SILENT
124,1,0,0,1,80.9,0.00,SILENT,IDLE-SILENT
124,2,0,0,1,33.1,0.00,SILENT,IDLE-SILENT
124,3,0,0,1,74.9,0.00,SILENT,IDLE-SILENT
124,4,0,0,1,64.7,0.00,SILENT,IDLE-SILENT
125,0,0,0,1,81.0,0.00,SILENT,IDLE-SILENT
125,1,0,0,1,80.8,0.00,SILENT,IDLE-SILENT
125,2,0,0,1,33.0,0.00,SILENT,IDLE-SILENT
125,3,0,0,1,74.9,0.00,SILENT,IDLE-SILENT
125,4,0,0,1,64.6,0.00,SILENT,IDLE-SILENT
126,0,0,0,1,80.9,0.00,SILENT,IDLE-SILENT
126,1,0,0,1,80.7,0.00,SILENT,IDLE-SILENT
126,2,0,0,1,32.9,0.00,SILENT,IDLE-SILENT
126,3,0,0,1,74.9,0.00,SILENT,IDLE-SILENT
126,4,0,0,1,64.5,0.00,SILENT,IDLE-SILENT
127,0,0,0,1,80.8,0.00,SILENT,IDLE-SILENT
127,1,0,0,1,80.6,0.00,SILENT,IDLE-SILENT
127,2,0,0,1,32.8,0.00,SILENT,IDLE-SILENT
127,3,0,0,1,74.9,0.00,SILENT,IDLE-SILENT
127,4,0,0,1,64.4,0.00,SILENT,IDLE-SILENT
128,0,0,0,1,80.7,0.00,SILENT,IDLE-SILENT
128,1,0,0,1,80.5,0.00,SILENT,IDLE-SILENT
128,2,0,0,1,32.7,0.00,SILENT,IDLE-SILENT
128,3,0,0,1,74.9,0.00,SILENT,IDLE-SILENT
128,4,0,0,1,64.3,0.00,SILENT,IDLE-SILENT
129,0,0,0,1,80.6,0.00,SILENT,IDLE-SILENT
129,1,0,0,1,80.4,0.00,SILENT,IDLE-SILENT
129,2,0,0,1,32.6,0.00,SILENT,IDLE-SILENT
129,3,0,0,1,74.9,0.00,SILENT,IDLE-SILENT
129,4,0,0,1,64.2,0.00,SILENT,IDLE-SILENT
130,0,0,0,1,80.5,0.00,SILENT,IDLE-SILENT
130,1,0,0,1,80.3,0.00,SILENT,IDLE-SILENT
130,2,0,0,1,32.5,0.00,SILENT,IDLE-SILENT
130,3,0,0,1,74.9,0.00,SILENT,IDLE-SILENT
130,4,0,0,1,64.1,0.00,SILENT,IDLE-SILENT
131,0,0,0,1,80.4,0.00,SILENT,IDLE-SILENT
131,1,0,0,1,80.2,0.00,SILENT,IDLE-SILENT
131,2,0,0,1,32.4,0.00,SILENT,IDLE-SILENT
131,3,0,0,1,74.9,0.00,SILENT,IDLE-SILENT
131,4,0,0,1,64.0,0.00,SILENT,IDLE-SILENT
132,0,0,0,1,80.3,0.00,SILENT,IDLE-SILENT
132,1,0,0,1,80.1,0.00,SILENT,IDLE-SILENT
132,2,0,0,1,32.3,0.00,SILENT,IDLE-SILENT
132,3,0,0,1,74.9,0.00,SILENT,IDLE-SILENT
132,4,0,0,1,63.9,0.00,SILENT,IDLE-SILENT
133,0,0,0,1,80.2,0.00,SILENT,IDLE-SILENT
133,1,0,0,1,80.0,0.00,SILENT,IDLE-SILENT
133,2,0,0,1,32.2,0.00,SILENT,IDLE-SILENT
133,3,0,0,1,74.9,0.00,SILENT,IDLE-SILENT
133,4,0,0,1,63.8,0.00,SILENT,IDLE-SILENT
134,0,0,0,1,80.1,0.00,SILENT,IDLE-SILENT
134,1,0,0,1,79.9,0.00,SILENT,IDLE-SILENT
134,2,0,0,1,32.1,0.00,SILENT,IDLE-SILENT
134,3,0,0,1,74.9,0.00,SILENT,IDLE-SILENT
134,4,0,0,1,63.7,0.00,SILENT,IDLE-SILENT
135,0,0,0,1,80.0,0.00,SILENT,IDLE-SILENT
135,1,0,0,1,79.8,0.00,SILENT,IDLE-SILENT
135,2,0,0,1,32.0,0.00,SILENT,IDLE-SILENT
135,3,0,0,1,74.9,0.00,SILENT,IDLE-SILENT
135,4,0,0,1,63.6,0.00,SILENT,IDLE-SILENT
136,0,0,0,1,79.9,0.00,SILENT,IDLE-SILENT
136,1,0,0,1,79.7,0.00,SILENT,IDLE-SILENT
136,2,0,0,1,31.9,0.00,SILENT,IDLE-SILENT
136,3,0,0,1,74.9,0.00,SILENT,IDLE-SILENT
136,4,0,0,1,63.5,0.00,SILENT,IDLE-SILENT
137,0,0,0,1,79.8,0.00,SILENT,IDLE-SILENT
137,1,0,0,1,79.6,0.00,SILENT,IDLE-SILENT
137,2,0,0,1,31.8,0.00,SILENT,IDLE-SILENT
137,3,0,0,1,74.9,0.00,SILENT,IDLE-SILENT
137,4,0,0,1,63.4,0.00,SILENT,IDLE-SILENT
138,0,0,0,1,79.7,0.00,SILENT,IDLE-SILENT
138,1,0,0,1,79.5,0.00,SILENT,IDLE-SILENT
138,2,0,0,1,31.7,0.00,SILENT,IDLE-SILENT
138,3,0,0,1,74.9,0.00,SILENT,IDLE-SILENT
138,4,0,0,1,63.3,0.00,SILENT,IDLE-SILENT
139,0,0,0,1,79.6,0.00,SILENT,IDLE-SILENT
139,1,0,0,1,79.4,0.00,SILENT,IDLE-SILENT
139,2,0,0,1,31.6,0.00,SILENT,IDLE-SILENT
139,3,0,0,1,74.9,0.00,SILENT,IDLE-SILENT
139,4,0,0,1,63.2,0.00,SILENT,IDLE-SILENT
140,0,0,0,1,79.5,0.00,SILENT,IDLE-SILENT
140,1,0,0,1,79.3,0.00,SILENT,IDLE-SILENT
140,2,0,0,1,31.5,0.00,SILENT,IDLE-SILENT
140,3,0,0,1,74.9,0.00,SILENT,IDLE-SILENT
140,4,0,0,1,63.1,0.00,SILENT,IDLE-SILENT
141,0,0,0,1,79.4,0.00,SILENT,IDLE-SILENT
141,1,0,0,1,79.2,0.00,SILENT,IDLE-SILENT
141,2,0,0,1,31.4,0.00,SILENT,IDLE-SILENT
141,3,0,0,1,74.9,0.00,SILENT,IDLE-SILENT
141,4,0,0,1,63.0,0.00,SILENT,IDLE-SILENT
142,0,0,0,1,79.3,0.00,SILENT,IDLE-SILENT
142,1,0,0,1,79.1,0.00,SILENT,IDLE-SILENT
142,2,0,0,1,31.3,0.00,SILENT,IDLE-SILENT
142,3,0,0,1,74.9,0.00,SILENT,IDLE-SILENT
142,4,0,0,1,62.9,0.00,SILENT,IDLE-SILENT
143,0,0,0,1,79.2,0.00,SILENT,IDLE-SILENT
143,1,0,0,1,79.0,0.00,SILENT,IDLE-SILENT
143,2,0,0,1,31.2,0.00,SILENT,IDLE-SILENT
143,3,0,0,1,74.9,0.00,SILENT,IDLE-SILENT
143,4,0,0,1,62.8,0.00,SILENT,IDLE-SILENT
144,0,0,0,1,79.1,0.00,SILENT,IDLE-SILENT
144,1,0,0,1,78.9,0.00,SILENT,IDLE-SILENT
144,2,0,0,1,31.1,0.00,SILENT,IDLE-SILENT
144,3,0,0,1,74.9,0.00,SILENT,IDLE-SILENT
144,4,0,0,1,62.7,0.00,SILENT,IDLE-SILENT
145,0,0,0,1,79.0,0.00,SILENT,IDLE-SILENT
145,1,0,0,1,78.8,0.00,SILENT,IDLE-SILENT
145,2,0,0,1,31.0,0.00,SILENT,IDLE-SILENT
145,3,0,0,1,74.9,0.00,SILENT,IDLE-SILENT
145,4,0,0,1,62.6,0.00,SILENT,IDLE-SILENT
146,0,0,0,1,78.9,0.00,SILENT,IDLE-SILENT
146,1,0,0,1,78.7,0.00,SILENT,IDLE-SILENT
146,2,0,0,1,30.9,0.00,SILENT,IDLE-SILENT
146,3,0,0,1,74.9,0.00,SILENT,IDLE-SILENT
146,4,0,0,1,62.5,0.00,SILENT,IDLE-SILENT
147,0,0,0,1,78.8,0.00,SILENT,IDLE-SILENT
147,1,0,0,1,78.6,0.00,SILENT,IDLE-SILENT
147,2,0,0,1,30.8,0.00,SILENT,IDLE-SILENT
147,3,0,0,1,74.9,0.00,SILENT,IDLE-SILENT
147,4,0,0,1,62.5,0.00,SILENT,IDLE-SILENT
148,0,0,0,1,78.7,0.00,SILENT,IDLE-SILENT
148,1,0,0,1,78.5,0.00,SILENT,IDLE-SILENT
148,2,0,0,1,30.7,0.00,SILENT,IDLE-SILENT
148,3,0,0,1,74.9,0.00,SILENT,IDLE-SILENT
148,4,0,0,1,62.5,0.00,SILENT,IDLE-SILENT
149,0,0,0,1,78.6,0.00,SILENT,IDLE-SILENT
149,1,0,0,1,78.4,0.00,SILENT,IDLE-SILENT
149,2,0,0,1,30.6,0.00,SILENT,IDLE-SILENT
149,3,0,0,1,74.9,0.00,SILENT,IDLE-SILENT
149,4,0,0,1,62.5,0.00,SILENT,IDLE-SILENT
150,0,0,0,1,78.5,0.00,SILENT,IDLE-SILENT
150,1,0,0,1,78.3,0.00,SILENT,IDLE-SILENT
150,2,0,0,1,30.5,0.00,SILENT,IDLE-SILENT
150,3,0,0,1,74.9,0.00,SILENT,IDLE-SILENT
150,4,0,0,1,62.5,0.00,SILENT,IDLE-SILENT
151,0,0,0,1,78.4,0.00,SILENT,IDLE-SILENT
151,1,0,0,1,78.2,0.00,SILENT,IDLE-SILENT
151,2,0,0,1,30.4,0.00,SILENT,IDLE-SILENT
151,3,0,0,1,74.9,0.00,SILENT,IDLE-SILENT
151,4,0,0,1,62.5,0.00,SILENT,IDLE-SILENT
152,0,0,0,1,78.3,0.00,SILENT,IDLE-SILENT
152,1,0,0,1,78.1,0.00,SILENT,IDLE-SILENT
152,2,0,0,1,30.3,0.00,SILENT,IDLE-SILENT
152,3,0,0,1,74.9,0.00,SILENT,IDLE-SILENT
152,4,0,0,1,62.5,0.00,SILENT,IDLE-SILENT
153,0,0,0,1,78.2,0.00,SILENT,IDLE-SILENT
153,1,0,0,1,78.0,0.00,SILENT,IDLE-SILENT
153,2,0,0,1,30.2,0.00,SILENT,IDLE-SILENT
153,3,0,0,1,74.8,0.00,SILENT,IDLE-SILENT
153,4,0,0,1,62.5,0.00,SILENT,IDLE-SILENT
154,0,0,0,1,78.1,0.00,SILENT,IDLE-SILENT
154,1,0,0,1,77.9,0.00,SILENT,IDLE-SILENT
154,2,0,0,1,30.1,0.00,SILENT,IDLE-SILENT
154,3,0,0,1,74.7,0.00,SILENT,IDLE-SILENT
154,4,0,0,1,62.5,0.00,SILENT,IDLE-SILENT
155,0,0,0,1,78.0,0.00,SILENT,IDLE-SILENT
155,1,0,0,1,77.8,0.00,SILENT,IDLE-SILENT
155,2,0,0,1,30.0,0.00,SILENT,IDLE-SILENT
155,3,0,0,1,74.6,0.00,SILENT,IDLE-SILENT
155,4,0,0,1,62.5,0.00,SILENT,IDLE-SILENT
156,0,0,0,1,77.9,0.00,SILENT,IDLE-SILENT
156,1,0,0,1,77.7,0.00,SILENT,IDLE-SILENT
156,2,0,0,1,29.9,0.00,SILENT,IDLE-SILENT
156,3,0,0,1,74.5,0.00,SILENT,IDLE-SILENT
156,4,0,0,1,62.5,0.00,SILENT,IDLE-SILENT
157,0,0,0,1,77.8,0.00,SILENT,IDLE-SILENT
157,1,0,0,1,77.6,0.00,SILENT,IDLE-SILENT
157,2,0,0,1,29.8,0.00,SILENT,IDLE-SILENT
157,3,0,0,1,74.4,0.00,SILENT,IDLE-SILENT
157,4,0,0,1,62.5,0.00,SILENT,IDLE-SILENT
158,0,0,0,1,77.7,0.00,SILENT,IDLE-SILENT
158,1,0,0,1,77.5,0.00,SILENT,IDLE-SILENT
158,2,0,0,1,29.7,0.00,SILENT,IDLE-SILENT
158,3,0,0,1,74.3,0.00,SILENT,IDLE-SILENT
158,4,0,0,1,62.5,0.00,SILENT,IDLE-SILENT
159,0,0,0,1,77.6,0.00,SILENT,IDLE-SILENT
159,1,0,0,1,77.4,0.00,SILENT,IDLE-SILENT
159,2,0,0,1,29.6,0.00,SILENT,IDLE-SILENT
159,3,0,0,1,74.2,0.00,SILENT,IDLE-SILENT
159,4,0,0,1,62.5,0.00,SILENT,IDLE-SILENT
160,0,0,0,1,77.5,0.00,SILENT,IDLE-SILENT
160,1,0,0,1,77.3,0.00,SILENT,IDLE-SILENT
160,2,0,0,1,29.5,0.00,SILENT,IDLE-SILENT
160,3,0,0,1,74.1,0.00,SILENT,IDLE-SILENT
160,4,0,0,1,62.5,0.00,SILENT,IDLE-SILENT
161,0,0,0,1,77.4,0.00,SILENT,IDLE-SILENT
161,1,0,0,1,77.2,0.00,SILENT,IDLE-SILENT
161,2,0,0,1,29.4,0.00,SILENT,IDLE-SILENT
161,3,0,0,1,74.0,0.00,SILENT,IDLE-SILENT
161,4,0,0,1,62.5,0.00,SILENT,IDLE-SILENT
162,0,0,0,1,77.3,0.00,SILENT,IDLE-SILENT
162,1,0,0,1,77.1,0.00,SILENT,IDLE-SILENT
162,2,0,0,1,29.3,0.00,SILENT,IDLE-SILENT
162,3,0,0,1,73.9,0.00,SILENT,IDLE-SILENT
162,4,0,0,1,62.5,0.00,SILENT,IDLE-SILENT
163,0,0,0,1,77.2,0.00,SILENT,IDLE-SILENT
163,1,0,0,1,77.0,0.00,SILENT,IDLE-SILENT
163,2,0,0,1,29.2,0.00,SILENT,IDLE-SILENT
163,3,0,0,1,73.8,0.00,SILENT,IDLE-SILENT
163,4,0,0,1,62.5,0.00,SILENT,IDLE-SILENT
164,0,0,0,1,77.1,0.00,SILENT,IDLE-SILENT
164,1,0,0,1,77.0,0.00,SILENT,IDLE-SILENT
164,2,0,0,1,29.1,0.00,SILENT,IDLE-SILENT
164,3,0,0,1,73.7,0.00,SILENT,IDLE-SILENT
164,4,0,0,1,62.5,0.00,SILENT,IDLE-SILENT
165,0,0,0,1,77.0,0.00,SILENT,IDLE-SILENT
165,1,0,0,1,77.0,0.00,SILENT,IDLE-SILENT
165,2,0,0,1,29.0,0.00,SILENT,IDLE-SILENT
165,3,0,0,1,73.6,0.00,SILENT,IDLE-SILENT
165,4,0,0,1,62.5,0.00,SILENT,IDLE-SILENT
166,0,0,0,1,76.9,0.00,SILENT,IDLE-SILENT
166,1,0,0,1,77.0,0.00,SILENT,IDLE-SILENT
166,2,0,0,1,28.9,0.00,SILENT,IDLE-SILENT
166,3,0,0,1,73.5,0.00,SILENT,IDLE-SILENT
166,4,0,0,1,62.5,0.00,SILENT,IDLE-SILENT
167,0,0,0,1,76.8,0.00,SILENT,IDLE-SILENT
167,1,0,0,1,77.0,0.00,SILENT,IDLE-SILENT
167,2,0,0,1,28.8,0.00,SILENT,IDLE-SILENT
167,3,0,0,1,73.4,0.00,SILENT,IDLE-SILENT
167,4,0,0,1,62.5,0.00,SILENT,IDLE-SILENT
168,0,0,0,1,76.7,0.00,SILENT,IDLE-SILENT
168,1,0,0,1,77.0,0.00,SILENT,IDLE-SILENT
168,2,0,0,1,28.7,0.00,SILENT,IDLE-SILENT
168,3,0,0,1,73.3,0.00,SILENT,IDLE-SILENT
168,4,0,0,1,62.5,0.00,SILENT,IDLE-SILENT
169,0,0,0,1,76.6,0.00,SILENT,IDLE-SILENT
169,1,0,0,1,77.0,0.00,SILENT,IDLE-SILENT
169,2,0,0,1,28.6,0.00,SILENT,IDLE-SILENT
169,3,0,0,1,73.2,0.00,SILENT,IDLE-SILENT
169,4,0,0,1,62.5,0.00,SILENT,IDLE-SILENT
170,0,0,0,1,76.5,0.00,SILENT,IDLE-SILENT
170,1,0,0,1,77.0,0.00,SILENT,IDLE-SILENT
170,2,0,0,1,28.5,0.00,SILENT,IDLE-SILENT
170,3,0,0,1,73.1,0.00,SILENT,IDLE-SILENT
170,4,0,0,1,62.5,0.00,SILENT,IDLE-SILENT
171,0,0,0,1,76.4,0.00,SILENT,IDLE-SILENT
171,1,0,0,1,77.0,0.00,SILENT,IDLE-SILENT
171,2,0,0,1,28.4,0.00,SILENT,IDLE-SILENT
171,3,0,0,1,73.0,0.00,SILENT,IDLE-SILENT
171,4,0,0,1,62.5,0.00,SILENT,IDLE-SILENT
172,0,0,0,1,76.3,0.00,SILENT,IDLE-SILENT
172,1,0,0,1,77.0,0.00,SILENT,IDLE-SILENT
172,2,0,0,1,28.3,0.00,SILENT,IDLE-SILENT
172,3,0,0,1,72.9,0.00,SILENT,IDLE-SILENT
172,4,0,0,1,62.5,0.00,SILENT,IDLE-SILENT
173,0,0,0,1,76.2,0.00,SILENT,IDLE-SILENT
173,1,0,0,1,77.0,0.00,SILENT,IDLE-SILENT
173,2,0,0,1,28.2,0.00,SILENT,IDLE-SILENT
173,3,0,0,1,72.8,0.00,SILENT,IDLE-SILENT
173,4,0,0,1,62.5,0.00,SILENT,IDLE-SILENT
174,0,0,0,1,76.1,0.00,SILENT,IDLE-SILENT
174,1,0,0,1,77.0,0.00,SILENT,IDLE-SILENT
174,2,0,0,1,28.1,0.00,SILENT,IDLE-SILENT
174,3,0,0,1,72.7,0.00,SILENT,IDLE-SILENT
174,4,0,0,1,62.5,0.00,SILENT,IDLE-SILENT
175,0,0,0,1,76.0,0.00,SILENT,IDLE-SILENT
175,1,0,0,1,77.0,0.00,SILENT,IDLE-SILENT
175,2,0,0,1,28.0,0.00,SILENT,IDLE-SILENT
175,3,0,0,1,72.6,0.00,SILENT,IDLE-SILENT
175,4,0,0,1,62.5,0.00,SILENT,IDLE-SILENT
176,0,0,0,1,75.9,0.00,SILENT,IDLE-SILENT
176,1,0,0,1,77.0,0.00,SILENT,IDLE-SILENT
176,2,0,0,1,27.9,0.00,SILENT,IDLE-SILENT
176,3,0,0,1,72.5,0.00,SILENT,IDLE-SILENT
176,4,0,0,1,62.4,0.00,SILENT,IDLE-SILENT
177,0,0,0,1,75.8,0.00,SILENT,IDLE-SILENT
177,1,0,0,1,77.0,0.00,SILENT,IDLE-SILENT
177,2,0,0,1,27.8,0.00,SILENT,IDLE-SILENT
177,3,0,0,1,72.4,0.00,SILENT,IDLE-SILENT
177,4,0,0,1,62.3,0.00,SILENT,IDLE-SILENT
178,0,0,0,1,75.7,0.00,SILENT,IDLE-SILENT
178,1,0,0,1,77.0,0.00,SILENT,IDLE-SILENT
178,2,0,0,1,27.7,0.00,SILENT,IDLE-SILENT
178,3,0,0,1,72.3,0.00,SILENT,IDLE-SILENT
178,4,0,0,1,62.2,0.00,SILENT,IDLE-SILENT
179,0,0,0,1,75.6,0.00,SILENT,IDLE-SILENT
179,1,0,0,1,77.0,0.00,SILENT,IDLE-SILENT
179,2,0,0,1,27.6,0.00,SILENT,IDLE-SILENT
179,3,0,0,1,72.2,0.00,SILENT,IDLE-SILENT
179,4,0,0,1,62.1,0.00,SILENT,IDLE-SILENT
180,0,0,0,1,75.5,0.00,SILENT,IDLE-SILENT
180,1,0,0,1,77.0,0.00,SILENT,IDLE-SILENT
180,2,0,0,1,27.5,0.00,SILENT,IDLE-SILENT
180,3,0,0,1,72.1,0.00,SILENT,IDLE-SILENT
180,4,0,0,1,62.0,0.00,SILENT,IDLE-SILENT
181,0,0,0,1,75.4,0.00,SILENT,IDLE-SILENT
181,1,0,0,1,77.0,0.00,SILENT,IDLE-SILENT
181,2,0,0,1,27.4,0.00,SILENT,IDLE-SILENT
181,3,0,0,1,72.0,0.00,SILENT,IDLE-SILENT
181,4,0,0,1,61.9,0.00,SILENT,IDLE-SILENT
182,0,0,0,1,75.3,0.00,SILENT,IDLE-SILENT
182,1,0,0,1,77.0,0.00,SILENT,IDLE-SILENT
182,2,0,0,1,27.3,0.00,SILENT,IDLE-SILENT
182,3,0,0,1,71.9,0.00,SILENT,IDLE-SILENT
182,4,0,0,1,61.8,0.00,SILENT,IDLE-SILENT
183,0,0,0,1,75.2,0.00,SILENT,IDLE-SILENT
183,1,0,0,1,77.0,0.00,SILENT,IDLE-SILENT
183,2,0,0,1,27.2,0.00,SILENT,IDLE-SILENT
183,3,0,0,1,71.8,0.00,SILENT,IDLE-SILENT
183,4,0,0,1,61.7,0.00,SILENT,IDLE-SILENT
184,0,0,0,1,75.1,0.00,SILENT,IDLE-SILENT
184,1,0,0,1,77.0,0.00,SILENT,IDLE-SILENT
184,2,0,0,1,27.1,0.00,SILENT,IDLE-SILENT
184,3,0,0,1,71.7,0.00,SILENT,IDLE-SILENT
184,4,0,0,1,61.6,0.00,SILENT,IDLE-SILENT
185,0,0,0,1,75.0,0.00,SILENT,IDLE-SILENT
185,1,0,0,1,77.0,0.00,SILENT,IDLE-SILENT
185,2,0,0,1,27.0,0.00,SILENT,IDLE-SILENT
185,3,0,0,1,71.6,0.00,SILENT,IDLE-SILENT
185,4,0,0,1,61.5,0.00,SILENT,IDLE-SILENT
186,0,0,0,1,74.9,0.00,SILENT,IDLE-SILENT
186,1,0,0,1,77.0,0.00,SILENT,IDLE-SILENT
186,2,0,0,1,26.9,0.00,SILENT,IDLE-SILENT
186,3,0,0,1,71.5,0.00,SILENT,IDLE-SILENT
186,4,0,0,1,61.4,0.00,SILENT,IDLE-SILENT
187,0,0,0,1,74.9,0.00,SILENT,IDLE-SILENT
187,1,0,0,1,77.0,0.00,SILENT,IDLE-SILENT
187,2,0,0,1,26.8,0.00,SILENT,IDLE-SILENT
187,3,0,0,1,71.4,0.00,SILENT,IDLE-SILENT
187,4,0,0,1,61.3,0.00,SILENT,IDLE-SILENT
188,0,0,0,1,74.9,0.00,SILENT,IDLE-SILENT
188,1,0,0,1,77.0,0.00,SILENT,IDLE-SILENT
188,2,0,0,1,26.8,0.00,SILENT,IDLE-SILENT
188,3,0,0,1,71.3,0.00,SILENT,IDLE-SILENT
188,4,0,0,1,61.2,0.00,SILENT,IDLE-SILENT
189,0,0,0,1,74.9,0.00,SILENT,IDLE-SILENT
189,1,0,0,1,77.0,0.00,SILENT,IDLE-SILENT
189,2,0,0,1,26.8,0.00,SILENT,IDLE-SILENT
189,3,0,0,1,71.2,0.00,SILENT,IDLE-SILENT
189,4,0,0,1,61.1,0.00,SILENT,IDLE-SILENT
190,0,0,0,1,74.9,0.00,SILENT,IDLE-SILENT
190,1,0,0,1,77.0,0.00,SILENT,IDLE-SILENT
190,2,0,0,1,26.8,0.00,SILENT,IDLE-SILENT
190,3,0,0,1,71.1,0.00,SILENT,IDLE-SILENT
190,4,0,0,1,61.0,0.00,SILENT,IDLE-SILENT
191,0,0,0,1,74.9,0.00,SILENT,IDLE-SILENT
191,1,0,0,1,77.0,0.00,SILENT,IDLE-SILENT
191,2,0,0,1,26.8,0.00,SILENT,IDLE-SILENT
191,3,0,0,1,71.0,0.00,SILENT,IDLE-SILENT
191,4,0,0,1,60.9,0.00,SILENT,IDLE-SILENT
192,0,0,0,1,74.9,0.00,SILENT,IDLE-SILENT
192,1,0,0,1,77.0,0.00,SILENT,IDLE-SILENT
192,2,0,0,1,26.8,0.00,SILENT,IDLE-SILENT
192,3,0,0,1,70.9,0.00,SILENT,IDLE-SILENT
192,4,0,0,1,60.8,0.00,SILENT,IDLE-SILENT
193,0,0,0,1,74.9,0.00,SILENT,IDLE-SILENT
193,1,0,0,1,76.9,0.00,SILENT,IDLE-SILENT
193,2,0,0,1,26.8,0.00,SILENT,IDLE-SILENT
193,3,0,0,1,70.8,0.00,SILENT,IDLE-SILENT
193,4,0,0,1,60.7,0.00,SILENT,IDLE-SILENT
194,0,0,0,1,74.9,0.00,SILENT,IDLE-SILENT
194,1,0,0,1,76.8,0.00,SILENT,IDLE-SILENT
194,2,0,0,1,26.8,0.00,SILENT,IDLE-SILENT
194,3,0,0,1,70.7,0.00,SILENT,IDLE-SILENT
194,4,0,0,1,60.6,0.00,SILENT,IDLE-SILENT
195,0,0,0,1,74.9,0.00,SILENT,IDLE-SILENT
195,1,0,0,1,76.7,0.00,SILENT,IDLE-SILENT
195,2,0,0,1,26.8,0.00,SILENT,IDLE-SILENT
195,3,0,0,1,70.6,0.00,SILENT,IDLE-SILENT
195,4,0,0,1,60.5,0.00,SILENT,IDLE-SILENT
196,0,0,0,1,74.9,0.00,SILENT,IDLE-SILENT
196,1,0,0,1,76.6,0.00,SILENT,IDLE-SILENT
196,2,0,0,1,26.8,0.00,SILENT,IDLE-SILENT
196,3,0,0,1,70.5,0.00,SILENT,IDLE-SILENT
196,4,0,0,1,60.4,0.00,SILENT,IDLE-SILENT
197,0,0,0,1,74.9,0.00,SILENT,IDLE-SILENT
197,1,0,0,1,76.5,0.00,SILENT,IDLE-SILENT
197,2,0,0,1,26.8,0.00,SILENT,IDLE-SILENT
197,3,0,0,1,70.4,0.00,SILENT,IDLE-SILENT
197,4,0,0,1,60.3,0.00,SILENT,IDLE-SILENT
198,0,0,0,1,74.9,0.00,SILENT,IDLE-SILENT
198,1,0,0,1,76.4,0.00,SILENT,IDLE-SILENT
198,2,0,0,1,26.8,0.00,SILENT,IDLE-SILENT
198,3,0,0,1,70.3,0.00,SILENT,IDLE-SILENT
198,4,0,0,1,60.2,0.00,SILENT,IDLE-SILENT
199,0,0,0,1,74.9,0.00,SILENT,IDLE-SILENT
199,1,0,0,1,76.3,0.00,SILENT,IDLE-SILENT
199,2,0,0,1,26.8,0.00,SILENT,IDLE-SILENT
199,3,0,0,1,70.2,0.00,SILENT,IDLE-SILENT
199,4,0,0,1,60.1,0.00,SILENT,IDLE-SILENT
200,0,0,0,1,74.9,0.00,SILENT,IDLE-SILENT
200,1,0,0,1,76.2,0.00,SILENT,IDLE-SILENT
200,2,0,0,1,26.8,0.00,SILENT,IDLE-SILENT
200,3,0,0,1,70.1,0.00,SILENT,IDLE-SILENT
200,4,0,0,1,60.0,0.00,SILENT,IDLE-SILENT
201,0,0,0,1,74.9,0.00,SILENT,IDLE-SILENT
201,1,0,0,1,76.1,0.00,SILENT,IDLE-SILENT
201,2,0,0,1,26.8,0.00,SILENT,IDLE-SILENT
201,3,0,0,1,70.0,0.00,SILENT,IDLE-SILENT
201,4,0,0,1,59.9,0.00,SILENT,IDLE-SILENT
202,0,0,0,1,74.9,0.00,SILENT,IDLE-SILENT
202,1,0,0,1,76.0,0.00,SILENT,IDLE-SILENT
202,2,0,0,1,26.8,0.00,SILENT,IDLE-SILENT
202,3,0,0,1,69.9,0.00,SILENT,IDLE-SILENT
202,4,0,0,1,59.8,0.00,SILENT,IDLE-SILENT
203,0,0,0,1,74.9,0.00,SILENT,IDLE-SILENT
203,1,0,0,1,75.9,0.00,SILENT,IDLE-SILENT
203,2,0,0,1,26.8,0.00,SILENT,IDLE-SILENT
203,3,0,0,1,69.8,0.00,SILENT,IDLE-SILENT
203,4,0,0,1,59.7,0.00,SILENT,IDLE-SILENT
204,0,0,0,1,74.9,0.00,SILENT,IDLE-SILENT
204,1,0,0,1,75.8,0.00,SILENT,IDLE-SILENT
204,2,0,0,1,26.8,0.00,SILENT,IDLE-SILENT
204,3,0,0,1,69.7,0.00,SILENT,IDLE-SILENT
204,4,0,0,1,59.6,0.00,SILENT,IDLE-SILENT
205,0,0,0,1,74.9,0.00,SILENT,IDLE-SILENT
205,1,0,0,1,75.7,0.00,SILENT,IDLE-SILENT
205,2,0,0,1,26.8,0.00,SILENT,IDLE-SILENT
205,3,0,0,1,69.6,0.00,SILENT,IDLE-SILENT
205,4,0,0,1,59.5,0.00,SILENT,IDLE-SILENT
206,0,0,0,1,74.9,0.00,SILENT,IDLE-SILENT
206,1,0,0,1,75.6,0.00,SILENT,IDLE-SILENT
206,2,0,0,1,26.8,0.00,SILENT,IDLE-SILENT
206,3,0,0,1,69.5,0.00,SILENT,IDLE-SILENT
206,4,0,0,1,59.4,0.00,SILENT,IDLE-SILENT
207,0,0,0,1,74.9,0.00,SILENT,IDLE-SILENT
207,1,0,0,1,75.5,0.00,SILENT,IDLE-SILENT
207,2,0,0,1,26.8,0.00,SILENT,IDLE-SILENT
207,3,0,0,1,69.4,0.00,SILENT,IDLE-SILENT
207,4,0,0,1,59.3,0.00,SILENT,IDLE-SILENT
208,0,0,0,1,74.9,0.00,SILENT,IDLE-SILENT
208,1,0,0,1,75.4,0.00,SILENT,IDLE-SILENT
208,2,0,0,1,26.8,0.00,SILENT,IDLE-SILENT
208,3,0,0,1,69.3,0.00,SILENT,IDLE-SILENT
208,4,0,0,1,59.2,0.00,SILENT,IDLE-SILENT
209,0,0,0,1,74.9,0.00,SILENT,IDLE-SILENT
209,1,0,0,1,75.3,0.00,SILENT,IDLE-SILENT
209,2,0,0,1,26.8,0.00,SILENT,IDLE-SILENT
209,3,0,0,1,69.2,0.00,SILENT,IDLE-SILENT
209,4,0,0,1,59.1,0.00,SILENT,IDLE-SILENT
210,0,0,0,1,74.9,0.00,SILENT,IDLE-SILENT
210,1,0,0,1,75.2,0.00,SILENT,IDLE-SILENT
210,2,0,0,1,26.8,0.00,SILENT,IDLE-SILENT
210,3,0,0,1,69.1,0.00,SILENT,IDLE-SILENT
210,4,0,0,1,59.0,0.00,SILENT,IDLE-SILENT
211,0,0,0,1,74.9,0.00,SILENT,IDLE-SILENT
211,1,0,0,1,75.1,0.00,SILENT,IDLE-SILENT
211,2,0,0,1,26.8,0.00,SILENT,IDLE-SILENT
211,3,0,0,1,69.0,0.00,SILENT,IDLE-SILENT
211,4,0,0,1,58.9,0.00,SILENT,IDLE-SILENT
212,0,0,0,1,74.9,0.00,SILENT,IDLE-SILENT
212,1,0,0,1,75.0,0.00,SILENT,IDLE-SILENT
212,2,0,0,1,26.8,0.00,SILENT,IDLE-SILENT
212,3,0,0,1,68.9,0.00,SILENT,IDLE-SILENT
212,4,0,0,1,58.8,0.00,SILENT,IDLE-SILENT
213,0,0,0,1,74.9,0.00,SILENT,IDLE-SILENT
213,1,0,0,1,74.9,0.00,SILENT,IDLE-SILENT
213,2,0,0,1,26.8,0.00,SILENT,IDLE-SILENT
213,3,0,0,1,68.8,0.00,SILENT,IDLE-SILENT
213,4,0,0,1,58.7,0.00,SILENT,IDLE-SILENT
214,0,0,0,1,74.9,0.00,SILENT,IDLE-SILENT
214,1,0,0,1,74.8,0.00,SILENT,IDLE-SILENT
214,2,0,0,1,26.8,0.00,SILENT,IDLE-SILENT
214,3,0,0,1,68.7,0.00,SILENT,IDLE-SILENT
214,4,0,0,1,58.6,0.00,SILENT,IDLE-SILENT
215,0,0,0,1,74.9,0.00,SILENT,IDLE-SILENT
215,1,0,0,1,74.7,0.00,SILENT,IDLE-SILENT
215,2,0,0,1,26.8,0.00,SILENT,IDLE-SILENT
215,3,0,0,1,68.6,0.00,SILENT,IDLE-SILENT
215,4,0,0,1,58.5,0.00,SILENT,IDLE-SILENT
216,0,0,0,1,74.8,0.00,SILENT,IDLE-SILENT
216,1,0,0,1,74.6,0.00,SILENT,IDLE-SILENT
216,2,0,0,1,26.8,0.00,SILENT,IDLE-SILENT
216,3,0,0,1,68.5,0.00,SILENT,IDLE-SILENT
216,4,0,0,1,58.4,0.00,SILENT,IDLE-SILENT
217,0,0,0,1,74.7,0.00,SILENT,IDLE-SILENT
217,1,0,0,1,74.5,0.00,SILENT,IDLE-SILENT
217,2,0,0,1,26.7,0.00,SILENT,IDLE-SILENT
217,3,0,0,1,68.4,0.00,SILENT,IDLE-SILENT
217,4,0,0,1,58.3,0.00,SILENT,IDLE-SILENT
218,0,0,0,1,74.6,0.00,SILENT,IDLE-SILENT
218,1,0,0,1,74.4,0.00,SILENT,IDLE-SILENT
218,2,0,0,1,26.6,0.00,SILENT,IDLE-SILENT
218,3,0,0,1,68.3,0.00,SILENT,IDLE-SILENT
218,4,0,0,1,58.2,0.00,SILENT,IDLE-SILENT
219,0,0,0,1,74.5,0.00,SILENT,IDLE-SILENT
219,1,0,0,1,74.3,0.00,SILENT,IDLE-SILENT
219,2,0,0,1,26.5,0.00,SILENT,IDLE-SILENT
219,3,0,0,1,68.2,0.00,SILENT,IDLE-SILENT
219,4,0,0,1,58.1,0.00,SILENT,IDLE-SILENT
220,0,0,0,1,74.4,0.00,SILENT,IDLE-SILENT
220,1,0,0,1,74.2,0.00,SILENT,IDLE-SILENT
220,2,0,0,1,26.4,0.00,SILENT,IDLE-SILENT
220,3,0,0,1,68.1,0.00,SILENT,IDLE-SILENT
220,4,0,0,1,58.0,0.00,SILENT,IDLE-SILENT
221,0,0,0,1,74.3,0.00,SILENT,IDLE-SILENT
221,1,0,0,1,74.1,0.00,SILENT,IDLE-SILENT
221,2,0,0,1,26.3,0.00,SILENT,IDLE-SILENT
221,3,0,0,1,68.0,0.00,SILENT,IDLE-SILENT
221,4,0,0,1,57.9,0.00,SILENT,IDLE-SILENT
222,0,0,0,1,74.2,0.00,SILENT,IDLE-SILENT
222,1,0,0,1,74.0,0.00,SILENT,IDLE-SILENT
222,2,0,0,1,26.2,0.00,SILENT,IDLE-SILENT
222,3,0,0,1,67.9,0.00,SILENT,IDLE-SILENT
222,4,0,0,1,57.8,0.00,SILENT,IDLE-SILENT
223,0,0,0,1,74.1,0.00,SILENT,IDLE-SILENT
223,1,0,0,1,73.9,0.00,SILENT,IDLE-SILENT
223,2,0,0,1,26.1,0.00,SILENT,IDLE-SILENT
223,3,0,0,1,67.8,0.00,SILENT,IDLE-SILENT
223,4,0,0,1,57.7,0.00,SILENT,IDLE-SILENT
224,0,0,0,1,74.0,0.00,SILENT,IDLE-SILENT
224,1,0,0,1,73.8,0.00,SILENT,IDLE-SILENT
224,2,0,0,1,26.0,0.00,SILENT,IDLE-SILENT
224,3,0,0,1,67.7,0.00,SILENT,IDLE-SILENT
224,4,0,0,1,57.6,0.00,SILENT,IDLE-SILENT
225,0,0,0,1,73.9,0.00,SILENT,IDLE-SILENT
225,1,0,0,1,73.7,0.00,SILENT,IDLE-SILENT
225,2,0,0,1,25.9,0.00,SILENT,IDLE-SILENT
225,3,0,0,1,67.6,0.00,SILENT,IDLE-SILENT
225,4,0,0,1,57.5,0.00,SILENT,IDLE-SILENT
226,0,0,0,1,73.8,0.00,SILENT,IDLE-SILENT
226,1,0,0,1,73.6,0.00,SILENT,IDLE-SILENT
226,2,0,0,1,25.8,0.00,SILENT,IDLE-SILENT
226,3,0,0,1,67.5,0.00,SILENT,IDLE-SILENT
226,4,0,0,1,57.4,0.00,SILENT,IDLE-SILENT
227,0,0,0,1,73.7,0.00,SILENT,IDLE-SILENT
227,1,0,0,1,73.5,0.00,SILENT,IDLE-SILENT
227,2,0,0,1,25.7,0.00,SILENT,IDLE-SILENT
227,3,0,0,1,67.4,0.00,SILENT,IDLE-SILENT
227,4,0,0,1,57.3,0.00,SILENT,IDLE-SILENT
228,0,0,0,1,73.6,0.00,SILENT,IDLE-SILENT
228,1,0,0,1,73.4,0.00,SILENT,IDLE-SILENT
228,2,0,0,1,25.6,0.00,SILENT,IDLE-SILENT
228,3,0,0,1,67.3,0.00,SILENT,IDLE-SILENT
228,4,0,0,1,57.2,0.00,SILENT,IDLE-SILENT
229,0,0,0,1,73.5,0.00,SILENT,IDLE-SILENT
229,1,0,0,1,73.3,0.00,SILENT,IDLE-SILENT
229,2,0,0,1,25.5,0.00,SILENT,IDLE-SILENT
229,3,0,0,1,67.2,0.00,SILENT,IDLE-SILENT
229,4,0,0,1,57.1,0.00,SILENT,IDLE-SILENT
230,0,0,0,1,73.4,0.00,SILENT,IDLE-SILENT
230,1,0,0,1,73.2,0.00,SILENT,IDLE-SILENT
230,2,0,0,1,25.4,0.00,SILENT,IDLE-SILENT
230,3,0,0,1,67.1,0.00,SILENT,IDLE-SILENT
230,4,0,0,1,57.0,0.00,SILENT,IDLE-SILENT
231,0,0,0,1,73.3,0.00,SILENT,IDLE-SILENT
231,1,0,0,1,73.1,0.00,SILENT,IDLE-SILENT
231,2,0,0,1,25.3,0.00,SILENT,IDLE-SILENT
231,3,0,0,1,67.0,0.00,SILENT,IDLE-SILENT
231,4,0,0,1,56.9,0.00,SILENT,IDLE-SILENT
232,0,0,0,1,73.2,0.00,SILENT,IDLE-SILENT
232,1,0,0,1,73.0,0.00,SILENT,IDLE-SILENT
232,2,0,0,1,25.2,0.00,SILENT,IDLE-SILENT
232,3,0,0,1,66.9,0.00,SILENT,IDLE-SILENT
232,4,0,0,1,56.8,0.00,SILENT,IDLE-SILENT
233,0,0,0,1,73.1,0.00,SILENT,IDLE-SILENT
233,1,0,0,1,72.9,0.00,SILENT,IDLE-SILENT
233,2,0,0,1,25.1,0.00,SILENT,IDLE-SILENT
233,3,0,0,1,66.8,0.00,SILENT,IDLE-SILENT
233,4,0,0,1,56.7,0.00,SILENT,IDLE-SILENT
234,0,0,0,1,73.0,0.00,SILENT,IDLE-SILENT
234,1,0,0,1,72.8,0.00,SILENT,IDLE-SILENT
234,2,0,0,1,25.0,0.00,SILENT,IDLE-SILENT
234,3,0,0,1,66.7,0.00,SILENT,IDLE-SILENT
234,4,0,0,1,56.6,0.00,SILENT,IDLE-SILENT
235,0,0,0,1,72.9,0.00,SILENT,IDLE-SILENT
235,1,0,0,1,72.7,0.00,SILENT,IDLE-SILENT
235,2,0,0,1,24.9,0.00,SILENT,IDLE-SILENT
235,3,0,0,1,66.6,0.00,SILENT,IDLE-SILENT
235,4,0,0,1,56.5,0.00,SILENT,IDLE-SILENT
236,0,0,0,1,72.8,0.00,SILENT,IDLE-SILENT
236,1,0,0,1,72.6,0.00,SILENT,IDLE-SILENT
236,2,0,0,1,24.8,0.00,SILENT,IDLE-SILENT
236,3,0,0,1,66.5,0.00,SILENT,IDLE-SILENT
236,4,0,0,1,56.4,0.00,SILENT,IDLE-SILENT
237,0,0,0,1,72.7,0.00,SILENT,IDLE-SILENT
237,1,0,0,1,72.5,0.00,SILENT,IDLE-SILENT
237,2,0,0,1,24.7,0.00,SILENT,IDLE-SILENT
237,3,0,0,1,66.4,0.00,SILENT,IDLE-SILENT
237,4,0,0,1,56.3,0.00,SILENT,IDLE-SILENT
238,0,0,0,1,72.6,0.00,SILENT,IDLE-SILENT
238,1,0,0,1,72.4,0.00,SILENT,IDLE-SILENT
238,2,0,0,1,24.6,0.00,SILENT,IDLE-SILENT
238,3,0,0,1,66.3,0.00,SILENT,IDLE-SILENT
238,4,0,0,1,56.2,0.00,SILENT,IDLE-SILENT
239,0,0,0,1,72.5,0.00,SILENT,IDLE-SILENT
239,1,0,0,1,72.3,0.00,SILENT,IDLE-SILENT
239,2,0,0,1,24.5,0.00,SILENT,IDLE-SILENT
239,3,0,0,1,66.2,0.00,SILENT,IDLE-SILENT
239,4,0,0,1,56.1,0.00,SILENT,IDLE-SILENT
240,0,0,0,1,72.4,0.00,SILENT,IDLE-SILENT
240,1,0,0,1,72.2,0.00,SILENT,IDLE-SILENT
240,2,0,0,1,24.4,0.00,SILENT,IDLE-SILENT
240,3,0,0,1,66.1,0.00,SILENT,IDLE-SILENT
240,4,0,0,1,56.0,0.00,SILENT,IDLE-SILENT
241,0,0,0,1,72.3,0.00,SILENT,IDLE-SILENT
241,1,0,0,1,72.1,0.00,SILENT,IDLE-SILENT
241,2,0,0,1,24.3,0.00,SILENT,IDLE-SILENT
241,3,0,0,1,66.0,0.00,SILENT,IDLE-SILENT
241,4,0,0,1,55.9,0.00,SILENT,IDLE-SILENT
242,0,0,0,1,72.2,0.00,SILENT,IDLE-SILENT
242,1,0,0,1,72.0,0.00,SILENT,IDLE-SILENT
242,2,0,0,1,24.2,0.00,SILENT,IDLE-SILENT
242,3,0,0,1,65.9,0.00,SILENT,IDLE-SILENT
242,4,0,0,1,55.8,0.00,SILENT,IDLE-SILENT
243,0,0,0,1,72.1,0.00,SILENT,IDLE-SILENT
243,1,0,0,1,71.9,0.00,SILENT,IDLE-SILENT
243,2,0,0,1,24.1,0.00,SILENT,IDLE-SILENT
243,3,0,0,1,65.8,0.00,SILENT,IDLE-SILENT
243,4,0,0,1,55.7,0.00,SILENT,IDLE-SILENT
244,0,0,0,1,72.0,0.00,SILENT,IDLE-SILENT
244,1,0,0,1,71.8,0.00,SILENT,IDLE-SILENT
244,2,0,0,1,24.0,0.00,SILENT,IDLE-SILENT
244,3,0,0,1,65.7,0.00,SILENT,IDLE-SILENT
244,4,0,0,1,55.6,0.00,SILENT,IDLE-SILENT
245,0,0,0,1,71.9,0.00,SILENT,IDLE-SILENT
245,1,0,0,1,71.7,0.00,SILENT,IDLE-SILENT
245,2,0,0,1,23.9,0.00,SILENT,IDLE-SILENT
245,3,0,0,1,65.6,0.00,SILENT,IDLE-SILENT
245,4,0,0,1,55.5,0.00,SILENT,IDLE-SILENT
246,0,0,0,1,71.8,0.00,SILENT,IDLE-SILENT
246,1,0,0,1,71.6,0.00,SILENT,IDLE-SILENT
246,2,0,0,1,23.8,0.00,SILENT,IDLE-SILENT
246,3,0,0,1,65.5,0.00,SILENT,IDLE-SILENT
246,4,0,0,1,55.4,0.00,SILENT,IDLE-SILENT
247,0,0,0,1,71.7,0.00,SILENT,IDLE-SILENT
247,1,0,0,1,71.5,0.00,SILENT,IDLE-SILENT
247,2,0,0,1,23.7,0.00,SILENT,IDLE-SILENT
247,3,0,0,1,65.4,0.00,SILENT,IDLE-SILENT
247,4,0,0,1,55.3,0.00,SILENT,IDLE-SILENT
248,0,0,0,1,71.6,0.00,SILENT,IDLE-SILENT
248,1,0,0,1,71.4,0.00,SILENT,IDLE-SILENT
248,2,0,0,1,23.6,0.00,SILENT,IDLE-SILENT
248,3,0,0,1,65.3,0.00,SILENT,IDLE-SILENT
248,4,0,0,1,55.2,0.00,SILENT,IDLE-SILENT
249,0,0,0,1,71.5,0.00,SILENT,IDLE-SILENT
249,1,0,0,1,71.3,0.00,SILENT,IDLE-SILENT
249,2,0,0,1,23.5,0.00,SILENT,IDLE-SILENT
249,3,0,0,1,65.2,0.00,SILENT,IDLE-SILENT
249,4,0,0,1,55.1,0.00,SILENT,IDLE-SILENT
250,0,0,0,1,71.4,0.00,SILENT,IDLE-SILENT
250,1,0,0,1,71.2,0.00,SILENT,IDLE-SILENT
250,2,0,0,1,23.4,0.00,SILENT,IDLE-SILENT
250,3,0,0,1,65.1,0.00,SILENT,IDLE-SILENT
250,4,0,0,1,55.0,0.00,SILENT,IDLE-SILENT
251,0,0,0,1,71.3,0.00,SILENT,IDLE-SILENT
251,1,0,0,1,71.1,0.00,SILENT,IDLE-SILENT
251,2,0,0,1,23.3,0.00,SILENT,IDLE-SILENT
251,3,0,0,1,65.0,0.00,SILENT,IDLE-SILENT
251,4,0,0,1,54.9,0.00,SILENT,IDLE-SILENT
252,0,0,0,1,71.2,0.00,SILENT,IDLE-SILENT
252,1,0,0,1,71.0,0.00,SILENT,IDLE-SILENT
252,2,0,0,1,23.2,0.00,SILENT,IDLE-SILENT
252,3,0,0,1,64.9,0.00,SILENT,IDLE-SILENT
252,4,0,0,1,54.8,0.00,SILENT,IDLE-SILENT
253,0,0,0,1,71.1,0.00,SILENT,IDLE-SILENT
253,1,0,0,1,70.9,0.00,SILENT,IDLE-SILENT
253,2,0,0,1,23.1,0.00,SILENT,IDLE-SILENT
253,3,0,0,1,64.8,0.00,SILENT,IDLE-SILENT
253,4,0,0,1,54.7,0.00,SILENT,IDLE-SILENT
254,0,0,0,1,71.0,0.00,SILENT,IDLE-SILENT
254,1,0,0,1,70.8,0.00,SILENT,IDLE-SILENT
254,2,0,0,1,23.0,0.00,SILENT,IDLE-SILENT
254,3,0,0,1,64.7,0.00,SILENT,IDLE-SILENT
254,4,0,0,1,54.6,0.00,SILENT,IDLE-SILENT
255,0,0,0,1,70.9,0.00,SILENT,IDLE-SILENT
255,1,0,0,1,70.7,0.00,SILENT,IDLE-SILENT
255,2,0,0,1,22.9,0.00,SILENT,IDLE-SILENT
255,3,0,0,1,64.6,0.00,SILENT,IDLE-SILENT
255,4,0,0,1,54.5,0.00,SILENT,IDLE-SILENT
256,0,0,0,1,70.8,0.00,SILENT,IDLE-SILENT
256,1,0,0,1,70.6,0.00,SILENT,IDLE-SILENT
256,2,0,0,1,22.8,0.00,SILENT,IDLE-SILENT
256,3,0,0,1,64.5,0.00,SILENT,IDLE-SILENT
256,4,0,0,1,54.4,0.00,SILENT,IDLE-SILENT
257,0,0,0,1,70.7,0.00,SILENT,IDLE-SILENT
257,1,0,0,1,70.5,0.00,SILENT,IDLE-SILENT
257,2,0,0,1,22.7,0.00,SILENT,IDLE-SILENT
257,3,0,0,1,64.4,0.00,SILENT,IDLE-SILENT
257,4,0,0,1,54.3,0.00,SILENT,IDLE-SILENT
258,0,0,0,1,70.6,0.00,SILENT,IDLE-SILENT
258,1,0,0,1,70.4,0.00,SILENT,IDLE-SILENT
258,2,0,0,1,22.6,0.00,SILENT,IDLE-SILENT
258,3,0,0,1,64.3,0.00,SILENT,IDLE-SILENT
258,4,0,0,1,54.2,0.00,SILENT,IDLE-SILENT
259,0,0,0,1,70.5,0.00,SILENT,IDLE-SILENT
259,1,0,0,1,70.3,0.00,SILENT,IDLE-SILENT
259,2,0,0,1,22.5,0.00,SILENT,IDLE-SILENT
259,3,0,0,1,64.2,0.00,SILENT,IDLE-SILENT
259,4,0,0,1,54.1,0.00,SILENT,IDLE-SILENT
260,0,0,0,1,70.4,0.00,SILENT,IDLE-SILENT
260,1,0,0,1,70.2,0.00,SILENT,IDLE-SILENT
260,2,0,0,1,22.4,0.00,SILENT,IDLE-SILENT
260,3,0,0,1,64.1,0.00,SILENT,IDLE-SILENT
260,4,0,0,1,54.0,0.00,SILENT,IDLE-SILENT
261,0,0,0,1,70.3,0.00,SILENT,IDLE-SILENT
261,1,0,0,1,70.1,0.00,SILENT,IDLE-SILENT
261,2,0,0,1,22.3,0.00,SILENT,IDLE-SILENT
261,3,0,0,1,64.0,0.00,SILENT,IDLE-SILENT
261,4,0,0,1,53.9,0.00,SILENT,IDLE-SILENT
262,0,0,0,1,70.2,0.00,SILENT,IDLE-SILENT
262,1,0,0,1,70.0,0.00,SILENT,IDLE-SILENT
262,2,0,0,1,22.2,0.00,SILENT,IDLE-SILENT
262,3,0,0,1,63.9,0.00,SILENT,IDLE-SILENT
262,4,0,0,1,53.8,0.00,SILENT,IDLE-SILENT
263,0,0,0,1,70.1,0.00,SILENT,IDLE-SILENT
263,1,0,0,1,69.9,0.00,SILENT,IDLE-SILENT
263,2,0,0,1,22.1,0.00,SILENT,IDLE-SILENT
263,3,0,0,1,63.8,0.00,SILENT,IDLE-SILENT
263,4,0,0,1,53.7,0.00,SILENT,IDLE-SILENT
264,0,0,0,1,70.0,0.00,SILENT,IDLE-SILENT
264,1,0,0,1,69.8,0.00,SILENT,IDLE-SILENT
264,2,0,0,1,22.0,0.00,SILENT,IDLE-SILENT
264,3,0,0,1,63.7,0.00,SILENT,IDLE-SILENT
264,4,0,0,1,53.6,0.00,SILENT,IDLE-SILENT
265,0,0,0,1,69.9,0.00,SILENT,IDLE-SILENT
265,1,0,0,1,69.7,0.00,SILENT,IDLE-SILENT
265,2,0,0,1,21.9,0.00,SILENT,IDLE-SILENT
265,3,0,0,1,63.6,0.00,SILENT,IDLE-SILENT
265,4,0,0,1,53.5,0.00,SILENT,IDLE-SILENT
266,0,0,0,1,69.8,0.00,SILENT,IDLE-SILENT
266,1,0,0,1,69.6,0.00,SILENT,IDLE-SILENT
266,2,0,0,1,21.8,0.00,SILENT,IDLE-SILENT
266,3,0,0,1,63.5,0.00,SILENT,IDLE-SILENT
266,4,0,0,1,53.4,0.00,SILENT,IDLE-SILENT
267,0,0,0,1,69.7,0.00,SILENT,IDLE-SILENT
267,1,0,0,1,69.5,0.00,SILENT,IDLE-SILENT
267,2,0,0,1,21.7,0.00,SILENT,IDLE-SILENT
267,3,0,0,1,63.4,0.00,SILENT,IDLE-SILENT
267,4,0,0,1,53.3,0.00,SILENT,IDLE-SILENT
268,0,0,0,1,69.6,0.00,SILENT,IDLE-SILENT
268,1,0,0,1,69.4,0.00,SILENT,IDLE-SILENT
268,2,0,0,1,21.6,0.00,SILENT,IDLE-SILENT
268,3,0,0,1,63.3,0.00,SILENT,IDLE-SILENT
268,4,0,0,1,53.2,0.00,SILENT,IDLE-SILENT
269,0,0,0,1,69.5,0.00,SILENT,IDLE-SILENT
269,1,0,0,1,69.3,0.00,SILENT,IDLE-SILENT
269,2,0,0,1,21.5,0.00,SILENT,IDLE-SILENT
269,3,0,0,1,63.2,0.00,SILENT,IDLE-SILENT
269,4,0,0,1,53.1,0.00,SILENT,IDLE-SILENT
270,0,0,0,1,69.4,0.00,SILENT,IDLE-SILENT
270,1,0,0,1,69.2,0.00,SILENT,IDLE-SILENT
270,2,0,0,1,21.4,0.00,SILENT,IDLE-SILENT
270,3,0,0,1,63.1,0.00,SILENT,IDLE-SILENT
270,4,0,0,1,53.0,0.00,SILENT,IDLE-SILENT
271,0,0,0,1,69.3,0.00,SILENT,IDLE-SILENT
271,1,0,0,1,69.1,0.00,SILENT,IDLE-SILENT
271,2,0,0,1,21.3,0.00,SILENT,IDLE-SILENT
271,3,0,0,1,63.0,0.00,SILENT,IDLE-SILENT
271,4,0,0,1,52.9,0.00,SILENT,IDLE-SILENT
272,0,0,0,1,69.2,0.00,SILENT,IDLE-SILENT
272,1,0,0,1,69.0,0.00,SILENT,IDLE-SILENT
272,2,0,0,1,21.2,0.00,SILENT,IDLE-SILENT
272,3,0,0,1,62.9,0.00,SILENT,IDLE-SILENT
272,4,0,0,1,52.8,0.00,SILENT,IDLE-SILENT
273,0,0,0,1,69.1,0.00,SILENT,IDLE-SILENT
273,1,0,0,1,68.9,0.00,SILENT,IDLE-SILENT
273,2,0,0,1,21.1,0.00,SILENT,IDLE-SILENT
273,3,0,0,1,62.8,0.00,SILENT,IDLE-SILENT
273,4,0,0,1,52.7,0.00,SILENT,IDLE-SILENT
274,0,0,0,1,69.0,0.00,SILENT,IDLE-SILENT
274,1,0,0,1,68.8,0.00,SILENT,IDLE-SILENT
274,2,0,0,1,21.0,0.00,SILENT,IDLE-SILENT
274,3,0,0,1,62.7,0.00,SILENT,IDLE-SILENT
274,4,0,0,1,52.6,0.00,SILENT,IDLE-SILENT
275,0,0,0,1,68.9,0.00,SILENT,IDLE-SILENT
275,1,0,0,1,68.7,0.00,SILENT,IDLE-SILENT
275,2,0,0,1,20.9,0.00,SILENT,IDLE-SILENT
275,3,0,0,1,62.6,0.00,SILENT,IDLE-SILENT
275,4,0,0,1,52.5,0.00,SILENT,IDLE-SILENT
276,0,0,0,1,68.8,0.00,SILENT,IDLE-SILENT
276,1,0,0,1,68.6,0.00,SILENT,IDLE-SILENT
276,2,0,0,1,20.8,0.00,SILENT,IDLE-SILENT
276,3,0,0,1,62.6,0.00,SILENT,IDLE-SILENT
276,4,0,0,1,52.4,0.00,SILENT,IDLE-SILENT
277,0,0,0,1,68.7,0.00,SILENT,IDLE-SILENT
277,1,0,0,1,68.5,0.00,SILENT,IDLE-SILENT
277,2,0,0,1,20.7,0.00,SILENT,IDLE-SILENT
277,3,0,0,1,62.6,0.00,SILENT,IDLE-SILENT
277,4,0,0,1,52.3,0.00,SILENT,IDLE-SILENT
278,0,0,0,1,68.6,0.00,SILENT,IDLE-SILENT
278,1,0,0,1,68.4,0.00,SILENT,IDLE-SILENT
278,2,0,0,1,20.6,0.00,SILENT,IDLE-SILENT
278,3,0,0,1,62.6,0.00,SILENT,IDLE-SILENT
278,4,0,0,1,52.2,0.00,SILENT,IDLE-SILENT
279,0,0,0,1,68.5,0.00,SILENT,IDLE-SILENT
279,1,0,0,1,68.3,0.00,SILENT,IDLE-SILENT
279,2,0,0,1,20.5,0.00,SILENT,IDLE-SILENT
279,3,0,0,1,62.6,0.00,SILENT,IDLE-SILENT
279,4,0,0,1,52.1,0.00,SILENT,IDLE-SILENT
280,0,0,0,1,68.4,0.00,SILENT,IDLE-SILENT
280,1,0,0,1,68.2,0.00,SILENT,IDLE-SILENT
280,2,0,0,1,20.4,0.00,SILENT,IDLE-SILENT
280,3,0,0,1,62.6,0.00,SILENT,IDLE-SILENT
280,4,0,0,1,52.0,0.00,SILENT,IDLE-SILENT
281,0,0,0,1,68.3,0.00,SILENT,IDLE-SILENT
281,1,0,0,1,68.1,0.00,SILENT,IDLE-SILENT
281,2,0,0,1,20.3,0.00,SILENT,IDLE-SILENT
281,3,0,0,1,62.6,0.00,SILENT,IDLE-SILENT
281,4,0,0,1,51.9,0.00,SILENT,IDLE-SILENT
282,0,0,0,1,68.2,0.00,SILENT,IDLE-SILENT
282,1,0,0,1,68.0,0.00,SILENT,IDLE-SILENT
282,2,0,0,1,20.2,0.00,SILENT,IDLE-SILENT
282,3,0,0,1,62.6,0.00,SILENT,IDLE-SILENT
282,4,0,0,1,51.8,0.00,SILENT,IDLE-SILENT
283,0,0,0,1,68.1,0.00,SILENT,IDLE-SILENT
283,1,0,0,1,67.9,0.00,SILENT,IDLE-SILENT
283,2,0,0,1,20.1,0.00,SILENT,IDLE-SILENT
283,3,0,0,1,62.6,0.00,SILENT,IDLE-SILENT
283,4,0,0,1,51.7,0.00,SILENT,IDLE-SILENT
284,0,0,0,1,68.0,0.00,SILENT,IDLE-SILENT
284,1,0,0,1,67.8,0.00,SILENT,IDLE-SILENT
284,2,0,0,1,20.0,0.00,SILENT,IDLE-SILENT
284,3,0,0,1,62.6,0.00,SILENT,IDLE-SILENT
284,4,0,0,1,51.6,0.00,SILENT,IDLE-SILENT
285,0,0,0,1,67.9,0.00,SILENT,IDLE-SILENT
285,1,0,0,1,67.7,0.00,SILENT,IDLE-SILENT
285,2,0,0,1,19.9,0.00,CRIT(20%),SILENT,IDLE-SILENT
285,3,0,0,1,62.6,0.00,SILENT,IDLE-SILENT
285,4,0,0,1,51.5,0.00,SILENT,IDLE-SILENT
286,0,0,0,1,67.8,0.00,SILENT,IDLE-SILENT
286,1,0,0,1,67.6,0.00,SILENT,IDLE-SILENT
286,2,0,0,1,19.8,0.00,CRIT(20%),SILENT,IDLE-SILENT
286,3,0,0,1,62.6,0.00,SILENT,IDLE-SILENT
286,4,0,0,1,51.4,0.00,SILENT,IDLE-SILENT
287,0,0,0,1,67.7,0.00,SILENT,IDLE-SILENT
287,1,0,0,1,67.5,0.00,SILENT,IDLE-SILENT
287,2,0,0,1,19.7,0.00,CRIT(20%),SILENT,IDLE-SILENT
287,3,0,0,1,62.6,0.00,SILENT,IDLE-SILENT
287,4,0,0,1,51.3,0.00,SILENT,IDLE-SILENT
288,0,0,0,1,67.6,0.00,SILENT,IDLE-SILENT
288,1,0,0,1,67.4,0.00,SILENT,IDLE-SILENT
288,2,0,0,1,19.6,0.00,CRIT(20%),SILENT,IDLE-SILENT
288,3,0,0,1,62.6,0.00,SILENT,IDLE-SILENT
288,4,0,0,1,51.2,0.00,SILENT,IDLE-SILENT
289,0,0,0,1,67.5,0.00,SILENT,IDLE-SILENT
289,1,0,0,1,67.3,0.00,SILENT,IDLE-SILENT
289,2,0,0,1,19.5,0.00,CRIT(20%),SILENT,IDLE-SILENT
289,3,0,0,1,62.6,0.00,SILENT,IDLE-SILENT
289,4,0,0,1,51.1,0.00,SILENT,IDLE-SILENT
290,0,0,0,1,67.4,0.00,SILENT,IDLE-SILENT
290,1,0,0,1,67.2,0.00,SILENT,IDLE-SILENT
290,2,0,0,1,19.4,0.00,CRIT(19%),SILENT,IDLE-SILENT
290,3,0,0,1,62.6,0.00,SILENT,IDLE-SILENT
290,4,0,0,1,51.0,0.00,SILENT,IDLE-SILENT
291,0,0,0,1,67.3,0.00,SILENT,IDLE-SILENT
291,1,0,0,1,67.1,0.00,SILENT,IDLE-SILENT
291,2,0,0,1,19.3,0.00,CRIT(19%),SILENT,IDLE-SILENT
291,3,0,0,1,62.6,0.00,SILENT,IDLE-SILENT
291,4,0,0,1,50.9,0.00,SILENT,IDLE-SILENT
292,0,0,0,1,67.2,0.00,SILENT,IDLE-SILENT
292,1,0,0,1,67.0,0.00,SILENT,IDLE-SILENT
292,2,0,0,1,19.2,0.00,CRIT(19%),SILENT,IDLE-SILENT
292,3,0,0,1,62.6,0.00,SILENT,IDLE-SILENT
292,4,0,0,1,50.8,0.00,SILENT,IDLE-SILENT
293,0,0,0,1,67.1,0.00,SILENT,IDLE-SILENT
293,1,0,0,1,66.9,0.00,SILENT,IDLE-SILENT
293,2,0,0,1,19.1,0.00,CRIT(19%),SILENT,IDLE-SILENT
293,3,0,0,1,62.6,0.00,SILENT,IDLE-SILENT
293,4,0,0,1,50.7,0.00,SILENT,IDLE-SILENT
294,0,0,0,1,67.0,0.00,SILENT,IDLE-SILENT
294,1,0,0,1,66.8,0.00,SILENT,IDLE-SILENT
294,2,0,0,1,19.0,0.00,CRIT(19%),SILENT,IDLE-SILENT
294,3,0,0,1,62.6,0.00,SILENT,IDLE-SILENT
294,4,0,0,1,50.6,0.00,SILENT,IDLE-SILENT
295,0,0,0,1,66.9,0.00,SILENT,IDLE-SILENT
295,1,0,0,1,66.7,0.00,SILENT,IDLE-SILENT
295,2,0,0,1,18.9,0.00,CRIT(19%),SILENT,IDLE-SILENT
295,3,0,0,1,62.6,0.00,SILENT,IDLE-SILENT
295,4,0,0,1,50.5,0.00,SILENT,IDLE-SILENT
296,0,0,0,1,66.8,0.00,SILENT,IDLE-SILENT
296,1,0,0,1,66.6,0.00,SILENT,IDLE-SILENT
296,2,0,0,1,18.8,0.00,CRIT(19%),SILENT,IDLE-SILENT
296,3,0,0,1,62.6,0.00,SILENT,IDLE-SILENT
296,4,0,0,1,50.4,0.00,SILENT,IDLE-SILENT
297,0,0,0,1,66.7,0.00,SILENT,IDLE-SILENT
297,1,0,0,1,66.5,0.00,SILENT,IDLE-SILENT
297,2,0,0,1,18.7,0.00,CRIT(19%),SILENT,IDLE-SILENT
297,3,0,0,1,62.6,0.00,SILENT,IDLE-SILENT
297,4,0,0,1,50.3,0.00,SILENT,IDLE-SILENT
298,0,0,0,1,66.6,0.00,SILENT,IDLE-SILENT
298,1,0,0,1,66.4,0.00,SILENT,IDLE-SILENT
298,2,0,0,1,18.6,0.00,CRIT(19%),SILENT,IDLE-SILENT
298,3,0,0,1,62.6,0.00,SILENT,IDLE-SILENT
298,4,0,0,1,50.2,0.00,SILENT,IDLE-SILENT
299,0,0,0,1,66.5,0.00,SILENT,IDLE-SILENT
299,1,0,0,1,66.3,0.00,SILENT,IDLE-SILENT
299,2,0,0,1,18.5,0.00,CRIT(19%),SILENT,IDLE-SILENT
299,3,0,0,1,62.6,0.00,SILENT,IDLE-SILENT
299,4,0,0,1,50.1,0.00,SILENT,IDLE-SILENT
300,0,0,0,1,66.4,0.00,SILENT,IDLE-SILENT
300,1,0,0,1,66.2,0.00,SILENT,IDLE-SILENT
300,2,0,0,1,18.4,0.00,CRIT(18%),SILENT,IDLE-SILENT
300,3,0,0,1,62.6,0.00,SILENT,IDLE-SILENT
300,4,0,0,1,50.0,0.00,SILENT,IDLE-SILENT
301,0,0,0,1,66.3,0.00,SILENT,IDLE-SILENT
301,1,0,0,1,66.1,0.00,SILENT,IDLE-SILENT
301,2,0,0,1,18.3,0.00,CRIT(18%),SILENT,IDLE-SILENT
301,3,0,0,1,62.6,0.00,SILENT,IDLE-SILENT
301,4,0,0,1,49.9,0.00,SILENT,IDLE-SILENT
302,0,0,0,1,66.2,0.00,SILENT,IDLE-SILENT
302,1,0,0,1,66.0,0.00,SILENT,IDLE-SILENT
302,2,0,0,1,18.2,0.00,CRIT(18%),SILENT,IDLE-SILENT
302,3,0,0,1,62.6,0.00,SILENT,IDLE-SILENT
302,4,0,0,1,49.8,0.00,SILENT,IDLE-SILENT
303,0,0,0,1,66.1,0.00,SILENT,IDLE-SILENT
303,1,0,0,1,65.9,0.00,SILENT,IDLE-SILENT
303,2,0,0,1,18.1,0.00,CRIT(18%),SILENT,IDLE-SILENT
303,3,0,0,1,62.6,0.00,SILENT,IDLE-SILENT
303,4,0,0,1,49.7,0.00,SILENT,IDLE-SILENT
304,0,0,0,1,66.0,0.00,SILENT,IDLE-SILENT
304,1,0,0,1,65.8,0.00,SILENT,IDLE-SILENT
304,2,0,0,1,18.0,0.00,CRIT(18%),SILENT,IDLE-SILENT
304,3,0,0,1,62.6,0.00,SILENT,IDLE-SILENT
304,4,0,0,1,49.6,0.00,SILENT,IDLE-SILENT
305,0,0,0,1,65.9,0.00,SILENT,IDLE-SILENT
305,1,0,0,1,65.7,0.00,SILENT,IDLE-SILENT
305,2,0,0,1,17.9,0.00,CRIT(18%),SILENT,IDLE-SILENT
305,3,0,0,1,62.5,0.00,SILENT,IDLE-SILENT
305,4,0,0,1,49.5,0.00,SILENT,IDLE-SILENT
306,0,0,0,1,65.8,0.00,SILENT,IDLE-SILENT
306,1,0,0,1,65.6,0.00,SILENT,IDLE-SILENT
306,2,0,0,1,17.8,0.00,CRIT(18%),SILENT,IDLE-SILENT
306,3,0,0,1,62.4,0.00,SILENT,IDLE-SILENT
306,4,0,0,1,49.4,0.00,SILENT,IDLE-SILENT
307,0,0,0,1,65.7,0.00,SILENT,IDLE-SILENT
307,1,0,0,1,65.5,0.00,SILENT,IDLE-SILENT
307,2,0,0,1,17.7,0.00,CRIT(18%),SILENT,IDLE-SILENT
307,3,0,0,1,62.3,0.00,SILENT,IDLE-SILENT
307,4,0,0,1,49.3,0.00,SILENT,IDLE-SILENT
308,0,0,0,1,65.6,0.00,SILENT,IDLE-SILENT
308,1,0,0,1,65.4,0.00,SILENT,IDLE-SILENT
308,2,0,0,1,17.6,0.00,CRIT(18%),SILENT,IDLE-SILENT
308,3,0,0,1,62.2,0.00,SILENT,IDLE-SILENT
308,4,0,0,1,49.2,0.00,SILENT,IDLE-SILENT
309,0,0,0,1,65.5,0.00,SILENT,IDLE-SILENT
309,1,0,0,1,65.3,0.00,SILENT,IDLE-SILENT
309,2,0,0,1,17.5,0.00,CRIT(18%),SILENT,IDLE-SILENT
309,3,0,0,1,62.1,0.00,SILENT,IDLE-SILENT
309,4,0,0,1,49.1,0.00,SILENT,IDLE-SILENT
310,0,0,0,1,65.4,0.00,SILENT,IDLE-SILENT
310,1,0,0,1,65.2,0.00,SILENT,IDLE-SILENT
310,2,0,0,1,17.4,0.00,CRIT(17%),SILENT,IDLE-SILENT
310,3,0,0,1,62.0,0.00,SILENT,IDLE-SILENT
310,4,0,0,1,49.0,0.00,SILENT,IDLE-SILENT
311,0,0,0,1,65.3,0.00,SILENT,IDLE-SILENT
311,1,0,0,1,65.1,0.00,SILENT,IDLE-SILENT
311,2,0,0,1,17.3,0.00,CRIT(17%),SILENT,IDLE-SILENT
311,3,0,0,1,61.9,0.00,SILENT,IDLE-SILENT
311,4,0,0,1,48.9,0.00,SILENT,IDLE-SILENT
312,0,0,0,1,65.2,0.00,SILENT,IDLE-SILENT
312,1,0,0,1,65.0,0.00,SILENT,IDLE-SILENT
312,2,0,0,1,17.2,0.00,CRIT(17%),SILENT,IDLE-SILENT
312,3,0,0,1,61.8,0.00,SILENT,IDLE-SILENT
312,4,0,0,1,48.8,0.00,SILENT,IDLE-SILENT
313,0,0,0,1,65.1,0.00,SILENT,IDLE-SILENT
313,1,0,0,1,64.9,0.00,SILENT,IDLE-SILENT
313,2,0,0,1,17.1,0.00,CRIT(17%),SILENT,IDLE-SILENT
313,3,0,0,1,61.7,0.00,SILENT,IDLE-SILENT
313,4,0,0,1,48.7,0.00,SILENT,IDLE-SILENT
314,0,0,0,1,65.0,0.00,SILENT,IDLE-SILENT
314,1,0,0,1,64.8,0.00,SILENT,IDLE-SILENT
314,2,0,0,1,17.0,0.00,CRIT(17%),SILENT,IDLE-SILENT
314,3,0,0,1,61.6,0.00,SILENT,IDLE-SILENT
314,4,0,0,1,48.6,0.00,SILENT,IDLE-SILENT
315,0,0,0,1,64.9,0.00,SILENT,IDLE-SILENT
315,1,0,0,1,64.7,0.00,SILENT,IDLE-SILENT
315,2,0,0,1,16.9,0.00,CRIT(17%),SILENT,IDLE-SILENT
315,3,0,0,1,61.5,0.00,SILENT,IDLE-SILENT
315,4,0,0,1,48.5,0.00,SILENT,IDLE-SILENT
316,0,0,0,1,64.8,0.00,SILENT,IDLE-SILENT
316,1,0,0,1,64.6,0.00,SILENT,IDLE-SILENT
316,2,0,0,1,16.8,0.00,CRIT(17%),SILENT,IDLE-SILENT
316,3,0,0,1,61.4,0.00,SILENT,IDLE-SILENT
316,4,0,0,1,48.4,0.00,SILENT,IDLE-SILENT
317,0,0,0,1,64.7,0.00,SILENT,IDLE-SILENT
317,1,0,0,1,64.5,0.00,SILENT,IDLE-SILENT
317,2,0,0,1,16.7,0.00,CRIT(17%),SILENT,IDLE-SILENT
317,3,0,0,1,61.3,0.00,SILENT,IDLE-SILENT
317,4,0,0,1,48.3,0.00,SILENT,IDLE-SILENT
318,0,0,0,1,64.6,0.00,SILENT,IDLE-SILENT
318,1,0,0,1,64.4,0.00,SILENT,IDLE-SILENT
318,2,0,0,1,16.6,0.00,CRIT(17%),SILENT,IDLE-SILENT
318,3,0,0,1,61.2,0.00,SILENT,IDLE-SILENT
318,4,0,0,1,48.2,0.00,SILENT,IDLE-SILENT
319,0,0,0,1,64.5,0.00,SILENT,IDLE-SILENT
319,1,0,0,1,64.3,0.00,SILENT,IDLE-SILENT
319,2,0,0,1,16.5,0.00,CRIT(17%),SILENT,IDLE-SILENT
319,3,0,0,1,61.1,0.00,SILENT,IDLE-SILENT
319,4,0,0,1,48.1,0.00,SILENT,IDLE-SILENT
320,0,0,0,1,64.4,0.00,SILENT,IDLE-SILENT
320,1,0,0,1,64.2,0.00,SILENT,IDLE-SILENT
320,2,0,0,1,16.4,0.00,CRIT(16%),SILENT,IDLE-SILENT
320,3,0,0,1,61.0,0.00,SILENT,IDLE-SILENT
320,4,0,0,1,48.0,0.00,SILENT,IDLE-SILENT
321,0,0,0,1,64.3,0.00,SILENT,IDLE-SILENT
321,1,0,0,1,64.1,0.00,SILENT,IDLE-SILENT
321,2,0,0,1,16.3,0.00,CRIT(16%),SILENT,IDLE-SILENT
321,3,0,0,1,60.9,0.00,SILENT,IDLE-SILENT
321,4,0,0,1,47.9,0.00,SILENT,IDLE-SILENT
322,0,0,0,1,64.2,0.00,SILENT,IDLE-SILENT
322,1,0,0,1,64.0,0.00,SILENT,IDLE-SILENT
322,2,0,0,1,16.2,0.00,CRIT(16%),SILENT,IDLE-SILENT
322,3,0,0,1,60.8,0.00,SILENT,IDLE-SILENT
322,4,0,0,1,47.9,0.00,SILENT,IDLE-SILENT
323,0,0,0,1,64.1,0.00,SILENT,IDLE-SILENT
323,1,0,0,1,63.9,0.00,SILENT,IDLE-SILENT
323,2,0,0,1,16.1,0.00,CRIT(16%),SILENT,IDLE-SILENT
323,3,0,0,1,60.7,0.00,SILENT,IDLE-SILENT
323,4,0,0,1,47.9,0.00,SILENT,IDLE-SILENT
324,0,0,0,1,64.0,0.00,SILENT,IDLE-SILENT
324,1,0,0,1,63.8,0.00,SILENT,IDLE-SILENT
324,2,0,0,1,16.0,0.00,CRIT(16%),SILENT,IDLE-SILENT
324,3,0,0,1,60.6,0.00,SILENT,IDLE-SILENT
324,4,0,0,1,47.9,0.00,SILENT,IDLE-SILENT
325,0,0,0,1,63.9,0.00,SILENT,IDLE-SILENT
325,1,0,0,1,63.7,0.00,SILENT,IDLE-SILENT
325,2,0,0,1,15.9,0.00,CRIT(16%),SILENT,IDLE-SILENT
325,3,0,0,1,60.5,0.00,SILENT,IDLE-SILENT
325,4,0,0,1,47.9,0.00,SILENT,IDLE-SILENT
326,0,0,0,1,63.8,0.00,SILENT,IDLE-SILENT
326,1,0,0,1,63.6,0.00,SILENT,IDLE-SILENT
326,2,0,0,1,15.8,0.00,CRIT(16%),SILENT,IDLE-SILENT
326,3,0,0,1,60.4,0.00,SILENT,IDLE-SILENT
326,4,0,0,1,47.9,0.00,SILENT,IDLE-SILENT
327,0,0,0,1,63.7,0.00,SILENT,IDLE-SILENT
327,1,0,0,1,63.5,0.00,SILENT,IDLE-SILENT
327,2,0,0,1,15.7,0.00,CRIT(16%),SILENT,IDLE-SILENT
327,3,0,0,1,60.3,0.00,SILENT,IDLE-SILENT
327,4,0,0,1,47.9,0.00,SILENT,IDLE-SILENT
328,0,0,0,1,63.6,0.00,SILENT,IDLE-SILENT
328,1,0,0,1,63.4,0.00,SILENT,IDLE-SILENT
328,2,0,0,1,15.6,0.00,CRIT(16%),SILENT,IDLE-SILENT
328,3,0,0,1,60.2,0.00,SILENT,IDLE-SILENT
328,4,0,0,1,47.9,0.00,SILENT,IDLE-SILENT
329,0,0,0,1,63.5,0.00,SILENT,IDLE-SILENT
329,1,0,0,1,63.3,0.00,SILENT,IDLE-SILENT
329,2,0,0,1,15.5,0.00,CRIT(16%),SILENT,IDLE-SILENT
329,3,0,0,1,60.1,0.00,SILENT,IDLE-SILENT
329,4,0,0,1,47.9,0.00,SILENT,IDLE-SILENT
330,0,0,0,1,63.4,0.00,SILENT,IDLE-SILENT
330,1,0,0,1,63.2,0.00,SILENT,IDLE-SILENT
330,2,0,0,1,15.4,0.00,CRIT(15%),SILENT,IDLE-SILENT
330,3,0,0,1,60.0,0.00,SILENT,IDLE-SILENT
330,4,0,0,1,47.9,0.00,SILENT,IDLE-SILENT
331,0,0,0,1,63.3,0.00,SILENT,IDLE-SILENT
331,1,0,0,1,63.1,0.00,SILENT,IDLE-SILENT
331,2,0,0,1,15.3,0.00,CRIT(15%),SILENT,IDLE-SILENT
331,3,0,0,1,59.9,0.00,SILENT,IDLE-SILENT
331,4,0,0,1,47.9,0.00,SILENT,IDLE-SILENT
332,0,0,0,1,63.2,0.00,SILENT,IDLE-SILENT
332,1,0,0,1,63.0,0.00,SILENT,IDLE-SILENT
332,2,0,0,1,15.2,0.00,CRIT(15%),SILENT,IDLE-SILENT
332,3,0,0,1,59.8,0.00,SILENT,IDLE-SILENT
332,4,0,0,1,47.9,0.00,SILENT,IDLE-SILENT
333,0,0,0,1,63.1,0.00,SILENT,IDLE-SILENT
333,1,0,0,1,62.9,0.00,SILENT,IDLE-SILENT
333,2,0,0,1,15.1,0.00,CRIT(15%),SILENT,IDLE-SILENT
333,3,0,0,1,59.7,0.00,SILENT,IDLE-SILENT
333,4,0,0,1,47.9,0.00,SILENT,IDLE-SILENT
334,0,0,0,1,63.0,0.00,SILENT,IDLE-SILENT
334,1,0,0,1,62.8,0.00,SILENT,IDLE-SILENT
334,2,0,0,1,15.0,0.00,CRIT(15%),SILENT,IDLE-SILENT
334,3,0,0,1,59.6,0.00,SILENT,IDLE-SILENT
334,4,0,0,1,47.9,0.00,SILENT,IDLE-SILENT
335,0,0,0,1,62.9,0.00,SILENT,IDLE-SILENT
335,1,0,0,1,62.7,0.00,SILENT,IDLE-SILENT
335,2,0,0,1,14.9,0.00,CRIT(15%),SILENT,IDLE-SILENT
335,3,0,0,1,59.5,0.00,SILENT,IDLE-SILENT
335,4,0,0,1,47.9,0.00,SILENT,IDLE-SILENT
336,0,0,0,1,62.8,0.00,SILENT,IDLE-SILENT
336,1,0,0,1,62.6,0.00,SILENT,IDLE-SILENT
336,2,0,0,1,14.8,0.00,CRIT(15%),SILENT,IDLE-SILENT
336,3,0,0,1,59.4,0.00,SILENT,IDLE-SILENT
336,4,0,0,1,47.9,0.00,SILENT,IDLE-SILENT
337,0,0,0,1,62.7,0.00,SILENT,IDLE-SILENT
337,1,0,0,1,62.5,0.00,SILENT,IDLE-SILENT
337,2,0,0,1,14.7,0.00,CRIT(15%),SILENT,IDLE-SILENT
337,3,0,0,1,59.3,0.00,SILENT,IDLE-SILENT
337,4,0,0,1,47.9,0.00,SILENT,IDLE-SILENT
338,0,0,0,1,62.6,0.00,SILENT,IDLE-SILENT
338,1,0,0,1,62.4,0.00,SILENT,IDLE-SILENT
338,2,0,0,1,14.6,0.00,CRIT(15%),SILENT,IDLE-SILENT
338,3,0,0,1,59.2,0.00,SILENT,IDLE-SILENT
338,4,0,0,1,47.9,0.00,SILENT,IDLE-SILENT
339,0,0,0,1,62.5,0.00,SILENT,IDLE-SILENT
339,1,0,0,1,62.3,0.00,SILENT,IDLE-SILENT
339,2,0,0,1,14.5,0.00,CRIT(15%),SILENT,IDLE-SILENT
339,3,0,0,1,59.1,0.00,SILENT,IDLE-SILENT
339,4,0,0,1,47.9,0.00,SILENT,IDLE-SILENT
340,0,0,0,1,62.4,0.00,SILENT,IDLE-SILENT
340,1,0,0,1,62.2,0.00,SILENT,IDLE-SILENT
340,2,0,0,1,14.4,0.00,CRIT(14%),SILENT,IDLE-SILENT
340,3,0,0,1,59.0,0.00,SILENT,IDLE-SILENT
340,4,0,0,1,47.9,0.00,SILENT,IDLE-SILENT
341,0,0,0,1,62.3,0.00,SILENT,IDLE-SILENT
341,1,0,0,1,62.1,0.00,SILENT,IDLE-SILENT
341,2,0,0,1,14.3,0.00,CRIT(14%),SILENT,IDLE-SILENT
341,3,0,0,1,58.9,0.00,SILENT,IDLE-SILENT
341,4,0,0,1,47.9,0.00,SILENT,IDLE-SILENT
342,0,0,0,1,62.2,0.00,SILENT,IDLE-SILENT
342,1,0,0,1,62.0,0.00,SILENT,IDLE-SILENT
342,2,0,0,1,14.2,0.00,CRIT(14%),SILENT,IDLE-SILENT
342,3,0,0,1,58.8,0.00,SILENT,IDLE-SILENT
342,4,0,0,1,47.9,0.00,SILENT,IDLE-SILENT
343,0,0,0,1,62.1,0.00,SILENT,IDLE-SILENT
343,1,0,0,1,61.9,0.00,SILENT,IDLE-SILENT
343,2,0,0,1,14.1,0.00,CRIT(14%),SILENT,IDLE-SILENT
343,3,0,0,1,58.7,0.00,SILENT,IDLE-SILENT
343,4,0,0,1,47.9,0.00,SILENT,IDLE-SILENT
344,0,0,0,1,62.0,0.00,SILENT,IDLE-SILENT
344,1,0,0,1,61.8,0.00,SILENT,IDLE-SILENT
344,2,0,0,1,14.0,0.00,CRIT(14%),SILENT,IDLE-SILENT
344,3,0,0,1,58.6,0.00,SILENT,IDLE-SILENT
344,4,0,0,1,47.9,0.00,SILENT,IDLE-SILENT
345,0,0,0,1,61.9,0.00,SILENT,IDLE-SILENT
345,1,0,0,1,61.7,0.00,SILENT,IDLE-SILENT
345,2,0,0,1,13.9,0.00,CRIT(14%),SILENT,IDLE-SILENT
345,3,0,0,1,58.5,0.00,SILENT,IDLE-SILENT
345,4,0,0,1,47.9,0.00,SILENT,IDLE-SILENT
346,0,0,0,1,61.8,0.00,SILENT,IDLE-SILENT
346,1,0,0,1,61.6,0.00,SILENT,IDLE-SILENT
346,2,0,0,1,13.8,0.00,CRIT(14%),SILENT,IDLE-SILENT
346,3,0,0,1,58.4,0.00,SILENT,IDLE-SILENT
346,4,0,0,1,47.9,0.00,SILENT,IDLE-SILENT
347,0,0,0,1,61.7,0.00,SILENT,IDLE-SILENT
347,1,0,0,1,61.5,0.00,SILENT,IDLE-SILENT
347,2,0,0,1,13.7,0.00,CRIT(14%),SILENT,IDLE-SILENT
347,3,0,0,1,58.3,0.00,SILENT,IDLE-SILENT
347,4,0,0,1,47.9,0.00,SILENT,IDLE-SILENT
348,0,0,0,1,61.6,0.00,SILENT,IDLE-SILENT
348,1,0,0,1,61.4,0.00,SILENT,IDLE-SILENT
348,2,0,0,1,13.6,0.00,CRIT(14%),SILENT,IDLE-SILENT
348,3,0,0,1,58.2,0.00,SILENT,IDLE-SILENT
348,4,0,0,1,47.9,0.00,SILENT,IDLE-SILENT
349,0,0,0,1,61.5,0.00,SILENT,IDLE-SILENT
349,1,0,0,1,61.3,0.00,SILENT,IDLE-SILENT
349,2,0,0,1,13.5,0.00,CRIT(14%),SILENT,IDLE-SILENT
349,3,0,0,1,58.1,0.00,SILENT,IDLE-SILENT
349,4,0,0,1,47.9,0.00,SILENT,IDLE-SILENT
350,0,0,0,1,61.4,0.00,SILENT,IDLE-SILENT
350,1,0,0,1,61.2,0.00,SILENT,IDLE-SILENT
350,2,0,0,1,13.4,0.00,CRIT(13%),SILENT,IDLE-SILENT
350,3,0,0,1,58.0,0.00,SILENT,IDLE-SILENT
350,4,0,0,1,47.9,0.00,SILENT,IDLE-SILENT
351,0,0,0,1,61.3,0.00,SILENT,IDLE-SILENT
351,1,0,0,1,61.1,0.00,SILENT,IDLE-SILENT
351,2,0,0,1,13.3,0.00,CRIT(13%),SILENT,IDLE-SILENT
351,3,0,0,1,57.9,0.00,SILENT,IDLE-SILENT
351,4,0,0,1,47.8,0.00,SILENT,IDLE-SILENT
352,0,0,0,1,61.2,0.00,SILENT,IDLE-SILENT
352,1,0,0,1,61.0,0.00,SILENT,IDLE-SILENT
352,2,0,0,1,13.2,0.00,CRIT(13%),SILENT,IDLE-SILENT
352,3,0,0,1,57.8,0.00,SILENT,IDLE-SILENT
352,4,0,0,1,47.7,0.00,SILENT,IDLE-SILENT
353,0,0,0,1,61.1,0.00,SILENT,IDLE-SILENT
353,1,0,0,1,60.9,0.00,SILENT,IDLE-SILENT
353,2,0,0,1,13.1,0.00,CRIT(13%),SILENT,IDLE-SILENT
353,3,0,0,1,57.7,0.00,SILENT,IDLE-SILENT
353,4,0,0,1,47.6,0.00,SILENT,IDLE-SILENT
354,0,0,0,1,61.0,0.00,SILENT,IDLE-SILENT
354,1,0,0,1,60.8,0.00,SILENT,IDLE-SILENT
354,2,0,0,1,13.0,0.00,CRIT(13%),SILENT,IDLE-SILENT
354,3,0,0,1,57.6,0.00,SILENT,IDLE-SILENT
354,4,0,0,1,47.5,0.00,SILENT,IDLE-SILENT
355,0,0,0,1,60.9,0.00,SILENT,IDLE-SILENT
355,1,0,0,1,60.7,0.00,SILENT,IDLE-SILENT
355,2,0,0,1,12.9,0.00,CRIT(13%),SILENT,IDLE-SILENT
355,3,0,0,1,57.5,0.00,SILENT,IDLE-SILENT
355,4,0,0,1,47.4,0.00,SILENT,IDLE-SILENT
356,0,0,0,1,60.8,0.00,SILENT,IDLE-SILENT
356,1,0,0,1,60.7,0.00,SILENT,IDLE-SILENT
356,2,0,0,1,12.8,0.00,CRIT(13%),SILENT,IDLE-SILENT
356,3,0,0,1,57.4,0.00,SILENT,IDLE-SILENT
356,4,0,0,1,47.3,0.00,SILENT,IDLE-SILENT
357,0,0,0,1,60.7,0.00,SILENT,IDLE-SILENT
357,1,0,0,1,60.7,0.00,SILENT,IDLE-SILENT
357,2,0,0,1,12.7,0.00,CRIT(13%),SILENT,IDLE-SILENT
357,3,0,0,1,57.3,0.00,SILENT,IDLE-SILENT
357,4,0,0,1,47.2,0.00,SILENT,IDLE-SILENT
358,0,0,0,1,60.6,0.00,SILENT,IDLE-SILENT
358,1,0,0,1,60.7,0.00,SILENT,IDLE-SILENT
358,2,0,0,1,12.6,0.00,CRIT(13%),SILENT,IDLE-SILENT
358,3,0,0,1,57.2,0.00,SILENT,IDLE-SILENT
358,4,0,0,1,47.1,0.00,SILENT,IDLE-SILENT
359,0,0,0,1,60.5,0.00,SILENT,IDLE-SILENT
359,1,0,0,1,60.7,0.00,SILENT,IDLE-SILENT
359,2,0,0,1,12.5,0.00,CRIT(13%),SILENT,IDLE-SILENT
359,3,0,0,1,57.1,0.00,SILENT,IDLE-SILENT
359,4,0,0,1,47.0,0.00,SILENT,IDLE-SILENT
360,0,0,0,1,60.4,0.00,SILENT,IDLE-SILENT
360,1,0,0,1,60.7,0.00,SILENT,IDLE-SILENT
360,2,0,0,1,12.4,0.00,CRIT(12%),SILENT,IDLE-SILENT
360,3,0,0,1,57.0,0.00,SILENT,IDLE-SILENT
360,4,0,0,1,46.9,0.00,SILENT,IDLE-SILENT
361,0,0,0,1,60.3,0.00,SILENT,IDLE-SILENT
361,1,0,0,1,60.7,0.00,SILENT,IDLE-SILENT
361,2,0,0,1,12.3,0.00,CRIT(12%),SILENT,IDLE-SILENT
361,3,0,0,1,56.9,0.00,SILENT,IDLE-SILENT
361,4,0,0,1,46.8,0.00,SILENT,IDLE-SILENT
362,0,0,0,1,60.2,0.00,SILENT,IDLE-SILENT
362,1,0,0,1,60.7,0.00,SILENT,IDLE-SILENT
362,2,0,0,1,12.2,0.00,CRIT(12%),SILENT,IDLE-SILENT
362,3,0,0,1,56.8,0.00,SILENT,IDLE-SILENT
362,4,0,0,1,46.7,0.00,SILENT,IDLE-SILENT
363,0,0,0,1,60.1,0.00,SILENT,IDLE-SILENT
363,1,0,0,1,60.7,0.00,SILENT,IDLE-SILENT
363,2,0,0,1,12.1,0.00,CRIT(12%),SILENT,IDLE-SILENT
363,3,0,0,1,56.7,0.00,SILENT,IDLE-SILENT
363,4,0,0,1,46.6,0.00,SILENT,IDLE-SILENT
364,0,0,0,1,60.0,0.00,SILENT,IDLE-SILENT
364,1,0,0,1,60.7,0.00,SILENT,IDLE-SILENT
364,2,0,0,1,12.0,0.00,CRIT(12%),SILENT,IDLE-SILENT
364,3,0,0,1,56.6,0.00,SILENT,IDLE-SILENT
364,4,0,0,1,46.5,0.00,SILENT,IDLE-SILENT
365,0,0,0,1,59.9,0.00,SILENT,IDLE-SILENT
365,1,0,0,1,60.7,0.00,SILENT,IDLE-SILENT
365,2,0,0,1,11.9,0.00,CRIT(12%),SILENT,IDLE-SILENT
365,3,0,0,1,56.5,0.00,SILENT,IDLE-SILENT
365,4,0,0,1,46.4,0.00,SILENT,IDLE-SILENT
366,0,0,0,1,59.8,0.00,SILENT,IDLE-SILENT
366,1,0,0,1,60.7,0.00,SILENT,IDLE-SILENT
366,2,0,0,1,11.8,0.00,CRIT(12%),SILENT,IDLE-SILENT
366,3,0,0,1,56.4,0.00,SILENT,IDLE-SILENT
366,4,0,0,1,46.3,0.00,SILENT,IDLE-SILENT
367,0,0,0,1,59.7,0.00,SILENT,IDLE-SILENT
367,1,0,0,1,60.7,0.00,SILENT,IDLE-SILENT
367,2,0,0,1,11.7,0.00,CRIT(12%),SILENT,IDLE-SILENT
367,3,0,0,1,56.3,0.00,SILENT,IDLE-SILENT
367,4,0,0,1,46.2,0.00,SILENT,IDLE-SILENT
368,0,0,0,1,59.6,0.00,SILENT,IDLE-SILENT
368,1,0,0,1,60.7,0.00,SILENT,IDLE-SILENT
368,2,0,0,1,11.6,0.00,CRIT(12%),SILENT,IDLE-SILENT
368,3,0,0,1,56.2,0.00,SILENT,IDLE-SILENT
368,4,0,0,1,46.1,0.00,SILENT,IDLE-SILENT
369,0,0,0,1,59.5,0.00,SILENT,IDLE-SILENT
369,1,0,0,1,60.7,0.00,SILENT,IDLE-SILENT
369,2,0,0,1,11.5,0.00,CRIT(12%),SILENT,IDLE-SILENT
369,3,0,0,1,56.1,0.00,SILENT,IDLE-SILENT
369,4,0,0,1,46.0,0.00,SILENT,IDLE-SILENT
370,0,0,0,1,59.4,0.00,SILENT,IDLE-SILENT
370,1,0,0,1,60.7,0.00,SILENT,IDLE-SILENT
370,2,0,0,1,11.4,0.00,CRIT(11%),SILENT,IDLE-SILENT
370,3,0,0,1,56.0,0.00,SILENT,IDLE-SILENT
370,4,0,0,1,45.9,0.00,SILENT,IDLE-SILENT
371,0,0,0,1,59.3,0.00,SILENT,IDLE-SILENT
371,1,0,0,1,60.7,0.00,SILENT,IDLE-SILENT
371,2,0,0,1,11.3,0.00,CRIT(11%),SILENT,IDLE-SILENT
371,3,0,0,1,55.9,0.00,SILENT,IDLE-SILENT
371,4,0,0,1,45.8,0.00,SILENT,IDLE-SILENT
372,0,0,0,1,59.2,0.00,SILENT,IDLE-SILENT
372,1,0,0,1,60.7,0.00,SILENT,IDLE-SILENT
372,2,0,0,1,11.2,0.00,CRIT(11%),SILENT,IDLE-SILENT
372,3,0,0,1,55.8,0.00,SILENT,IDLE-SILENT
372,4,0,0,1,45.7,0.00,SILENT,IDLE-SILENT
373,0,0,0,1,59.1,0.00,SILENT,IDLE-SILENT
373,1,0,0,1,60.7,0.00,SILENT,IDLE-SILENT
373,2,0,0,1,11.1,0.00,CRIT(11%),SILENT,IDLE-SILENT
373,3,0,0,1,55.7,0.00,SILENT,IDLE-SILENT
373,4,0,0,1,45.6,0.00,SILENT,IDLE-SILENT
374,0,0,0,1,59.0,0.00,SILENT,IDLE-SILENT
374,1,0,0,1,60.7,0.00,SILENT,IDLE-SILENT
374,2,0,0,1,11.0,0.00,CRIT(11%),SILENT,IDLE-SILENT
374,3,0,0,1,55.6,0.00,SILENT,IDLE-SILENT
374,4,0,0,1,45.5,0.00,SILENT,IDLE-SILENT
375,0,0,0,1,58.9,0.00,SILENT,IDLE-SILENT
375,1,0,0,1,60.7,0.00,SILENT,IDLE-SILENT
375,2,0,0,1,10.9,0.00,CRIT(11%),SILENT,IDLE-SILENT
375,3,0,0,1,55.5,0.00,SILENT,IDLE-SILENT
375,4,0,0,1,45.4,0.00,SILENT,IDLE-SILENT
376,0,0,0,1,58.8,0.00,SILENT,IDLE-SILENT
376,1,0,0,1,60.7,0.00,SILENT,IDLE-SILENT
376,2,0,0,1,10.8,0.00,CRIT(11%),SILENT,IDLE-SILENT
376,3,0,0,1,55.4,0.00,SILENT,IDLE-SILENT
376,4,0,0,1,45.3,0.00,SILENT,IDLE-SILENT
377,0,0,0,1,58.7,0.00,SILENT,IDLE-SILENT
377,1,0,0,1,60.7,0.00,SILENT,IDLE-SILENT
377,2,0,0,1,10.7,0.00,CRIT(11%),SILENT,IDLE-SILENT
377,3,0,0,1,55.3,0.00,SILENT,IDLE-SILENT
377,4,0,0,1,45.2,0.00,SILENT,IDLE-SILENT
378,0,0,0,1,58.6,0.00,SILENT,IDLE-SILENT
378,1,0,0,1,60.7,0.00,SILENT,IDLE-SILENT
378,2,0,0,1,10.6,0.00,CRIT(11%),SILENT,IDLE-SILENT
378,3,0,0,1,55.2,0.00,SILENT,IDLE-SILENT
378,4,0,0,1,45.1,0.00,SILENT,IDLE-SILENT
379,0,0,0,1,58.5,0.00,SILENT,IDLE-SILENT
379,1,0,0,1,60.7,0.00,SILENT,IDLE-SILENT
379,2,0,0,1,10.5,0.00,CRIT(11%),SILENT,IDLE-SILENT
379,3,0,0,1,55.1,0.00,SILENT,IDLE-SILENT
379,4,0,0,1,45.0,0.00,SILENT,IDLE-SILENT
380,0,0,0,1,58.4,0.00,SILENT,IDLE-SILENT
380,1,0,0,1,60.7,0.00,SILENT,IDLE-SILENT
380,2,0,0,1,10.4,0.00,CRIT(10%),SILENT,IDLE-SILENT
380,3,0,0,1,55.0,0.00,SILENT,IDLE-SILENT
380,4,0,0,1,44.9,0.00,SILENT,IDLE-SILENT
381,0,0,0,1,58.3,0.00,SILENT,IDLE-SILENT
381,1,0,0,1,60.7,0.00,SILENT,IDLE-SILENT
381,2,0,0,1,10.3,0.00,CRIT(10%),SILENT,IDLE-SILENT
381,3,0,0,1,54.9,0.00,SILENT,IDLE-SILENT
381,4,0,0,1,44.8,0.00,SILENT,IDLE-SILENT
382,0,0,0,1,58.2,0.00,SILENT,IDLE-SILENT
382,1,0,0,1,60.7,0.00,SILENT,IDLE-SILENT
382,2,0,0,1,10.2,0.00,CRIT(10%),SILENT,IDLE-SILENT
382,3,0,0,1,54.8,0.00,SILENT,IDLE-SILENT
382,4,0,0,1,44.7,0.00,SILENT,IDLE-SILENT
383,0,0,0,1,58.1,0.00,SILENT,IDLE-SILENT
383,1,0,0,1,60.7,0.00,SILENT,IDLE-SILENT
383,2,0,0,1,10.1,0.00,CRIT(10%),SILENT,IDLE-SILENT
383,3,0,0,1,54.7,0.00,SILENT,IDLE-SILENT
383,4,0,0,1,44.6,0.00,SILENT,IDLE-SILENT
384,0,0,0,1,58.0,0.00,SILENT,IDLE-SILENT
384,1,0,0,1,60.7,0.00,SILENT,IDLE-SILENT
384,2,0,0,1,10.0,0.00,CRIT(10%),SILENT,IDLE-SILENT
384,3,0,0,1,54.6,0.00,SILENT,IDLE-SILENT
384,4,0,0,1,44.5,0.00,SILENT,IDLE-SILENT
385,0,0,0,1,57.9,0.00,SILENT,IDLE-SILENT
385,1,0,0,1,60.6,0.00,SILENT,IDLE-SILENT
385,2,0,0,1,9.9,0.00,CRIT(10%),SILENT,IDLE-SILENT
385,3,0,0,1,54.5,0.00,SILENT,IDLE-SILENT
385,4,0,0,1,44.4,0.00,SILENT,IDLE-SILENT
386,0,0,0,1,57.8,0.00,SILENT,IDLE-SILENT
386,1,0,0,1,60.5,0.00,SILENT,IDLE-SILENT
386,2,0,0,1,9.8,0.00,CRIT(10%),SILENT,IDLE-SILENT
386,3,0,0,1,54.4,0.00,SILENT,IDLE-SILENT
386,4,0,0,1,44.3,0.00,SILENT,IDLE-SILENT
387,0,0,0,1,57.7,0.00,SILENT,IDLE-SILENT
387,1,0,0,1,60.4,0.00,SILENT,IDLE-SILENT
387,2,0,0,1,9.7,0.00,CRIT(10%),SILENT,IDLE-SILENT
387,3,0,0,1,54.3,0.00,SILENT,IDLE-SILENT
387,4,0,0,1,44.2,0.00,SILENT,IDLE-SILENT
388,0,0,0,1,57.6,0.00,SILENT,IDLE-SILENT
388,1,0,0,1,60.3,0.00,SILENT,IDLE-SILENT
388,2,0,0,1,9.6,0.00,CRIT(10%),SILENT,IDLE-SILENT
388,3,0,0,1,54.2,0.00,SILENT,IDLE-SILENT
388,4,0,0,1,44.1,0.00,SILENT,IDLE-SILENT
389,0,0,0,1,57.5,0.00,SILENT,IDLE-SILENT
389,1,0,0,1,60.2,0.00,SILENT,IDLE-SILENT
389,2,0,0,1,9.5,0.00,CRIT(10%),SILENT,IDLE-SILENT
389,3,0,0,1,54.1,0.00,SILENT,IDLE-SILENT
389,4,0,0,1,44.0,0.00,SILENT,IDLE-SILENT
390,0,0,0,1,57.4,0.00,SILENT,IDLE-SILENT
390,1,0,0,1,60.1,0.00,SILENT,IDLE-SILENT
390,2,0,0,1,9.4,0.00,CRIT(9%),SILENT,IDLE-SILENT
390,3,0,0,1,54.0,0.00,SILENT,IDLE-SILENT
390,4,0,0,1,43.9,0.00,SILENT,IDLE-SILENT
391,0,0,0,1,57.3,0.00,SILENT,IDLE-SILENT
391,1,0,0,1,60.0,0.00,SILENT,IDLE-SILENT
391,2,0,0,1,9.3,0.00,CRIT(9%),SILENT,IDLE-SILENT
391,3,0,0,1,53.9,0.00,SILENT,IDLE-SILENT
391,4,0,0,1,43.8,0.00,SILENT,IDLE-SILENT
392,0,0,0,1,57.2,0.00,SILENT,IDLE-SILENT
392,1,0,0,1,59.9,0.00,SILENT,IDLE-SILENT
392,2,0,0,1,9.2,0.00,CRIT(9%),SILENT,IDLE-SILENT
392,3,0,0,1,53.8,0.00,SILENT,IDLE-SILENT
392,4,0,0,1,43.7,0.00,SILENT,IDLE-SILENT
393,0,0,0,1,57.1,0.00,SILENT,IDLE-SILENT
393,1,0,0,1,59.8,0.00,SILENT,IDLE-SILENT
393,2,0,0,1,9.1,0.00,CRIT(9%),SILENT,IDLE-SILENT
393,3,0,0,1,53.7,0.00,SILENT,IDLE-SILENT
393,4,0,0,1,43.6,0.00,SILENT,IDLE-SILENT
394,0,0,0,1,57.0,0.00,SILENT,IDLE-SILENT
394,1,0,0,1,59.7,0.00,SILENT,IDLE-SILENT
394,2,0,0,1,9.0,0.00,CRIT(9%),SILENT,IDLE-SILENT
394,3,0,0,1,53.6,0.00,SILENT,IDLE-SILENT
394,4,0,0,1,43.5,0.00,SILENT,IDLE-SILENT
395,0,0,0,1,56.9,0.00,SILENT,IDLE-SILENT
395,1,0,0,1,59.6,0.00,SILENT,IDLE-SILENT
395,2,0,0,1,8.9,0.00,CRIT(9%),SILENT,IDLE-SILENT
395,3,0,0,1,53.5,0.00,SILENT,IDLE-SILENT
395,4,0,0,1,43.4,0.00,SILENT,IDLE-SILENT
396,0,0,0,1,56.8,0.00,SILENT,IDLE-SILENT
396,1,0,0,1,59.5,0.00,SILENT,IDLE-SILENT
396,2,0,0,1,8.8,0.00,CRIT(9%),SILENT,IDLE-SILENT
396,3,0,0,1,53.4,0.00,SILENT,IDLE-SILENT
396,4,0,0,1,43.3,0.00,SILENT,IDLE-SILENT
397,0,0,0,1,56.7,0.00,SILENT,IDLE-SILENT
397,1,0,0,1,59.4,0.00,SILENT,IDLE-SILENT
397,2,0,0,1,8.7,0.00,CRIT(9%),SILENT,IDLE-SILENT
397,3,0,0,1,53.3,0.00,SILENT,IDLE-SILENT
397,4,0,0,1,43.2,0.00,SILENT,IDLE-SILENT
398,0,0,0,1,56.6,0.00,SILENT,IDLE-SILENT
398,1,0,0,1,59.3,0.00,SILENT,IDLE-SILENT
398,2,0,0,1,8.6,0.00,CRIT(9%),SILENT,IDLE-SILENT
398,3,0,0,1,53.2,0.00,SILENT,IDLE-SILENT
398,4,0,0,1,43.1,0.00,SILENT,IDLE-SILENT
399,0,0,0,1,56.5,0.00,SILENT,IDLE-SILENT
399,1,0,0,1,59.2,0.00,SILENT,IDLE-SILENT
399,2,0,0,1,8.5,0.00,CRIT(9%),SILENT,IDLE-SILENT
399,3,0,0,1,53.1,0.00,SILENT,IDLE-SILENT
399,4,0,0,1,43.0,0.00,SILENT,IDLE-SILENT
400,0,0,0,1,56.4,0.00,SILENT,IDLE-SILENT
400,1,0,0,1,59.1,0.00,SILENT,IDLE-SILENT
400,2,0,0,1,8.4,0.00,CRIT(8%),SILENT,IDLE-SILENT
400,3,0,0,1,53.0,0.00,SILENT,IDLE-SILENT
400,4,0,0,1,42.9,0.00,SILENT,IDLE-SILENT
401,0,0,0,1,56.3,0.00,SILENT,IDLE-SILENT
401,1,0,0,1,59.0,0.00,SILENT,IDLE-SILENT
401,2,0,0,1,8.3,0.00,CRIT(8%),SILENT,IDLE-SILENT
401,3,0,0,1,52.9,0.00,SILENT,IDLE-SILENT
401,4,0,0,1,42.8,0.00,SILENT,IDLE-SILENT
402,0,0,0,1,56.3,0.00,SILENT,IDLE-SILENT
402,1,0,0,1,58.9,0.00,SILENT,IDLE-SILENT
402,2,0,0,1,8.2,0.00,CRIT(8%),SILENT,IDLE-SILENT
402,3,0,0,1,52.8,0.00,SILENT,IDLE-SILENT
402,4,0,0,1,42.7,0.00,SILENT,IDLE-SILENT
403,0,0,0,1,56.3,0.00,SILENT,IDLE-SILENT
403,1,0,0,1,58.8,0.00,SILENT,IDLE-SILENT
403,2,0,0,1,8.1,0.00,CRIT(8%),SILENT,IDLE-SILENT
403,3,0,0,1,52.7,0.00,SILENT,IDLE-SILENT
403,4,0,0,1,42.6,0.00,SILENT,IDLE-SILENT
404,0,0,0,1,56.3,0.00,SILENT,IDLE-SILENT
404,1,0,0,1,58.7,0.00,SILENT,IDLE-SILENT
404,2,0,0,1,8.1,0.00,CRIT(8%),SILENT,IDLE-SILENT
404,3,0,0,1,52.6,0.00,SILENT,IDLE-SILENT
404,4,0,0,1,42.5,0.00,SILENT,IDLE-SILENT
405,0,0,0,1,56.3,0.00,SILENT,IDLE-SILENT
405,1,0,0,1,58.6,0.00,SILENT,IDLE-SILENT
405,2,0,0,1,8.1,0.00,CRIT(8%),SILENT,IDLE-SILENT
405,3,0,0,1,52.5,0.00,SILENT,IDLE-SILENT
405,4,0,0,1,42.4,0.00,SILENT,IDLE-SILENT
406,0,0,0,1,56.3,0.00,SILENT,IDLE-SILENT
406,1,0,0,1,58.5,0.00,SILENT,IDLE-SILENT
406,2,0,0,1,8.1,0.00,CRIT(8%),SILENT,IDLE-SILENT
406,3,0,0,1,52.4,0.00,SILENT,IDLE-SILENT
406,4,0,0,1,42.3,0.00,SILENT,IDLE-SILENT
407,0,0,0,1,56.3,0.00,SILENT,IDLE-SILENT
407,1,0,0,1,58.4,0.00,SILENT,IDLE-SILENT
407,2,0,0,1,8.1,0.00,CRIT(8%),SILENT,IDLE-SILENT
407,3,0,0,1,52.3,0.00,SILENT,IDLE-SILENT
407,4,0,0,1,42.2,0.00,SILENT,IDLE-SILENT
408,0,0,0,1,56.3,0.00,SILENT,IDLE-SILENT
408,1,0,0,1,58.3,0.00,SILENT,IDLE-SILENT
408,2,0,0,1,8.1,0.00,CRIT(8%),SILENT,IDLE-SILENT
408,3,0,0,1,52.2,0.00,SILENT,IDLE-SILENT
408,4,0,0,1,42.1,0.00,SILENT,IDLE-SILENT
409,0,0,0,1,56.3,0.00,SILENT,IDLE-SILENT
409,1,0,0,1,58.2,0.00,SILENT,IDLE-SILENT
409,2,0,0,1,8.1,0.00,CRIT(8%),SILENT,IDLE-SILENT
409,3,0,0,1,52.1,0.00,SILENT,IDLE-SILENT
409,4,0,0,1,42.0,0.00,SILENT,IDLE-SILENT
410,0,0,0,1,56.3,0.00,SILENT,IDLE-SILENT
410,1,0,0,1,58.1,0.00,SILENT,IDLE-SILENT
410,2,0,0,1,8.1,0.00,CRIT(8%),SILENT,IDLE-SILENT
410,3,0,0,1,52.0,0.00,SILENT,IDLE-SILENT
410,4,0,0,1,41.9,0.00,SILENT,IDLE-SILENT
411,0,0,0,1,56.3,0.00,SILENT,IDLE-SILENT
411,1,0,0,1,58.0,0.00,SILENT,IDLE-SILENT
411,2,0,0,1,8.1,0.00,CRIT(8%),SILENT,IDLE-SILENT
411,3,0,0,1,51.9,0.00,SILENT,IDLE-SILENT
411,4,0,0,1,41.8,0.00,SILENT,IDLE-SILENT
412,0,0,0,1,56.3,0.00,SILENT,IDLE-SILENT
412,1,0,0,1,57.9,0.00,SILENT,IDLE-SILENT
412,2,0,0,1,8.1,0.00,CRIT(8%),SILENT,IDLE-SILENT
412,3,0,0,1,51.8,0.00,SILENT,IDLE-SILENT
412,4,0,0,1,41.7,0.00,SILENT,IDLE-SILENT
413,0,0,0,1,56.3,0.00,SILENT,IDLE-SILENT
413,1,0,0,1,57.8,0.00,SILENT,IDLE-SILENT
413,2,0,0,1,8.1,0.00,CRIT(8%),SILENT,IDLE-SILENT
413,3,0,0,1,51.7,0.00,SILENT,IDLE-SILENT
413,4,0,0,1,41.6,0.00,SILENT,IDLE-SILENT
414,0,0,0,1,56.3,0.00,SILENT,IDLE-SILENT
414,1,0,0,1,57.7,0.00,SILENT,IDLE-SILENT
414,2,0,0,1,8.1,0.00,CRIT(8%),SILENT,IDLE-SILENT
414,3,0,0,1,51.6,0.00,SILENT,IDLE-SILENT
414,4,0,0,1,41.5,0.00,SILENT,IDLE-SILENT
415,0,0,0,1,56.3,0.00,SILENT,IDLE-SILENT
415,1,0,0,1,57.6,0.00,SILENT,IDLE-SILENT
415,2,0,0,1,8.1,0.00,CRIT(8%),SILENT,IDLE-SILENT
415,3,0,0,1,51.5,0.00,SILENT,IDLE-SILENT
415,4,0,0,1,41.4,0.00,SILENT,IDLE-SILENT
416,0,0,0,1,56.3,0.00,SILENT,IDLE-SILENT
416,1,0,0,1,57.5,0.00,SILENT,IDLE-SILENT
416,2,0,0,1,8.1,0.00,CRIT(8%),SILENT,IDLE-SILENT
416,3,0,0,1,51.4,0.00,SILENT,IDLE-SILENT
416,4,0,0,1,41.3,0.00,SILENT,IDLE-SILENT
417,0,0,0,1,56.3,0.00,SILENT,IDLE-SILENT
417,1,0,0,1,57.4,0.00,SILENT,IDLE-SILENT
417,2,0,0,1,8.1,0.00,CRIT(8%),SILENT,IDLE-SILENT
417,3,0,0,1,51.3,0.00,SILENT,IDLE-SILENT
417,4,0,0,1,41.2,0.00,SILENT,IDLE-SILENT
418,0,0,0,1,56.3,0.00,SILENT,IDLE-SILENT
418,1,0,0,1,57.3,0.00,SILENT,IDLE-SILENT
418,2,0,0,1,8.1,0.00,CRIT(8%),SILENT,IDLE-SILENT
418,3,0,0,1,51.2,0.00,SILENT,IDLE-SILENT
418,4,0,0,1,41.1,0.00,SILENT,IDLE-SILENT
419,0,0,0,1,56.3,0.00,SILENT,IDLE-SILENT
419,1,0,0,1,57.2,0.00,SILENT,IDLE-SILENT
419,2,0,0,1,8.1,0.00,CRIT(8%),SILENT,IDLE-SILENT
419,3,0,0,1,51.1,0.00,SILENT,IDLE-SILENT
419,4,0,0,1,41.0,0.00,SILENT,IDLE-SILENT
420,0,0,0,1,56.3,0.00,SILENT,IDLE-SILENT
420,1,0,0,1,57.1,0.00,SILENT,IDLE-SILENT
420,2,0,0,1,8.1,0.00,CRIT(8%),SILENT,IDLE-SILENT
420,3,0,0,1,51.0,0.00,SILENT,IDLE-SILENT
420,4,0,0,1,40.9,0.00,SILENT,IDLE-SILENT
421,0,0,0,1,56.3,0.00,SILENT,IDLE-SILENT
421,1,0,0,1,57.0,0.00,SILENT,IDLE-SILENT
421,2,0,0,1,8.1,0.00,CRIT(8%),SILENT,IDLE-SILENT
421,3,0,0,1,50.9,0.00,SILENT,IDLE-SILENT
421,4,0,0,1,40.8,0.00,SILENT,IDLE-SILENT
422,0,0,0,1,56.3,0.00,SILENT,IDLE-SILENT
422,1,0,0,1,56.9,0.00,SILENT,IDLE-SILENT
422,2,0,0,1,8.1,0.00,CRIT(8%),SILENT,IDLE-SILENT
422,3,0,0,1,50.8,0.00,SILENT,IDLE-SILENT
422,4,0,0,1,40.7,0.00,SILENT,IDLE-SILENT
423,0,0,0,1,56.3,0.00,SILENT,IDLE-SILENT
423,1,0,0,1,56.8,0.00,SILENT,IDLE-SILENT
423,2,0,0,1,8.1,0.00,CRIT(8%),SILENT,IDLE-SILENT
423,3,0,0,1,50.7,0.00,SILENT,IDLE-SILENT
423,4,0,0,1,40.6,0.00,SILENT,IDLE-SILENT
424,0,0,0,1,56.3,0.00,SILENT,IDLE-SILENT
424,1,0,0,1,56.7,0.00,SILENT,IDLE-SILENT
424,2,0,0,1,8.1,0.00,CRIT(8%),SILENT,IDLE-SILENT
424,3,0,0,1,50.6,0.00,SILENT,IDLE-SILENT
424,4,0,0,1,40.5,0.00,SILENT,IDLE-SILENT
425,0,0,0,1,56.3,0.00,SILENT,IDLE-SILENT
425,1,0,0,1,56.6,0.00,SILENT,IDLE-SILENT
425,2,0,0,1,8.1,0.00,CRIT(8%),SILENT,IDLE-SILENT
425,3,0,0,1,50.5,0.00,SILENT,IDLE-SILENT
425,4,0,0,1,40.4,0.00,SILENT,IDLE-SILENT
426,0,0,0,1,56.3,0.00,SILENT,IDLE-SILENT
426,1,0,0,1,56.5,0.00,SILENT,IDLE-SILENT
426,2,0,0,1,8.1,0.00,CRIT(8%),SILENT,IDLE-SILENT
426,3,0,0,1,50.4,0.00,SILENT,IDLE-SILENT
426,4,0,0,1,40.3,0.00,SILENT,IDLE-SILENT
427,0,0,0,1,56.3,0.00,SILENT,IDLE-SILENT
427,1,0,0,1,56.4,0.00,SILENT,IDLE-SILENT
427,2,0,0,1,8.1,0.00,CRIT(8%),SILENT,IDLE-SILENT
427,3,0,0,1,50.3,0.00,SILENT,IDLE-SILENT
427,4,0,0,1,40.2,0.00,SILENT,IDLE-SILENT
428,0,0,0,1,56.3,0.00,SILENT,IDLE-SILENT
428,1,0,0,1,56.3,0.00,SILENT,IDLE-SILENT
428,2,0,0,1,8.1,0.00,CRIT(8%),SILENT,IDLE-SILENT
428,3,0,0,1,50.3,0.00,SILENT,IDLE-SILENT
428,4,0,0,1,40.1,0.00,SILENT,IDLE-SILENT
429,0,0,0,1,56.3,0.00,SILENT,IDLE-SILENT
429,1,0,0,1,56.2,0.00,SILENT,IDLE-SILENT
429,2,0,0,1,8.1,0.00,CRIT(8%),SILENT,IDLE-SILENT
429,3,0,0,1,50.3,0.00,SILENT,IDLE-SILENT
429,4,0,0,1,40.0,0.00,SILENT,IDLE-SILENT
430,0,0,0,1,56.3,0.00,SILENT,IDLE-SILENT
430,1,0,0,1,56.1,0.00,SILENT,IDLE-SILENT
430,2,0,0,1,8.1,0.00,CRIT(8%),SILENT,IDLE-SILENT
430,3,0,0,1,50.3,0.00,SILENT,IDLE-SILENT
430,4,0,0,1,39.9,0.00,SILENT,IDLE-SILENT
431,0,0,0,1,56.2,0.00,SILENT,IDLE-SILENT
431,1,0,0,1,56.0,0.00,SILENT,IDLE-SILENT
431,2,0,0,1,8.1,0.00,CRIT(8%),SILENT,IDLE-SILENT
431,3,0,0,1,50.3,0.00,SILENT,IDLE-SILENT
431,4,0,0,1,39.8,0.00,SILENT,IDLE-SILENT
432,0,0,0,1,56.1,0.00,SILENT,IDLE-SILENT
432,1,0,0,1,55.9,0.00,SILENT,IDLE-SILENT
432,2,0,0,1,8.1,0.00,CRIT(8%),SILENT,IDLE-SILENT
432,3,0,0,1,50.3,0.00,SILENT,IDLE-SILENT
432,4,0,0,1,39.7,0.00,SILENT,IDLE-SILENT
433,0,0,0,1,56.0,0.00,SILENT,IDLE-SILENT
433,1,0,0,1,55.8,0.00,SILENT,IDLE-SILENT
433,2,0,0,1,8.0,0.00,CRIT(8%),SILENT,IDLE-SILENT
433,3,0,0,1,50.3,0.00,SILENT,IDLE-SILENT
433,4,0,0,1,39.6,0.00,SILENT,IDLE-SILENT
434,0,0,0,1,55.9,0.00,SILENT,IDLE-SILENT
434,1,0,0,1,55.7,0.00,SILENT,IDLE-SILENT
434,2,0,0,1,7.9,0.00,CRIT(8%),SILENT,IDLE-SILENT
434,3,0,0,1,50.3,0.00,SILENT,IDLE-SILENT
434,4,0,0,1,39.5,0.00,SILENT,IDLE-SILENT
435,0,0,0,1,55.8,0.00,SILENT,IDLE-SILENT
435,1,0,0,1,55.6,0.00,SILENT,IDLE-SILENT
435,2,0,0,1,7.8,0.00,CRIT(8%),SILENT,IDLE-SILENT
435,3,0,0,1,50.3,0.00,SILENT,IDLE-SILENT
435,4,0,0,1,39.4,0.00,SILENT,IDLE-SILENT
436,0,0,0,1,55.7,0.00,SILENT,IDLE-SILENT
436,1,0,0,1,55.5,0.00,SILENT,IDLE-SILENT
436,2,0,0,1,7.7,0.00,CRIT(8%),SILENT,IDLE-SILENT
436,3,0,0,1,50.3,0.00,SILENT,IDLE-SILENT
436,4,0,0,1,39.3,0.00,SILENT,IDLE-SILENT
437,0,0,0,1,55.6,0.00,SILENT,IDLE-SILENT
437,1,0,0,1,55.4,0.00,SILENT,IDLE-SILENT
437,2,0,0,1,7.6,0.00,CRIT(8%),SILENT,IDLE-SILENT
437,3,0,0,1,50.3,0.00,SILENT,IDLE-SILENT
437,4,0,0,1,39.2,0.00,SILENT,IDLE-SILENT
438,0,0,0,1,55.5,0.00,SILENT,IDLE-SILENT
438,1,0,0,1,55.3,0.00,SILENT,IDLE-SILENT
438,2,0,0,1,7.5,0.00,CRIT(8%),SILENT,IDLE-SILENT
438,3,0,0,1,50.3,0.00,SILENT,IDLE-SILENT
438,4,0,0,1,39.1,0.00,SILENT,IDLE-SILENT
439,0,0,0,1,55.4,0.00,SILENT,IDLE-SILENT
439,1,0,0,1,55.2,0.00,SILENT,IDLE-SILENT
439,2,0,0,1,7.4,0.00,CRIT(7%),SILENT,IDLE-SILENT
439,3,0,0,1,50.3,0.00,SILENT,IDLE-SILENT
439,4,0,0,1,39.0,0.00,SILENT,IDLE-SILENT
440,0,0,0,1,55.3,0.00,SILENT,IDLE-SILENT
440,1,0,0,1,55.1,0.00,SILENT,IDLE-SILENT
440,2,0,0,1,7.3,0.00,CRIT(7%),SILENT,IDLE-SILENT
440,3,0,0,1,50.3,0.00,SILENT,IDLE-SILENT
440,4,0,0,1,38.9,0.00,SILENT,IDLE-SILENT
441,0,0,0,1,55.2,0.00,SILENT,IDLE-SILENT
441,1,0,0,1,55.0,0.00,SILENT,IDLE-SILENT
441,2,0,0,1,7.2,0.00,CRIT(7%),SILENT,IDLE-SILENT
441,3,0,0,1,50.3,0.00,SILENT,IDLE-SILENT
441,4,0,0,1,38.8,0.00,SILENT,IDLE-SILENT
442,0,0,0,1,55.1,0.00,SILENT,IDLE-SILENT
442,1,0,0,1,54.9,0.00,SILENT,IDLE-SILENT
442,2,0,0,1,7.1,0.00,CRIT(7%),SILENT,IDLE-SILENT
442,3,0,0,1,50.3,0.00,SILENT,IDLE-SILENT
442,4,0,0,1,38.7,0.00,SILENT,IDLE-SILENT
443,0,0,0,1,55.0,0.00,SILENT,IDLE-SILENT
443,1,0,0,1,54.8,0.00,SILENT,IDLE-SILENT
443,2,0,0,1,7.0,0.00,CRIT(7%),SILENT,IDLE-SILENT
443,3,0,0,1,50.3,0.00,SILENT,IDLE-SILENT
443,4,0,0,1,38.6,0.00,SILENT,IDLE-SILENT
444,0,0,0,1,54.9,0.00,SILENT,IDLE-SILENT
444,1,0,0,1,54.7,0.00,SILENT,IDLE-SILENT
444,2,0,0,1,6.9,0.00,CRIT(7%),SILENT,IDLE-SILENT
444,3,0,0,1,50.3,0.00,SILENT,IDLE-SILENT
444,4,0,0,1,38.5,0.00,SILENT,IDLE-SILENT
445,0,0,0,1,54.8,0.00,SILENT,IDLE-SILENT
445,1,0,0,1,54.6,0.00,SILENT,IDLE-SILENT
445,2,0,0,1,6.8,0.00,CRIT(7%),SILENT,IDLE-SILENT
445,3,0,0,1,50.3,0.00,SILENT,IDLE-SILENT
445,4,0,0,1,38.4,0.00,SILENT,IDLE-SILENT
446,0,0,0,1,54.7,0.00,SILENT,IDLE-SILENT
446,1,0,0,1,54.5,0.00,SILENT,IDLE-SILENT
446,2,0,0,1,6.7,0.00,CRIT(7%),SILENT,IDLE-SILENT
446,3,0,0,1,50.3,0.00,SILENT,IDLE-SILENT
446,4,0,0,1,38.3,0.00,SILENT,IDLE-SILENT
447,0,0,0,1,54.6,0.00,SILENT,IDLE-SILENT
447,1,0,0,1,54.4,0.00,SILENT,IDLE-SILENT
447,2,0,0,1,6.6,0.00,CRIT(7%),SILENT,IDLE-SILENT
447,3,0,0,1,50.3,0.00,SILENT,IDLE-SILENT
447,4,0,0,1,38.2,0.00,SILENT,IDLE-SILENT
448,0,0,0,1,54.5,0.00,SILENT,IDLE-SILENT
448,1,0,0,1,54.3,0.00,SILENT,IDLE-SILENT
448,2,0,0,1,6.5,0.00,CRIT(7%),SILENT,IDLE-SILENT
448,3,0,0,1,50.3,0.00,SILENT,IDLE-SILENT
448,4,0,0,1,38.1,0.00,SILENT,IDLE-SILENT
449,0,0,0,1,54.4,0.00,SILENT,IDLE-SILENT
449,1,0,0,1,54.2,0.00,SILENT,IDLE-SILENT
449,2,0,0,1,6.4,0.00,CRIT(6%),SILENT,IDLE-SILENT
449,3,0,0,1,50.3,0.00,SILENT,IDLE-SILENT
449,4,0,0,1,38.0,0.00,SILENT,IDLE-SILENT
450,0,0,0,1,54.3,0.00,SILENT,IDLE-SILENT
450,1,0,0,1,54.1,0.00,SILENT,IDLE-SILENT
450,2,0,0,1,6.3,0.00,CRIT(6%),SILENT,IDLE-SILENT
450,3,0,0,1,50.3,0.00,SILENT,IDLE-SILENT
450,4,0,0,1,37.9,0.00,SILENT,IDLE-SILENT
451,0,0,0,1,54.2,0.00,SILENT,IDLE-SILENT
451,1,0,0,1,54.0,0.00,SILENT,IDLE-SILENT
451,2,0,0,1,6.2,0.00,CRIT(6%),SILENT,IDLE-SILENT
451,3,0,0,1,50.3,0.00,SILENT,IDLE-SILENT
451,4,0,0,1,37.8,0.00,SILENT,IDLE-SILENT
452,0,0,0,1,54.1,0.00,SILENT,IDLE-SILENT
452,1,0,0,1,53.9,0.00,SILENT,IDLE-SILENT
452,2,0,0,1,6.1,0.00,CRIT(6%),SILENT,IDLE-SILENT
452,3,0,0,1,50.3,0.00,SILENT,IDLE-SILENT
452,4,0,0,1,37.7,0.00,SILENT,IDLE-SILENT
453,0,0,0,1,54.0,0.00,SILENT,IDLE-SILENT
453,1,0,0,1,53.8,0.00,SILENT,IDLE-SILENT
453,2,0,0,1,6.0,0.00,CRIT(6%),SILENT,IDLE-SILENT
453,3,0,0,1,50.3,0.00,SILENT,IDLE-SILENT
453,4,0,0,1,37.6,0.00,SILENT,IDLE-SILENT
454,0,0,0,1,53.9,0.00,SILENT,IDLE-SILENT
454,1,0,0,1,53.7,0.00,SILENT,IDLE-SILENT
454,2,0,0,1,5.9,0.00,CRIT(6%),SILENT,IDLE-SILENT
454,3,0,0,1,50.3,0.00,SILENT,IDLE-SILENT
454,4,0,0,1,37.5,0.00,SILENT,IDLE-SILENT
455,0,0,0,1,53.8,0.00,SILENT,IDLE-SILENT
455,1,0,0,1,53.6,0.00,SILENT,IDLE-SILENT
455,2,0,0,1,5.8,0.00,CRIT(6%),SILENT,IDLE-SILENT
455,3,0,0,1,50.3,0.00,SILENT,IDLE-SILENT
455,4,0,0,1,37.4,0.00,SILENT,IDLE-SILENT
456,0,0,0,1,53.7,0.00,SILENT,IDLE-SILENT
456,1,0,0,1,53.5,0.00,SILENT,IDLE-SILENT
456,2,0,0,1,5.7,0.00,CRIT(6%),SILENT,IDLE-SILENT
456,3,0,0,1,50.3,0.00,SILENT,IDLE-SILENT
456,4,0,0,1,37.3,0.00,SILENT,IDLE-SILENT
457,0,0,0,1,53.6,0.00,SILENT,IDLE-SILENT
457,1,0,0,1,53.4,0.00,SILENT,IDLE-SILENT
457,2,0,0,1,5.6,0.00,CRIT(6%),SILENT,IDLE-SILENT
457,3,0,0,1,50.2,0.00,SILENT,IDLE-SILENT
457,4,0,0,1,37.2,0.00,SILENT,IDLE-SILENT
458,0,0,0,1,53.5,0.00,SILENT,IDLE-SILENT
458,1,0,0,1,53.3,0.00,SILENT,IDLE-SILENT
458,2,0,0,1,5.5,0.00,CRIT(6%),SILENT,IDLE-SILENT
458,3,0,0,1,50.1,0.00,SILENT,IDLE-SILENT
458,4,0,0,1,37.1,0.00,SILENT,IDLE-SILENT
459,0,0,0,1,53.4,0.00,SILENT,IDLE-SILENT
459,1,0,0,1,53.2,0.00,SILENT,IDLE-SILENT
459,2,0,0,1,5.4,0.00,CRIT(5%),SILENT,IDLE-SILENT
459,3,0,0,1,50.0,0.00,SILENT,IDLE-SILENT
459,4,0,0,1,37.0,0.00,SILENT,IDLE-SILENT
460,0,0,0,1,53.3,0.00,SILENT,IDLE-SILENT
460,1,0,0,1,53.1,0.00,SILENT,IDLE-SILENT
460,2,0,0,1,5.3,0.00,CRIT(5%),SILENT,IDLE-SILENT
460,3,0,0,1,49.9,0.00,SILENT,IDLE-SILENT
460,4,0,0,1,36.9,0.00,SILENT,IDLE-SILENT
461,0,0,0,1,53.2,0.00,SILENT,IDLE-SILENT
461,1,0,0,1,53.0,0.00,SILENT,IDLE-SILENT
461,2,0,0,1,5.2,0.00,CRIT(5%),SILENT,IDLE-SILENT
461,3,0,0,1,49.8,0.00,SILENT,IDLE-SILENT
461,4,0,0,1,36.8,0.00,SILENT,IDLE-SILENT
462,0,0,0,1,53.1,0.00,SILENT,IDLE-SILENT
462,1,0,0,1,52.9,0.00,SILENT,IDLE-SILENT
462,2,0,0,1,5.1,0.00,CRIT(5%),SILENT,IDLE-SILENT
462,3,0,0,1,49.7,0.00,SILENT,IDLE-SILENT
462,4,0,0,1,36.7,0.00,SILENT,IDLE-SILENT
463,0,0,0,1,53.0,0.00,SILENT,IDLE-SILENT
463,1,0,0,1,52.8,0.00,SILENT,IDLE-SILENT
463,2,0,0,1,5.0,0.00,CRIT(5%),SILENT,IDLE-SILENT
463,3,0,0,1,49.6,0.00,SILENT,IDLE-SILENT
463,4,0,0,1,36.6,0.00,SILENT,IDLE-SILENT
464,0,0,0,1,52.9,0.00,SILENT,IDLE-SILENT
464,1,0,0,1,52.7,0.00,SILENT,IDLE-SILENT
464,2,0,0,1,4.9,0.00,CRIT(5%),SILENT,IDLE-SILENT
464,3,0,0,1,49.5,0.00,SILENT,IDLE-SILENT
464,4,0,0,1,36.5,0.00,SILENT,IDLE-SILENT
465,0,0,0,1,52.8,0.00,SILENT,IDLE-SILENT
465,1,0,0,1,52.6,0.00,SILENT,IDLE-SILENT
465,2,0,0,1,4.8,0.00,CRIT(5%),SILENT,IDLE-SILENT
465,3,0,0,1,49.4,0.00,SILENT,IDLE-SILENT
465,4,0,0,1,36.4,0.00,SILENT,IDLE-SILENT
466,0,0,0,1,52.7,0.00,SILENT,IDLE-SILENT
466,1,0,0,1,52.5,0.00,SILENT,IDLE-SILENT
466,2,0,0,1,4.7,0.00,CRIT(5%),SILENT,IDLE-SILENT
466,3,0,0,1,49.3,0.00,SILENT,IDLE-SILENT
466,4,0,0,1,36.3,0.00,SILENT,IDLE-SILENT
467,0,0,0,1,52.6,0.00,SILENT,IDLE-SILENT
467,1,0,0,1,52.4,0.00,SILENT,IDLE-SILENT
467,2,0,0,1,4.6,0.00,CRIT(5%),SILENT,IDLE-SILENT
467,3,0,0,1,49.2,0.00,SILENT,IDLE-SILENT
467,4,0,0,1,36.2,0.00,SILENT,IDLE-SILENT
468,0,0,0,1,52.5,0.00,SILENT,IDLE-SILENT
468,1,0,0,1,52.3,0.00,SILENT,IDLE-SILENT
468,2,0,0,1,4.5,0.00,CRIT(5%),SILENT,IDLE-SILENT
468,3,0,0,1,49.1,0.00,SILENT,IDLE-SILENT
468,4,0,0,1,36.1,0.00,SILENT,IDLE-SILENT
469,0,0,0,1,52.4,0.00,SILENT,IDLE-SILENT
469,1,0,0,1,52.2,0.00,SILENT,IDLE-SILENT
469,2,0,0,1,4.4,0.00,CRIT(4%),SILENT,IDLE-SILENT
469,3,0,0,1,49.0,0.00,SILENT,IDLE-SILENT
469,4,0,0,1,36.0,0.00,SILENT,IDLE-SILENT
470,0,0,0,1,52.3,0.00,SILENT,IDLE-SILENT
470,1,0,0,1,52.1,0.00,SILENT,IDLE-SILENT
470,2,0,0,1,4.3,0.00,CRIT(4%),SILENT,IDLE-SILENT
470,3,0,0,1,48.9,0.00,SILENT,IDLE-SILENT
470,4,0,0,1,35.9,0.00,SILENT,IDLE-SILENT
471,0,0,0,1,52.2,0.00,SILENT,IDLE-SILENT
471,1,0,0,1,52.0,0.00,SILENT,IDLE-SILENT
471,2,0,0,1,4.2,0.00,CRIT(4%),SILENT,IDLE-SILENT
471,3,0,0,1,48.8,0.00,SILENT,IDLE-SILENT
471,4,0,0,1,35.8,0.00,SILENT,IDLE-SILENT
472,0,0,0,1,52.1,0.00,SILENT,IDLE-SILENT
472,1,0,0,1,51.9,0.00,SILENT,IDLE-SILENT
472,2,0,0,1,4.1,0.00,CRIT(4%),SILENT,IDLE-SILENT
472,3,0,0,1,48.7,0.00,SILENT,IDLE-SILENT
472,4,0,0,1,35.7,0.00,SILENT,IDLE-SILENT
473,0,0,0,1,52.0,0.00,SILENT,IDLE-SILENT
473,1,0,0,1,51.8,0.00,SILENT,IDLE-SILENT
473,2,0,0,1,4.0,0.00,CRIT(4%),SILENT,IDLE-SILENT
473,3,0,0,1,48.6,0.00,SILENT,IDLE-SILENT
473,4,0,0,1,35.6,0.00,SILENT,IDLE-SILENT
474,0,0,0,1,51.9,0.00,SILENT,IDLE-SILENT
474,1,0,0,1,51.7,0.00,SILENT,IDLE-SILENT
474,2,0,0,1,3.9,0.00,CRIT(4%),SILENT,IDLE-SILENT
474,3,0,0,1,48.5,0.00,SILENT,IDLE-SILENT
474,4,0,0,1,35.5,0.00,SILENT,IDLE-SILENT
475,0,0,0,1,51.8,0.00,SILENT,IDLE-SILENT
475,1,0,0,1,51.6,0.00,SILENT,IDLE-SILENT
475,2,0,0,1,3.8,0.00,CRIT(4%),SILENT,IDLE-SILENT
475,3,0,0,1,48.4,0.00,SILENT,IDLE-SILENT
475,4,0,0,1,35.4,0.00,SILENT,IDLE-SILENT
476,0,0,0,1,51.7,0.00,SILENT,IDLE-SILENT
476,1,0,0,1,51.5,0.00,SILENT,IDLE-SILENT
476,2,0,0,1,3.7,0.00,CRIT(4%),SILENT,IDLE-SILENT
476,3,0,0,1,48.3,0.00,SILENT,IDLE-SILENT
476,4,0,0,1,35.3,0.00,SILENT,IDLE-SILENT
477,0,0,0,1,51.6,0.00,SILENT,IDLE-SILENT
477,1,0,0,1,51.4,0.00,SILENT,IDLE-SILENT
477,2,0,0,1,3.6,0.00,CRIT(4%),SILENT,IDLE-SILENT
477,3,0,0,1,48.2,0.00,SILENT,IDLE-SILENT
477,4,0,0,1,35.2,0.00,SILENT,IDLE-SILENT
478,0,0,0,1,51.5,0.00,SILENT,IDLE-SILENT
478,1,0,0,1,51.3,0.00,SILENT,IDLE-SILENT
478,2,0,0,1,3.5,0.00,CRIT(4%),SILENT,IDLE-SILENT
478,3,0,0,1,48.1,0.00,SILENT,IDLE-SILENT
478,4,0,0,1,35.1,0.00,SILENT,IDLE-SILENT
479,0,0,0,1,51.4,0.00,SILENT,IDLE-SILENT
479,1,0,0,1,51.2,0.00,SILENT,IDLE-SILENT
479,2,0,0,1,3.4,0.00,CRIT(3%),SILENT,IDLE-SILENT
479,3,0,0,1,48.0,0.00,SILENT,IDLE-SILENT
479,4,0,0,1,35.0,0.00,SILENT,IDLE-SILENT
480,0,0,0,1,51.3,0.00,SILENT,IDLE-SILENT
480,1,0,0,1,51.1,0.00,SILENT,IDLE-SILENT
480,2,0,0,1,3.3,0.00,CRIT(3%),SILENT,IDLE-SILENT
480,3,0,0,1,47.9,0.00,SILENT,IDLE-SILENT
480,4,0,0,1,34.9,0.00,SILENT,IDLE-SILENT
481,0,0,0,1,51.2,0.00,SILENT,IDLE-SILENT
481,1,0,0,1,51.0,0.00,SILENT,IDLE-SILENT
481,2,0,0,1,3.2,0.00,CRIT(3%),SILENT,IDLE-SILENT
481,3,0,0,1,47.8,0.00,SILENT,IDLE-SILENT
481,4,0,0,1,34.8,0.00,SILENT,IDLE-SILENT
482,0,0,0,1,51.1,0.00,SILENT,IDLE-SILENT
482,1,0,0,1,50.9,0.00,SILENT,IDLE-SILENT
482,2,0,0,1,3.1,0.00,CRIT(3%),SILENT,IDLE-SILENT
482,3,0,0,1,47.7,0.00,SILENT,IDLE-SILENT
482,4,0,0,1,34.7,0.00,SILENT,IDLE-SILENT
483,0,0,0,1,51.0,0.00,SILENT,IDLE-SILENT
483,1,0,0,1,50.8,0.00,SILENT,IDLE-SILENT
483,2,0,0,1,3.0,0.00,CRIT(3%),SILENT,IDLE-SILENT
483,3,0,0,1,47.6,0.00,SILENT,IDLE-SILENT
483,4,0,0,1,34.6,0.00,SILENT,IDLE-SILENT
484,0,0,0,1,50.9,0.00,SILENT,IDLE-SILENT
484,1,0,0,1,50.7,0.00,SILENT,IDLE-SILENT
484,2,0,0,1,2.9,0.00,CRIT(3%),SILENT,IDLE-SILENT
484,3,0,0,1,47.5,0.00,SILENT,IDLE-SILENT
484,4,0,0,1,34.5,0.00,SILENT,IDLE-SILENT
485,0,0,0,1,50.8,0.00,SILENT,IDLE-SILENT
485,1,0,0,1,50.6,0.00,SILENT,IDLE-SILENT
485,2,0,0,1,2.8,0.00,CRIT(3%),SILENT,IDLE-SILENT
485,3,0,0,1,47.4,0.00,SILENT,IDLE-SILENT
485,4,0,0,1,34.4,0.00,SILENT,IDLE-SILENT
486,0,0,0,1,50.7,0.00,SILENT,IDLE-SILENT
486,1,0,0,1,50.5,0.00,SILENT,IDLE-SILENT
486,2,0,0,1,2.7,0.00,CRIT(3%),SILENT,IDLE-SILENT
486,3,0,0,1,47.3,0.00,SILENT,IDLE-SILENT
486,4,0,0,1,34.3,0.00,SILENT,IDLE-SILENT
487,0,0,0,1,50.6,0.00,SILENT,IDLE-SILENT
487,1,0,0,1,50.4,0.00,SILENT,IDLE-SILENT
487,2,0,0,1,2.6,0.00,CRIT(3%),SILENT,IDLE-SILENT
487,3,0,0,1,47.2,0.00,SILENT,IDLE-SILENT
487,4,0,0,1,34.2,0.00,SILENT,IDLE-SILENT
488,0,0,0,1,50.5,0.00,SILENT,IDLE-SILENT
488,1,0,0,1,50.3,0.00,SILENT,IDLE-SILENT
488,2,0,0,1,2.5,0.00,CRIT(3%),SILENT,IDLE-SILENT
488,3,0,0,1,47.1,0.00,SILENT,IDLE-SILENT
488,4,0,0,1,34.1,0.00,SILENT,IDLE-SILENT
489,0,0,0,1,50.4,0.00,SILENT,IDLE-SILENT
489,1,0,0,1,50.2,0.00,SILENT,IDLE-SILENT
489,2,0,0,1,2.4,0.00,CRIT(2%),SILENT,IDLE-SILENT
489,3,0,0,1,47.0,0.00,SILENT,IDLE-SILENT
489,4,0,0,1,34.0,0.00,SILENT,IDLE-SILENT
490,0,0,0,1,50.3,0.00,SILENT,IDLE-SILENT
490,1,0,0,1,50.1,0.00,SILENT,IDLE-SILENT
490,2,0,0,1,2.3,0.00,CRIT(2%),SILENT,IDLE-SILENT
490,3,0,0,1,46.9,0.00,SILENT,IDLE-SILENT
490,4,0,0,1,33.9,0.00,SILENT,IDLE-SILENT
491,0,0,0,1,50.2,0.00,SILENT,IDLE-SILENT
491,1,0,0,1,50.0,0.00,SILENT,IDLE-SILENT
491,2,0,0,1,2.2,0.00,CRIT(2%),SILENT,IDLE-SILENT
491,3,0,0,1,46.8,0.00,SILENT,IDLE-SILENT
491,4,0,0,1,33.8,0.00,SILENT,IDLE-SILENT
492,0,0,0,1,50.1,0.00,SILENT,IDLE-SILENT
492,1,0,0,1,49.9,0.00,SILENT,IDLE-SILENT
492,2,0,0,1,2.1,0.00,CRIT(2%),SILENT,IDLE-SILENT
492,3,0,0,1,46.7,0.00,SILENT,IDLE-SILENT
492,4,0,0,1,33.7,0.00,SILENT,IDLE-SILENT
493,0,0,0,1,50.0,0.00,SILENT,IDLE-SILENT
493,1,0,0,1,49.8,0.00,SILENT,IDLE-SILENT
493,2,0,0,1,2.0,0.00,CRIT(2%),SILENT,IDLE-SILENT
493,3,0,0,1,46.6,0.00,SILENT,IDLE-SILENT
493,4,0,0,1,33.6,0.00,SILENT,IDLE-SILENT
494,0,0,0,1,49.9,0.00,SILENT,IDLE-SILENT
494,1,0,0,1,49.7,0.00,SILENT,IDLE-SILENT
494,2,0,0,1,1.9,0.00,CRIT(2%),SILENT,IDLE-SILENT
494,3,0,0,1,46.5,0.00,SILENT,IDLE-SILENT
494,4,0,0,1,33.5,0.00,SILENT,IDLE-SILENT
495,0,0,0,1,49.8,0.00,SILENT,IDLE-SILENT
495,1,0,0,1,49.6,0.00,SILENT,IDLE-SILENT
495,2,0,0,1,1.8,0.00,CRIT(2%),SILENT,IDLE-SILENT
495,3,0,0,1,46.4,0.00,SILENT,IDLE-SILENT
495,4,0,0,1,33.4,0.00,SILENT,IDLE-SILENT
496,0,0,0,1,49.7,0.00,SILENT,IDLE-SILENT
496,1,0,0,1,49.5,0.00,SILENT,IDLE-SILENT
496,2,0,0,1,1.7,0.00,CRIT(2%),SILENT,IDLE-SILENT
496,3,0,0,1,46.3,0.00,SILENT,IDLE-SILENT
496,4,0,0,1,33.3,0.00,SILENT,IDLE-SILENT
497,0,0,0,1,49.6,0.00,SILENT,IDLE-SILENT
497,1,0,0,1,49.4,0.00,SILENT,IDLE-SILENT
497,2,0,0,1,1.6,0.00,CRIT(2%),SILENT,IDLE-SILENT
497,3,0,0,1,46.2,0.00,SILENT,IDLE-SILENT
497,4,0,0,1,33.3,0.00,SILENT,IDLE-SILENT
498,0,0,0,1,49.5,0.00,SILENT,IDLE-SILENT
498,1,0,0,1,49.3,0.00,SILENT,IDLE-SILENT
498,2,0,0,1,1.5,0.00,CRIT(2%),SILENT,IDLE-SILENT
498,3,0,0,1,46.1,0.00,SILENT,IDLE-SILENT
498,4,0,0,1,33.3,0.00,SILENT,IDLE-SILENT
499,0,0,0,1,49.4,0.00,SILENT,IDLE-SILENT
499,1,0,0,1,49.2,0.00,SILENT,IDLE-SILENT
499,2,0,0,1,1.4,0.00,CRIT(1%),SILENT,IDLE-SILENT
499,3,0,0,1,46.0,0.00,SILENT,IDLE-SILENT
499,4,0,0,1,33.3,0.00,SILENT,IDLE-SILENT
500,0,0,0,1,49.3,0.00,SILENT,IDLE-SILENT
500,1,0,0,1,49.1,0.00,SILENT,IDLE-SILENT
500,2,0,0,1,1.3,0.00,CRIT(1%),SILENT,IDLE-SILENT
500,3,0,0,1,45.9,0.00,SILENT,IDLE-SILENT
500,4,0,0,1,33.3,0.00,SILENT,IDLE-SILENT
501,0,0,0,1,49.2,0.00,SILENT,IDLE-SILENT
501,1,0,0,1,49.0,0.00,SILENT,IDLE-SILENT
501,2,0,0,1,1.2,0.00,CRIT(1%),SILENT,IDLE-SILENT
501,3,0,0,1,45.8,0.00,SILENT,IDLE-SILENT
501,4,0,0,1,33.3,0.00,SILENT,IDLE-SILENT
502,0,0,0,1,49.1,0.00,SILENT,IDLE-SILENT
502,1,0,0,1,48.9,0.00,SILENT,IDLE-SILENT
502,2,0,0,1,1.1,0.00,CRIT(1%),SILENT,IDLE-SILENT
502,3,0,0,1,45.7,0.00,SILENT,IDLE-SILENT
502,4,0,0,1,33.3,0.00,SILENT,IDLE-SILENT
503,0,0,0,1,49.0,0.00,SILENT,IDLE-SILENT
503,1,0,0,1,48.8,0.00,SILENT,IDLE-SILENT
503,2,0,0,1,1.0,0.00,CRIT(1%),SILENT,IDLE-SILENT
503,3,0,0,1,45.6,0.00,SILENT,IDLE-SILENT
503,4,0,0,1,33.3,0.00,SILENT,IDLE-SILENT
504,0,0,0,1,48.9,0.00,SILENT,IDLE-SILENT
504,1,0,0,1,48.7,0.00,SILENT,IDLE-SILENT
504,2,0,0,1,0.9,0.00,CRIT(1%),SILENT,IDLE-SILENT
504,3,0,0,1,45.5,0.00,SILENT,IDLE-SILENT
504,4,0,0,1,33.3,0.00,SILENT,IDLE-SILENT
505,0,0,0,1,48.8,0.00,SILENT,IDLE-SILENT
505,1,0,0,1,48.6,0.00,SILENT,IDLE-SILENT
505,2,0,0,1,0.8,0.00,CRIT(1%),SILENT,IDLE-SILENT
505,3,0,0,1,45.4,0.00,SILENT,IDLE-SILENT
505,4,0,0,1,33.3,0.00,SILENT,IDLE-SILENT
506,0,0,0,1,48.7,0.00,SILENT,IDLE-SILENT
506,1,0,0,1,48.5,0.00,SILENT,IDLE-SILENT
506,2,0,0,1,0.7,0.00,CRIT(1%),SILENT,IDLE-SILENT
506,3,0,0,1,45.3,0.00,SILENT,IDLE-SILENT
506,4,0,0,1,33.3,0.00,SILENT,IDLE-SILENT
507,0,0,0,1,48.6,0.00,SILENT,IDLE-SILENT
507,1,0,0,1,48.4,0.00,SILENT,IDLE-SILENT
507,2,0,0,1,0.6,0.00,CRIT(1%),SILENT,IDLE-SILENT
507,3,0,0,1,45.2,0.00,SILENT,IDLE-SILENT
507,4,0,0,1,33.3,0.00,SILENT,IDLE-SILENT
508,0,0,0,1,48.5,0.00,SILENT,IDLE-SILENT
508,1,0,0,1,48.3,0.00,SILENT,IDLE-SILENT
508,2,0,0,1,0.5,0.00,CRIT(1%),SILENT,IDLE-SILENT
508,3,0,0,1,45.1,0.00,SILENT,IDLE-SILENT
508,4,0,0,1,33.3,0.00,SILENT,IDLE-SILENT
509,0,0,0,1,48.4,0.00,SILENT,IDLE-SILENT
509,1,0,0,1,48.2,0.00,SILENT,IDLE-SILENT
509,2,0,0,1,0.4,0.00,CRIT(0%),SILENT,IDLE-SILENT
509,3,0,0,1,45.0,0.00,SILENT,IDLE-SILENT
509,4,0,0,1,33.3,0.00,SILENT,IDLE-SILENT
510,0,0,0,1,48.3,0.00,SILENT,IDLE-SILENT
510,1,0,0,1,48.1,0.00,SILENT,IDLE-SILENT
510,2,0,0,1,0.3,0.00,CRIT(0%),SILENT,IDLE-SILENT
510,3,0,0,1,44.9,0.00,SILENT,IDLE-SILENT
510,4,0,0,1,33.3,0.00,SILENT,IDLE-SILENT
511,0,0,0,1,48.2,0.00,SILENT,IDLE-SILENT
511,1,0,0,1,48.0,0.00,SILENT,IDLE-SILENT
511,2,0,0,1,0.2,0.00,CRIT(0%),SILENT,IDLE-SILENT
511,3,0,0,1,44.8,0.00,SILENT,IDLE-SILENT
511,4,0,0,1,33.3,0.00,SILENT,IDLE-SILENT
512,0,0,0,1,48.1,0.00,SILENT,IDLE-SILENT
512,1,0,0,1,47.9,0.00,SILENT,IDLE-SILENT
512,2,0,0,1,0.1,0.00,CRIT(0%),SILENT,IDLE-SILENT
512,3,0,0,1,44.7,0.00,SILENT,IDLE-SILENT
512,4,0,0,1,33.3,0.00,SILENT,IDLE-SILENT
513,0,0,0,1,48.0,0.00,SILENT,IDLE-SILENT
513,1,0,0,1,47.8,0.00,SILENT,IDLE-SILENT
513,2,0,0,1,0.0,0.00,CRIT(0%),SILENT,IDLE-SILENT
513,3,0,0,1,44.6,0.00,SILENT,IDLE-SILENT
513,4,0,0,1,33.3,0.00,SILENT,IDLE-SILENT
514,0,0,0,1,47.9,0.00,SILENT,IDLE-SILENT
514,1,0,0,1,47.7,0.00,SILENT,IDLE-SILENT
514,2,0,0,1,0.0,0.00,RECHARGING,CRIT(0%),SILENT,IDLE-SILENT
514,3,0,0,1,44.5,0.00,SILENT,IDLE-SILENT
514,4,0,0,1,33.3,0.00,SILENT,IDLE-SILENT
515,0,0,0,1,47.8,0.00,SILENT,IDLE-SILENT
515,1,0,0,1,47.6,0.00,SILENT,IDLE-SILENT
515,2,0,0,1,0.0,0.00,RECHARGING,CRIT(0%),SILENT,IDLE-SILENT
515,3,0,0,1,44.4,0.00,SILENT,IDLE-SILENT
515,4,0,0,1,33.3,0.00,SILENT,IDLE-SILENT
516,0,0,0,1,47.7,0.00,SILENT,IDLE-SILENT
516,1,0,0,1,47.5,0.00,SILENT,IDLE-SILENT
516,2,0,0,1,0.0,0.00,RECHARGING,CRIT(0%),SILENT,IDLE-SILENT
516,3,0,0,1,44.3,0.00,SILENT,IDLE-SILENT
516,4,0,0,1,33.3,0.00,SILENT,IDLE-SILENT
517,0,0,0,1,47.6,0.00,SILENT,IDLE-SILENT
517,1,0,0,1,47.4,0.00,SILENT,IDLE-SILENT
517,2,0,0,1,0.0,0.00,RECHARGING,CRIT(0%),SILENT,IDLE-SILENT
517,3,0,0,1,44.2,0.00,SILENT,IDLE-SILENT
517,4,0,0,1,33.3,0.00,SILENT,IDLE-SILENT
518,0,0,0,1,47.5,0.00,SILENT,IDLE-SILENT
518,1,0,0,1,47.3,0.00,SILENT,IDLE-SILENT
518,2,0,0,1,0.0,0.00,RECHARGING,CRIT(0%),SILENT,IDLE-SILENT
518,3,0,0,1,44.1,0.00,SILENT,IDLE-SILENT
518,4,0,0,1,33.3,0.00,SILENT,IDLE-SILENT
519,0,0,0,1,47.4,0.00,SILENT,IDLE-SILENT
519,1,0,0,1,47.2,0.00,SILENT,IDLE-SILENT
519,2,0,0,1,0.0,0.00,RECHARGING,CRIT(0%),SILENT,IDLE-SILENT
519,3,0,0,1,44.0,0.00,SILENT,IDLE-SILENT
519,4,0,0,1,33.3,0.00,SILENT,IDLE-SILENT
520,0,0,0,1,47.3,0.00,SILENT,IDLE-SILENT
520,1,0,0,1,47.1,0.00,SILENT,IDLE-SILENT
520,2,0,0,1,0.0,0.00,RECHARGING,CRIT(0%),SILENT,IDLE-SILENT
520,3,0,0,1,43.9,0.00,SILENT,IDLE-SILENT
520,4,0,0,1,33.3,0.00,SILENT,IDLE-SILENT
521,0,0,0,1,47.2,0.00,SILENT,IDLE-SILENT
521,1,0,0,1,47.0,0.00,SILENT,IDLE-SILENT
521,2,0,0,1,0.0,0.00,RECHARGING,CRIT(0%),SILENT,IDLE-SILENT
521,3,0,0,1,43.8,0.00,SILENT,IDLE-SILENT
521,4,0,0,1,33.3,0.00,SILENT,IDLE-SILENT
522,0,0,0,1,47.1,0.00,SILENT,IDLE-SILENT
522,1,0,0,1,46.9,0.00,SILENT,IDLE-SILENT
522,2,0,0,1,0.0,0.00,RECHARGING,CRIT(0%),SILENT,IDLE-SILENT
522,3,0,0,1,43.7,0.00,SILENT,IDLE-SILENT
522,4,0,0,1,33.3,0.00,SILENT,IDLE-SILENT
523,0,0,0,1,47.0,0.00,SILENT,IDLE-SILENT
523,1,0,0,1,46.8,0.00,SILENT,IDLE-SILENT
523,2,0,0,1,0.0,0.00,RECHARGING,CRIT(0%),SILENT,IDLE-SILENT
523,3,0,0,1,43.6,0.00,SILENT,IDLE-SILENT
523,4,0,0,1,33.3,0.00,SILENT,IDLE-SILENT
524,0,0,0,1,46.9,0.00,SILENT,IDLE-SILENT
524,1,0,0,1,46.7,0.00,SILENT,IDLE-SILENT
524,2,0,0,1,0.0,0.00,RECHARGING,CRIT(0%),SILENT,IDLE-SILENT
524,3,0,0,1,43.5,0.00,SILENT,IDLE-SILENT
524,4,0,0,1,33.3,0.00,SILENT,IDLE-SILENT
525,0,0,0,1,46.8,0.00,SILENT,IDLE-SILENT
525,1,0,0,1,46.6,0.00,SILENT,IDLE-SILENT
525,2,0,0,1,0.0,0.00,RECHARGING,CRIT(0%),SILENT,IDLE-SILENT
525,3,0,0,1,43.4,0.00,SILENT,IDLE-SILENT
525,4,0,0,1,33.3,0.00,SILENT,IDLE-SILENT
526,0,0,0,1,46.7,0.00,SILENT,IDLE-SILENT
526,1,0,0,1,46.5,0.00,SILENT,IDLE-SILENT
526,2,0,0,1,0.0,0.00,RECHARGING,CRIT(0%),SILENT,IDLE-SILENT
526,3,0,0,1,43.3,0.00,SILENT,IDLE-SILENT
526,4,0,0,1,33.2,0.00,SILENT,IDLE-SILENT
527,0,0,0,1,46.6,0.00,SILENT,IDLE-SILENT
527,1,0,0,1,46.4,0.00,SILENT,IDLE-SILENT
527,2,0,0,1,0.0,0.00,RECHARGING,CRIT(0%),SILENT,IDLE-SILENT
527,3,0,0,1,43.2,0.00,SILENT,IDLE-SILENT
527,4,0,0,1,33.1,0.00,SILENT,IDLE-SILENT
528,0,0,0,1,46.5,0.00,SILENT,IDLE-SILENT
528,1,0,0,1,46.3,0.00,SILENT,IDLE-SILENT
528,2,0,0,1,0.0,0.00,RECHARGING,CRIT(0%),SILENT,IDLE-SILENT
528,3,0,0,1,43.1,0.00,SILENT,IDLE-SILENT
528,4,0,0,1,33.0,0.00,SILENT,IDLE-SILENT
529,0,0,0,1,46.4,0.00,SILENT,IDLE-SILENT
529,1,0,0,1,46.2,0.00,SILENT,IDLE-SILENT
529,2,0,0,1,0.0,0.00,RECHARGING,CRIT(0%),SILENT,IDLE-SILENT
529,3,0,0,1,43.0,0.00,SILENT,IDLE-SILENT
529,4,0,0,1,32.9,0.00,SILENT,IDLE-SILENT
530,0,0,0,1,46.3,0.00,SILENT,IDLE-SILENT
530,1,0,0,1,46.1,0.00,SILENT,IDLE-SILENT
530,2,0,0,1,0.0,0.00,RECHARGING,CRIT(0%),SILENT,IDLE-SILENT
530,3,0,0,1,42.9,0.00,SILENT,IDLE-SILENT
530,4,0,0,1,32.8,0.00,SILENT,IDLE-SILENT
531,0,0,0,1,46.2,0.00,SILENT,IDLE-SILENT
531,1,0,0,1,46.0,0.00,SILENT,IDLE-SILENT
531,2,0,0,1,0.0,0.00,RECHARGING,CRIT(0%),SILENT,IDLE-SILENT
531,3,0,0,1,42.8,0.00,SILENT,IDLE-SILENT
531,4,0,0,1,32.7,0.00,SILENT,IDLE-SILENT
532,0,0,0,1,46.1,0.00,SILENT,IDLE-SILENT
532,1,0,0,1,45.9,0.00,SILENT,IDLE-SILENT
532,2,0,0,1,0.0,0.00,RECHARGING,CRIT(0%),SILENT,IDLE-SILENT
532,3,0,0,1,42.7,0.00,SILENT,IDLE-SILENT
532,4,0,0,1,32.6,0.00,SILENT,IDLE-SILENT
533,0,0,0,1,46.0,0.00,SILENT,IDLE-SILENT
533,1,0,0,1,45.8,0.00,SILENT,IDLE-SILENT
533,2,0,0,1,0.0,0.00,RECHARGING,CRIT(0%),SILENT,IDLE-SILENT
533,3,0,0,1,42.6,0.00,SILENT,IDLE-SILENT
533,4,0,0,1,32.5,0.00,SILENT,IDLE-SILENT
534,0,0,0,1,45.9,0.00,SILENT,IDLE-SILENT
534,1,0,0,1,45.7,0.00,SILENT,IDLE-SILENT
534,2,0,0,1,0.0,0.00,RECHARGING,CRIT(0%),SILENT,IDLE-SILENT
534,3,0,0,1,42.5,0.00,SILENT,IDLE-SILENT
534,4,0,0,1,32.4,0.00,SILENT,IDLE-SILENT
535,0,0,0,1,45.8,0.00,SILENT,IDLE-SILENT
535,1,0,0,1,45.6,0.00,SILENT,IDLE-SILENT
535,2,0,0,1,0.0,0.00,RECHARGING,CRIT(0%),SILENT,IDLE-SILENT
535,3,0,0,1,42.4,0.00,SILENT,IDLE-SILENT
535,4,0,0,1,32.3,0.00,SILENT,IDLE-SILENT
536,0,0,0,1,45.7,0.00,SILENT,IDLE-SILENT
536,1,0,0,1,45.5,0.00,SILENT,IDLE-SILENT
536,2,0,0,1,0.0,0.00,RECHARGING,CRIT(0%),SILENT,IDLE-SILENT
536,3,0,0,1,42.3,0.00,SILENT,IDLE-SILENT
536,4,0,0,1,32.2,0.00,SILENT,IDLE-SILENT
537,0,0,0,1,45.6,0.00,SILENT,IDLE-SILENT
537,1,0,0,1,45.4,0.00,SILENT,IDLE-SILENT
537,2,0,0,1,0.0,0.00,RECHARGING,CRIT(0%),SILENT,IDLE-SILENT
537,3,0,0,1,42.2,0.00,SILENT,IDLE-SILENT
537,4,0,0,1,32.1,0.00,SILENT,IDLE-SILENT
538,0,0,0,1,45.5,0.00,SILENT,IDLE-SILENT
538,1,0,0,1,45.3,0.00,SILENT,IDLE-SILENT
538,2,0,0,1,0.0,0.00,RECHARGING,CRIT(0%),SILENT,IDLE-SILENT
538,3,0,0,1,42.1,0.00,SILENT,IDLE-SILENT
538,4,0,0,1,32.0,0.00,SILENT,IDLE-SILENT
539,0,0,0,1,45.4,0.00,SILENT,IDLE-SILENT
539,1,0,0,1,45.2,0.00,SILENT,IDLE-SILENT
539,2,0,0,1,0.0,0.00,RECHARGING,CRIT(0%),SILENT,IDLE-SILENT
539,3,0,0,1,42.0,0.00,SILENT,IDLE-SILENT
539,4,0,0,1,31.9,0.00,SILENT,IDLE-SILENT
540,0,0,0,1,45.3,0.00,SILENT,IDLE-SILENT
540,1,0,0,1,45.1,0.00,SILENT,IDLE-SILENT
540,2,0,0,1,0.0,0.00,RECHARGING,CRIT(0%),SILENT,IDLE-SILENT
540,3,0,0,1,41.9,0.00,SILENT,IDLE-SILENT
540,4,0,0,1,31.8,0.00,SILENT,IDLE-SILENT
541,0,0,0,1,45.2,0.00,SILENT,IDLE-SILENT
541,1,0,0,1,45.0,0.00,SILENT,IDLE-SILENT
541,2,0,0,1,0.0,0.00,RECHARGING,CRIT(0%),SILENT,IDLE-SILENT
541,3,0,0,1,41.8,0.00,SILENT,IDLE-SILENT
541,4,0,0,1,31.7,0.00,SILENT,IDLE-SILENT
542,0,0,0,1,45.1,0.00,SILENT,IDLE-SILENT
542,1,0,0,1,44.9,0.00,SILENT,IDLE-SILENT
542,2,0,0,1,0.0,0.00,RECHARGING,CRIT(0%),SILENT,IDLE-SILENT
542,3,0,0,1,41.7,0.00,SILENT,IDLE-SILENT
542,4,0,0,1,31.6,0.00,SILENT,IDLE-SILENT
543,0,0,0,1,45.0,0.00,SILENT,IDLE-SILENT
543,1,0,0,1,44.8,0.00,SILENT,IDLE-SILENT
543,2,0,0,1,100.0,0.00,SILENT,IDLE-SILENT
543,3,0,0,1,41.6,0.00,SILENT,IDLE-SILENT
543,4,0,0,1,31.5,0.00,SILENT,IDLE-SILENT
544,0,0,0,1,44.9,0.00,SILENT,IDLE-SILENT
544,1,0,0,1,44.7,0.00,SILENT,IDLE-SILENT
544,2,0,0,1,99.9,0.00,SILENT,IDLE-SILENT
544,3,0,0,1,41.5,0.00,SILENT,IDLE-SILENT
544,4,0,0,1,31.4,0.00,SILENT,IDLE-SILENT
545,0,0,0,1,44.8,0.00,SILENT,IDLE-SILENT
545,1,0,0,1,44.6,0.00,SILENT,IDLE-SILENT
545,2,0,0,1,99.8,0.00,SILENT,IDLE-SILENT
545,3,0,0,1,41.4,0.00,SILENT,IDLE-SILENT
545,4,0,0,1,31.3,0.00,SILENT,IDLE-SILENT
546,0,0,0,1,44.7,0.00,SILENT,IDLE-SILENT
546,1,0,0,1,44.5,0.00,SILENT,IDLE-SILENT
546,2,0,0,1,99.7,0.00,SILENT,IDLE-SILENT
546,3,0,0,1,41.3,0.00,SILENT,IDLE-SILENT
546,4,0,0,1,31.2,0.00,SILENT,IDLE-SILENT
547,0,0,0,1,44.6,0.00,SILENT,IDLE-SILENT
547,1,0,0,1,44.4,0.00,SILENT,IDLE-SILENT
547,2,0,0,1,99.6,0.00,SILENT,IDLE-SILENT
547,3,0,0,1,41.2,0.00,SILENT,IDLE-SILENT
547,4,0,0,1,31.1,0.00,SILENT,IDLE-SILENT
548,0,0,0,1,44.5,0.00,SILENT,IDLE-SILENT
548,1,0,0,1,44.4,0.00,SILENT,IDLE-SILENT
548,2,0,0,1,99.5,0.00,SILENT,IDLE-SILENT
548,3,0,0,1,41.1,0.00,SILENT,IDLE-SILENT
548,4,0,0,1,31.0,0.00,SILENT,IDLE-SILENT
549,0,0,0,1,44.4,0.00,SILENT,IDLE-SILENT
549,1,0,0,1,44.4,0.00,SILENT,IDLE-SILENT
549,2,0,0,1,99.4,0.00,SILENT,IDLE-SILENT
549,3,0,0,1,41.0,0.00,SILENT,IDLE-SILENT
549,4,0,0,1,30.9,0.00,SILENT,IDLE-SILENT
550,0,0,0,1,44.3,0.00,SILENT,IDLE-SILENT
550,1,0,0,1,44.4,0.00,SILENT,IDLE-SILENT
550,2,0,0,1,99.3,0.00,SILENT,IDLE-SILENT
550,3,0,0,1,40.9,0.00,SILENT,IDLE-SILENT
550,4,0,0,1,30.8,0.00,SILENT,IDLE-SILENT
551,0,0,0,1,44.2,0.00,SILENT,IDLE-SILENT
551,1,0,0,1,44.4,0.00,SILENT,IDLE-SILENT
551,2,0,0,1,99.2,0.00,SILENT,IDLE-SILENT
551,3,0,0,1,40.8,0.00,SILENT,IDLE-SILENT
551,4,0,0,1,30.7,0.00,SILENT,IDLE-SILENT
552,0,0,0,1,44.1,0.00,SILENT,IDLE-SILENT
552,1,0,0,1,44.4,0.00,SILENT,IDLE-SILENT
552,2,0,0,1,99.1,0.00,SILENT,IDLE-SILENT
552,3,0,0,1,40.7,0.00,SILENT,IDLE-SILENT
552,4,0,0,1,30.6,0.00,SILENT,IDLE-SILENT
553,0,0,0,1,44.0,0.00,SILENT,IDLE-SILENT
553,1,0,0,1,44.4,0.00,SILENT,IDLE-SILENT
553,2,0,0,1,99.0,0.00,SILENT,IDLE-SILENT
553,3,0,0,1,40.6,0.00,SILENT,IDLE-SILENT
553,4,0,0,1,30.5,0.00,SILENT,IDLE-SILENT
554,0,0,0,1,43.9,0.00,SILENT,IDLE-SILENT
554,1,0,0,1,44.4,0.00,SILENT,IDLE-SILENT
554,2,0,0,1,98.9,0.00,SILENT,IDLE-SILENT
554,3,0,0,1,40.5,0.00,SILENT,IDLE-SILENT
554,4,0,0,1,30.4,0.00,SILENT,IDLE-SILENT
555,0,0,0,1,43.8,0.00,SILENT,IDLE-SILENT
555,1,0,0,1,44.4,0.00,SILENT,IDLE-SILENT
555,2,0,0,1,98.8,0.00,SILENT,IDLE-SILENT
555,3,0,0,1,40.4,0.00,SILENT,IDLE-SILENT
555,4,0,0,1,30.3,0.00,SILENT,IDLE-SILENT
556,0,0,0,1,43.7,0.00,SILENT,IDLE-SILENT
556,1,0,0,1,44.4,0.00,SILENT,IDLE-SILENT
556,2,0,0,1,98.7,0.00,SILENT,IDLE-SILENT
556,3,0,0,1,40.3,0.00,SILENT,IDLE-SILENT
556,4,0,0,1,30.2,0.00,SILENT,IDLE-SILENT
557,0,0,0,1,43.6,0.00,SILENT,IDLE-SILENT
557,1,0,0,1,44.4,0.00,SILENT,IDLE-SILENT
557,2,0,0,1,98.6,0.00,SILENT,IDLE-SILENT
557,3,0,0,1,40.2,0.00,SILENT,IDLE-SILENT
557,4,0,0,1,30.1,0.00,SILENT,IDLE-SILENT
558,0,0,0,1,43.5,0.00,SILENT,IDLE-SILENT
558,1,0,0,1,44.4,0.00,SILENT,IDLE-SILENT
558,2,0,0,1,98.5,0.00,SILENT,IDLE-SILENT
558,3,0,0,1,40.1,0.00,SILENT,IDLE-SILENT
558,4,0,0,1,30.0,0.00,SILENT,IDLE-SILENT
559,0,0,0,1,43.4,0.00,SILENT,IDLE-SILENT
559,1,0,0,1,44.4,0.00,SILENT,IDLE-SILENT
559,2,0,0,1,98.4,0.00,SILENT,IDLE-SILENT
559,3,0,0,1,40.0,0.00,SILENT,IDLE-SILENT
559,4,0,0,1,29.9,0.00,SILENT,IDLE-SILENT
560,0,0,0,1,43.3,0.00,SILENT,IDLE-SILENT
560,1,0,0,1,44.4,0.00,SILENT,IDLE-SILENT
560,2,0,0,1,98.3,0.00,SILENT,IDLE-SILENT
560,3,0,0,1,39.9,0.00,SILENT,IDLE-SILENT
560,4,0,0,1,29.8,0.00,SILENT,IDLE-SILENT
561,0,0,0,1,43.2,0.00,SILENT,IDLE-SILENT
561,1,0,0,1,44.4,0.00,SILENT,IDLE-SILENT
561,2,0,0,1,98.2,0.00,SILENT,IDLE-SILENT
561,3,0,0,1,39.8,0.00,SILENT,IDLE-SILENT
561,4,0,0,1,29.7,0.00,SILENT,IDLE-SILENT
562,0,0,0,1,43.1,0.00,SILENT,IDLE-SILENT
562,1,0,0,1,44.4,0.00,SILENT,IDLE-SILENT
562,2,0,0,1,98.1,0.00,SILENT,IDLE-SILENT
562,3,0,0,1,39.7,0.00,SILENT,IDLE-SILENT
562,4,0,0,1,29.6,0.00,SILENT,IDLE-SILENT
563,0,0,0,1,43.0,0.00,SILENT,IDLE-SILENT
563,1,0,0,1,44.4,0.00,SILENT,IDLE-SILENT
563,2,0,0,1,98.0,0.00,SILENT,IDLE-SILENT
563,3,0,0,1,39.6,0.00,SILENT,IDLE-SILENT
563,4,0,0,1,29.5,0.00,SILENT,IDLE-SILENT
564,0,0,0,1,42.9,0.00,SILENT,IDLE-SILENT
564,1,0,0,1,44.4,0.00,SILENT,IDLE-SILENT
564,2,0,0,1,97.9,0.00,SILENT,IDLE-SILENT
564,3,0,0,1,39.5,0.00,SILENT,IDLE-SILENT
564,4,0,0,1,29.4,0.00,SILENT,IDLE-SILENT
565,0,0,0,1,42.8,0.00,SILENT,IDLE-SILENT
565,1,0,0,1,44.4,0.00,SILENT,IDLE-SILENT
565,2,0,0,1,97.8,0.00,SILENT,IDLE-SILENT
565,3,0,0,1,39.4,0.00,SILENT,IDLE-SILENT
565,4,0,0,1,29.3,0.00,SILENT,IDLE-SILENT
566,0,0,0,1,42.7,0.00,SILENT,IDLE-SILENT
566,1,0,0,1,44.4,0.00,SILENT,IDLE-SILENT
566,2,0,0,1,97.7,0.00,SILENT,IDLE-SILENT
566,3,0,0,1,39.3,0.00,SILENT,IDLE-SILENT
566,4,0,0,1,29.2,0.00,SILENT,IDLE-SILENT
567,0,0,0,1,42.6,0.00,SILENT,IDLE-SILENT
567,1,0,0,1,44.4,0.00,SILENT,IDLE-SILENT
567,2,0,0,1,97.6,0.00,SILENT,IDLE-SILENT
567,3,0,0,1,39.2,0.00,SILENT,IDLE-SILENT
567,4,0,0,1,29.1,0.00,SILENT,IDLE-SILENT
568,0,0,0,1,42.5,0.00,SILENT,IDLE-SILENT
568,1,0,0,1,44.4,0.00,SILENT,IDLE-SILENT
568,2,0,0,1,97.5,0.00,SILENT,IDLE-SILENT
568,3,0,0,1,39.1,0.00,SILENT,IDLE-SILENT
568,4,0,0,1,29.0,0.00,SILENT,IDLE-SILENT
569,0,0,0,1,42.4,0.00,SILENT,IDLE-SILENT
569,1,0,0,1,44.4,0.00,SILENT,IDLE-SILENT
569,2,0,0,1,97.4,0.00,SILENT,IDLE-SILENT
569,3,0,0,1,39.0,0.00,SILENT,IDLE-SILENT
569,4,0,0,1,28.9,0.00,SILENT,IDLE-SILENT
570,0,0,0,1,42.3,0.00,SILENT,IDLE-SILENT
570,1,0,0,1,44.4,0.00,SILENT,IDLE-SILENT
570,2,0,0,1,97.3,0.00,SILENT,IDLE-SILENT
570,3,0,0,1,38.9,0.00,SILENT,IDLE-SILENT
570,4,0,0,1,28.8,0.00,SILENT,IDLE-SILENT
571,0,0,0,1,42.2,0.00,SILENT,IDLE-SILENT
571,1,0,0,1,44.4,0.00,SILENT,IDLE-SILENT
571,2,0,0,1,97.2,0.00,SILENT,IDLE-SILENT
571,3,0,0,1,38.8,0.00,SILENT,IDLE-SILENT
571,4,0,0,1,28.7,0.00,SILENT,IDLE-SILENT
572,0,0,0,1,42.1,0.00,SILENT,IDLE-SILENT
572,1,0,0,1,44.4,0.00,SILENT,IDLE-SILENT
572,2,0,0,1,97.1,0.00,SILENT,IDLE-SILENT
572,3,0,0,1,38.7,0.00,SILENT,IDLE-SILENT
572,4,0,0,1,28.6,0.00,SILENT,IDLE-SILENT
573,0,0,0,1,42.0,0.00,SILENT,IDLE-SILENT
573,1,0,0,1,44.4,0.00,SILENT,IDLE-SILENT
573,2,0,0,1,97.0,0.00,SILENT,IDLE-SILENT
573,3,0,0,1,38.6,0.00,SILENT,IDLE-SILENT
573,4,0,0,1,28.5,0.00,SILENT,IDLE-SILENT
574,0,0,0,1,41.9,0.00,SILENT,IDLE-SILENT
574,1,0,0,1,44.4,0.00,SILENT,IDLE-SILENT
574,2,0,0,1,96.9,0.00,SILENT,IDLE-SILENT
574,3,0,0,1,38.5,0.00,SILENT,IDLE-SILENT
574,4,0,0,1,28.4,0.00,SILENT,IDLE-SILENT
575,0,0,0,1,41.8,0.00,SILENT,IDLE-SILENT
575,1,0,0,1,44.4,0.00,SILENT,IDLE-SILENT
575,2,0,0,1,96.8,0.00,SILENT,IDLE-SILENT
575,3,0,0,1,38.4,0.00,SILENT,IDLE-SILENT
575,4,0,0,1,28.3,0.00,SILENT,IDLE-SILENT
576,0,0,0,1,41.7,0.00,SILENT,IDLE-SILENT
576,1,0,0,1,44.4,0.00,SILENT,IDLE-SILENT
576,2,0,0,1,96.7,0.00,SILENT,IDLE-SILENT
576,3,0,0,1,38.3,0.00,SILENT,IDLE-SILENT
576,4,0,0,1,28.2,0.00,SILENT,IDLE-SILENT
577,0,0,0,1,41.6,0.00,SILENT,IDLE-SILENT
577,1,0,0,1,44.3,0.00,SILENT,IDLE-SILENT
577,2,0,0,1,96.6,0.00,SILENT,IDLE-SILENT
577,3,0,0,1,38.2,0.00,SILENT,IDLE-SILENT
577,4,0,0,1,28.1,0.00,SILENT,IDLE-SILENT
578,0,0,0,1,41.5,0.00,SILENT,IDLE-SILENT
578,1,0,0,1,44.2,0.00,SILENT,IDLE-SILENT
578,2,0,0,1,96.5,0.00,SILENT,IDLE-SILENT
578,3,0,0,1,38.1,0.00,SILENT,IDLE-SILENT
578,4,0,0,1,28.0,0.00,SILENT,IDLE-SILENT
579,0,0,0,1,41.4,0.00,SILENT,IDLE-SILENT
579,1,0,0,1,44.1,0.00,SILENT,IDLE-SILENT
579,2,0,0,1,96.4,0.00,SILENT,IDLE-SILENT
579,3,0,0,1,38.0,0.00,SILENT,IDLE-SILENT
579,4,0,0,1,27.9,0.00,SILENT,IDLE-SILENT
580,0,0,0,1,41.3,0.00,SILENT,IDLE-SILENT
580,1,0,0,1,44.0,0.00,SILENT,IDLE-SILENT
580,2,0,0,1,96.3,0.00,SILENT,IDLE-SILENT
580,3,0,0,1,38.0,0.00,SILENT,IDLE-SILENT
580,4,0,0,1,27.8,0.00,SILENT,IDLE-SILENT
581,0,0,0,1,41.2,0.00,SILENT,IDLE-SILENT
581,1,0,0,1,43.9,0.00,SILENT,IDLE-SILENT
581,2,0,0,1,96.2,0.00,SILENT,IDLE-SILENT
581,3,0,0,1,38.0,0.00,SILENT,IDLE-SILENT
581,4,0,0,1,27.7,0.00,SILENT,IDLE-SILENT
582,0,0,0,1,41.1,0.00,SILENT,IDLE-SILENT
582,1,0,0,1,43.8,0.00,SILENT,IDLE-SILENT
582,2,0,0,1,96.1,0.00,SILENT,IDLE-SILENT
582,3,0,0,1,38.0,0.00,SILENT,IDLE-SILENT
582,4,0,0,1,27.6,0.00,SILENT,IDLE-SILENT
583,0,0,0,1,41.0,0.00,SILENT,IDLE-SILENT
583,1,0,0,1,43.7,0.00,SILENT,IDLE-SILENT
583,2,0,0,1,96.0,0.00,SILENT,IDLE-SILENT
583,3,0,0,1,38.0,0.00,SILENT,IDLE-SILENT
583,4,0,0,1,27.5,0.00,SILENT,IDLE-SILENT
584,0,0,0,1,40.9,0.00,SILENT,IDLE-SILENT
584,1,0,0,1,43.6,0.00,SILENT,IDLE-SILENT
584,2,0,0,1,95.9,0.00,SILENT,IDLE-SILENT
584,3,0,0,1,38.0,0.00,SILENT,IDLE-SILENT
584,4,0,0,1,27.4,0.00,SILENT,IDLE-SILENT
585,0,0,0,1,40.8,0.00,SILENT,IDLE-SILENT
585,1,0,0,1,43.5,0.00,SILENT,IDLE-SILENT
585,2,0,0,1,95.8,0.00,SILENT,IDLE-SILENT
585,3,0,0,1,38.0,0.00,SILENT,IDLE-SILENT
585,4,0,0,1,27.3,0.00,SILENT,IDLE-SILENT
586,0,0,0,1,40.7,0.00,SILENT,IDLE-SILENT
586,1,0,0,1,43.4,0.00,SILENT,IDLE-SILENT
586,2,0,0,1,95.7,0.00,SILENT,IDLE-SILENT
586,3,0,0,1,38.0,0.00,SILENT,IDLE-SILENT
586,4,0,0,1,27.2,0.00,SILENT,IDLE-SILENT
587,0,0,0,1,40.6,0.00,SILENT,IDLE-SILENT
587,1,0,0,1,43.3,0.00,SILENT,IDLE-SILENT
587,2,0,0,1,95.6,0.00,SILENT,IDLE-SILENT
587,3,0,0,1,38.0,0.00,SILENT,IDLE-SILENT
587,4,0,0,1,27.1,0.00,SILENT,IDLE-SILENT
588,0,0,0,1,40.5,0.00,SILENT,IDLE-SILENT
588,1,0,0,1,43.2,0.00,SILENT,IDLE-SILENT
588,2,0,0,1,95.5,0.00,SILENT,IDLE-SILENT
588,3,0,0,1,38.0,0.00,SILENT,IDLE-SILENT
588,4,0,0,1,27.0,0.00,SILENT,IDLE-SILENT
589,0,0,0,1,40.4,0.00,SILENT,IDLE-SILENT
589,1,0,0,1,43.1,0.00,SILENT,IDLE-SILENT
589,2,0,0,1,95.4,0.00,SILENT,IDLE-SILENT
589,3,0,0,1,38.0,0.00,SILENT,IDLE-SILENT
589,4,0,0,1,26.9,0.00,SILENT,IDLE-SILENT
590,0,0,0,1,40.3,0.00,SILENT,IDLE-SILENT
590,1,0,0,1,43.0,0.00,SILENT,IDLE-SILENT
590,2,0,0,1,95.3,0.00,SILENT,IDLE-SILENT
590,3,0,0,1,38.0,0.00,SILENT,IDLE-SILENT
590,4,0,0,1,26.8,0.00,SILENT,IDLE-SILENT
591,0,0,0,1,40.2,0.00,SILENT,IDLE-SILENT
591,1,0,0,1,42.9,0.00,SILENT,IDLE-SILENT
591,2,0,0,1,95.2,0.00,SILENT,IDLE-SILENT
591,3,0,0,1,38.0,0.00,SILENT,IDLE-SILENT
591,4,0,0,1,26.7,0.00,SILENT,IDLE-SILENT
592,0,0,0,1,40.1,0.00,SILENT,IDLE-SILENT
592,1,0,0,1,42.8,0.00,SILENT,IDLE-SILENT
592,2,0,0,1,95.1,0.00,SILENT,IDLE-SILENT
592,3,0,0,1,38.0,0.00,SILENT,IDLE-SILENT
592,4,0,0,1,26.6,0.00,SILENT,IDLE-SILENT
593,0,0,0,1,40.0,0.00,SILENT,IDLE-SILENT
593,1,0,0,1,42.7,0.00,SILENT,IDLE-SILENT
593,2,0,0,1,95.0,0.00,SILENT,IDLE-SILENT
593,3,0,0,1,38.0,0.00,SILENT,IDLE-SILENT
593,4,0,0,1,26.5,0.00,SILENT,IDLE-SILENT
594,0,0,0,1,39.9,0.00,SILENT,IDLE-SILENT
594,1,0,0,1,42.6,0.00,SILENT,IDLE-SILENT
594,2,0,0,1,94.9,0.00,SILENT,IDLE-SILENT
594,3,0,0,1,38.0,0.00,SILENT,IDLE-SILENT
594,4,0,0,1,26.4,0.00,SILENT,IDLE-SILENT
595,0,0,0,1,39.8,0.00,SILENT,IDLE-SILENT
595,1,0,0,1,42.5,0.00,SILENT,IDLE-SILENT
595,2,0,0,1,94.8,0.00,SILENT,IDLE-SILENT
595,3,0,0,1,38.0,0.00,SILENT,IDLE-SILENT
595,4,0,0,1,26.3,0.00,SILENT,IDLE-SILENT
596,0,0,0,1,39.7,0.00,SILENT,IDLE-SILENT
596,1,0,0,1,42.4,0.00,SILENT,IDLE-SILENT
596,2,0,0,1,94.7,0.00,SILENT,IDLE-SILENT
596,3,0,0,1,38.0,0.00,SILENT,IDLE-SILENT
596,4,0,0,1,26.2,0.00,SILENT,IDLE-SILENT
597,0,0,0,1,39.6,0.00,SILENT,IDLE-SILENT
597,1,0,0,1,42.3,0.00,SILENT,IDLE-SILENT
597,2,0,0,1,94.6,0.00,SILENT,IDLE-SILENT
597,3,0,0,1,38.0,0.00,SILENT,IDLE-SILENT
597,4,0,0,1,26.1,0.00,SILENT,IDLE-SILENT
598,0,0,0,1,39.5,0.00,SILENT,IDLE-SILENT
598,1,0,0,1,42.2,0.00,SILENT,IDLE-SILENT
598,2,0,0,1,94.5,0.00,SILENT,IDLE-SILENT
598,3,0,0,1,38.0,0.00,SILENT,IDLE-SILENT
598,4,0,0,1,26.0,0.00,SILENT,IDLE-SILENT
599,0,0,0,1,39.4,0.00,SILENT,IDLE-SILENT
599,1,0,0,1,42.1,0.00,SILENT,IDLE-SILENT
599,2,0,0,1,94.4,0.00,SILENT,IDLE-SILENT
599,3,0,0,1,38.0,0.00,SILENT,IDLE-SILENT
599,4,0,0,1,25.9,0.00,SILENT,IDLE-SILENT
600,0,0,0,1,39.3,0.00,SILENT,IDLE-SILENT
600,1,0,0,1,42.0,0.00,SILENT,IDLE-SILENT
600,2,0,0,1,94.3,0.00,SILENT,IDLE-SILENT
600,3,0,0,1,38.0,0.00,SILENT,IDLE-SILENT
600,4,0,0,1,25.8,0.00,SILENT,IDLE-SILENT
601,0,0,0,1,39.2,0.00,SILENT,IDLE-SILENT
601,1,0,0,1,41.9,0.00,SILENT,IDLE-SILENT
601,2,0,0,1,94.2,0.00,SILENT,IDLE-SILENT
601,3,0,0,1,38.0,0.00,SILENT,IDLE-SILENT
601,4,0,0,1,25.7,0.00,SILENT,IDLE-SILENT
602,0,0,0,1,39.1,0.00,SILENT,IDLE-SILENT
602,1,0,0,1,41.8,0.00,SILENT,IDLE-SILENT
602,2,0,0,1,94.1,0.00,SILENT,IDLE-SILENT
602,3,0,0,1,38.0,0.00,SILENT,IDLE-SILENT
602,4,0,0,1,25.6,0.00,SILENT,IDLE-SILENT
603,0,0,0,1,39.0,0.00,SILENT,IDLE-SILENT
603,1,0,0,1,41.7,0.00,SILENT,IDLE-SILENT
603,2,0,0,1,94.0,0.00,SILENT,IDLE-SILENT
603,3,0,0,1,38.0,0.00,SILENT,IDLE-SILENT
603,4,0,0,1,25.5,0.00,SILENT,IDLE-SILENT
604,0,0,0,1,38.9,0.00,SILENT,IDLE-SILENT
604,1,0,0,1,41.6,0.00,SILENT,IDLE-SILENT
604,2,0,0,1,93.9,0.00,SILENT,IDLE-SILENT
604,3,0,0,1,38.0,0.00,SILENT,IDLE-SILENT
604,4,0,0,1,25.4,0.00,SILENT,IDLE-SILENT
605,0,0,0,1,38.8,0.00,SILENT,IDLE-SILENT
605,1,0,0,1,41.5,0.00,SILENT,IDLE-SILENT
605,2,0,0,1,93.8,0.00,SILENT,IDLE-SILENT
605,3,0,0,1,38.0,0.00,SILENT,IDLE-SILENT
605,4,0,0,1,25.3,0.00,SILENT,IDLE-SILENT
606,0,0,0,1,38.7,0.00,SILENT,IDLE-SILENT
606,1,0,0,1,41.4,0.00,SILENT,IDLE-SILENT
606,2,0,0,1,93.7,0.00,SILENT,IDLE-SILENT
606,3,0,0,1,38.0,0.00,SILENT,IDLE-SILENT
606,4,0,0,1,25.2,0.00,SILENT,IDLE-SILENT
607,0,0,0,1,38.6,0.00,SILENT,IDLE-SILENT
607,1,0,0,1,41.3,0.00,SILENT,IDLE-SILENT
607,2,0,0,1,93.6,0.00,SILENT,IDLE-SILENT
607,3,0,0,1,38.0,0.00,SILENT,IDLE-SILENT
607,4,0,0,1,25.1,0.00,SILENT,IDLE-SILENT
608,0,0,0,1,38.5,0.00,SILENT,IDLE-SILENT
608,1,0,0,1,41.2,0.00,SILENT,IDLE-SILENT
608,2,0,0,1,93.5,0.00,SILENT,IDLE-SILENT
608,3,0,0,1,38.0,0.00,SILENT,IDLE-SILENT
608,4,0,0,1,25.0,0.00,SILENT,IDLE-SILENT
609,0,0,0,1,38.4,0.00,SILENT,IDLE-SILENT
609,1,0,0,1,41.1,0.00,SILENT,IDLE-SILENT
609,2,0,0,1,93.4,0.00,SILENT,IDLE-SILENT
609,3,0,0,1,37.9,0.00,SILENT,IDLE-SILENT
609,4,0,0,1,24.9,0.00,SILENT,IDLE-SILENT
610,0,0,0,1,38.3,0.00,SILENT,IDLE-SILENT
610,1,0,0,1,41.0,0.00,SILENT,IDLE-SILENT
610,2,0,0,1,93.3,0.00,SILENT,IDLE-SILENT
610,3,0,0,1,37.8,0.00,SILENT,IDLE-SILENT
610,4,0,0,1,24.8,0.00,SILENT,IDLE-SILENT
611,0,0,0,1,38.2,0.00,SILENT,IDLE-SILENT
611,1,0,0,1,40.9,0.00,SILENT,IDLE-SILENT
611,2,0,0,1,93.2,0.00,SILENT,IDLE-SILENT
611,3,0,0,1,37.7,0.00,SILENT,IDLE-SILENT
611,4,0,0,1,24.7,0.00,SILENT,IDLE-SILENT
612,0,0,0,1,38.1,0.00,SILENT,IDLE-SILENT
612,1,0,0,1,40.8,0.00,SILENT,IDLE-SILENT
612,2,0,0,1,93.1,0.00,SILENT,IDLE-SILENT
612,3,0,0,1,37.6,0.00,SILENT,IDLE-SILENT
612,4,0,0,1,24.6,0.00,SILENT,IDLE-SILENT
613,0,0,0,1,38.0,0.00,SILENT,IDLE-SILENT
613,1,0,0,1,40.7,0.00,SILENT,IDLE-SILENT
613,2,0,0,1,93.0,0.00,SILENT,IDLE-SILENT
613,3,0,0,1,37.5,0.00,SILENT,IDLE-SILENT
613,4,0,0,1,24.5,0.00,SILENT,IDLE-SILENT
614,0,0,0,1,37.9,0.00,SILENT,IDLE-SILENT
614,1,0,0,1,40.6,0.00,SILENT,IDLE-SILENT
614,2,0,0,1,92.9,0.00,SILENT,IDLE-SILENT
614,3,0,0,1,37.4,0.00,SILENT,IDLE-SILENT
614,4,0,0,1,24.4,0.00,SILENT,IDLE-SILENT
615,0,0,0,1,37.8,0.00,SILENT,IDLE-SILENT
615,1,0,0,1,40.5,0.00,SILENT,IDLE-SILENT
615,2,0,0,1,92.8,0.00,SILENT,IDLE-SILENT
615,3,0,0,1,37.3,0.00,SILENT,IDLE-SILENT
615,4,0,0,1,24.3,0.00,SILENT,IDLE-SILENT
616,0,0,0,1,37.7,0.00,SILENT,IDLE-SILENT
616,1,0,0,1,40.4,0.00,SILENT,IDLE-SILENT
616,2,0,0,1,92.7,0.00,SILENT,IDLE-SILENT
616,3,0,0,1,37.2,0.00,SILENT,IDLE-SILENT
616,4,0,0,1,24.2,0.00,SILENT,IDLE-SILENT
617,0,0,0,1,37.7,0.00,SILENT,IDLE-SILENT
617,1,0,0,1,40.3,0.00,SILENT,IDLE-SILENT
617,2,0,0,1,92.6,0.00,SILENT,IDLE-SILENT
617,3,0,0,1,37.1,0.00,SILENT,IDLE-SILENT
617,4,0,0,1,24.1,0.00,SILENT,IDLE-SILENT
618,0,0,0,1,37.7,0.00,SILENT,IDLE-SILENT
618,1,0,0,1,40.2,0.00,SILENT,IDLE-SILENT
618,2,0,0,1,92.5,0.00,SILENT,IDLE-SILENT
618,3,0,0,1,37.0,0.00,SILENT,IDLE-SILENT
618,4,0,0,1,24.0,0.00,SILENT,IDLE-SILENT
619,0,0,0,1,37.7,0.00,SILENT,IDLE-SILENT
619,1,0,0,1,40.1,0.00,SILENT,IDLE-SILENT
619,2,0,0,1,92.4,0.00,SILENT,IDLE-SILENT
619,3,0,0,1,36.9,0.00,SILENT,IDLE-SILENT
619,4,0,0,1,23.9,0.00,SILENT,IDLE-SILENT
620,0,0,0,1,37.7,0.00,SILENT,IDLE-SILENT
620,1,0,0,1,40.0,0.00,SILENT,IDLE-SILENT
620,2,0,0,1,92.3,0.00,SILENT,IDLE-SILENT
620,3,0,0,1,36.8,0.00,SILENT,IDLE-SILENT
620,4,0,0,1,23.8,0.00,SILENT,IDLE-SILENT
621,0,0,0,1,37.7,0.00,SILENT,IDLE-SILENT
621,1,0,0,1,39.9,0.00,SILENT,IDLE-SILENT
621,2,0,0,1,92.2,0.00,SILENT,IDLE-SILENT
621,3,0,0,1,36.7,0.00,SILENT,IDLE-SILENT
621,4,0,0,1,23.7,0.00,SILENT,IDLE-SILENT
622,0,0,0,1,37.7,0.00,SILENT,IDLE-SILENT
622,1,0,0,1,39.8,0.00,SILENT,IDLE-SILENT
622,2,0,0,1,92.1,0.00,SILENT,IDLE-SILENT
622,3,0,0,1,36.6,0.00,SILENT,IDLE-SILENT
622,4,0,0,1,23.6,0.00,SILENT,IDLE-SILENT
623,0,0,0,1,37.7,0.00,SILENT,IDLE-SILENT
623,1,0,0,1,39.7,0.00,SILENT,IDLE-SILENT
623,2,0,0,1,92.0,0.00,SILENT,IDLE-SILENT
623,3,0,0,1,36.5,0.00,SILENT,IDLE-SILENT
623,4,0,0,1,23.5,0.00,SILENT,IDLE-SILENT
624,0,0,0,1,37.7,0.00,SILENT,IDLE-SILENT
624,1,0,0,1,39.6,0.00,SILENT,IDLE-SILENT
624,2,0,0,1,91.9,0.00,SILENT,IDLE-SILENT
624,3,0,0,1,36.4,0.00,SILENT,IDLE-SILENT
624,4,0,0,1,23.4,0.00,SILENT,IDLE-SILENT
625,0,0,0,1,37.7,0.00,SILENT,IDLE-SILENT
625,1,0,0,1,39.5,0.00,SILENT,IDLE-SILENT
625,2,0,0,1,91.8,0.00,SILENT,IDLE-SILENT
625,3,0,0,1,36.3,0.00,SILENT,IDLE-SILENT
625,4,0,0,1,23.3,0.00,SILENT,IDLE-SILENT
626,0,0,0,1,37.7,0.00,SILENT,IDLE-SILENT
626,1,0,0,1,39.4,0.00,SILENT,IDLE-SILENT
626,2,0,0,1,91.7,0.00,SILENT,IDLE-SILENT
626,3,0,0,1,36.2,0.00,SILENT,IDLE-SILENT
626,4,0,0,1,23.2,0.00,SILENT,IDLE-SILENT
627,0,0,0,1,37.7,0.00,SILENT,IDLE-SILENT
627,1,0,0,1,39.3,0.00,SILENT,IDLE-SILENT
627,2,0,0,1,91.6,0.00,SILENT,IDLE-SILENT
627,3,0,0,1,36.1,0.00,SILENT,IDLE-SILENT
627,4,0,0,1,23.1,0.00,SILENT,IDLE-SILENT
628,0,0,0,1,37.7,0.00,SILENT,IDLE-SILENT
628,1,0,0,1,39.2,0.00,SILENT,IDLE-SILENT
628,2,0,0,1,91.5,0.00,SILENT,IDLE-SILENT
628,3,0,0,1,36.0,0.00,SILENT,IDLE-SILENT
628,4,0,0,1,23.0,0.00,SILENT,IDLE-SILENT
629,0,0,0,1,37.7,0.00,SILENT,IDLE-SILENT
629,1,0,0,1,39.1,0.00,SILENT,IDLE-SILENT
629,2,0,0,1,91.4,0.00,SILENT,IDLE-SILENT
629,3,0,0,1,35.9,0.00,SILENT,IDLE-SILENT
629,4,0,0,1,22.9,0.00,SILENT,IDLE-SILENT
630,0,0,0,1,37.7,0.00,SILENT,IDLE-SILENT
630,1,0,0,1,39.0,0.00,SILENT,IDLE-SILENT
630,2,0,0,1,91.3,0.00,SILENT,IDLE-SILENT
630,3,0,0,1,35.8,0.00,SILENT,IDLE-SILENT
630,4,0,0,1,22.8,0.00,SILENT,IDLE-SILENT
631,0,0,0,1,37.7,0.00,SILENT,IDLE-SILENT
631,1,0,0,1,38.9,0.00,SILENT,IDLE-SILENT
631,2,0,0,1,91.2,0.00,SILENT,IDLE-SILENT
631,3,0,0,1,35.7,0.00,SILENT,IDLE-SILENT
631,4,0,0,1,22.7,0.00,SILENT,IDLE-SILENT
632,0,0,0,1,37.7,0.00,SILENT,IDLE-SILENT
632,1,0,0,1,38.8,0.00,SILENT,IDLE-SILENT
632,2,0,0,1,91.1,0.00,SILENT,IDLE-SILENT
632,3,0,0,1,35.6,0.00,SILENT,IDLE-SILENT
632,4,0,0,1,22.6,0.00,SILENT,IDLE-SILENT
633,0,0,0,1,37.7,0.00,SILENT,IDLE-SILENT
633,1,0,0,1,38.7,0.00,SILENT,IDLE-SILENT
633,2,0,0,1,91.0,0.00,SILENT,IDLE-SILENT
633,3,0,0,1,35.5,0.00,SILENT,IDLE-SILENT
633,4,0,0,1,22.5,0.00,SILENT,IDLE-SILENT
634,0,0,0,1,37.7,0.00,SILENT,IDLE-SILENT
634,1,0,0,1,38.6,0.00,SILENT,IDLE-SILENT
634,2,0,0,1,90.9,0.00,SILENT,IDLE-SILENT
634,3,0,0,1,35.4,0.00,SILENT,IDLE-SILENT
634,4,0,0,1,22.4,0.00,SILENT,IDLE-SILENT
635,0,0,0,1,37.7,0.00,SILENT,IDLE-SILENT
635,1,0,0,1,38.5,0.00,SILENT,IDLE-SILENT
635,2,0,0,1,90.8,0.00,SILENT,IDLE-SILENT
635,3,0,0,1,35.3,0.00,SILENT,IDLE-SILENT
635,4,0,0,1,22.3,0.00,SILENT,IDLE-SILENT
636,0,0,0,1,37.7,0.00,SILENT,IDLE-SILENT
636,1,0,0,1,38.4,0.00,SILENT,IDLE-SILENT
636,2,0,0,1,90.7,0.00,SILENT,IDLE-SILENT
636,3,0,0,1,35.2,0.00,SILENT,IDLE-SILENT
636,4,0,0,1,22.2,0.00,SILENT,IDLE-SILENT
637,0,0,0,1,37.7,0.00,SILENT,IDLE-SILENT
637,1,0,0,1,38.3,0.00,SILENT,IDLE-SILENT
637,2,0,0,1,90.6,0.00,SILENT,IDLE-SILENT
637,3,0,0,1,35.1,0.00,SILENT,IDLE-SILENT
637,4,0,0,1,22.1,0.00,SILENT,IDLE-SILENT
638,0,0,0,1,37.7,0.00,SILENT,IDLE-SILENT
638,1,0,0,1,38.2,0.00,SILENT,IDLE-SILENT
638,2,0,0,1,90.5,0.00,SILENT,IDLE-SILENT
638,3,0,0,1,35.0,0.00,SILENT,IDLE-SILENT
638,4,0,0,1,22.0,0.00,SILENT,IDLE-SILENT
639,0,0,0,1,37.7,0.00,SILENT,IDLE-SILENT
639,1,0,0,1,38.1,0.00,SILENT,IDLE-SILENT
639,2,0,0,1,90.4,0.00,SILENT,IDLE-SILENT
639,3,0,0,1,34.9,0.00,SILENT,IDLE-SILENT
639,4,0,0,1,21.9,0.00,SILENT,IDLE-SILENT
640,0,0,0,1,37.7,0.00,SILENT,IDLE-SILENT
640,1,0,0,1,38.0,0.00,SILENT,IDLE-SILENT
640,2,0,0,1,90.3,0.00,SILENT,IDLE-SILENT
640,3,0,0,1,34.8,0.00,SILENT,IDLE-SILENT
640,4,0,0,1,21.8,0.00,SILENT,IDLE-SILENT
641,0,0,0,1,37.7,0.00,SILENT,IDLE-SILENT
641,1,0,0,1,37.9,0.00,SILENT,IDLE-SILENT
641,2,0,0,1,90.2,0.00,SILENT,IDLE-SILENT
641,3,0,0,1,34.7,0.00,SILENT,IDLE-SILENT
641,4,0,0,1,21.7,0.00,SILENT,IDLE-SILENT
642,0,0,0,1,37.7,0.00,SILENT,IDLE-SILENT
642,1,0,0,1,37.8,0.00,SILENT,IDLE-SILENT
642,2,0,0,1,90.1,0.00,SILENT,IDLE-SILENT
642,3,0,0,1,34.6,0.00,SILENT,IDLE-SILENT
642,4,0,0,1,21.6,0.00,SILENT,IDLE-SILENT
643,0,0,0,1,37.7,0.00,SILENT,IDLE-SILENT
643,1,0,0,1,37.7,0.00,SILENT,IDLE-SILENT
643,2,0,0,1,90.0,0.00,SILENT,IDLE-SILENT
643,3,0,0,1,34.5,0.00,SILENT,IDLE-SILENT
643,4,0,0,1,21.5,0.00,SILENT,IDLE-SILENT
644,0,0,0,1,37.7,0.00,SILENT,IDLE-SILENT
644,1,0,0,1,37.6,0.00,SILENT,IDLE-SILENT
644,2,0,0,1,89.9,0.00,SILENT,IDLE-SILENT
644,3,0,0,1,34.4,0.00,SILENT,IDLE-SILENT
644,4,0,0,1,21.4,0.00,SILENT,IDLE-SILENT
645,0,0,0,1,37.7,0.00,SILENT,IDLE-SILENT
645,1,0,0,1,37.5,0.00,SILENT,IDLE-SILENT
645,2,0,0,1,89.8,0.00,SILENT,IDLE-SILENT
645,3,0,0,1,34.3,0.00,SILENT,IDLE-SILENT
645,4,0,0,1,21.3,0.00,SILENT,IDLE-SILENT
646,0,0,0,1,37.6,0.00,SILENT,IDLE-SILENT
646,1,0,0,1,37.4,0.00,SILENT,IDLE-SILENT
646,2,0,0,1,89.7,0.00,SILENT,IDLE-SILENT
646,3,0,0,1,34.2,0.00,SILENT,IDLE-SILENT
646,4,0,0,1,21.2,0.00,SILENT,IDLE-SILENT
647,0,0,0,1,37.5,0.00,SILENT,IDLE-SILENT
647,1,0,0,1,37.3,0.00,SILENT,IDLE-SILENT
647,2,0,0,1,89.6,0.00,SILENT,IDLE-SILENT
647,3,0,0,1,34.1,0.00,SILENT,IDLE-SILENT
647,4,0,0,1,21.1,0.00,SILENT,IDLE-SILENT
648,0,0,0,1,37.4,0.00,SILENT,IDLE-SILENT
648,1,0,0,1,37.2,0.00,SILENT,IDLE-SILENT
648,2,0,0,1,89.5,0.00,SILENT,IDLE-SILENT
648,3,0,0,1,34.0,0.00,SILENT,IDLE-SILENT
648,4,0,0,1,21.0,0.00,SILENT,IDLE-SILENT
649,0,0,0,1,37.3,0.00,SILENT,IDLE-SILENT
649,1,0,0,1,37.1,0.00,SILENT,IDLE-SILENT
649,2,0,0,1,89.4,0.00,SILENT,IDLE-SILENT
649,3,0,0,1,33.9,0.00,SILENT,IDLE-SILENT
649,4,0,0,1,20.9,0.00,SILENT,IDLE-SILENT
650,0,0,0,1,37.2,0.00,SILENT,IDLE-SILENT
650,1,0,0,1,37.0,0.00,SILENT,IDLE-SILENT
650,2,0,0,1,89.4,0.00,SILENT,IDLE-SILENT
650,3,0,0,1,33.8,0.00,SILENT,IDLE-SILENT
650,4,0,0,1,20.8,0.00,SILENT,IDLE-SILENT
651,0,0,0,1,37.1,0.00,SILENT,IDLE-SILENT
651,1,0,0,1,36.9,0.00,SILENT,IDLE-SILENT
651,2,0,0,1,89.4,0.00,SILENT,IDLE-SILENT
651,3,0,0,1,33.7,0.00,SILENT,IDLE-SILENT
651,4,0,0,1,20.7,0.00,SILENT,IDLE-SILENT
652,0,0,0,1,37.0,0.00,SILENT,IDLE-SILENT
652,1,0,0,1,36.8,0.00,SILENT,IDLE-SILENT
652,2,0,0,1,89.4,0.00,SILENT,IDLE-SILENT
652,3,0,0,1,33.6,0.00,SILENT,IDLE-SILENT
652,4,0,0,1,20.6,0.00,SILENT,IDLE-SILENT
653,0,0,0,1,36.9,0.00,SILENT,IDLE-SILENT
653,1,0,0,1,36.7,0.00,SILENT,IDLE-SILENT
653,2,0,0,1,89.4,0.00,SILENT,IDLE-SILENT
653,3,0,0,1,33.5,0.00,SILENT,IDLE-SILENT
653,4,0,0,1,20.5,0.00,SILENT,IDLE-SILENT
654,0,0,0,1,36.8,0.00,SILENT,IDLE-SILENT
654,1,0,0,1,36.6,0.00,SILENT,IDLE-SILENT
654,2,0,0,1,89.4,0.00,SILENT,IDLE-SILENT
654,3,0,0,1,33.4,0.00,SILENT,IDLE-SILENT
654,4,0,0,1,20.4,0.00,SILENT,IDLE-SILENT
655,0,0,0,1,36.7,0.00,SILENT,IDLE-SILENT
655,1,0,0,1,36.5,0.00,SILENT,IDLE-SILENT
655,2,0,0,1,89.4,0.00,SILENT,IDLE-SILENT
655,3,0,0,1,33.3,0.00,SILENT,IDLE-SILENT
655,4,0,0,1,20.3,0.00,SILENT,IDLE-SILENT
656,0,0,0,1,36.6,0.00,SILENT,IDLE-SILENT
656,1,0,0,1,36.4,0.00,SILENT,IDLE-SILENT
656,2,0,0,1,89.4,0.00,SILENT,IDLE-SILENT
656,3,0,0,1,33.2,0.00,SILENT,IDLE-SILENT
656,4,0,0,1,20.2,0.00,SILENT,IDLE-SILENT
657,0,0,0,1,36.5,0.00,SILENT,IDLE-SILENT
657,1,0,0,1,36.3,0.00,SILENT,IDLE-SILENT
657,2,0,0,1,89.4,0.00,SILENT,IDLE-SILENT
657,3,0,0,1,33.1,0.00,SILENT,IDLE-SILENT
657,4,0,0,1,20.1,0.00,SILENT,IDLE-SILENT
658,0,0,0,1,36.4,0.00,SILENT,IDLE-SILENT
658,1,0,0,1,36.2,0.00,SILENT,IDLE-SILENT
658,2,0,0,1,89.4,0.00,SILENT,IDLE-SILENT
658,3,0,0,1,33.0,0.00,SILENT,IDLE-SILENT
658,4,0,0,1,20.0,0.00,SILENT,IDLE-SILENT
659,0,0,0,1,36.3,0.00,SILENT,IDLE-SILENT
659,1,0,0,1,36.1,0.00,SILENT,IDLE-SILENT
659,2,0,0,1,89.4,0.00,SILENT,IDLE-SILENT
659,3,0,0,1,32.9,0.00,SILENT,IDLE-SILENT
659,4,0,0,1,19.9,0.00,CRIT(20%),SILENT,IDLE-SILENT
660,0,0,0,1,36.2,0.00,SILENT,IDLE-SILENT
660,1,0,0,1,36.0,0.00,SILENT,IDLE-SILENT
660,2,0,0,1,89.4,0.00,SILENT,IDLE-SILENT
660,3,0,0,1,32.8,0.00,SILENT,IDLE-SILENT
660,4,0,0,1,19.8,0.00,CRIT(20%),SILENT,IDLE-SILENT
661,0,0,0,1,36.1,0.00,SILENT,IDLE-SILENT
661,1,0,0,1,35.9,0.00,SILENT,IDLE-SILENT
661,2,0,0,1,89.4,0.00,SILENT,IDLE-SILENT
661,3,0,0,1,32.7,0.00,SILENT,IDLE-SILENT
661,4,0,0,1,19.7,0.00,CRIT(20%),SILENT,IDLE-SILENT
662,0,0,0,1,36.0,0.00,SILENT,IDLE-SILENT
662,1,0,0,1,35.8,0.00,SILENT,IDLE-SILENT
662,2,0,0,1,89.4,0.00,SILENT,IDLE-SILENT
662,3,0,0,1,32.6,0.00,SILENT,IDLE-SILENT
662,4,0,0,1,19.6,0.00,CRIT(20%),SILENT,IDLE-SILENT
663,0,0,0,1,35.9,0.00,SILENT,IDLE-SILENT
663,1,0,0,1,35.7,0.00,SILENT,IDLE-SILENT
663,2,0,0,1,89.4,0.00,SILENT,IDLE-SILENT
663,3,0,0,1,32.5,0.00,SILENT,IDLE-SILENT
663,4,0,0,1,19.5,0.00,CRIT(20%),SILENT,IDLE-SILENT
664,0,0,0,1,35.8,0.00,SILENT,IDLE-SILENT
664,1,0,0,1,35.6,0.00,SILENT,IDLE-SILENT
664,2,0,0,1,89.4,0.00,SILENT,IDLE-SILENT
664,3,0,0,1,32.4,0.00,SILENT,IDLE-SILENT
664,4,0,0,1,19.4,0.00,CRIT(19%),SILENT,IDLE-SILENT
665,0,0,0,1,35.7,0.00,SILENT,IDLE-SILENT
665,1,0,0,1,35.5,0.00,SILENT,IDLE-SILENT
665,2,0,0,1,89.4,0.00,SILENT,IDLE-SILENT
665,3,0,0,1,32.3,0.00,SILENT,IDLE-SILENT
665,4,0,0,1,19.3,0.00,CRIT(19%),SILENT,IDLE-SILENT
666,0,0,0,1,35.6,0.00,SILENT,IDLE-SILENT
666,1,0,0,1,35.4,0.00,SILENT,IDLE-SILENT
666,2,0,0,1,89.4,0.00,SILENT,IDLE-SILENT
666,3,0,0,1,32.2,0.00,SILENT,IDLE-SILENT
666,4,0,0,1,19.2,0.00,CRIT(19%),SILENT,IDLE-SILENT
667,0,0,0,1,35.5,0.00,SILENT,IDLE-SILENT
667,1,0,0,1,35.3,0.00,SILENT,IDLE-SILENT
667,2,0,0,1,89.4,0.00,SILENT,IDLE-SILENT
667,3,0,0,1,32.1,0.00,SILENT,IDLE-SILENT
667,4,0,0,1,19.1,0.00,CRIT(19%),SILENT,IDLE-SILENT
668,0,0,0,1,35.4,0.00,SILENT,IDLE-SILENT
668,1,0,0,1,35.2,0.00,SILENT,IDLE-SILENT
668,2,0,0,1,89.4,0.00,SILENT,IDLE-SILENT
668,3,0,0,1,32.0,0.00,SILENT,IDLE-SILENT
668,4,0,0,1,19.0,0.00,CRIT(19%),SILENT,IDLE-SILENT
669,0,0,0,1,35.3,0.00,SILENT,IDLE-SILENT
669,1,0,0,1,35.1,0.00,SILENT,IDLE-SILENT
669,2,0,0,1,89.4,0.00,SILENT,IDLE-SILENT
669,3,0,0,1,31.9,0.00,SILENT,IDLE-SILENT
669,4,0,0,1,18.9,0.00,CRIT(19%),SILENT,IDLE-SILENT
670,0,0,0,1,35.2,0.00,SILENT,IDLE-SILENT
670,1,0,0,1,35.0,0.00,SILENT,IDLE-SILENT
670,2,0,0,1,89.4,0.00,SILENT,IDLE-SILENT
670,3,0,0,1,31.8,0.00,SILENT,IDLE-SILENT
670,4,0,0,1,18.8,0.00,CRIT(19%),SILENT,IDLE-SILENT
671,0,0,0,1,35.1,0.00,SILENT,IDLE-SILENT
671,1,0,0,1,34.9,0.00,SILENT,IDLE-SILENT
671,2,0,0,1,89.4,0.00,SILENT,IDLE-SILENT
671,3,0,0,1,31.7,0.00,SILENT,IDLE-SILENT
671,4,0,0,1,18.7,0.00,CRIT(19%),SILENT,IDLE-SILENT
672,0,0,0,1,35.0,0.00,SILENT,IDLE-SILENT
672,1,0,0,1,34.8,0.00,SILENT,IDLE-SILENT
672,2,0,0,1,89.4,0.00,SILENT,IDLE-SILENT
672,3,0,0,1,31.6,0.00,SILENT,IDLE-SILENT
672,4,0,0,1,18.7,0.00,CRIT(19%),SILENT,IDLE-SILENT
673,0,0,0,1,34.9,0.00,SILENT,IDLE-SILENT
673,1,0,0,1,34.7,0.00,SILENT,IDLE-SILENT
673,2,0,0,1,89.4,0.00,SILENT,IDLE-SILENT
673,3,0,0,1,31.5,0.00,SILENT,IDLE-SILENT
673,4,0,0,1,18.7,0.00,CRIT(19%),SILENT,IDLE-SILENT
674,0,0,0,1,34.8,0.00,SILENT,IDLE-SILENT
674,1,0,0,1,34.6,0.00,SILENT,IDLE-SILENT
674,2,0,0,1,89.4,0.00,SILENT,IDLE-SILENT
674,3,0,0,1,31.4,0.00,SILENT,IDLE-SILENT
674,4,0,0,1,18.7,0.00,CRIT(19%),SILENT,IDLE-SILENT
675,0,0,0,1,34.7,0.00,SILENT,IDLE-SILENT
675,1,0,0,1,34.5,0.00,SILENT,IDLE-SILENT
675,2,0,0,1,89.4,0.00,SILENT,IDLE-SILENT
675,3,0,0,1,31.3,0.00,SILENT,IDLE-SILENT
675,4,0,0,1,18.7,0.00,CRIT(19%),SILENT,IDLE-SILENT
676,0,0,0,1,34.6,0.00,SILENT,IDLE-SILENT
676,1,0,0,1,34.4,0.00,SILENT,IDLE-SILENT
676,2,0,0,1,89.4,0.00,SILENT,IDLE-SILENT
676,3,0,0,1,31.2,0.00,SILENT,IDLE-SILENT
676,4,0,0,1,18.7,0.00,CRIT(19%),SILENT,IDLE-SILENT
677,0,0,0,1,34.5,0.00,SILENT,IDLE-SILENT
677,1,0,0,1,34.3,0.00,SILENT,IDLE-SILENT
677,2,0,0,1,89.4,0.00,SILENT,IDLE-SILENT
677,3,0,0,1,31.1,0.00,SILENT,IDLE-SILENT
677,4,0,0,1,18.7,0.00,CRIT(19%),SILENT,IDLE-SILENT
678,0,0,0,1,34.4,0.00,SILENT,IDLE-SILENT
678,1,0,0,1,34.2,0.00,SILENT,IDLE-SILENT
678,2,0,0,1,89.4,0.00,SILENT,IDLE-SILENT
678,3,0,0,1,31.0,0.00,SILENT,IDLE-SILENT
678,4,0,0,1,18.7,0.00,CRIT(19%),SILENT,IDLE-SILENT
679,0,0,0,1,34.3,0.00,SILENT,IDLE-SILENT
679,1,0,0,1,34.1,0.00,SILENT,IDLE-SILENT
679,2,0,0,1,89.3,0.00,SILENT,IDLE-SILENT
679,3,0,0,1,30.9,0.00,SILENT,IDLE-SILENT
679,4,0,0,1,18.7,0.00,CRIT(19%),SILENT,IDLE-SILENT
680,0,0,0,1,34.2,0.00,SILENT,IDLE-SILENT
680,1,0,0,1,34.0,0.00,SILENT,IDLE-SILENT
680,2,0,0,1,89.2,0.00,SILENT,IDLE-SILENT
680,3,0,0,1,30.8,0.00,SILENT,IDLE-SILENT
680,4,0,0,1,18.7,0.00,CRIT(19%),SILENT,IDLE-SILENT
681,0,0,0,1,34.1,0.00,SILENT,IDLE-SILENT
681,1,0,0,1,33.9,0.00,SILENT,IDLE-SILENT
681,2,0,0,1,89.1,0.00,SILENT,IDLE-SILENT
681,3,0,0,1,30.7,0.00,SILENT,IDLE-SILENT
681,4,0,0,1,18.7,0.00,CRIT(19%),SILENT,IDLE-SILENT
682,0,0,0,1,34.0,0.00,SILENT,IDLE-SILENT
682,1,0,0,1,33.8,0.00,SILENT,IDLE-SILENT
682,2,0,0,1,89.0,0.00,SILENT,IDLE-SILENT
682,3,0,0,1,30.6,0.00,SILENT,IDLE-SILENT
682,4,0,0,1,18.7,0.00,CRIT(19%),SILENT,IDLE-SILENT
683,0,0,0,1,33.9,0.00,SILENT,IDLE-SILENT
683,1,0,0,1,33.7,0.00,SILENT,IDLE-SILENT
683,2,0,0,1,88.9,0.00,SILENT,IDLE-SILENT
683,3,0,0,1,30.5,0.00,SILENT,IDLE-SILENT
683,4,0,0,1,18.7,0.00,CRIT(19%),SILENT,IDLE-SILENT
684,0,0,0,1,33.8,0.00,SILENT,IDLE-SILENT
684,1,0,0,1,33.6,0.00,SILENT,IDLE-SILENT
684,2,0,0,1,88.8,0.00,SILENT,IDLE-SILENT
684,3,0,0,1,30.4,0.00,SILENT,IDLE-SILENT
684,4,0,0,1,18.7,0.00,CRIT(19%),SILENT,IDLE-SILENT
685,0,0,0,1,33.7,0.00,SILENT,IDLE-SILENT
685,1,0,0,1,33.5,0.00,SILENT,IDLE-SILENT
685,2,0,0,1,88.7,0.00,SILENT,IDLE-SILENT
685,3,0,0,1,30.3,0.00,SILENT,IDLE-SILENT
685,4,0,0,1,18.7,0.00,CRIT(19%),SILENT,IDLE-SILENT
686,0,0,0,1,33.6,0.00,SILENT,IDLE-SILENT
686,1,0,0,1,33.4,0.00,SILENT,IDLE-SILENT
686,2,0,0,1,88.6,0.00,SILENT,IDLE-SILENT
686,3,0,0,1,30.2,0.00,SILENT,IDLE-SILENT
686,4,0,0,1,18.7,0.00,CRIT(19%),SILENT,IDLE-SILENT
687,0,0,0,1,33.5,0.00,SILENT,IDLE-SILENT
687,1,0,0,1,33.3,0.00,SILENT,IDLE-SILENT
687,2,0,0,1,88.5,0.00,SILENT,IDLE-SILENT
687,3,0,0,1,30.1,0.00,SILENT,IDLE-SILENT
687,4,0,0,1,18.7,0.00,CRIT(19%),SILENT,IDLE-SILENT
688,0,0,0,1,33.4,0.00,SILENT,IDLE-SILENT
688,1,0,0,1,33.2,0.00,SILENT,IDLE-SILENT
688,2,0,0,1,88.4,0.00,SILENT,IDLE-SILENT
688,3,0,0,1,30.0,0.00,SILENT,IDLE-SILENT
688,4,0,0,1,18.7,0.00,CRIT(19%),SILENT,IDLE-SILENT
689,0,0,0,1,33.3,0.00,SILENT,IDLE-SILENT
689,1,0,0,1,33.1,0.00,SILENT,IDLE-SILENT
689,2,0,0,1,88.3,0.00,SILENT,IDLE-SILENT
689,3,0,0,1,29.9,0.00,SILENT,IDLE-SILENT
689,4,0,0,1,18.7,0.00,CRIT(19%),SILENT,IDLE-SILENT
690,0,0,0,1,33.2,0.00,SILENT,IDLE-SILENT
690,1,0,0,1,33.0,0.00,SILENT,IDLE-SILENT
690,2,0,0,1,88.2,0.00,SILENT,IDLE-SILENT
690,3,0,0,1,29.8,0.00,SILENT,IDLE-SILENT
690,4,0,0,1,18.7,0.00,CRIT(19%),SILENT,IDLE-SILENT
691,0,0,0,1,33.1,0.00,SILENT,IDLE-SILENT
691,1,0,0,1,32.9,0.00,SILENT,IDLE-SILENT
691,2,0,0,1,88.1,0.00,SILENT,IDLE-SILENT
691,3,0,0,1,29.7,0.00,SILENT,IDLE-SILENT
691,4,0,0,1,18.7,0.00,CRIT(19%),SILENT,IDLE-SILENT
692,0,0,0,1,33.0,0.00,SILENT,IDLE-SILENT
692,1,0,0,1,32.8,0.00,SILENT,IDLE-SILENT
692,2,0,0,1,88.0,0.00,SILENT,IDLE-SILENT
692,3,0,0,1,29.6,0.00,SILENT,IDLE-SILENT
692,4,0,0,1,18.7,0.00,CRIT(19%),SILENT,IDLE-SILENT
693,0,0,0,1,32.9,0.00,SILENT,IDLE-SILENT
693,1,0,0,1,32.7,0.00,SILENT,IDLE-SILENT
693,2,0,0,1,87.9,0.00,SILENT,IDLE-SILENT
693,3,0,0,1,29.5,0.00,SILENT,IDLE-SILENT
693,4,0,0,1,18.7,0.00,CRIT(19%),SILENT,IDLE-SILENT
694,0,0,0,1,32.8,0.00,SILENT,IDLE-SILENT
694,1,0,0,1,32.6,0.00,SILENT,IDLE-SILENT
694,2,0,0,1,87.8,0.00,SILENT,IDLE-SILENT
694,3,0,0,1,29.4,0.00,SILENT,IDLE-SILENT
694,4,0,0,1,18.7,0.00,CRIT(19%),SILENT,IDLE-SILENT
695,0,0,0,1,32.7,0.00,SILENT,IDLE-SILENT
695,1,0,0,1,32.5,0.00,SILENT,IDLE-SILENT
695,2,0,0,1,87.7,0.00,SILENT,IDLE-SILENT
695,3,0,0,1,29.3,0.00,SILENT,IDLE-SILENT
695,4,0,0,1,18.7,0.00,CRIT(19%),SILENT,IDLE-SILENT
696,0,0,0,1,32.6,0.00,SILENT,IDLE-SILENT
696,1,0,0,1,32.4,0.00,SILENT,IDLE-SILENT
696,2,0,0,1,87.6,0.00,SILENT,IDLE-SILENT
696,3,0,0,1,29.2,0.00,SILENT,IDLE-SILENT
696,4,0,0,1,18.7,0.00,CRIT(19%),SILENT,IDLE-SILENT
697,0,0,0,1,32.5,0.00,SILENT,IDLE-SILENT
697,1,0,0,1,32.3,0.00,SILENT,IDLE-SILENT
697,2,0,0,1,87.5,0.00,SILENT,IDLE-SILENT
697,3,0,0,1,29.1,0.00,SILENT,IDLE-SILENT
697,4,0,0,1,18.7,0.00,CRIT(19%),SILENT,IDLE-SILENT
698,0,0,0,1,32.4,0.00,SILENT,IDLE-SILENT
698,1,0,0,1,32.2,0.00,SILENT,IDLE-SILENT
698,2,0,0,1,87.4,0.00,SILENT,IDLE-SILENT
698,3,0,0,1,29.0,0.00,SILENT,IDLE-SILENT
698,4,0,0,1,18.7,0.00,CRIT(19%),SILENT,IDLE-SILENT
699,0,0,0,1,32.3,0.00,SILENT,IDLE-SILENT
699,1,0,0,1,32.1,0.00,SILENT,IDLE-SILENT
699,2,0,0,1,87.3,0.00,SILENT,IDLE-SILENT
699,3,0,0,1,28.9,0.00,SILENT,IDLE-SILENT
699,4,0,0,1,18.7,0.00,CRIT(19%),SILENT,IDLE-SILENT
700,0,0,0,1,32.2,0.00,SILENT,IDLE-SILENT
700,1,0,0,1,32.0,0.00,SILENT,IDLE-SILENT
700,2,0,0,1,87.2,0.00,SILENT,IDLE-SILENT
700,3,0,0,1,28.8,0.00,SILENT,IDLE-SILENT
700,4,0,0,1,18.7,0.00,CRIT(19%),SILENT,IDLE-SILENT
701,0,0,0,1,32.1,0.00,SILENT,IDLE-SILENT
701,1,0,0,1,31.9,0.00,SILENT,IDLE-SILENT
701,2,0,0,1,87.1,0.00,SILENT,IDLE-SILENT
701,3,0,0,1,28.7,0.00,SILENT,IDLE-SILENT
701,4,0,0,1,18.6,0.00,CRIT(19%),SILENT,IDLE-SILENT
702,0,0,0,1,32.0,0.00,SILENT,IDLE-SILENT
702,1,0,0,1,31.8,0.00,SILENT,IDLE-SILENT
702,2,0,0,1,87.0,0.00,SILENT,IDLE-SILENT
702,3,0,0,1,28.6,0.00,SILENT,IDLE-SILENT
702,4,0,0,1,18.5,0.00,CRIT(19%),SILENT,IDLE-SILENT
703,0,0,0,1,31.9,0.00,SILENT,IDLE-SILENT
703,1,0,0,1,31.7,0.00,SILENT,IDLE-SILENT
703,2,0,0,1,86.9,0.00,SILENT,IDLE-SILENT
703,3,0,0,1,28.5,0.00,SILENT,IDLE-SILENT
703,4,0,0,1,18.4,0.00,CRIT(18%),SILENT,IDLE-SILENT
704,0,0,0,1,31.8,0.00,SILENT,IDLE-SILENT
704,1,0,0,1,31.6,0.00,SILENT,IDLE-SILENT
704,2,0,0,1,86.8,0.00,SILENT,IDLE-SILENT
704,3,0,0,1,28.4,0.00,SILENT,IDLE-SILENT
704,4,0,0,1,18.3,0.00,CRIT(18%),SILENT,IDLE-SILENT
705,0,0,0,1,31.7,0.00,SILENT,IDLE-SILENT
705,1,0,0,1,31.5,0.00,SILENT,IDLE-SILENT
705,2,0,0,1,86.7,0.00,SILENT,IDLE-SILENT
705,3,0,0,1,28.3,0.00,SILENT,IDLE-SILENT
705,4,0,0,1,18.2,0.00,CRIT(18%),SILENT,IDLE-SILENT
706,0,0,0,1,31.6,0.00,SILENT,IDLE-SILENT
706,1,0,0,1,31.4,0.00,SILENT,IDLE-SILENT
706,2,0,0,1,86.6,0.00,SILENT,IDLE-SILENT
706,3,0,0,1,28.2,0.00,SILENT,IDLE-SILENT
706,4,0,0,1,18.1,0.00,CRIT(18%),SILENT,IDLE-SILENT
707,0,0,0,1,31.5,0.00,SILENT,IDLE-SILENT
707,1,0,0,1,31.3,0.00,SILENT,IDLE-SILENT
707,2,0,0,1,86.5,0.00,SILENT,IDLE-SILENT
707,3,0,0,1,28.1,0.00,SILENT,IDLE-SILENT
707,4,0,0,1,18.0,0.00,CRIT(18%),SILENT,IDLE-SILENT
708,0,0,0,1,31.4,0.00,SILENT,IDLE-SILENT
708,1,0,0,1,31.2,0.00,SILENT,IDLE-SILENT
708,2,0,0,1,86.4,0.00,SILENT,IDLE-SILENT
708,3,0,0,1,28.0,0.00,SILENT,IDLE-SILENT
708,4,0,0,1,17.9,0.00,CRIT(18%),SILENT,IDLE-SILENT
709,0,0,0,1,31.3,0.00,SILENT,IDLE-SILENT
709,1,0,0,1,31.1,0.00,SILENT,IDLE-SILENT
709,2,0,0,1,86.3,0.00,SILENT,IDLE-SILENT
709,3,0,0,1,27.9,0.00,SILENT,IDLE-SILENT
709,4,0,0,1,17.8,0.00,CRIT(18%),SILENT,IDLE-SILENT
710,0,0,0,1,31.2,0.00,SILENT,IDLE-SILENT
710,1,0,0,1,31.0,0.00,SILENT,IDLE-SILENT
710,2,0,0,1,86.2,0.00,SILENT,IDLE-SILENT
710,3,0,0,1,27.8,0.00,SILENT,IDLE-SILENT
710,4,0,0,1,17.7,0.00,CRIT(18%),SILENT,IDLE-SILENT
711,0,0,0,1,31.1,0.00,SILENT,IDLE-SILENT
711,1,0,0,1,30.9,0.00,SILENT,IDLE-SILENT
711,2,0,0,1,86.1,0.00,SILENT,IDLE-SILENT
711,3,0,0,1,27.7,0.00,SILENT,IDLE-SILENT
711,4,0,0,1,17.6,0.00,CRIT(18%),SILENT,IDLE-SILENT
712,0,0,0,1,31.0,0.00,SILENT,IDLE-SILENT
712,1,0,0,1,30.8,0.00,SILENT,IDLE-SILENT
712,2,0,0,1,86.0,0.00,SILENT,IDLE-SILENT
712,3,0,0,1,27.6,0.00,SILENT,IDLE-SILENT
712,4,0,0,1,17.5,0.00,CRIT(18%),SILENT,IDLE-SILENT
713,0,0,0,1,30.9,0.00,SILENT,IDLE-SILENT
713,1,0,0,1,30.7,0.00,SILENT,IDLE-SILENT
713,2,0,0,1,85.9,0.00,SILENT,IDLE-SILENT
713,3,0,0,1,27.5,0.00,SILENT,IDLE-SILENT
713,4,0,0,1,17.4,0.00,CRIT(17%),SILENT,IDLE-SILENT
714,0,0,0,1,30.8,0.00,SILENT,IDLE-SILENT
714,1,0,0,1,30.6,0.00,SILENT,IDLE-SILENT
714,2,0,0,1,85.8,0.00,SILENT,IDLE-SILENT
714,3,0,0,1,27.4,0.00,SILENT,IDLE-SILENT
714,4,0,0,1,17.3,0.00,CRIT(17%),SILENT,IDLE-SILENT
715,0,0,0,1,30.7,0.00,SILENT,IDLE-SILENT
715,1,0,0,1,30.5,0.00,SILENT,IDLE-SILENT
715,2,0,0,1,85.7,0.00,SILENT,IDLE-SILENT
715,3,0,0,1,27.3,0.00,SILENT,IDLE-SILENT
715,4,0,0,1,17.2,0.00,CRIT(17%),SILENT,IDLE-SILENT
716,0,0,0,1,30.6,0.00,SILENT,IDLE-SILENT
716,1,0,0,1,30.4,0.00,SILENT,IDLE-SILENT
716,2,0,0,1,85.6,0.00,SILENT,IDLE-SILENT
716,3,0,0,1,27.2,0.00,SILENT,IDLE-SILENT
716,4,0,0,1,17.1,0.00,CRIT(17%),SILENT,IDLE-SILENT
717,0,0,0,1,30.5,0.00,SILENT,IDLE-SILENT
717,1,0,0,1,30.3,0.00,SILENT,IDLE-SILENT
717,2,0,0,1,85.5,0.00,SILENT,IDLE-SILENT
717,3,0,0,1,27.1,0.00,SILENT,IDLE-SILENT
717,4,0,0,1,17.0,0.00,CRIT(17%),SILENT,IDLE-SILENT
718,0,0,0,1,30.4,0.00,SILENT,IDLE-SILENT
718,1,0,0,1,30.2,0.00,SILENT,IDLE-SILENT
718,2,0,0,1,85.4,0.00,SILENT,IDLE-SILENT
718,3,0,0,1,27.0,0.00,SILENT,IDLE-SILENT
718,4,0,0,1,16.9,0.00,CRIT(17%),SILENT,IDLE-SILENT
719,0,0,0,1,30.3,0.00,SILENT,IDLE-SILENT
719,1,0,0,1,30.1,0.00,SILENT,IDLE-SILENT
719,2,0,0,1,85.3,0.00,SILENT,IDLE-SILENT
719,3,0,0,1,26.9,0.00,SILENT,IDLE-SILENT
719,4,0,0,1,16.8,0.00,CRIT(17%),SILENT,IDLE-SILENT
720,0,0,0,1,30.2,0.00,SILENT,IDLE-SILENT
720,1,0,0,1,30.0,0.00,SILENT,IDLE-SILENT
720,2,0,0,1,85.2,0.00,SILENT,IDLE-SILENT
720,3,0,0,1,26.8,0.00,SILENT,IDLE-SILENT
720,4,0,0,1,16.7,0.00,CRIT(17%),SILENT,IDLE-SILENT
721,0,0,0,1,30.1,0.00,SILENT,IDLE-SILENT
721,1,0,0,1,29.9,0.00,SILENT,IDLE-SILENT
721,2,0,0,1,85.1,0.00,SILENT,IDLE-SILENT
721,3,0,0,1,26.7,0.00,SILENT,IDLE-SILENT
721,4,0,0,1,16.6,0.00,CRIT(17%),SILENT,IDLE-SILENT
722,0,0,0,1,30.0,0.00,SILENT,IDLE-SILENT
722,1,0,0,1,29.8,0.00,SILENT,IDLE-SILENT
722,2,0,0,1,85.0,0.00,SILENT,IDLE-SILENT
722,3,0,0,1,26.6,0.00,SILENT,IDLE-SILENT
722,4,0,0,1,16.5,0.00,CRIT(17%),SILENT,IDLE-SILENT
723,0,0,0,1,29.9,0.00,SILENT,IDLE-SILENT
723,1,0,0,1,29.7,0.00,SILENT,IDLE-SILENT
723,2,0,0,1,84.9,0.00,SILENT,IDLE-SILENT
723,3,0,0,1,26.5,0.00,SILENT,IDLE-SILENT
723,4,0,0,1,16.4,0.00,CRIT(16%),SILENT,IDLE-SILENT
724,0,0,0,1,29.8,0.00,SILENT,IDLE-SILENT
724,1,0,0,1,29.6,0.00,SILENT,IDLE-SILENT
724,2,0,0,1,84.8,0.00,SILENT,IDLE-SILENT
724,3,0,0,1,26.4,0.00,SILENT,IDLE-SILENT
724,4,0,0,1,16.3,0.00,CRIT(16%),SILENT,IDLE-SILENT
725,0,0,0,1,29.7,0.00,SILENT,IDLE-SILENT
725,1,0,0,1,29.5,0.00,SILENT,IDLE-SILENT
725,2,0,0,1,84.7,0.00,SILENT,IDLE-SILENT
725,3,0,0,1,26.3,0.00,SILENT,IDLE-SILENT
725,4,0,0,1,16.2,0.00,CRIT(16%),SILENT,IDLE-SILENT
726,0,0,0,1,29.6,0.00,SILENT,IDLE-SILENT
726,1,0,0,1,29.4,0.00,SILENT,IDLE-SILENT
726,2,0,0,1,84.6,0.00,SILENT,IDLE-SILENT
726,3,0,0,1,26.2,0.00,SILENT,IDLE-SILENT
726,4,0,0,1,16.1,0.00,CRIT(16%),SILENT,IDLE-SILENT
727,0,0,0,1,29.5,0.00,SILENT,IDLE-SILENT
727,1,0,0,1,29.3,0.00,SILENT,IDLE-SILENT
727,2,0,0,1,84.5,0.00,SILENT,IDLE-SILENT
727,3,0,0,1,26.1,0.00,SILENT,IDLE-SILENT
727,4,0,0,1,16.0,0.00,CRIT(16%),SILENT,IDLE-SILENT
728,0,0,0,1,29.4,0.00,SILENT,IDLE-SILENT
728,1,0,0,1,29.2,0.00,SILENT,IDLE-SILENT
728,2,0,0,1,84.4,0.00,SILENT,IDLE-SILENT
728,3,0,0,1,26.0,0.00,SILENT,IDLE-SILENT
728,4,0,0,1,15.9,0.00,CRIT(16%),SILENT,IDLE-SILENT
729,0,0,0,1,29.3,0.00,SILENT,IDLE-SILENT
729,1,0,0,1,29.1,0.00,SILENT,IDLE-SILENT
729,2,0,0,1,84.3,0.00,SILENT,IDLE-SILENT
729,3,0,0,1,25.9,0.00,SILENT,IDLE-SILENT
729,4,0,0,1,15.8,0.00,CRIT(16%),SILENT,IDLE-SILENT
730,0,0,0,1,29.2,0.00,SILENT,IDLE-SILENT
730,1,0,0,1,29.0,0.00,SILENT,IDLE-SILENT
730,2,0,0,1,84.2,0.00,SILENT,IDLE-SILENT
730,3,0,0,1,25.8,0.00,SILENT,IDLE-SILENT
730,4,0,0,1,15.7,0.00,CRIT(16%),SILENT,IDLE-SILENT
731,0,0,0,1,29.1,0.00,SILENT,IDLE-SILENT
731,1,0,0,1,28.9,0.00,SILENT,IDLE-SILENT
731,2,0,0,1,84.1,0.00,SILENT,IDLE-SILENT
731,3,0,0,1,25.7,0.00,SILENT,IDLE-SILENT
731,4,0,0,1,15.6,0.00,CRIT(16%),SILENT,IDLE-SILENT
732,0,0,0,1,29.0,0.00,SILENT,IDLE-SILENT
732,1,0,0,1,28.8,0.00,SILENT,IDLE-SILENT
732,2,0,0,1,84.0,0.00,SILENT,IDLE-SILENT
732,3,0,0,1,25.7,0.00,SILENT,IDLE-SILENT
732,4,0,0,1,15.5,0.00,CRIT(16%),SILENT,IDLE-SILENT
733,0,0,0,1,28.9,0.00,SILENT,IDLE-SILENT
733,1,0,0,1,28.7,0.00,SILENT,IDLE-SILENT
733,2,0,0,1,83.9,0.00,SILENT,IDLE-SILENT
733,3,0,0,1,25.7,0.00,SILENT,IDLE-SILENT
733,4,0,0,1,15.4,0.00,CRIT(15%),SILENT,IDLE-SILENT
734,0,0,0,1,28.8,0.00,SILENT,IDLE-SILENT
734,1,0,0,1,28.6,0.00,SILENT,IDLE-SILENT
734,2,0,0,1,83.8,0.00,SILENT,IDLE-SILENT
734,3,0,0,1,25.7,0.00,SILENT,IDLE-SILENT
734,4,0,0,1,15.3,0.00,CRIT(15%),SILENT,IDLE-SILENT
735,0,0,0,1,28.7,0.00,SILENT,IDLE-SILENT
735,1,0,0,1,28.5,0.00,SILENT,IDLE-SILENT
735,2,0,0,1,83.7,0.00,SILENT,IDLE-SILENT
735,3,0,0,1,25.7,0.00,SILENT,IDLE-SILENT
735,4,0,0,1,15.2,0.00,CRIT(15%),SILENT,IDLE-SILENT
736,0,0,0,1,28.6,0.00,SILENT,IDLE-SILENT
736,1,0,0,1,28.4,0.00,SILENT,IDLE-SILENT
736,2,0,0,1,83.6,0.00,SILENT,IDLE-SILENT
736,3,0,0,1,25.7,0.00,SILENT,IDLE-SILENT
736,4,0,0,1,15.1,0.00,CRIT(15%),SILENT,IDLE-SILENT
737,0,0,0,1,28.5,0.00,SILENT,IDLE-SILENT
737,1,0,0,1,28.3,0.00,SILENT,IDLE-SILENT
737,2,0,0,1,83.5,0.00,SILENT,IDLE-SILENT
737,3,0,0,1,25.7,0.00,SILENT,IDLE-SILENT
737,4,0,0,1,15.0,0.00,CRIT(15%),SILENT,IDLE-SILENT
738,0,0,0,1,28.4,0.00,SILENT,IDLE-SILENT
738,1,0,0,1,28.2,0.00,SILENT,IDLE-SILENT
738,2,0,0,1,83.4,0.00,SILENT,IDLE-SILENT
738,3,0,0,1,25.7,0.00,SILENT,IDLE-SILENT
738,4,0,0,1,14.9,0.00,CRIT(15%),SILENT,IDLE-SILENT
739,0,0,0,1,28.3,0.00,SILENT,IDLE-SILENT
739,1,0,0,1,28.1,0.00,SILENT,IDLE-SILENT
739,2,0,0,1,83.3,0.00,SILENT,IDLE-SILENT
739,3,0,0,1,25.7,0.00,SILENT,IDLE-SILENT
739,4,0,0,1,14.8,0.00,CRIT(15%),SILENT,IDLE-SILENT
740,0,0,0,1,28.2,0.00,SILENT,IDLE-SILENT
740,1,0,0,1,28.1,0.00,SILENT,IDLE-SILENT
740,2,0,0,1,83.2,0.00,SILENT,IDLE-SILENT
740,3,0,0,1,25.7,0.00,SILENT,IDLE-SILENT
740,4,0,0,1,14.7,0.00,CRIT(15%),SILENT,IDLE-SILENT
741,0,0,0,1,28.1,0.00,SILENT,IDLE-SILENT
741,1,0,0,1,28.1,0.00,SILENT,IDLE-SILENT
741,2,0,0,1,83.1,0.00,SILENT,IDLE-SILENT
741,3,0,0,1,25.7,0.00,SILENT,IDLE-SILENT
741,4,0,0,1,14.6,0.00,CRIT(15%),SILENT,IDLE-SILENT
742,0,0,0,1,28.0,0.00,SILENT,IDLE-SILENT
742,1,0,0,1,28.1,0.00,SILENT,IDLE-SILENT
742,2,0,0,1,83.0,0.00,SILENT,IDLE-SILENT
742,3,0,0,1,25.7,0.00,SILENT,IDLE-SILENT
742,4,0,0,1,14.5,0.00,CRIT(15%),SILENT,IDLE-SILENT
743,0,0,0,1,27.9,0.00,SILENT,IDLE-SILENT
743,1,0,0,1,28.1,0.00,SILENT,IDLE-SILENT
743,2,0,0,1,82.9,0.00,SILENT,IDLE-SILENT
743,3,0,0,1,25.7,0.00,SILENT,IDLE-SILENT
743,4,0,0,1,14.4,0.00,CRIT(14%),SILENT,IDLE-SILENT
744,0,0,0,1,27.8,0.00,SILENT,IDLE-SILENT
744,1,0,0,1,28.1,0.00,SILENT,IDLE-SILENT
744,2,0,0,1,82.8,0.00,SILENT,IDLE-SILENT
744,3,0,0,1,25.7,0.00,SILENT,IDLE-SILENT
744,4,0,0,1,14.3,0.00,CRIT(14%),SILENT,IDLE-SILENT
745,0,0,0,1,27.7,0.00,SILENT,IDLE-SILENT
745,1,0,0,1,28.1,0.00,SILENT,IDLE-SILENT
745,2,0,0,1,82.7,0.00,SILENT,IDLE-SILENT
745,3,0,0,1,25.7,0.00,SILENT,IDLE-SILENT
745,4,0,0,1,14.2,0.00,CRIT(14%),SILENT,IDLE-SILENT
746,0,0,0,1,27.6,0.00,SILENT,IDLE-SILENT
746,1,0,0,1,28.1,0.00,SILENT,IDLE-SILENT
746,2,0,0,1,82.6,0.00,SILENT,IDLE-SILENT
746,3,0,0,1,25.7,0.00,SILENT,IDLE-SILENT
746,4,0,0,1,14.1,0.00,CRIT(14%),SILENT,IDLE-SILENT
747,0,0,0,1,27.5,0.00,SILENT,IDLE-SILENT
747,1,0,0,1,28.1,0.00,SILENT,IDLE-SILENT
747,2,0,0,1,82.5,0.00,SILENT,IDLE-SILENT
747,3,0,0,1,25.7,0.00,SILENT,IDLE-SILENT
747,4,0,0,1,14.0,0.00,CRIT(14%),SILENT,IDLE-SILENT
748,0,0,0,1,27.4,0.00,SILENT,IDLE-SILENT
748,1,0,0,1,28.1,0.00,SILENT,IDLE-SILENT
748,2,0,0,1,82.4,0.00,SILENT,IDLE-SILENT
748,3,0,0,1,25.7,0.00,SILENT,IDLE-SILENT
748,4,0,0,1,13.9,0.00,CRIT(14%),SILENT,IDLE-SILENT
749,0,0,0,1,27.3,0.00,SILENT,IDLE-SILENT
749,1,0,0,1,28.1,0.00,SILENT,IDLE-SILENT
749,2,0,0,1,82.3,0.00,SILENT,IDLE-SILENT
749,3,0,0,1,25.7,0.00,SILENT,IDLE-SILENT
749,4,0,0,1,13.8,0.00,CRIT(14%),SILENT,IDLE-SILENT
750,0,0,0,1,27.2,0.00,SILENT,IDLE-SILENT
750,1,0,0,1,28.1,0.00,SILENT,IDLE-SILENT
750,2,0,0,1,82.2,0.00,SILENT,IDLE-SILENT
750,3,0,0,1,25.7,0.00,SILENT,IDLE-SILENT
750,4,0,0,1,13.7,0.00,CRIT(14%),SILENT,IDLE-SILENT
751,0,0,0,1,27.1,0.00,SILENT,IDLE-SILENT
751,1,0,0,1,28.1,0.00,SILENT,IDLE-SILENT
751,2,0,0,1,82.1,0.00,SILENT,IDLE-SILENT
751,3,0,0,1,25.7,0.00,SILENT,IDLE-SILENT
751,4,0,0,1,13.6,0.00,CRIT(14%),SILENT,IDLE-SILENT
752,0,0,0,1,27.0,0.00,SILENT,IDLE-SILENT
752,1,0,0,1,28.1,0.00,SILENT,IDLE-SILENT
752,2,0,0,1,82.0,0.00,SILENT,IDLE-SILENT
752,3,0,0,1,25.7,0.00,SILENT,IDLE-SILENT
752,4,0,0,1,13.5,0.00,CRIT(14%),SILENT,IDLE-SILENT
753,0,0,0,1,26.9,0.00,SILENT,IDLE-SILENT
753,1,0,0,1,28.1,0.00,SILENT,IDLE-SILENT
753,2,0,0,1,81.9,0.00,SILENT,IDLE-SILENT
753,3,0,0,1,25.7,0.00,SILENT,IDLE-SILENT
753,4,0,0,1,13.4,0.00,CRIT(13%),SILENT,IDLE-SILENT
754,0,0,0,1,26.8,0.00,SILENT,IDLE-SILENT
754,1,0,0,1,28.1,0.00,SILENT,IDLE-SILENT
754,2,0,0,1,81.8,0.00,SILENT,IDLE-SILENT
754,3,0,0,1,25.7,0.00,SILENT,IDLE-SILENT
754,4,0,0,1,13.3,0.00,CRIT(13%),SILENT,IDLE-SILENT
755,0,0,0,1,26.7,0.00,SILENT,IDLE-SILENT
755,1,0,0,1,28.1,0.00,SILENT,IDLE-SILENT
755,2,0,0,1,81.7,0.00,SILENT,IDLE-SILENT
755,3,0,0,1,25.7,0.00,SILENT,IDLE-SILENT
755,4,0,0,1,13.2,0.00,CRIT(13%),SILENT,IDLE-SILENT
756,0,0,0,1,26.6,0.00,SILENT,IDLE-SILENT
756,1,0,0,1,28.1,0.00,SILENT,IDLE-SILENT
756,2,0,0,1,81.6,0.00,SILENT,IDLE-SILENT
756,3,0,0,1,25.7,0.00,SILENT,IDLE-SILENT
756,4,0,0,1,13.1,0.00,CRIT(13%),SILENT,IDLE-SILENT
757,0,0,0,1,26.5,0.00,SILENT,IDLE-SILENT
757,1,0,0,1,28.1,0.00,SILENT,IDLE-SILENT
757,2,0,0,1,81.5,0.00,SILENT,IDLE-SILENT
757,3,0,0,1,25.7,0.00,SILENT,IDLE-SILENT
757,4,0,0,1,13.0,0.00,CRIT(13%),SILENT,IDLE-SILENT
758,0,0,0,1,26.4,0.00,SILENT,IDLE-SILENT
758,1,0,0,1,28.1,0.00,SILENT,IDLE-SILENT
758,2,0,0,1,81.4,0.00,SILENT,IDLE-SILENT
758,3,0,0,1,25.7,0.00,SILENT,IDLE-SILENT
758,4,0,0,1,12.9,0.00,CRIT(13%),SILENT,IDLE-SILENT
759,0,0,0,1,26.3,0.00,SILENT,IDLE-SILENT
759,1,0,0,1,28.1,0.00,SILENT,IDLE-SILENT
759,2,0,0,1,81.3,0.00,SILENT,IDLE-SILENT
759,3,0,0,1,25.7,0.00,SILENT,IDLE-SILENT
759,4,0,0,1,12.8,0.00,CRIT(13%),SILENT,IDLE-SILENT
760,0,0,0,1,26.2,0.00,SILENT,IDLE-SILENT
760,1,0,0,1,28.1,0.00,SILENT,IDLE-SILENT
760,2,0,0,1,81.2,0.00,SILENT,IDLE-SILENT
760,3,0,0,1,25.7,0.00,SILENT,IDLE-SILENT
760,4,0,0,1,12.7,0.00,CRIT(13%),SILENT,IDLE-SILENT
761,0,0,0,1,26.1,0.00,SILENT,IDLE-SILENT
761,1,0,0,1,28.1,0.00,SILENT,IDLE-SILENT
761,2,0,0,1,81.1,0.00,SILENT,IDLE-SILENT
761,3,0,0,1,25.6,0.00,SILENT,IDLE-SILENT
761,4,0,0,1,12.6,0.00,CRIT(13%),SILENT,IDLE-SILENT
762,0,0,0,1,26.0,0.00,SILENT,IDLE-SILENT
762,1,0,0,1,28.1,0.00,SILENT,IDLE-SILENT
762,2,0,0,1,81.0,0.00,SILENT,IDLE-SILENT
762,3,0,0,1,25.5,0.00,SILENT,IDLE-SILENT
762,4,0,0,1,12.5,0.00,CRIT(13%),SILENT,IDLE-SILENT
763,0,0,0,1,25.9,0.00,SILENT,IDLE-SILENT
763,1,0,0,1,28.1,0.00,SILENT,IDLE-SILENT
763,2,0,0,1,80.9,0.00,SILENT,IDLE-SILENT
763,3,0,0,1,25.4,0.00,SILENT,IDLE-SILENT
763,4,0,0,1,12.4,0.00,CRIT(12%),SILENT,IDLE-SILENT
764,0,0,0,1,25.8,0.00,SILENT,IDLE-SILENT
764,1,0,0,1,28.1,0.00,SILENT,IDLE-SILENT
764,2,0,0,1,80.8,0.00,SILENT,IDLE-SILENT
764,3,0,0,1,25.3,0.00,SILENT,IDLE-SILENT
764,4,0,0,1,12.3,0.00,CRIT(12%),SILENT,IDLE-SILENT
765,0,0,0,1,25.7,0.00,SILENT,IDLE-SILENT
765,1,0,0,1,28.1,0.00,SILENT,IDLE-SILENT
765,2,0,0,1,80.7,0.00,SILENT,IDLE-SILENT
765,3,0,0,1,25.2,0.00,SILENT,IDLE-SILENT
765,4,0,0,1,12.2,0.00,CRIT(12%),SILENT,IDLE-SILENT
766,0,0,0,1,25.6,0.00,SILENT,IDLE-SILENT
766,1,0,0,1,28.1,0.00,SILENT,IDLE-SILENT
766,2,0,0,1,80.6,0.00,SILENT,IDLE-SILENT
766,3,0,0,1,25.1,0.00,SILENT,IDLE-SILENT
766,4,0,0,1,12.1,0.00,CRIT(12%),SILENT,IDLE-SILENT
767,0,0,0,1,25.5,0.00,SILENT,IDLE-SILENT
767,1,0,0,1,28.1,0.00,SILENT,IDLE-SILENT
767,2,0,0,1,80.5,0.00,SILENT,IDLE-SILENT
767,3,0,0,1,25.0,0.00,SILENT,IDLE-SILENT
767,4,0,0,1,12.0,0.00,CRIT(12%),SILENT,IDLE-SILENT
768,0,0,0,1,25.4,0.00,SILENT,IDLE-SILENT
768,1,0,0,1,28.1,0.00,SILENT,IDLE-SILENT
768,2,0,0,1,80.4,0.00,SILENT,IDLE-SILENT
768,3,0,0,1,24.9,0.00,SILENT,IDLE-SILENT
768,4,0,0,1,11.9,0.00,CRIT(12%),SILENT,IDLE-SILENT
769,0,0,0,1,25.3,0.00,SILENT,IDLE-SILENT
769,1,0,0,1,28.0,0.00,SILENT,IDLE-SILENT
769,2,0,0,1,80.3,0.00,SILENT,IDLE-SILENT
769,3,0,0,1,24.8,0.00,SILENT,IDLE-SILENT
769,4,0,0,1,11.8,0.00,CRIT(12%),SILENT,IDLE-SILENT
770,0,0,0,1,25.2,0.00,SILENT,IDLE-SILENT
770,1,0,0,1,27.9,0.00,SILENT,IDLE-SILENT
770,2,0,0,1,80.2,0.00,SILENT,IDLE-SILENT
770,3,0,0,1,24.7,0.00,SILENT,IDLE-SILENT
770,4,0,0,1,11.7,0.00,CRIT(12%),SILENT,IDLE-SILENT
771,0,0,0,1,25.1,0.00,SILENT,IDLE-SILENT
771,1,0,0,1,27.8,0.00,SILENT,IDLE-SILENT
771,2,0,0,1,80.1,0.00,SILENT,IDLE-SILENT
771,3,0,0,1,24.6,0.00,SILENT,IDLE-SILENT
771,4,0,0,1,11.6,0.00,CRIT(12%),SILENT,IDLE-SILENT
772,0,0,0,1,25.0,0.00,SILENT,IDLE-SILENT
772,1,0,0,1,27.7,0.00,SILENT,IDLE-SILENT
772,2,0,0,1,80.0,0.00,SILENT,IDLE-SILENT
772,3,0,0,1,24.5,0.00,SILENT,IDLE-SILENT
772,4,0,0,1,11.5,0.00,CRIT(12%),SILENT,IDLE-SILENT
773,0,0,0,1,24.9,0.00,SILENT,IDLE-SILENT
773,1,0,0,1,27.6,0.00,SILENT,IDLE-SILENT
773,2,0,0,1,79.9,0.00,SILENT,IDLE-SILENT
773,3,0,0,1,24.4,0.00,SILENT,IDLE-SILENT
773,4,0,0,1,11.4,0.00,CRIT(11%),SILENT,IDLE-SILENT
774,0,0,0,1,24.8,0.00,SILENT,IDLE-SILENT
774,1,0,0,1,27.5,0.00,SILENT,IDLE-SILENT
774,2,0,0,1,79.8,0.00,SILENT,IDLE-SILENT
774,3,0,0,1,24.3,0.00,SILENT,IDLE-SILENT
774,4,0,0,1,11.3,0.00,CRIT(11%),SILENT,IDLE-SILENT
775,0,0,0,1,24.7,0.00,SILENT,IDLE-SILENT
775,1,0,0,1,27.4,0.00,SILENT,IDLE-SILENT
775,2,0,0,1,79.7,0.00,SILENT,IDLE-SILENT
775,3,0,0,1,24.2,0.00,SILENT,IDLE-SILENT
775,4,0,0,1,11.2,0.00,CRIT(11%),SILENT,IDLE-SILENT
776,0,0,0,1,24.6,0.00,SILENT,IDLE-SILENT
776,1,0,0,1,27.3,0.00,SILENT,IDLE-SILENT
776,2,0,0,1,79.6,0.00,SILENT,IDLE-SILENT
776,3,0,0,1,24.1,0.00,SILENT,IDLE-SILENT
776,4,0,0,1,11.1,0.00,CRIT(11%),SILENT,IDLE-SILENT
777,0,0,0,1,24.5,0.00,SILENT,IDLE-SILENT
777,1,0,0,1,27.2,0.00,SILENT,IDLE-SILENT
777,2,0,0,1,79.5,0.00,SILENT,IDLE-SILENT
777,3,0,0,1,24.0,0.00,SILENT,IDLE-SILENT
777,4,0,0,1,11.0,0.00,CRIT(11%),SILENT,IDLE-SILENT
778,0,0,0,1,24.4,0.00,SILENT,IDLE-SILENT
778,1,0,0,1,27.1,0.00,SILENT,IDLE-SILENT
778,2,0,0,1,79.4,0.00,SILENT,IDLE-SILENT
778,3,0,0,1,23.9,0.00,SILENT,IDLE-SILENT
778,4,0,0,1,10.9,0.00,CRIT(11%),SILENT,IDLE-SILENT
779,0,0,0,1,24.3,0.00,SILENT,IDLE-SILENT
779,1,0,0,1,27.0,0.00,SILENT,IDLE-SILENT
779,2,0,0,1,79.3,0.00,SILENT,IDLE-SILENT
779,3,0,0,1,23.8,0.00,SILENT,IDLE-SILENT
779,4,0,0,1,10.8,0.00,CRIT(11%),SILENT,IDLE-SILENT
780,0,0,0,1,24.2,0.00,SILENT,IDLE-SILENT
780,1,0,0,1,26.9,0.00,SILENT,IDLE-SILENT
780,2,0,0,1,79.2,0.00,SILENT,IDLE-SILENT
780,3,0,0,1,23.7,0.00,SILENT,IDLE-SILENT
780,4,0,0,1,10.7,0.00,CRIT(11%),SILENT,IDLE-SILENT
781,0,0,0,1,24.1,0.00,SILENT,IDLE-SILENT
781,1,0,0,1,26.8,0.00,SILENT,IDLE-SILENT
781,2,0,0,1,79.1,0.00,SILENT,IDLE-SILENT
781,3,0,0,1,23.6,0.00,SILENT,IDLE-SILENT
781,4,0,0,1,10.6,0.00,CRIT(11%),SILENT,IDLE-SILENT
782,0,0,0,1,24.0,0.00,SILENT,IDLE-SILENT
782,1,0,0,1,26.7,0.00,SILENT,IDLE-SILENT
782,2,0,0,1,79.0,0.00,SILENT,IDLE-SILENT
782,3,0,0,1,23.5,0.00,SILENT,IDLE-SILENT
782,4,0,0,1,10.5,0.00,CRIT(11%),SILENT,IDLE-SILENT
783,0,0,0,1,23.9,0.00,SILENT,IDLE-SILENT
783,1,0,0,1,26.6,0.00,SILENT,IDLE-SILENT
783,2,0,0,1,78.9,0.00,SILENT,IDLE-SILENT
783,3,0,0,1,23.4,0.00,SILENT,IDLE-SILENT
783,4,0,0,1,10.4,0.00,CRIT(10%),SILENT,IDLE-SILENT
784,0,0,0,1,23.8,0.00,SILENT,IDLE-SILENT
784,1,0,0,1,26.5,0.00,SILENT,IDLE-SILENT
784,2,0,0,1,78.8,0.00,SILENT,IDLE-SILENT
784,3,0,0,1,23.3,0.00,SILENT,IDLE-SILENT
784,4,0,0,1,10.3,0.00,CRIT(10%),SILENT,IDLE-SILENT
785,0,0,0,1,23.7,0.00,SILENT,IDLE-SILENT
785,1,0,0,1,26.4,0.00,SILENT,IDLE-SILENT
785,2,0,0,1,78.7,0.00,SILENT,IDLE-SILENT
785,3,0,0,1,23.2,0.00,SILENT,IDLE-SILENT
785,4,0,0,1,10.2,0.00,CRIT(10%),SILENT,IDLE-SILENT
786,0,0,0,1,23.6,0.00,SILENT,IDLE-SILENT
786,1,0,0,1,26.3,0.00,SILENT,IDLE-SILENT
786,2,0,0,1,78.6,0.00,SILENT,IDLE-SILENT
786,3,0,0,1,23.1,0.00,SILENT,IDLE-SILENT
786,4,0,0,1,10.1,0.00,CRIT(10%),SILENT,IDLE-SILENT
787,0,0,0,1,23.5,0.00,SILENT,IDLE-SILENT
787,1,0,0,1,26.2,0.00,SILENT,IDLE-SILENT
787,2,0,0,1,78.5,0.00,SILENT,IDLE-SILENT
787,3,0,0,1,23.0,0.00,SILENT,IDLE-SILENT
787,4,0,0,1,10.0,0.00,CRIT(10%),SILENT,IDLE-SILENT
788,0,0,0,1,23.4,0.00,SILENT,IDLE-SILENT
788,1,0,0,1,26.1,0.00,SILENT,IDLE-SILENT
788,2,0,0,1,78.4,0.00,SILENT,IDLE-SILENT
788,3,0,0,1,22.9,0.00,SILENT,IDLE-SILENT
788,4,0,0,1,9.9,0.00,CRIT(10%),SILENT,IDLE-SILENT
789,0,0,0,1,23.3,0.00,SILENT,IDLE-SILENT
789,1,0,0,1,26.0,0.00,SILENT,IDLE-SILENT
789,2,0,0,1,78.3,0.00,SILENT,IDLE-SILENT
789,3,0,0,1,22.8,0.00,SILENT,IDLE-SILENT
789,4,0,0,1,9.8,0.00,CRIT(10%),SILENT,IDLE-SILENT
790,0,0,0,1,23.2,0.00,SILENT,IDLE-SILENT
790,1,0,0,1,25.9,0.00,SILENT,IDLE-SILENT
790,2,0,0,1,78.2,0.00,SILENT,IDLE-SILENT
790,3,0,0,1,22.7,0.00,SILENT,IDLE-SILENT
790,4,0,0,1,9.7,0.00,CRIT(10%),SILENT,IDLE-SILENT
791,0,0,0,1,23.1,0.00,SILENT,IDLE-SILENT
791,1,0,0,1,25.8,0.00,SILENT,IDLE-SILENT
791,2,0,0,1,78.1,0.00,SILENT,IDLE-SILENT
791,3,0,0,1,22.6,0.00,SILENT,IDLE-SILENT
791,4,0,0,1,9.6,0.00,CRIT(10%),SILENT,IDLE-SILENT
792,0,0,0,1,23.0,0.00,SILENT,IDLE-SILENT
792,1,0,0,1,25.7,0.00,SILENT,IDLE-SILENT
792,2,0,0,1,78.0,0.00,SILENT,IDLE-SILENT
792,3,0,0,1,22.5,0.00,SILENT,IDLE-SILENT
792,4,0,0,1,9.5,0.00,CRIT(10%),SILENT,IDLE-SILENT
793,0,0,0,1,22.9,0.00,SILENT,IDLE-SILENT
793,1,0,0,1,25.6,0.00,SILENT,IDLE-SILENT
793,2,0,0,1,77.9,0.00,SILENT,IDLE-SILENT
793,3,0,0,1,22.4,0.00,SILENT,IDLE-SILENT
793,4,0,0,1,9.4,0.00,CRIT(9%),SILENT,IDLE-SILENT
794,0,0,0,1,22.8,0.00,SILENT,IDLE-SILENT
794,1,0,0,1,25.5,0.00,SILENT,IDLE-SILENT
794,2,0,0,1,77.8,0.00,SILENT,IDLE-SILENT
794,3,0,0,1,22.3,0.00,SILENT,IDLE-SILENT
794,4,0,0,1,9.3,0.00,CRIT(9%),SILENT,IDLE-SILENT
795,0,0,0,1,22.7,0.00,SILENT,IDLE-SILENT
795,1,0,0,1,25.4,0.00,SILENT,IDLE-SILENT
795,2,0,0,1,77.7,0.00,SILENT,IDLE-SILENT
795,3,0,0,1,22.2,0.00,SILENT,IDLE-SILENT
795,4,0,0,1,9.2,0.00,CRIT(9%),SILENT,IDLE-SILENT
796,0,0,0,1,22.6,0.00,SILENT,IDLE-SILENT
796,1,0,0,1,25.3,0.00,SILENT,IDLE-SILENT
796,2,0,0,1,77.6,0.00,SILENT,IDLE-SILENT
796,3,0,0,1,22.1,0.00,SILENT,IDLE-SILENT
796,4,0,0,1,9.1,0.00,CRIT(9%),SILENT,IDLE-SILENT
797,0,0,0,1,22.5,0.00,SILENT,IDLE-SILENT
797,1,0,0,1,25.2,0.00,SILENT,IDLE-SILENT
797,2,0,0,1,77.5,0.00,SILENT,IDLE-SILENT
797,3,0,0,1,22.0,0.00,SILENT,IDLE-SILENT
797,4,0,0,1,9.0,0.00,CRIT(9%),SILENT,IDLE-SILENT
798,0,0,0,1,22.4,0.00,SILENT,IDLE-SILENT
798,1,0,0,1,25.1,0.00,SILENT,IDLE-SILENT
798,2,0,0,1,77.4,0.00,SILENT,IDLE-SILENT
798,3,0,0,1,21.9,0.00,SILENT,IDLE-SILENT
798,4,0,0,1,8.9,0.00,CRIT(9%),SILENT,IDLE-SILENT
799,0,0,0,1,22.3,0.00,SILENT,IDLE-SILENT
799,1,0,0,1,25.0,0.00,SILENT,IDLE-SILENT
799,2,0,0,1,77.3,0.00,SILENT,IDLE-SILENT
799,3,0,0,1,21.8,0.00,SILENT,IDLE-SILENT
799,4,0,0,1,8.8,0.00,CRIT(9%),SILENT,IDLE-SILENT
800,0,0,0,1,22.2,0.00,SILENT,IDLE-SILENT
800,1,0,0,1,24.9,0.00,SILENT,IDLE-SILENT
800,2,0,0,1,77.2,0.00,SILENT,IDLE-SILENT
800,3,0,0,1,21.7,0.00,SILENT,IDLE-SILENT
800,4,0,0,1,8.7,0.00,CRIT(9%),SILENT,IDLE-SILENT
801,0,0,0,1,22.1,0.00,SILENT,IDLE-SILENT
801,1,0,0,1,24.8,0.00,SILENT,IDLE-SILENT
801,2,0,0,1,77.1,0.00,SILENT,IDLE-SILENT
801,3,0,0,1,21.6,0.00,SILENT,IDLE-SILENT
801,4,0,0,1,8.6,0.00,CRIT(9%),SILENT,IDLE-SILENT
1,0,0,0,-1,75.5,0.00,IDLE-SILENT
1,1,0,0,-1,68.8,0.00,IDLE-SILENT
1,2,0,0,-1,80.9,0.00,IDLE-SILENT
1,3,0,0,-1,67.0,0.00,IDLE-SILENT
1,4,0,0,-1,97.5,0.00,IDLE-SILENT
2,0,0,0,-1,75.4,0.00,IDLE-SILENT
2,1,0,0,-1,68.7,0.00,IDLE-SILENT
2,2,0,0,-1,80.8,0.00,IDLE-SILENT
2,3,0,0,-1,66.9,0.00,IDLE-SILENT
2,4,0,0,-1,97.4,0.00,IDLE-SILENT
3,0,0,0,-1,75.3,0.00,IDLE-SILENT
3,1,0,0,-1,68.6,0.00,IDLE-SILENT
3,2,0,0,-1,80.7,0.00,IDLE-SILENT
3,3,0,0,-1,66.8,0.00,IDLE-SILENT
3,4,0,0,-1,97.3,0.00,IDLE-SILENT
4,0,0,0,-1,75.2,0.00,IDLE-SILENT
4,1,0,0,-1,68.5,0.00,IDLE-SILENT
4,2,0,0,-1,80.6,0.00,IDLE-SILENT
4,3,0,0,-1,66.7,0.00,IDLE-SILENT
4,4,0,0,-1,97.2,0.00,IDLE-SILENT
5,0,0,0,-1,75.1,0.00,IDLE-SILENT
5,1,0,0,-1,68.4,0.00,IDLE-SILENT
5,2,0,0,-1,80.5,0.00,IDLE-SILENT
5,3,0,0,-1,66.6,0.00,IDLE-SILENT
5,4,0,0,-1,97.1,0.00,IDLE-SILENT
6,0,0,0,-1,75.0,0.00,IDLE-SILENT
6,1,0,0,-1,68.3,0.00,IDLE-SILENT
6,2,0,0,-1,80.4,0.00,IDLE-SILENT
6,3,0,0,-1,66.5,0.00,IDLE-SILENT
6,4,0,0,-1,97.0,0.00,IDLE-SILENT
7,0,0,0,-1,74.9,0.00,IDLE-SILENT
7,1,0,0,-1,68.2,0.00,IDLE-SILENT
7,2,0,0,-1,80.3,0.00,IDLE-SILENT
7,3,0,0,-1,66.4,0.00,IDLE-SILENT
7,4,0,0,-1,96.9,0.00,IDLE-SILENT
8,0,0,0,-1,74.8,0.00,IDLE-SILENT
8,1,0,0,-1,68.1,0.00,IDLE-SILENT
8,2,0,0,-1,80.2,0.00,IDLE-SILENT
8,3,0,0,-1,66.3,0.00,IDLE-SILENT
8,4,0,0,-1,96.8,0.00,IDLE-SILENT
9,0,0,0,-1,74.7,0.00,IDLE-SILENT
9,1,0,0,-1,68.0,0.00,IDLE-SILENT
9,2,0,0,-1,80.1,0.00,IDLE-SILENT
9,3,0,0,-1,66.2,0.00,IDLE-SILENT
9,4,0,0,-1,96.7,0.00,IDLE-SILENT
10,0,0,0,-1,74.6,0.00,IDLE-SILENT
10,1,0,0,-1,67.9,0.00,IDLE-SILENT
10,2,0,0,-1,80.0,0.00,IDLE-SILENT
10,3,0,0,-1,66.1,0.00,IDLE-SILENT
10,4,0,0,-1,96.6,0.00,IDLE-SILENT
11,0,0,0,-1,74.5,0.00,IDLE-SILENT
11,1,0,0,-1,67.8,0.00,IDLE-SILENT
11,2,0,0,-1,79.9,0.00,IDLE-SILENT
11,3,0,0,-1,66.0,0.00,IDLE-SILENT
11,4,0,0,-1,96.5,0.00,IDLE-SILENT
12,0,0,0,-1,74.4,0.00,IDLE-SILENT
12,1,0,0,-1,67.7,0.00,IDLE-SILENT
12,2,0,0,-1,79.8,0.00,IDLE-SILENT
12,3,0,0,-1,65.9,0.00,IDLE-SILENT
12,4,0,0,-1,96.4,0.00,IDLE-SILENT
13,0,0,0,-1,74.3,0.00,IDLE-SILENT
13,1,0,0,-1,67.6,0.00,IDLE-SILENT
13,2,0,0,-1,79.7,0.00,IDLE-SILENT
13,3,0,0,-1,65.8,0.00,IDLE-SILENT
13,4,0,0,-1,96.3,0.00,IDLE-SILENT
14,0,0,0,-1,74.2,0.00,IDLE-SILENT
14,1,0,0,-1,67.5,0.00,IDLE-SILENT
14,2,0,0,-1,79.6,0.00,IDLE-SILENT
14,3,0,0,-1,65.7,0.00,IDLE-SILENT
14,4,0,0,-1,96.2,0.00,IDLE-SILENT
15,0,0,0,-1,74.1,0.00,IDLE-SILENT
15,1,0,0,-1,67.4,0.00,IDLE-SILENT
15,2,0,0,-1,79.5,0.00,IDLE-SILENT
15,3,0,0,-1,65.6,0.00,IDLE-SILENT
15,4,0,0,-1,96.1,0.00,IDLE-SILENT
16,0,0,0,-1,74.0,0.00,IDLE-SILENT
16,1,0,0,-1,67.3,0.00,IDLE-SILENT
16,2,0,0,-1,79.4,0.00,IDLE-SILENT
16,3,0,0,-1,65.5,0.00,IDLE-SILENT
16,4,0,0,-1,96.0,0.00,IDLE-SILENT
17,0,0,0,-1,73.9,0.00,IDLE-SILENT
17,1,0,0,-1,67.2,0.00,IDLE-SILENT
17,2,0,0,-1,79.3,0.00,IDLE-SILENT
17,3,0,0,-1,65.4,0.00,IDLE-SILENT
17,4,0,0,-1,95.9,0.00,IDLE-SILENT
18,0,0,0,-1,73.8,0.00,IDLE-SILENT
18,1,0,0,-1,67.1,0.00,IDLE-SILENT
18,2,0,0,-1,79.2,0.00,IDLE-SILENT
18,3,0,0,-1,65.3,0.00,IDLE-SILENT
18,4,0,0,-1,95.8,0.00,IDLE-SILENT
19,0,0,0,-1,73.7,0.00,IDLE-SILENT
19,1,0,0,-1,67.0,0.00,IDLE-SILENT
19,2,0,0,-1,79.1,0.00,IDLE-SILENT
19,3,0,0,-1,65.2,0.00,IDLE-SILENT
19,4,0,0,-1,95.7,0.00,IDLE-SILENT
20,0,0,0,-1,73.6,0.00,IDLE-SILENT
20,1,0,0,-1,66.9,0.00,IDLE-SILENT
20,2,0,0,-1,79.0,0.00,IDLE-SILENT
20,3,0,0,-1,65.1,0.00,IDLE-SILENT
20,4,0,0,-1,95.6,0.00,IDLE-SILENT
21,0,0,0,-1,73.5,0.00,IDLE-SILENT
21,1,0,0,-1,66.8,0.00,IDLE-SILENT
21,2,0,0,-1,78.9,0.00,IDLE-SILENT
21,3,0,0,-1,65.0,0.00,IDLE-SILENT
21,4,0,0,-1,95.5,0.00,IDLE-SILENT
22,0,0,0,-1,73.4,0.00,IDLE-SILENT
22,1,0,0,-1,66.7,0.00,IDLE-SILENT
22,2,0,0,-1,78.8,0.00,IDLE-SILENT
22,3,0,0,-1,64.9,0.00,IDLE-SILENT
22,4,0,0,-1,95.4,0.00,IDLE-SILENT
23,0,0,0,-1,73.3,0.00,IDLE-SILENT
23,1,0,0,-1,66.6,0.00,IDLE-SILENT
23,2,0,0,-1,78.7,0.00,IDLE-SILENT
23,3,0,0,-1,64.8,0.00,IDLE-SILENT
23,4,0,0,-1,95.3,0.00,IDLE-SILENT
24,0,0,0,-1,73.2,0.00,IDLE-SILENT
24,1,0,0,-1,66.5,0.00,IDLE-SILENT
24,2,0,0,-1,78.6,0.00,IDLE-SILENT
24,3,0,0,-1,64.7,0.00,IDLE-SILENT
24,4,0,0,-1,95.2,0.00,IDLE-SILENT
25,0,0,0,-1,73.1,0.00,IDLE-SILENT
25,1,0,0,-1,66.4,0.00,IDLE-SILENT
25,2,0,0,-1,78.5,0.00,IDLE-SILENT
25,3,0,0,-1,64.6,0.00,IDLE-SILENT
25,4,0,0,-1,95.1,0.00,IDLE-SILENT
26,0,0,0,-1,73.0,0.00,IDLE-SILENT
26,1,0,0,-1,66.3,0.00,IDLE-SILENT
26,2,0,0,-1,78.4,0.00,IDLE-SILENT
26,3,0,0,-1,64.5,0.00,IDLE-SILENT
26,4,0,0,-1,95.0,0.00,IDLE-SILENT
27,0,0,0,-1,72.9,0.00,IDLE-SILENT
27,1,0,0,-1,66.2,0.00,IDLE-SILENT
27,2,0,0,-1,78.3,0.00,IDLE-SILENT
27,3,0,0,-1,64.4,0.00,IDLE-SILENT
27,4,0,0,-1,94.9,0.00,IDLE-SILENT
28,0,0,0,-1,72.8,0.00,IDLE-SILENT
28,1,0,0,-1,66.1,0.00,IDLE-SILENT
28,2,0,0,-1,78.2,0.00,IDLE-SILENT
28,3,0,0,-1,64.3,0.00,IDLE-SILENT
28,4,0,0,-1,94.8,0.00,IDLE-SILENT
29,0,0,0,-1,72.7,0.00,IDLE-SILENT
29,1,0,0,-1,66.0,0.00,IDLE-SILENT
29,2,0,0,-1,78.1,0.00,IDLE-SILENT
29,3,0,0,-1,64.2,0.00,IDLE-SILENT
29,4,0,0,-1,94.7,0.00,IDLE-SILENT
30,0,0,0,11,72.6,0.00,IDLE-SILENT
30,1,0,0,11,65.9,0.00,IDLE-SILENT
30,2,0,0,11,78.0,0.00,IDLE-SILENT
30,3,0,0,11,64.1,0.00,IDLE-SILENT
30,4,0,0,11,94.6,0.00,IDLE-SILENT
31,0,0,0,11,72.5,0.00,SILENT,IDLE-SILENT
31,1,0,0,11,65.8,0.00,SILENT,IDLE-SILENT
31,2,0,0,11,77.9,0.00,SILENT,IDLE-SILENT
31,3,0,0,11,64.0,0.00,SILENT,IDLE-SILENT
31,4,0,0,11,94.5,0.00,SILENT,IDLE-SILENT
32,0,0,0,11,72.4,0.00,SILENT,IDLE-SILENT
32,1,0,0,11,65.7,0.00,SILENT,IDLE-SILENT
32,2,0,0,11,77.8,0.00,SILENT,IDLE-SILENT
32,3,0,0,11,63.9,0.00,SILENT,IDLE-SILENT
32,4,0,0,11,94.4,0.00,SILENT,IDLE-SILENT
33,0,0,0,11,72.3,0.00,SILENT,IDLE-SILENT
33,1,0,0,11,65.6,0.00,SILENT,IDLE-SILENT
33,2,0,0,11,77.7,0.00,SILENT,IDLE-SILENT
33,3,0,0,11,63.8,0.00,SILENT,IDLE-SILENT
33,4,0,0,11,94.3,0.00,SILENT,IDLE-SILENT
34,0,0,0,11,72.2,0.00,SILENT,IDLE-SILENT
34,1,0,0,11,65.5,0.00,SILENT,IDLE-SILENT
34,2,0,0,11,77.6,0.00,SILENT,IDLE-SILENT
34,3,0,0,11,63.7,0.00,SILENT,IDLE-SILENT
34,4,0,0,11,94.2,0.00,SILENT,IDLE-SILENT
35,0,0,0,11,72.1,0.00,SILENT,IDLE-SILENT
35,1,0,0,11,65.4,0.00,SILENT,IDLE-SILENT
35,2,0,0,11,77.5,0.00,SILENT,IDLE-SILENT
35,3,0,0,11,63.6,0.00,SILENT,IDLE-SILENT
35,4,0,0,11,94.1,0.00,SILENT,IDLE-SILENT
36,0,0,0,11,72.0,0.00,SILENT,IDLE-SILENT
36,1,0,0,11,65.3,0.00,SILENT,IDLE-SILENT
36,2,0,0,11,77.4,0.00,SILENT,IDLE-SILENT
36,3,0,0,11,63.5,0.00,SILENT,IDLE-SILENT
36,4,0,0,11,94.0,0.00,SILENT,IDLE-SILENT
37,0,0,0,11,71.9,0.00,SILENT,IDLE-SILENT
37,1,0,0,11,65.2,0.00,SILENT,IDLE-SILENT
37,2,0,0,11,77.3,0.00,SILENT,IDLE-SILENT
37,3,0,0,11,63.4,0.00,SILENT,IDLE-SILENT
37,4,0,0,11,93.9,0.00,SILENT,IDLE-SILENT
38,0,0,0,11,71.8,0.00,SILENT,IDLE-SILENT
38,1,0,0,11,65.1,0.00,SILENT,IDLE-SILENT
38,2,0,0,11,77.2,0.00,SILENT,IDLE-SILENT
38,3,0,0,11,63.3,0.00,SILENT,IDLE-SILENT
38,4,0,0,11,93.8,0.00,SILENT,IDLE-SILENT
39,0,0,0,11,71.7,0.00,SILENT,IDLE-SILENT
39,1,0,0,11,65.0,0.00,SILENT,IDLE-SILENT
39,2,0,0,11,77.1,0.00,SILENT,IDLE-SILENT
39,3,0,0,11,63.2,0.00,SILENT,IDLE-SILENT
39,4,0,0,11,93.7,0.00,SILENT,IDLE-SILENT
40,0,0,0,11,71.6,0.00,SILENT,IDLE-SILENT
40,1,0,0,11,64.9,0.00,SILENT,IDLE-SILENT
40,2,0,0,11,77.0,0.00,SILENT,IDLE-SILENT
40,3,0,0,11,63.1,0.00,SILENT,IDLE-SILENT
40,4,0,0,11,93.6,0.00,SILENT,IDLE-SILENT
41,0,0,0,11,71.5,0.00,SILENT,IDLE-SILENT
41,1,0,0,11,64.8,0.00,SILENT,IDLE-SILENT
41,2,0,0,11,76.9,0.00,SILENT,IDLE-SILENT
41,3,0,0,11,63.0,0.00,SILENT,IDLE-SILENT
41,4,0,0,11,93.5,0.00,SILENT,IDLE-SILENT
42,0,0,0,11,71.4,0.00,SILENT,IDLE-SILENT
42,1,0,0,11,64.7,0.00,SILENT,IDLE-SILENT
42,2,0,0,11,76.8,0.00,SILENT,IDLE-SILENT
42,3,0,0,11,62.9,0.00,SILENT,IDLE-SILENT
42,4,0,0,11,93.4,0.00,SILENT,IDLE-SILENT
43,0,0,0,11,71.3,0.00,SILENT,IDLE-SILENT
43,1,0,0,11,64.6,0.00,SILENT,IDLE-SILENT
43,2,0,0,11,76.7,0.00,SILENT,IDLE-SILENT
43,3,0,0,11,62.8,0.00,SILENT,IDLE-SILENT
43,4,0,0,11,93.3,0.00,SILENT,IDLE-SILENT
44,0,0,0,11,71.2,0.00,SILENT,IDLE-SILENT
44,1,0,0,11,64.5,0.00,SILENT,IDLE-SILENT
44,2,0,0,11,76.6,0.00,SILENT,IDLE-SILENT
44,3,0,0,11,62.7,0.00,SILENT,IDLE-SILENT
44,4,0,0,11,93.2,0.00,SILENT,IDLE-SILENT
45,0,0,0,11,71.1,0.00,SILENT,IDLE-SILENT
45,1,0,0,11,64.4,0.00,SILENT,IDLE-SILENT
45,2,0,0,11,76.5,0.00,SILENT,IDLE-SILENT
45,3,0,0,11,62.6,0.00,SILENT,IDLE-SILENT
45,4,0,0,11,93.1,0.00,SILENT,IDLE-SILENT
46,0,0,0,11,71.0,0.00,SILENT,IDLE-SILENT
46,1,0,0,11,64.3,0.00,SILENT,IDLE-SILENT
46,2,0,0,11,76.4,0.00,SILENT,IDLE-SILENT
46,3,0,0,11,62.5,0.00,SILENT,IDLE-SILENT
46,4,0,0,11,93.0,0.00,SILENT,IDLE-SILENT
47,0,0,0,11,70.9,0.00,SILENT,IDLE-SILENT
47,1,0,0,11,64.2,0.00,SILENT,IDLE-SILENT
47,2,0,0,11,76.3,0.00,SILENT,IDLE-SILENT
47,3,0,0,11,62.4,0.00,SILENT,IDLE-SILENT
47,4,0,0,11,92.9,0.00,SILENT,IDLE-SILENT
48,0,0,0,11,70.8,0.00,SILENT,IDLE-SILENT
48,1,0,0,11,64.1,0.00,SILENT,IDLE-SILENT
48,2,0,0,11,76.2,0.00,SILENT,IDLE-SILENT
48,3,0,0,11,62.3,0.00,SILENT,IDLE-SILENT
48,4,0,0,11,92.8,0.00,SILENT,IDLE-SILENT
49,0,0,0,11,70.7,0.00,SILENT,IDLE-SILENT
49,1,0,0,11,64.0,0.00,SILENT,IDLE-SILENT
49,2,0,0,11,76.1,0.00,SILENT,IDLE-SILENT
49,3,0,0,11,62.2,0.00,SILENT,IDLE-SILENT
49,4,0,0,11,92.7,0.00,SILENT,IDLE-SILENT
50,0,0,0,11,70.6,0.00,SILENT,IDLE-SILENT
50,1,0,0,11,63.9,0.00,SILENT,IDLE-SILENT
50,2,0,0,11,76.0,0.00,SILENT,IDLE-SILENT
50,3,0,0,11,62.1,0.00,SILENT,IDLE-SILENT
50,4,0,0,11,92.6,0.00,SILENT,IDLE-SILENT
51,0,0,0,11,70.5,0.00,SILENT,IDLE-SILENT
51,1,0,0,11,63.8,0.00,SILENT,IDLE-SILENT
51,2,0,0,11,75.9,0.00,SILENT,IDLE-SILENT
51,3,0,0,11,62.0,0.00,SILENT,IDLE-SILENT
51,4,0,0,11,92.5,0.00,SILENT,IDLE-SILENT
52,0,0,0,11,70.4,0.00,SILENT,IDLE-SILENT
52,1,0,0,11,63.7,0.00,SILENT,IDLE-SILENT
52,2,0,0,11,75.8,0.00,SILENT,IDLE-SILENT
52,3,0,0,11,61.9,0.00,SILENT,IDLE-SILENT
52,4,0,0,11,92.4,0.00,SILENT,IDLE-SILENT
53,0,0,0,11,70.3,0.00,SILENT,IDLE-SILENT
53,1,0,0,11,63.6,0.00,SILENT,IDLE-SILENT
53,2,0,0,11,75.7,0.00,SILENT,IDLE-SILENT
53,3,0,0,11,61.8,0.00,SILENT,IDLE-SILENT
53,4,0,0,11,92.3,0.00,SILENT,IDLE-SILENT
54,0,0,0,11,70.2,0.00,SILENT,IDLE-SILENT
54,1,0,0,11,63.5,0.00,SILENT,IDLE-SILENT
54,2,0,0,11,75.6,0.00,SILENT,IDLE-SILENT
54,3,0,0,11,61.7,0.00,SILENT,IDLE-SILENT
54,4,0,0,11,92.2,0.00,SILENT,IDLE-SILENT
55,0,0,0,11,70.1,0.00,SILENT,IDLE-SILENT
55,1,0,0,11,63.4,0.00,SILENT,IDLE-SILENT
55,2,0,0,11,75.5,0.00,SILENT,IDLE-SILENT
55,3,0,0,11,61.6,0.00,SILENT,IDLE-SILENT
55,4,0,0,11,92.1,0.00,SILENT,IDLE-SILENT
56,0,0,0,11,70.0,0.00,SILENT,IDLE-SILENT
56,1,0,0,11,63.3,0.00,SILENT,IDLE-SILENT
56,2,0,0,11,75.4,0.00,SILENT,IDLE-SILENT
56,3,0,0,11,61.5,0.00,SILENT,IDLE-SILENT
56,4,0,0,11,92.0,0.00,SILENT,IDLE-SILENT
57,0,0,0,11,69.9,0.00,SILENT,IDLE-SILENT
57,1,0,0,11,63.2,0.00,SILENT,IDLE-SILENT
57,2,0,0,11,75.3,0.00,SILENT,IDLE-SILENT
57,3,0,0,11,61.4,0.00,SILENT,IDLE-SILENT
57,4,0,0,11,91.9,0.00,SILENT,IDLE-SILENT
58,0,0,0,11,69.8,0.00,SILENT,IDLE-SILENT
58,1,0,0,11,63.1,0.00,SILENT,IDLE-SILENT
58,2,0,0,11,75.2,0.00,SILENT,IDLE-SILENT
58,3,0,0,11,61.3,0.00,SILENT,IDLE-SILENT
58,4,0,0,11,91.8,0.00,SILENT,IDLE-SILENT
59,0,0,0,11,69.7,0.00,SILENT,IDLE-SILENT
59,1,0,0,11,63.0,0.00,SILENT,IDLE-SILENT
59,2,0,0,11,75.1,0.00,SILENT,IDLE-SILENT
59,3,0,0,11,61.2,0.00,SILENT,IDLE-SILENT
59,4,0,0,11,91.7,0.00,SILENT,IDLE-SILENT
60,0,0,0,11,69.6,0.00,SILENT,IDLE-SILENT
60,1,0,0,11,62.9,0.00,SILENT,IDLE-SILENT
60,2,0,0,11,75.0,0.00,SILENT,IDLE-SILENT
60,3,0,0,11,61.1,0.00,SILENT,IDLE-SILENT
60,4,0,0,11,91.6,0.00,SILENT,IDLE-SILENT
61,0,0,0,11,69.5,0.00,SILENT,IDLE-SILENT
61,1,0,0,11,62.8,0.00,SILENT,IDLE-SILENT
61,2,0,0,11,74.9,0.00,SILENT,IDLE-SILENT
61,3,0,0,11,61.0,0.00,SILENT,IDLE-SILENT
61,4,0,0,11,91.5,0.00,SILENT,IDLE-SILENT
62,0,0,0,11,69.4,0.00,SILENT,IDLE-SILENT
62,1,0,0,11,62.7,0.00,SILENT,IDLE-SILENT
62,2,0,0,11,74.8,0.00,SILENT,IDLE-SILENT
62,3,0,0,11,60.9,0.00,SILENT,IDLE-SILENT
62,4,0,0,11,91.4,0.00,SILENT,IDLE-SILENT
63,0,0,0,11,69.3,0.00,SILENT,IDLE-SILENT
63,1,0,0,11,62.6,0.00,SILENT,IDLE-SILENT
63,2,0,0,11,74.7,0.00,SILENT,IDLE-SILENT
63,3,0,0,11,60.8,0.00,SILENT,IDLE-SILENT
63,4,0,0,11,91.3,0.00,SILENT,IDLE-SILENT
64,0,0,0,11,69.2,0.00,SILENT,IDLE-SILENT
64,1,0,0,11,62.5,0.00,SILENT,IDLE-SILENT
64,2,0,0,11,74.6,0.00,SILENT,IDLE-SILENT
64,3,0,0,11,60.7,0.00,SILENT,IDLE-SILENT
64,4,0,0,11,91.2,0.00,SILENT,IDLE-SILENT
65,0,0,0,11,69.1,0.00,SILENT,IDLE-SILENT
65,1,0,0,11,62.4,0.00,SILENT,IDLE-SILENT
65,2,0,0,11,74.5,0.00,SILENT,IDLE-SILENT
65,3,0,0,11,60.6,0.00,SILENT,IDLE-SILENT
65,4,0,0,11,91.1,0.00,SILENT,IDLE-SILENT
66,0,0,0,11,69.0,0.00,SILENT,IDLE-SILENT
66,1,0,0,11,62.3,0.00,SILENT,IDLE-SILENT
66,2,0,0,11,74.4,0.00,SILENT,IDLE-SILENT
66,3,0,0,11,60.5,0.00,SILENT,IDLE-SILENT
66,4,0,0,11,91.0,0.00,SILENT,IDLE-SILENT
67,0,0,0,11,68.9,0.00,SILENT,IDLE-SILENT
67,1,0,0,11,62.2,0.00,SILENT,IDLE-SILENT
67,2,0,0,11,74.3,0.00,SILENT,IDLE-SILENT
67,3,0,0,11,60.4,0.00,SILENT,IDLE-SILENT
67,4,0,0,11,90.9,0.00,SILENT,IDLE-SILENT
68,0,0,0,11,68.8,0.00,SILENT,IDLE-SILENT
68,1,0,0,11,62.1,0.00,SILENT,IDLE-SILENT
68,2,0,0,11,74.2,0.00,SILENT,IDLE-SILENT
68,3,0,0,11,60.3,0.00,SILENT,IDLE-SILENT
68,4,0,0,11,90.8,0.00,SILENT,IDLE-SILENT
69,0,0,0,11,68.7,0.00,SILENT,IDLE-SILENT
69,1,0,0,11,62.0,0.00,SILENT,IDLE-SILENT
69,2,0,0,11,74.1,0.00,SILENT,IDLE-SILENT
69,3,0,0,11,60.2,0.00,SILENT,IDLE-SILENT
69,4,0,0,11,90.7,0.00,SILENT,IDLE-SILENT
70,0,0,0,11,68.6,0.00,SILENT,IDLE-SILENT
70,1,0,0,11,61.9,0.00,SILENT,IDLE-SILENT
70,2,0,0,11,74.0,0.00,SILENT,IDLE-SILENT
70,3,0,0,11,60.1,0.00,SILENT,IDLE-SILENT
70,4,0,0,11,90.6,0.00,SILENT,IDLE-SILENT
71,0,0,0,11,68.5,0.00,SILENT,IDLE-SILENT
71,1,0,0,11,61.8,0.00,SILENT,IDLE-SILENT
71,2,0,0,11,73.9,0.00,SILENT,IDLE-SILENT
71,3,0,0,11,60.0,0.00,SILENT,IDLE-SILENT
71,4,0,0,11,90.5,0.00,SILENT,IDLE-SILENT
72,0,0,0,11,68.4,0.00,SILENT,IDLE-SILENT
72,1,0,0,11,61.7,0.00,SILENT,IDLE-SILENT
72,2,0,0,11,73.8,0.00,SILENT,IDLE-SILENT
72,3,0,0,11,59.9,0.00,SILENT,IDLE-SILENT
72,4,0,0,11,90.4,0.00,SILENT,IDLE-SILENT
73,0,0,0,11,68.3,0.00,SILENT,IDLE-SILENT
73,1,0,0,11,61.6,0.00,SILENT,IDLE-SILENT
73,2,0,0,11,73.7,0.00,SILENT,IDLE-SILENT
73,3,0,0,11,59.8,0.00,SILENT,IDLE-SILENT
73,4,0,0,11,90.3,0.00,SILENT,IDLE-SILENT
74,0,0,0,11,68.2,0.00,SILENT,IDLE-SILENT
74,1,0,0,11,61.5,0.00,SILENT,IDLE-SILENT
74,2,0,0,11,73.6,0.00,SILENT,IDLE-SILENT
74,3,0,0,11,59.7,0.00,SILENT,IDLE-SILENT
74,4,0,0,11,90.2,0.00,SILENT,IDLE-SILENT
75,0,0,0,11,68.1,0.00,SILENT,IDLE-SILENT
75,1,0,0,11,61.4,0.00,SILENT,IDLE-SILENT
75,2,0,0,11,73.5,0.00,SILENT,IDLE-SILENT
75,3,0,0,11,59.6,0.00,SILENT,IDLE-SILENT
75,4,0,0,11,90.1,0.00,SILENT,IDLE-SILENT
76,0,0,0,11,68.0,0.00,SILENT,IDLE-SILENT
76,1,0,0,11,61.3,0.00,SILENT,IDLE-SILENT
76,2,0,0,11,73.4,0.00,SILENT,IDLE-SILENT
76,3,0,0,11,59.5,0.00,SILENT,IDLE-SILENT
76,4,0,0,11,90.0,0.00,SILENT,IDLE-SILENT
77,0,0,0,11,67.9,0.00,SILENT,IDLE-SILENT
77,1,0,0,11,61.2,0.00,SILENT,IDLE-SILENT
77,2,0,0,11,73.3,0.00,SILENT,IDLE-SILENT
77,3,0,0,11,59.4,0.00,SILENT,IDLE-SILENT
77,4,0,0,11,89.9,0.00,SILENT,IDLE-SILENT
78,0,0,0,11,67.8,0.00,SILENT,IDLE-SILENT
78,1,0,0,11,61.1,0.00,SILENT,IDLE-SILENT
78,2,0,0,11,73.2,0.00,SILENT,IDLE-SILENT
78,3,0,0,11,59.3,0.00,SILENT,IDLE-SILENT
78,4,0,0,11,89.8,0.00,SILENT,IDLE-SILENT
79,0,0,0,11,67.7,0.00,SILENT,IDLE-SILENT
79,1,0,0,11,61.0,0.00,SILENT,IDLE-SILENT
79,2,0,0,11,73.1,0.00,SILENT,IDLE-SILENT
79,3,0,0,11,59.2,0.00,SILENT,IDLE-SILENT
79,4,0,0,11,89.7,0.00,SILENT,IDLE-SILENT
80,0,0,0,11,67.6,0.00,SILENT,IDLE-SILENT
80,1,0,0,11,60.9,0.00,SILENT,IDLE-SILENT
80,2,0,0,11,73.0,0.00,SILENT,IDLE-SILENT
80,3,0,0,11,59.1,0.00,SILENT,IDLE-SILENT
80,4,0,0,11,89.6,0.00,SILENT,IDLE-SILENT
81,0,0,0,11,67.5,0.00,SILENT,IDLE-SILENT
81,1,0,0,11,60.8,0.00,SILENT,IDLE-SILENT
81,2,0,0,11,72.9,0.00,SILENT,IDLE-SILENT
81,3,0,0,11,59.0,0.00,SILENT,IDLE-SILENT
81,4,0,0,11,89.5,0.00,SILENT,IDLE-SILENT
82,0,0,0,11,67.4,0.00,SILENT,IDLE-SILENT
82,1,0,0,11,60.7,0.00,SILENT,IDLE-SILENT
82,2,0,0,11,72.8,0.00,SILENT,IDLE-SILENT
82,3,0,0,11,58.9,0.00,SILENT,IDLE-SILENT
82,4,0,0,11,89.4,0.00,SILENT,IDLE-SILENT
83,0,0,0,11,67.3,0.00,SILENT,IDLE-SILENT
83,1,0,0,11,60.6,0.00,SILENT,IDLE-SILENT
83,2,0,0,11,72.7,0.00,SILENT,IDLE-SILENT
83,3,0,0,11,58.8,0.00,SILENT,IDLE-SILENT
83,4,0,0,11,89.3,0.00,SILENT,IDLE-SILENT
84,0,0,0,11,67.2,0.00,SILENT,IDLE-SILENT
84,1,0,0,11,60.5,0.00,SILENT,IDLE-SILENT
84,2,0,0,11,72.6,0.00,SILENT,IDLE-SILENT
84,3,0,0,11,58.7,0.00,SILENT,IDLE-SILENT
84,4,0,0,11,89.2,0.00,SILENT,IDLE-SILENT
85,0,0,0,11,67.1,0.00,SILENT,IDLE-SILENT
85,1,0,0,11,60.4,0.00,SILENT,IDLE-SILENT
85,2,0,0,11,72.5,0.00,SILENT,IDLE-SILENT
85,3,0,0,11,58.6,0.00,SILENT,IDLE-SILENT
85,4,0,0,11,89.1,0.00,SILENT,IDLE-SILENT
86,0,0,0,11,67.0,0.00,SILENT,IDLE-SILENT
86,1,0,0,11,60.3,0.00,SILENT,IDLE-SILENT
86,2,0,0,11,72.4,0.00,SILENT,IDLE-SILENT
86,3,0,0,11,58.5,0.00,SILENT,IDLE-SILENT
86,4,0,0,11,89.0,0.00,SILENT,IDLE-SILENT
87,0,0,0,11,66.9,0.00,SILENT,IDLE-SILENT
87,1,0,0,11,60.2,0.00,SILENT,IDLE-SILENT
87,2,0,0,11,72.3,0.00,SILENT,IDLE-SILENT
87,3,0,0,11,58.4,0.00,SILENT,IDLE-SILENT
87,4,0,0,11,88.9,0.00,SILENT,IDLE-SILENT
88,0,0,0,11,66.8,0.00,SILENT,IDLE-SILENT
88,1,0,0,11,60.1,0.00,SILENT,IDLE-SILENT
88,2,0,0,11,72.2,0.00,SILENT,IDLE-SILENT
88,3,0,0,11,58.3,0.00,SILENT,IDLE-SILENT
88,4,0,0,11,88.8,0.00,SILENT,IDLE-SILENT
89,0,0,0,11,66.7,0.00,SILENT,IDLE-SILENT
89,1,0,0,11,60.0,0.00,SILENT,IDLE-SILENT
89,2,0,0,11,72.1,0.00,SILENT,IDLE-SILENT
89,3,0,0,11,58.2,0.00,SILENT,IDLE-SILENT
89,4,0,0,11,88.7,0.00,SILENT,IDLE-SILENT
90,0,0,0,11,66.6,0.00,SILENT,IDLE-SILENT
90,1,0,0,11,59.9,0.00,SILENT,IDLE-SILENT
90,2,0,0,11,72.0,0.00,SILENT,IDLE-SILENT
90,3,0,0,11,58.1,0.00,SILENT,IDLE-SILENT
90,4,0,0,11,88.6,0.00,SILENT,IDLE-SILENT
91,0,0,0,11,66.5,0.00,SILENT,IDLE-SILENT
91,1,0,0,11,59.8,0.00,SILENT,IDLE-SILENT
91,2,0,0,11,71.9,0.00,SILENT,IDLE-SILENT
91,3,0,0,11,58.0,0.00,SILENT,IDLE-SILENT
91,4,0,0,11,88.5,0.00,SILENT,IDLE-SILENT
92,0,0,0,11,66.4,0.00,SILENT,IDLE-SILENT
92,1,0,0,11,59.7,0.00,SILENT,IDLE-SILENT
92,2,0,0,11,71.8,0.00,SILENT,IDLE-SILENT
92,3,0,0,11,57.9,0.00,SILENT,IDLE-SILENT
92,4,0,0,11,88.4,0.00,SILENT,IDLE-SILENT
93,0,0,0,11,66.3,0.00,SILENT,IDLE-SILENT
93,1,0,0,11,59.6,0.00,SILENT,IDLE-SILENT
93,2,0,0,11,71.7,0.00,SILENT,IDLE-SILENT
93,3,0,0,11,57.8,0.00,SILENT,IDLE-SILENT
93,4,0,0,11,88.3,0.00,SILENT,IDLE-SILENT
94,0,0,0,11,66.2,0.00,SILENT,IDLE-SILENT
94,1,0,0,11,59.5,0.00,SILENT,IDLE-SILENT
94,2,0,0,11,71.6,0.00,SILENT,IDLE-SILENT
94,3,0,0,11,57.7,0.00,SILENT,IDLE-SILENT
94,4,0,0,11,88.2,0.00,SILENT,IDLE-SILENT
95,0,0,0,11,66.1,0.00,SILENT,IDLE-SILENT
95,1,0,0,11,59.4,0.00,SILENT,IDLE-SILENT
95,2,0,0,11,71.5,0.00,SILENT,IDLE-SILENT
95,3,0,0,11,57.6,0.00,SILENT,IDLE-SILENT
95,4,0,0,11,88.1,0.00,SILENT,IDLE-SILENT
96,0,0,0,11,66.0,0.00,SILENT,IDLE-SILENT
96,1,0,0,11,59.3,0.00,SILENT,IDLE-SILENT
96,2,0,0,11,71.4,0.00,SILENT,IDLE-SILENT
96,3,0,0,11,57.5,0.00,SILENT,IDLE-SILENT
96,4,0,0,11,88.0,0.00,SILENT,IDLE-SILENT
97,0,0,0,11,65.9,0.00,SILENT,IDLE-SILENT
97,1,0,0,11,59.2,0.00,SILENT,IDLE-SILENT
97,2,0,0,11,71.3,0.00,SILENT,IDLE-SILENT
97,3,0,0,11,57.4,0.00,SILENT,IDLE-SILENT
97,4,0,0,11,87.9,0.00,SILENT,IDLE-SILENT
98,0,0,0,11,65.8,0.00,SILENT,IDLE-SILENT
98,1,0,0,11,59.1,0.00,SILENT,IDLE-SILENT
98,2,0,0,11,71.2,0.00,SILENT,IDLE-SILENT
98,3,0,0,11,57.3,0.00,SILENT,IDLE-SILENT
98,4,0,0,11,87.8,0.00,SILENT,IDLE-SILENT
99,0,0,0,11,65.7,0.00,SILENT,IDLE-SILENT
99,1,0,0,11,59.0,0.00,SILENT,IDLE-SILENT
99,2,0,0,11,71.1,0.00,SILENT,IDLE-SILENT
99,3,0,0,11,57.2,0.00,SILENT,IDLE-SILENT
99,4,0,0,11,87.7,0.00,SILENT,IDLE-SILENT
100,0,0,0,11,65.6,0.00,SILENT,IDLE-SILENT
100,1,0,0,11,58.9,0.00,SILENT,IDLE-SILENT
100,2,0,0,11,71.0,0.00,SILENT,IDLE-SILENT
100,3,0,0,11,57.1,0.00,SILENT,IDLE-SILENT
100,4,0,0,11,87.6,0.00,SILENT,IDLE-SILENT
101,0,0,0,11,65.5,0.00,SILENT,IDLE-SILENT
101,1,0,0,11,58.8,0.00,SILENT,IDLE-SILENT
101,2,0,0,11,70.9,0.00,SILENT,IDLE-SILENT
101,3,0,0,11,57.0,0.00,SILENT,IDLE-SILENT
101,4,0,0,11,87.5,0.00,SILENT,IDLE-SILENT
102,0,0,0,11,65.4,0.00,SILENT,IDLE-SILENT
102,1,0,0,11,58.7,0.00,SILENT,IDLE-SILENT
102,2,0,0,11,70.8,0.00,SILENT,IDLE-SILENT
102,3,0,0,11,56.9,0.00,SILENT,IDLE-SILENT
102,4,0,0,11,87.4,0.00,SILENT,IDLE-SILENT
103,0,0,0,11,65.3,0.00,SILENT,IDLE-SILENT
103,1,0,0,11,58.6,0.00,SILENT,IDLE-SILENT
103,2,0,0,11,70.7,0.00,SILENT,IDLE-SILENT
103,3,0,0,11,56.8,0.00,SILENT,IDLE-SILENT
103,4,0,0,11,87.3,0.00,SILENT,IDLE-SILENT
104,0,0,0,11,65.2,0.00,SILENT,IDLE-SILENT
104,1,0,0,11,58.5,0.00,SILENT,IDLE-SILENT
104,2,0,0,11,70.6,0.00,SILENT,IDLE-SILENT
104,3,0,0,11,56.7,0.00,SILENT,IDLE-SILENT
104,4,0,0,11,87.2,0.00,SILENT,IDLE-SILENT
105,0,0,0,11,65.1,0.00,SILENT,IDLE-SILENT
105,1,0,0,11,58.4,0.00,SILENT,IDLE-SILENT
105,2,0,0,11,70.5,0.00,SILENT,IDLE-SILENT
105,3,0,0,11,56.6,0.00,SILENT,IDLE-SILENT
105,4,0,0,11,87.1,0.00,SILENT,IDLE-SILENT
106,0,0,0,11,65.0,0.00,SILENT,IDLE-SILENT
106,1,0,0,11,58.3,0.00,SILENT,IDLE-SILENT
106,2,0,0,11,70.4,0.00,SILENT,IDLE-SILENT
106,3,0,0,11,56.5,0.00,SILENT,IDLE-SILENT
106,4,0,0,11,87.0,0.00,SILENT,IDLE-SILENT
107,0,0,0,11,64.9,0.00,SILENT,IDLE-SILENT
107,1,0,0,11,58.2,0.00,SILENT,IDLE-SILENT
107,2,0,0,11,70.3,0.00,SILENT,IDLE-SILENT
107,3,0,0,11,56.4,0.00,SILENT,IDLE-SILENT
107,4,0,0,11,86.9,0.00,SILENT,IDLE-SILENT
108,0,0,0,11,64.8,0.00,SILENT,IDLE-SILENT
108,1,0,0,11,58.1,0.00,SILENT,IDLE-SILENT
108,2,0,0,11,70.2,0.00,SILENT,IDLE-SILENT
108,3,0,0,11,56.3,0.00,SILENT,IDLE-SILENT
108,4,0,0,11,86.8,0.00,SILENT,IDLE-SILENT
109,0,0,0,11,64.7,0.00,SILENT,IDLE-SILENT
109,1,0,0,11,58.0,0.00,SILENT,IDLE-SILENT
109,2,0,0,11,70.1,0.00,SILENT,IDLE-SILENT
109,3,0,0,11,56.2,0.00,SILENT,IDLE-SILENT
109,4,0,0,11,86.7,0.00,SILENT,IDLE-SILENT
110,0,0,0,11,64.6,0.00,SILENT,IDLE-SILENT
110,1,0,0,11,57.9,0.00,SILENT,IDLE-SILENT
110,2,0,0,11,70.0,0.00,SILENT,IDLE-SILENT
110,3,0,0,11,56.1,0.00,SILENT,IDLE-SILENT
110,4,0,0,11,86.6,0.00,SILENT,IDLE-SILENT
111,0,0,0,11,64.5,0.00,SILENT,IDLE-SILENT
111,1,0,0,11,57.8,0.00,SILENT,IDLE-SILENT
111,2,0,0,11,69.9,0.00,SILENT,IDLE-SILENT
111,3,0,0,11,56.0,0.00,SILENT,IDLE-SILENT
111,4,0,0,11,86.5,0.00,SILENT,IDLE-SILENT
112,0,0,0,11,64.4,0.00,SILENT,IDLE-SILENT
112,1,0,0,11,57.7,0.00,SILENT,IDLE-SILENT
112,2,0,0,11,69.8,0.00,SILENT,IDLE-SILENT
112,3,0,0,11,55.9,0.00,SILENT,IDLE-SILENT
112,4,0,0,11,86.4,0.00,SILENT,IDLE-SILENT
113,0,0,0,11,64.3,0.00,SILENT,IDLE-SILENT
113,1,0,0,11,57.6,0.00,SILENT,IDLE-SILENT
113,2,0,0,11,69.7,0.00,SILENT,IDLE-SILENT
113,3,0,0,11,55.8,0.00,SILENT,IDLE-SILENT
113,4,0,0,11,86.3,0.00,SILENT,IDLE-SILENT
114,0,0,0,11,64.2,0.00,SILENT,IDLE-SILENT
114,1,0,0,11,57.5,0.00,SILENT,IDLE-SILENT
114,2,0,0,11,69.6,0.00,SILENT,IDLE-SILENT
114,3,0,0,11,55.7,0.00,SILENT,IDLE-SILENT
114,4,0,0,11,86.2,0.00,SILENT,IDLE-SILENT
115,0,0,0,11,64.1,0.00,SILENT,IDLE-SILENT
115,1,0,0,11,57.4,0.00,SILENT,IDLE-SILENT
115,2,0,0,11,69.5,0.00,SILENT,IDLE-SILENT
115,3,0,0,11,55.6,0.00,SILENT,IDLE-SILENT
115,4,0,0,11,86.1,0.00,SILENT,IDLE-SILENT
116,0,0,0,11,64.0,0.00,SILENT,IDLE-SILENT
116,1,0,0,11,57.3,0.00,SILENT,IDLE-SILENT
116,2,0,0,11,69.4,0.00,SILENT,IDLE-SILENT
116,3,0,0,11,55.5,0.00,SILENT,IDLE-SILENT
116,4,0,0,11,86.0,0.00,SILENT,IDLE-SILENT
117,0,0,0,11,63.9,0.00,SILENT,IDLE-SILENT
117,1,0,0,11,57.2,0.00,SILENT,IDLE-SILENT
117,2,0,0,11,69.3,0.00,SILENT,IDLE-SILENT
117,3,0,0,11,55.4,0.00,SILENT,IDLE-SILENT
117,4,0,0,11,85.9,0.00,SILENT,IDLE-SILENT
118,0,0,0,11,63.8,0.00,SILENT,IDLE-SILENT
118,1,0,0,11,57.1,0.00,SILENT,IDLE-SILENT
118,2,0,0,11,69.2,0.00,SILENT,IDLE-SILENT
118,3,0,0,11,55.3,0.00,SILENT,IDLE-SILENT
118,4,0,0,11,85.8,0.00,SILENT,IDLE-SILENT
119,0,0,0,11,63.7,0.00,SILENT,IDLE-SILENT
119,1,0,0,11,57.0,0.00,SILENT,IDLE-SILENT
119,2,0,0,11,69.1,0.00,SILENT,IDLE-SILENT
119,3,0,0,11,55.2,0.00,SILENT,IDLE-SILENT
119,4,0,0,11,85.7,0.00,SILENT,IDLE-SILENT
120,0,0,0,11,63.6,0.00,SILENT,IDLE-SILENT
120,1,0,0,11,56.9,0.00,SILENT,IDLE-SILENT
120,2,0,0,11,69.0,0.00,SILENT,IDLE-SILENT
120,3,0,0,11,55.1,0.00,SILENT,IDLE-SILENT
120,4,0,0,11,85.6,0.00,SILENT,IDLE-SILENT
121,0,0,0,11,63.5,0.00,SILENT,IDLE-SILENT
121,1,0,0,11,56.8,0.00,SILENT,IDLE-SILENT
121,2,0,0,11,68.9,0.00,SILENT,IDLE-SILENT
121,3,0,0,11,55.0,0.00,SILENT,IDLE-SILENT
121,4,0,0,11,85.5,0.00,SILENT,IDLE-SILENT
122,0,0,0,11,63.4,0.00,SILENT,IDLE-SILENT
122,1,0,0,11,56.7,0.00,SILENT,IDLE-SILENT
122,2,0,0,11,68.8,0.00,SILENT,IDLE-SILENT
122,3,0,0,11,54.9,0.00,SILENT,IDLE-SILENT
122,4,0,0,11,85.4,0.00,SILENT,IDLE-SILENT
123,0,0,0,11,63.3,0.00,SILENT,IDLE-SILENT
123,1,0,0,11,56.6,0.00,SILENT,IDLE-SILENT
123,2,0,0,11,68.7,0.00,SILENT,IDLE-SILENT
123,3,0,0,11,54.8,0.00,SILENT,IDLE-SILENT
123,4,0,0,11,85.3,0.00,SILENT,IDLE-SILENT
124,0,0,0,11,63.2,0.00,SILENT,IDLE-SILENT
124,1,0,0,11,56.5,0.00,SILENT,IDLE-SILENT
124,2,0,0,11,68.6,0.00,SILENT,IDLE-SILENT
124,3,0,0,11,54.7,0.00,SILENT,IDLE-SILENT
124,4,0,0,11,85.2,0.00,SILENT,IDLE-SILENT
125,0,0,0,11,63.1,0.00,SILENT,IDLE-SILENT
125,1,0,0,11,56.4,0.00,SILENT,IDLE-SILENT
125,2,0,0,11,68.5,0.00,SILENT,IDLE-SILENT
125,3,0,0,11,54.6,0.00,SILENT,IDLE-SILENT
125,4,0,0,11,85.1,0.00,SILENT,IDLE-SILENT
126,0,0,0,11,63.0,0.00,SILENT,IDLE-SILENT
126,1,0,0,11,56.3,0.00,SILENT,IDLE-SILENT
126,2,0,0,11,68.4,0.00,SILENT,IDLE-SILENT
126,3,0,0,11,54.5,0.00,SILENT,IDLE-SILENT
126,4,0,0,11,85.0,0.00,SILENT,IDLE-SILENT
127,0,0,0,11,62.9,0.00,SILENT,IDLE-SILENT
127,1,0,0,11,56.2,0.00,SILENT,IDLE-SILENT
127,2,0,0,11,68.3,0.00,SILENT,IDLE-SILENT
127,3,0,0,11,54.4,0.00,SILENT,IDLE-SILENT
127,4,0,0,11,84.9,0.00,SILENT,IDLE-SILENT
128,0,0,0,11,62.8,0.00,SILENT,IDLE-SILENT
128,1,0,0,11,56.1,0.00,SILENT,IDLE-SILENT
128,2,0,0,11,68.2,0.00,SILENT,IDLE-SILENT
128,3,0,0,11,54.3,0.00,SILENT,IDLE-SILENT
128,4,0,0,11,84.8,0.00,SILENT,IDLE-SILENT
129,0,0,0,11,62.7,0.00,SILENT,IDLE-SILENT
129,1,0,0,11,56.0,0.00,SILENT,IDLE-SILENT
129,2,0,0,11,68.1,0.00,SILENT,IDLE-SILENT
129,3,0,0,11,54.2,0.00,SILENT,IDLE-SILENT
129,4,0,0,11,84.7,0.00,SILENT,IDLE-SILENT
130,0,0,0,11,62.6,0.00,SILENT,IDLE-SILENT
130,1,0,0,11,55.9,0.00,SILENT,IDLE-SILENT
130,2,0,0,11,68.0,0.00,SILENT,IDLE-SILENT
130,3,0,0,11,54.1,0.00,SILENT,IDLE-SILENT
130,4,0,0,11,84.6,0.00,SILENT,IDLE-SILENT
131,0,0,0,11,62.5,0.00,SILENT,IDLE-SILENT
131,1,0,0,11,55.8,0.00,SILENT,IDLE-SILENT
131,2,0,0,11,67.9,0.00,SILENT,IDLE-SILENT
131,3,0,0,11,54.0,0.00,SILENT,IDLE-SILENT
131,4,0,0,11,84.5,0.00,SILENT,IDLE-SILENT
132,0,0,0,11,62.4,0.00,SILENT,IDLE-SILENT
132,1,0,0,11,55.7,0.00,SILENT,IDLE-SILENT
132,2,0,0,11,67.8,0.00,SILENT,IDLE-SILENT
132,3,0,0,11,53.9,0.00,SILENT,IDLE-SILENT
132,4,0,0,11,84.4,0.00,SILENT,IDLE-SILENT
133,0,0,0,11,62.3,0.00,SILENT,IDLE-SILENT
133,1,0,0,11,55.6,0.00,SILENT,IDLE-SILENT
133,2,0,0,11,67.7,0.00,SILENT,IDLE-SILENT
133,3,0,0,11,53.8,0.00,SILENT,IDLE-SILENT
133,4,0,0,11,84.3,0.00,SILENT,IDLE-SILENT
134,0,0,0,11,62.2,0.00,SILENT,IDLE-SILENT
134,1,0,0,11,55.5,0.00,SILENT,IDLE-SILENT
134,2,0,0,11,67.6,0.00,SILENT,IDLE-SILENT
134,3,0,0,11,53.7,0.00,SILENT,IDLE-SILENT
134,4,0,0,11,84.2,0.00,SILENT,IDLE-SILENT
135,0,0,0,11,62.1,0.00,SILENT,IDLE-SILENT
135,1,0,0,11,55.4,0.00,SILENT,IDLE-SILENT
135,2,0,0,11,67.5,0.00,SILENT,IDLE-SILENT
135,3,0,0,11,53.6,0.00,SILENT,IDLE-SILENT
135,4,0,0,11,84.1,0.00,SILENT,IDLE-SILENT
136,0,0,0,11,62.0,0.00,SILENT,IDLE-SILENT
136,1,0,0,11,55.3,0.00,SILENT,IDLE-SILENT
136,2,0,0,11,67.4,0.00,SILENT,IDLE-SILENT
136,3,0,0,11,53.5,0.00,SILENT,IDLE-SILENT
136,4,0,0,11,84.0,0.00,SILENT,IDLE-SILENT
137,0,0,0,11,61.9,0.00,SILENT,IDLE-SILENT
137,1,0,0,11,55.2,0.00,SILENT,IDLE-SILENT
137,2,0,0,11,67.3,0.00,SILENT,IDLE-SILENT
137,3,0,0,11,53.4,0.00,SILENT,IDLE-SILENT
137,4,0,0,11,83.9,0.00,SILENT,IDLE-SILENT
138,0,0,0,11,61.8,0.00,SILENT,IDLE-SILENT
138,1,0,0,11,55.1,0.00,SILENT,IDLE-SILENT
138,2,0,0,11,67.2,0.00,SILENT,IDLE-SILENT
138,3,0,0,11,53.3,0.00,SILENT,IDLE-SILENT
138,4,0,0,11,83.8,0.00,SILENT,IDLE-SILENT
139,0,0,0,11,61.7,0.00,SILENT,IDLE-SILENT
139,1,0,0,11,55.0,0.00,SILENT,IDLE-SILENT
139,2,0,0,11,67.1,0.00,SILENT,IDLE-SILENT
139,3,0,0,11,53.2,0.00,SILENT,IDLE-SILENT
139,4,0,0,11,83.7,0.00,SILENT,IDLE-SILENT
140,0,0,0,11,61.6,0.00,SILENT,IDLE-SILENT
140,1,0,0,11,54.9,0.00,SILENT,IDLE-SILENT
140,2,0,0,11,67.0,0.00,SILENT,IDLE-SILENT
140,3,0,0,11,53.1,0.00,SILENT,IDLE-SILENT
140,4,0,0,11,83.6,0.00,SILENT,IDLE-SILENT
141,0,0,0,11,61.5,0.00,SILENT,IDLE-SILENT
141,1,0,0,11,54.8,0.00,SILENT,IDLE-SILENT
141,2,0,0,11,66.9,0.00,SILENT,IDLE-SILENT
141,3,0,0,11,53.0,0.00,SILENT,IDLE-SILENT
141,4,0,0,11,83.5,0.00,SILENT,IDLE-SILENT
142,0,0,0,11,61.4,0.00,SILENT,IDLE-SILENT
142,1,0,0,11,54.7,0.00,SILENT,IDLE-SILENT
142,2,0,0,11,66.8,0.00,SILENT,IDLE-SILENT
142,3,0,0,11,52.9,0.00,SILENT,IDLE-SILENT
142,4,0,0,11,83.4,0.00,SILENT,IDLE-SILENT
143,0,0,0,11,61.3,0.00,SILENT,IDLE-SILENT
143,1,0,0,11,54.6,0.00,SILENT,IDLE-SILENT
143,2,0,0,11,66.7,0.00,SILENT,IDLE-SILENT
143,3,0,0,11,52.8,0.00,SILENT,IDLE-SILENT
143,4,0,0,11,83.3,0.00,SILENT,IDLE-SILENT
144,0,0,0,11,61.2,0.00,SILENT,IDLE-SILENT
144,1,0,0,11,54.5,0.00,SILENT,IDLE-SILENT
144,2,0,0,11,66.6,0.00,SILENT,IDLE-SILENT
144,3,0,0,11,52.7,0.00,SILENT,IDLE-SILENT
144,4,0,0,11,83.2,0.00,SILENT,IDLE-SILENT
145,0,0,0,11,61.1,0.00,SILENT,IDLE-SILENT
145,1,0,0,11,54.4,0.00,SILENT,IDLE-SILENT
145,2,0,0,11,66.5,0.00,SILENT,IDLE-SILENT
145,3,0,0,11,52.6,0.00,SILENT,IDLE-SILENT
145,4,0,0,11,83.1,0.00,SILENT,IDLE-SILENT
146,0,0,0,11,61.0,0.00,SILENT,IDLE-SILENT
146,1,0,0,11,54.3,0.00,SILENT,IDLE-SILENT
146,2,0,0,11,66.4,0.00,SILENT,IDLE-SILENT
146,3,0,0,11,52.5,0.00,SILENT,IDLE-SILENT
146,4,0,0,11,83.0,0.00,SILENT,IDLE-SILENT
147,0,0,0,11,60.9,0.00,SILENT,IDLE-SILENT
147,1,0,0,11,54.2,0.00,SILENT,IDLE-SILENT
147,2,0,0,11,66.3,0.00,SILENT,IDLE-SILENT
147,3,0,0,11,52.4,0.00,SILENT,IDLE-SILENT
147,4,0,0,11,82.9,0.00,SILENT,IDLE-SILENT
148,0,0,0,11,60.8,0.00,SILENT,IDLE-SILENT
148,1,0,0,11,54.1,0.00,SILENT,IDLE-SILENT
148,2,0,0,11,66.2,0.00,SILENT,IDLE-SILENT
148,3,0,0,11,52.3,0.00,SILENT,IDLE-SILENT
148,4,0,0,11,82.8,0.00,SILENT,IDLE-SILENT
149,0,0,0,11,60.7,0.00,SILENT,IDLE-SILENT
149,1,0,0,11,54.0,0.00,SILENT,IDLE-SILENT
149,2,0,0,11,66.1,0.00,SILENT,IDLE-SILENT
149,3,0,0,11,52.2,0.00,SILENT,IDLE-SILENT
149,4,0,0,11,82.7,0.00,SILENT,IDLE-SILENT
150,0,0,0,11,60.6,0.00,SILENT,IDLE-SILENT
150,1,0,0,11,53.9,0.00,SILENT,IDLE-SILENT
150,2,0,0,11,66.0,0.00,SILENT,IDLE-SILENT
150,3,0,0,11,52.1,0.00,SILENT,IDLE-SILENT
150,4,0,0,11,82.6,0.00,SILENT,IDLE-SILENT
151,0,0,0,11,60.5,0.00,SILENT,IDLE-SILENT
151,1,0,0,11,53.8,0.00,SILENT,IDLE-SILENT
151,2,0,0,11,65.9,0.00,SILENT,IDLE-SILENT
151,3,0,0,11,52.0,0.00,SILENT,IDLE-SILENT
151,4,0,0,11,82.5,0.00,SILENT,IDLE-SILENT
152,0,0,0,11,60.4,0.00,SILENT,IDLE-SILENT
152,1,0,0,11,53.7,0.00,SILENT,IDLE-SILENT
152,2,0,0,11,65.8,0.00,SILENT,IDLE-SILENT
152,3,0,0,11,51.9,0.00,SILENT,IDLE-SILENT
152,4,0,0,11,82.4,0.00,SILENT,IDLE-SILENT
153,0,0,0,11,60.3,0.00,SILENT,IDLE-SILENT
153,1,0,0,11,53.6,0.00,SILENT,IDLE-SILENT
153,2,0,0,11,65.7,0.00,SILENT,IDLE-SILENT
153,3,0,0,11,51.8,0.00,SILENT,IDLE-SILENT
153,4,0,0,11,82.3,0.00,SILENT,IDLE-SILENT
154,0,0,0,11,60.2,0.00,SILENT,IDLE-SILENT
154,1,0,0,11,53.5,0.00,SILENT,IDLE-SILENT
154,2,0,0,11,65.6,0.00,SILENT,IDLE-SILENT
154,3,0,0,11,51.7,0.00,SILENT,IDLE-SILENT
154,4,0,0,11,82.2,0.00,SILENT,IDLE-SILENT
155,0,0,0,11,60.1,0.00,SILENT,IDLE-SILENT
155,1,0,0,11,53.4,0.00,SILENT,IDLE-SILENT
155,2,0,0,11,65.5,0.00,SILENT,IDLE-SILENT
155,3,0,0,11,51.6,0.00,SILENT,IDLE-SILENT
155,4,0,0,11,82.1,0.00,SILENT,IDLE-SILENT
156,0,0,0,11,60.0,0.00,SILENT,IDLE-SILENT
156,1,0,0,11,53.3,0.00,SILENT,IDLE-SILENT
156,2,0,0,11,65.4,0.00,SILENT,IDLE-SILENT
156,3,0,0,11,51.5,0.00,SILENT,IDLE-SILENT
156,4,0,0,11,82.0,0.00,SILENT,IDLE-SILENT
157,0,0,0,11,59.9,0.00,SILENT,IDLE-SILENT
157,1,0,0,11,53.2,0.00,SILENT,IDLE-SILENT
157,2,0,0,11,65.3,0.00,SILENT,IDLE-SILENT
157,3,0,0,11,51.4,0.00,SILENT,IDLE-SILENT
157,4,0,0,11,81.9,0.00,SILENT,IDLE-SILENT
158,0,0,0,11,59.8,0.00,SILENT,IDLE-SILENT
158,1,0,0,11,53.1,0.00,SILENT,IDLE-SILENT
158,2,0,0,11,65.2,0.00,SILENT,IDLE-SILENT
158,3,0,0,11,51.3,0.00,SILENT,IDLE-SILENT
158,4,0,0,11,81.8,0.00,SILENT,IDLE-SILENT
159,0,0,0,11,59.7,0.00,SILENT,IDLE-SILENT
159,1,0,0,11,53.0,0.00,SILENT,IDLE-SILENT
159,2,0,0,11,65.1,0.00,SILENT,IDLE-SILENT
159,3,0,0,11,51.2,0.00,SILENT,IDLE-SILENT
159,4,0,0,11,81.7,0.00,SILENT,IDLE-SILENT
160,0,0,0,11,59.6,0.00,SILENT,IDLE-SILENT
160,1,0,0,11,52.9,0.00,SILENT,IDLE-SILENT
160,2,0,0,11,65.0,0.00,SILENT,IDLE-SILENT
160,3,0,0,11,51.1,0.00,SILENT,IDLE-SILENT
160,4,0,0,11,81.6,0.00,SILENT,IDLE-SILENT
161,0,0,0,11,59.5,0.00,SILENT,IDLE-SILENT
161,1,0,0,11,52.8,0.00,SILENT,IDLE-SILENT
161,2,0,0,11,64.9,0.00,SILENT,IDLE-SILENT
161,3,0,0,11,51.0,0.00,SILENT,IDLE-SILENT
161,4,0,0,11,81.5,0.00,SILENT,IDLE-SILENT
162,0,0,0,11,59.4,0.00,SILENT,IDLE-SILENT
162,1,0,0,11,52.7,0.00,SILENT,IDLE-SILENT
162,2,0,0,11,64.8,0.00,SILENT,IDLE-SILENT
162,3,0,0,11,50.9,0.00,SILENT,IDLE-SILENT
162,4,0,0,11,81.4,0.00,SILENT,IDLE-SILENT
163,0,0,0,11,59.3,0.00,SILENT,IDLE-SILENT
163,1,0,0,11,52.6,0.00,SILENT,IDLE-SILENT
163,2,0,0,11,64.7,0.00,SILENT,IDLE-SILENT
163,3,0,0,11,50.8,0.00,SILENT,IDLE-SILENT
163,4,0,0,11,81.3,0.00,SILENT,IDLE-SILENT
164,0,0,0,11,59.2,0.00,SILENT,IDLE-SILENT
164,1,0,0,11,52.5,0.00,SILENT,IDLE-SILENT
164,2,0,0,11,64.6,0.00,SILENT,IDLE-SILENT
164,3,0,0,11,50.7,0.00,SILENT,IDLE-SILENT
164,4,0,0,11,81.2,0.00,SILENT,IDLE-SILENT
165,0,0,0,11,59.1,0.00,SILENT,IDLE-SILENT
165,1,0,0,11,52.4,0.00,SILENT,IDLE-SILENT
165,2,0,0,11,64.5,0.00,SILENT,IDLE-SILENT
165,3,0,0,11,50.6,0.00,SILENT,IDLE-SILENT
165,4,0,0,11,81.1,0.00,SILENT,IDLE-SILENT
166,0,0,0,11,59.0,0.00,SILENT,IDLE-SILENT
166,1,0,0,11,52.3,0.00,SILENT,IDLE-SILENT
166,2,0,0,11,64.4,0.00,SILENT,IDLE-SILENT
166,3,0,0,11,50.5,0.00,SILENT,IDLE-SILENT
166,4,0,0,11,81.0,0.00,SILENT,IDLE-SILENT
167,0,0,0,11,58.9,0.00,SILENT,IDLE-SILENT
167,1,0,0,11,52.2,0.00,SILENT,IDLE-SILENT
167,2,0,0,11,64.3,0.00,SILENT,IDLE-SILENT
167,3,0,0,11,50.4,0.00,SILENT,IDLE-SILENT
167,4,0,0,11,80.9,0.00,SILENT,IDLE-SILENT
168,0,0,0,11,58.8,0.00,SILENT,IDLE-SILENT
168,1,0,0,11,52.1,0.00,SILENT,IDLE-SILENT
168,2,0,0,11,64.2,0.00,SILENT,IDLE-SILENT
168,3,0,0,11,50.3,0.00,SILENT,IDLE-SILENT
168,4,0,0,11,80.8,0.00,SILENT,IDLE-SILENT
169,0,0,0,11,58.7,0.00,SILENT,IDLE-SILENT
169,1,0,0,11,52.0,0.00,SILENT,IDLE-SILENT
169,2,0,0,11,64.1,0.00,SILENT,IDLE-SILENT
169,3,0,0,11,50.2,0.00,SILENT,IDLE-SILENT
169,4,0,0,11,80.7,0.00,SILENT,IDLE-SILENT
170,0,0,0,11,58.6,0.00,SILENT,IDLE-SILENT
170,1,0,0,11,51.9,0.00,SILENT,IDLE-SILENT
170,2,0,0,11,64.0,0.00,SILENT,IDLE-SILENT
170,3,0,0,11,50.1,0.00,SILENT,IDLE-SILENT
170,4,0,0,11,80.6,0.00,SILENT,IDLE-SILENT
171,0,0,0,11,58.5,0.00,SILENT,IDLE-SILENT
171,1,0,0,11,51.8,0.00,SILENT,IDLE-SILENT
171,2,0,0,11,63.9,0.00,SILENT,IDLE-SILENT
171,3,0,0,11,50.0,0.00,SILENT,IDLE-SILENT
171,4,0,0,11,80.5,0.00,SILENT,IDLE-SILENT
172,0,0,0,11,58.4,0.00,SILENT,IDLE-SILENT
172,1,0,0,11,51.7,0.00,SILENT,IDLE-SILENT
172,2,0,0,11,63.8,0.00,SILENT,IDLE-SILENT
172,3,0,0,11,49.9,0.00,SILENT,IDLE-SILENT
172,4,0,0,11,80.4,0.00,SILENT,IDLE-SILENT
173,0,0,0,11,58.3,0.00,SILENT,IDLE-SILENT
173,1,0,0,11,51.6,0.00,SILENT,IDLE-SILENT
173,2,0,0,11,63.7,0.00,SILENT,IDLE-SILENT
173,3,0,0,11,49.8,0.00,SILENT,IDLE-SILENT
173,4,0,0,11,80.3,0.00,SILENT,IDLE-SILENT
174,0,0,0,11,58.2,0.00,SILENT,IDLE-SILENT
174,1,0,0,11,51.5,0.00,SILENT,IDLE-SILENT
174,2,0,0,11,63.6,0.00,SILENT,IDLE-SILENT
174,3,0,0,11,49.7,0.00,SILENT,IDLE-SILENT
174,4,0,0,11,80.2,0.00,SILENT,IDLE-SILENT
175,0,0,0,11,58.1,0.00,SILENT,IDLE-SILENT
175,1,0,0,11,51.4,0.00,SILENT,IDLE-SILENT
175,2,0,0,11,63.5,0.00,SILENT,IDLE-SILENT
175,3,0,0,11,49.6,0.00,SILENT,IDLE-SILENT
175,4,0,0,11,80.1,0.00,SILENT,IDLE-SILENT
176,0,0,0,11,58.0,0.00,SILENT,IDLE-SILENT
176,1,0,0,11,51.3,0.00,SILENT,IDLE-SILENT
176,2,0,0,11,63.4,0.00,SILENT,IDLE-SILENT
176,3,0,0,11,49.5,0.00,SILENT,IDLE-SILENT
176,4,0,0,11,80.0,0.00,SILENT,IDLE-SILENT
177,0,0,0,11,57.9,0.00,SILENT,IDLE-SILENT
177,1,0,0,11,51.2,0.00,SILENT,IDLE-SILENT
177,2,0,0,11,63.3,0.00,SILENT,IDLE-SILENT
177,3,0,0,11,49.4,0.00,SILENT,IDLE-SILENT
177,4,0,0,11,79.9,0.00,SILENT,IDLE-SILENT
178,0,0,0,11,57.8,0.00,SILENT,IDLE-SILENT
178,1,0,0,11,51.1,0.00,SILENT,IDLE-SILENT
178,2,0,0,11,63.2,0.00,SILENT,IDLE-SILENT
178,3,0,0,11,49.3,0.00,SILENT,IDLE-SILENT
178,4,0,0,11,79.8,0.00,SILENT,IDLE-SILENT
179,0,0,0,11,57.7,0.00,SILENT,IDLE-SILENT
179,1,0,0,11,51.0,0.00,SILENT,IDLE-SILENT
179,2,0,0,11,63.1,0.00,SILENT,IDLE-SILENT
179,3,0,0,11,49.2,0.00,SILENT,IDLE-SILENT
179,4,0,0,11,79.7,0.00,SILENT,IDLE-SILENT
180,0,0,0,11,57.6,0.00,SILENT,IDLE-SILENT
180,1,0,0,11,50.9,0.00,SILENT,IDLE-SILENT
180,2,0,0,11,63.0,0.00,SILENT,IDLE-SILENT
180,3,0,0,11,49.1,0.00,SILENT,IDLE-SILENT
180,4,0,0,11,79.6,0.00,SILENT,IDLE-SILENT
181,0,0,0,11,57.5,0.00,SILENT,IDLE-SILENT
181,1,0,0,11,50.8,0.00,SILENT,IDLE-SILENT
181,2,0,0,11,62.9,0.00,SILENT,IDLE-SILENT
181,3,0,0,11,49.0,0.00,SILENT,IDLE-SILENT
181,4,0,0,11,79.5,0.00,SILENT,IDLE-SILENT
182,0,0,0,11,57.4,0.00,SILENT,IDLE-SILENT
182,1,0,0,11,50.7,0.00,SILENT,IDLE-SILENT
182,2,0,0,11,62.8,0.00,SILENT,IDLE-SILENT
182,3,0,0,11,48.9,0.00,SILENT,IDLE-SILENT
182,4,0,0,11,79.4,0.00,SILENT,IDLE-SILENT
183,0,0,0,11,57.3,0.00,SILENT,IDLE-SILENT
183,1,0,0,11,50.6,0.00,SILENT,IDLE-SILENT
183,2,0,0,11,62.7,0.00,SILENT,IDLE-SILENT
183,3,0,0,11,48.8,0.00,SILENT,IDLE-SILENT
183,4,0,0,11,79.3,0.00,SILENT,IDLE-SILENT
184,0,0,0,11,57.2,0.00,SILENT,IDLE-SILENT
184,1,0,0,11,50.5,0.00,SILENT,IDLE-SILENT
184,2,0,0,11,62.6,0.00,SILENT,IDLE-SILENT
184,3,0,0,11,48.7,0.00,SILENT,IDLE-SILENT
184,4,0,0,11,79.2,0.00,SILENT,IDLE-SILENT
185,0,0,0,11,57.1,0.00,SILENT,IDLE-SILENT
185,1,0,0,11,50.4,0.00,SILENT,IDLE-SILENT
185,2,0,0,11,62.5,0.00,SILENT,IDLE-SILENT
185,3,0,0,11,48.6,0.00,SILENT,IDLE-SILENT
185,4,0,0,11,79.1,0.00,SILENT,IDLE-SILENT
186,0,0,0,11,57.0,0.00,SILENT,IDLE-SILENT
186,1,0,0,11,50.3,0.00,SILENT,IDLE-SILENT
186,2,0,0,11,62.4,0.00,SILENT,IDLE-SILENT
186,3,0,0,11,48.5,0.00,SILENT,IDLE-SILENT
186,4,0,0,11,79.0,0.00,SILENT,IDLE-SILENT
187,0,0,0,11,56.9,0.00,SILENT,IDLE-SILENT
187,1,0,0,11,50.2,0.00,SILENT,IDLE-SILENT
187,2,0,0,11,62.3,0.00,SILENT,IDLE-SILENT
187,3,0,0,11,48.4,0.00,SILENT,IDLE-SILENT
187,4,0,0,11,78.9,0.00,SILENT,IDLE-SILENT
188,0,0,0,11,56.8,0.00,SILENT,IDLE-SILENT
188,1,0,0,11,50.1,0.00,SILENT,IDLE-SILENT
188,2,0,0,11,62.2,0.00,SILENT,IDLE-SILENT
188,3,0,0,11,48.3,0.00,SILENT,IDLE-SILENT
188,4,0,0,11,78.8,0.00,SILENT,IDLE-SILENT
189,0,0,0,11,56.7,0.00,SILENT,IDLE-SILENT
189,1,0,0,11,50.0,0.00,SILENT,IDLE-SILENT
189,2,0,0,11,62.1,0.00,SILENT,IDLE-SILENT
189,3,0,0,11,48.2,0.00,SILENT,IDLE-SILENT
189,4,0,0,11,78.7,0.00,SILENT,IDLE-SILENT
190,0,0,0,11,56.6,0.00,SILENT,IDLE-SILENT
190,1,0,0,11,49.9,0.00,SILENT,IDLE-SILENT
190,2,0,0,11,62.0,0.00,SILENT,IDLE-SILENT
190,3,0,0,11,48.1,0.00,SILENT,IDLE-SILENT
190,4,0,0,11,78.6,0.00,SILENT,IDLE-SILENT
191,0,0,0,11,56.5,0.00,SILENT,IDLE-SILENT
191,1,0,0,11,49.8,0.00,SILENT,IDLE-SILENT
191,2,0,0,11,61.9,0.00,SILENT,IDLE-SILENT
191,3,0,0,11,48.0,0.00,SILENT,IDLE-SILENT
191,4,0,0,11,78.5,0.00,SILENT,IDLE-SILENT
192,0,0,0,11,56.4,0.00,SILENT,IDLE-SILENT
192,1,0,0,11,49.7,0.00,SILENT,IDLE-SILENT
192,2,0,0,11,61.8,0.00,SILENT,IDLE-SILENT
192,3,0,0,11,47.9,0.00,SILENT,IDLE-SILENT
192,4,0,0,11,78.4,0.00,SILENT,IDLE-SILENT
193,0,0,0,11,56.3,0.00,SILENT,IDLE-SILENT
193,1,0,0,11,49.6,0.00,SILENT,IDLE-SILENT
193,2,0,0,11,61.7,0.00,SILENT,IDLE-SILENT
193,3,0,0,11,47.8,0.00,SILENT,IDLE-SILENT
193,4,0,0,11,78.3,0.00,SILENT,IDLE-SILENT
194,0,0,0,11,56.2,0.00,SILENT,IDLE-SILENT
194,1,0,0,11,49.5,0.00,SILENT,IDLE-SILENT
194,2,0,0,11,61.6,0.00,SILENT,IDLE-SILENT
194,3,0,0,11,47.7,0.00,SILENT,IDLE-SILENT
194,4,0,0,11,78.2,0.00,SILENT,IDLE-SILENT
195,0,0,0,11,56.1,0.00,SILENT,IDLE-SILENT
195,1,0,0,11,49.4,0.00,SILENT,IDLE-SILENT
195,2,0,0,11,61.5,0.00,SILENT,IDLE-SILENT
195,3,0,0,11,47.6,0.00,SILENT,IDLE-SILENT
195,4,0,0,11,78.1,0.00,SILENT,IDLE-SILENT
196,0,0,0,11,56.0,0.00,SILENT,IDLE-SILENT
196,1,0,0,11,49.3,0.00,SILENT,IDLE-SILENT
196,2,0,0,11,61.4,0.00,SILENT,IDLE-SILENT
196,3,0,0,11,47.5,0.00,SILENT,IDLE-SILENT
196,4,0,0,11,78.0,0.00,SILENT,IDLE-SILENT
197,0,0,0,11,55.9,0.00,SILENT,IDLE-SILENT
197,1,0,0,11,49.2,0.00,SILENT,IDLE-SILENT
197,2,0,0,11,61.3,0.00,SILENT,IDLE-SILENT
197,3,0,0,11,47.4,0.00,SILENT,IDLE-SILENT
197,4,0,0,11,77.9,0.00,SILENT,IDLE-SILENT
198,0,0,0,11,55.8,0.00,SILENT,IDLE-SILENT
198,1,0,0,11,49.1,0.00,SILENT,IDLE-SILENT
198,2,0,0,11,61.2,0.00,SILENT,IDLE-SILENT
198,3,0,0,11,47.3,0.00,SILENT,IDLE-SILENT
198,4,0,0,11,77.8,0.00,SILENT,IDLE-SILENT
199,0,0,0,11,55.7,0.00,SILENT,IDLE-SILENT
199,1,0,0,11,49.0,0.00,SILENT,IDLE-SILENT
199,2,0,0,11,61.1,0.00,SILENT,IDLE-SILENT
199,3,0,0,11,47.2,0.00,SILENT,IDLE-SILENT
199,4,0,0,11,77.7,0.00,SILENT,IDLE-SILENT
200,0,0,0,11,55.6,0.00,SILENT,IDLE-SILENT
200,1,0,0,11,48.9,0.00,SILENT,IDLE-SILENT
200,2,0,0,11,61.0,0.00,SILENT,IDLE-SILENT
200,3,0,0,11,47.1,0.00,SILENT,IDLE-SILENT
200,4,0,0,11,77.6,0.00,SILENT,IDLE-SILENT
201,0,0,0,11,55.5,0.00,SILENT,IDLE-SILENT
201,1,0,0,11,48.8,0.00,SILENT,IDLE-SILENT
201,2,0,0,11,60.9,0.00,SILENT,IDLE-SILENT
201,3,0,0,11,47.0,0.00,SILENT,IDLE-SILENT
201,4,0,0,11,77.5,0.00,SILENT,IDLE-SILENT
202,0,0,0,11,55.4,0.00,SILENT,IDLE-SILENT
202,1,0,0,11,48.7,0.00,SILENT,IDLE-SILENT
202,2,0,0,11,60.8,0.00,SILENT,IDLE-SILENT
202,3,0,0,11,46.9,0.00,SILENT,IDLE-SILENT
202,4,0,0,11,77.4,0.00,SILENT,IDLE-SILENT
203,0,0,0,11,55.3,0.00,SILENT,IDLE-SILENT
203,1,0,0,11,48.6,0.00,SILENT,IDLE-SILENT
203,2,0,0,11,60.7,0.00,SILENT,IDLE-SILENT
203,3,0,0,11,46.8,0.00,SILENT,IDLE-SILENT
203,4,0,0,11,77.3,0.00,SILENT,IDLE-SILENT
204,0,0,0,11,55.2,0.00,SILENT,IDLE-SILENT
204,1,0,0,11,48.5,0.00,SILENT,IDLE-SILENT
204,2,0,0,11,60.6,0.00,SILENT,IDLE-SILENT
204,3,0,0,11,46.7,0.00,SILENT,IDLE-SILENT
204,4,0,0,11,77.2,0.00,SILENT,IDLE-SILENT
205,0,0,0,11,55.1,0.00,SILENT,IDLE-SILENT
205,1,0,0,11,48.4,0.00,SILENT,IDLE-SILENT
205,2,0,0,11,60.5,0.00,SILENT,IDLE-SILENT
205,3,0,0,11,46.6,0.00,SILENT,IDLE-SILENT
205,4,0,0,11,77.1,0.00,SILENT,IDLE-SILENT
206,0,0,0,11,55.0,0.00,SILENT,IDLE-SILENT
206,1,0,0,11,48.3,0.00,SILENT,IDLE-SILENT
206,2,0,0,11,60.4,0.00,SILENT,IDLE-SILENT
206,3,0,0,11,46.5,0.00,SILENT,IDLE-SILENT
206,4,0,0,11,77.0,0.00,SILENT,IDLE-SILENT
207,0,0,0,11,54.9,0.00,SILENT,IDLE-SILENT
207,1,0,0,11,48.2,0.00,SILENT,IDLE-SILENT
207,2,0,0,11,60.3,0.00,SILENT,IDLE-SILENT
207,3,0,0,11,46.4,0.00,SILENT,IDLE-SILENT
207,4,0,0,11,76.9,0.00,SILENT,IDLE-SILENT
208,0,0,0,11,54.8,0.00,SILENT,IDLE-SILENT
208,1,0,0,11,48.1,0.00,SILENT,IDLE-SILENT
208,2,0,0,11,60.2,0.00,SILENT,IDLE-SILENT
208,3,0,0,11,46.3,0.00,SILENT,IDLE-SILENT
208,4,0,0,11,76.8,0.00,SILENT,IDLE-SILENT
209,0,0,0,11,54.7,0.00,SILENT,IDLE-SILENT
209,1,0,0,11,48.0,0.00,SILENT,IDLE-SILENT
209,2,0,0,11,60.1,0.00,SILENT,IDLE-SILENT
209,3,0,0,11,46.2,0.00,SILENT,IDLE-SILENT
209,4,0,0,11,76.7,0.00,SILENT,IDLE-SILENT
210,0,0,0,11,54.6,0.00,SILENT,IDLE-SILENT
210,1,0,0,11,47.9,0.00,SILENT,IDLE-SILENT
210,2,0,0,11,60.0,0.00,SILENT,IDLE-SILENT
210,3,0,0,11,46.1,0.00,SILENT,IDLE-SILENT
210,4,0,0,11,76.6,0.00,SILENT,IDLE-SILENT
211,0,0,0,11,54.5,0.00,SILENT,IDLE-SILENT
211,1,0,0,11,47.8,0.00,SILENT,IDLE-SILENT
211,2,0,0,11,59.9,0.00,SILENT,IDLE-SILENT
211,3,0,0,11,46.0,0.00,SILENT,IDLE-SILENT
211,4,0,0,11,76.5,0.00,SILENT,IDLE-SILENT
212,0,0,0,11,54.4,0.00,SILENT,IDLE-SILENT
212,1,0,0,11,47.7,0.00,SILENT,IDLE-SILENT
212,2,0,0,11,59.8,0.00,SILENT,IDLE-SILENT
212,3,0,0,11,45.9,0.00,SILENT,IDLE-SILENT
212,4,0,0,11,76.4,0.00,SILENT,IDLE-SILENT
213,0,0,0,11,54.3,0.00,SILENT,IDLE-SILENT
213,1,0,0,11,47.6,0.00,SILENT,IDLE-SILENT
213,2,0,0,11,59.7,0.00,SILENT,IDLE-SILENT
213,3,0,0,11,45.8,0.00,SILENT,IDLE-SILENT
213,4,0,0,11,76.3,0.00,SILENT,IDLE-SILENT
214,0,0,0,11,54.2,0.00,SILENT,IDLE-SILENT
214,1,0,0,11,47.5,0.00,SILENT,IDLE-SILENT
214,2,0,0,11,59.6,0.00,SILENT,IDLE-SILENT
214,3,0,0,11,45.7,0.00,SILENT,IDLE-SILENT
214,4,0,0,11,76.2,0.00,SILENT,IDLE-SILENT
215,0,0,0,11,54.1,0.00,SILENT,IDLE-SILENT
215,1,0,0,11,47.4,0.00,SILENT,IDLE-SILENT
215,2,0,0,11,59.5,0.00,SILENT,IDLE-SILENT
215,3,0,0,11,45.6,0.00,SILENT,IDLE-SILENT
215,4,0,0,11,76.1,0.00,SILENT,IDLE-SILENT
216,0,0,0,11,54.0,0.00,SILENT,IDLE-SILENT
216,1,0,0,11,47.3,0.00,SILENT,IDLE-SILENT
216,2,0,0,11,59.4,0.00,SILENT,IDLE-SILENT
216,3,0,0,11,45.5,0.00,SILENT,IDLE-SILENT
216,4,0,0,11,76.0,0.00,SILENT,IDLE-SILENT
217,0,0,0,11,53.9,0.00,SILENT,IDLE-SILENT
217,1,0,0,11,47.2,0.00,SILENT,IDLE-SILENT
217,2,0,0,11,59.3,0.00,SILENT,IDLE-SILENT
217,3,0,0,11,45.4,0.00,SILENT,IDLE-SILENT
217,4,0,0,11,75.9,0.00,SILENT,IDLE-SILENT
218,0,0,0,11,53.8,0.00,SILENT,IDLE-SILENT
218,1,0,0,11,47.1,0.00,SILENT,IDLE-SILENT
218,2,0,0,11,59.2,0.00,SILENT,IDLE-SILENT
218,3,0,0,11,45.3,0.00,SILENT,IDLE-SILENT
218,4,0,0,11,75.8,0.00,SILENT,IDLE-SILENT
219,0,0,0,11,53.7,0.00,SILENT,IDLE-SILENT
219,1,0,0,11,47.0,0.00,SILENT,IDLE-SILENT
219,2,0,0,11,59.1,0.00,SILENT,IDLE-SILENT
219,3,0,0,11,45.2,0.00,SILENT,IDLE-SILENT
219,4,0,0,11,75.7,0.00,SILENT,IDLE-SILENT
220,0,0,0,11,53.6,0.00,SILENT,IDLE-SILENT
220,1,0,0,11,46.9,0.00,SILENT,IDLE-SILENT
220,2,0,0,11,59.0,0.00,SILENT,IDLE-SILENT
220,3,0,0,11,45.1,0.00,SILENT,IDLE-SILENT
220,4,0,0,11,75.6,0.00,SILENT,IDLE-SILENT
221,0,0,0,11,53.5,0.00,SILENT,IDLE-SILENT
221,1,0,0,11,46.8,0.00,SILENT,IDLE-SILENT
221,2,0,0,11,58.9,0.00,SILENT,IDLE-SILENT
221,3,0,0,11,45.0,0.00,SILENT,IDLE-SILENT
221,4,0,0,11,75.5,0.00,SILENT,IDLE-SILENT
222,0,0,0,11,53.4,0.00,SILENT,IDLE-SILENT
222,1,0,0,11,46.7,0.00,SILENT,IDLE-SILENT
222,2,0,0,11,58.8,0.00,SILENT,IDLE-SILENT
222,3,0,0,11,44.9,0.00,SILENT,IDLE-SILENT
222,4,0,0,11,75.4,0.00,SILENT,IDLE-SILENT
223,0,0,0,11,53.3,0.00,SILENT,IDLE-SILENT
223,1,0,0,11,46.6,0.00,SILENT,IDLE-SILENT
223,2,0,0,11,58.7,0.00,SILENT,IDLE-SILENT
223,3,0,0,11,44.8,0.00,SILENT,IDLE-SILENT
223,4,0,0,11,75.3,0.00,SILENT,IDLE-SILENT
224,0,0,0,11,53.2,0.00,SILENT,IDLE-SILENT
224,1,0,0,11,46.5,0.00,SILENT,IDLE-SILENT
224,2,0,0,11,58.6,0.00,SILENT,IDLE-SILENT
224,3,0,0,11,44.7,0.00,SILENT,IDLE-SILENT
224,4,0,0,11,75.2,0.00,SILENT,IDLE-SILENT
225,0,0,0,11,53.1,0.00,SILENT,IDLE-SILENT
225,1,0,0,11,46.4,0.00,SILENT,IDLE-SILENT
225,2,0,0,11,58.5,0.00,SILENT,IDLE-SILENT
225,3,0,0,11,44.6,0.00,SILENT,IDLE-SILENT
225,4,0,0,11,75.1,0.00,SILENT,IDLE-SILENT
226,0,0,0,11,53.0,0.00,SILENT,IDLE-SILENT
226,1,0,0,11,46.3,0.00,SILENT,IDLE-SILENT
226,2,0,0,11,58.4,0.00,SILENT,IDLE-SILENT
226,3,0,0,11,44.5,0.00,SILENT,IDLE-SILENT
226,4,0,0,11,75.0,0.00,SILENT,IDLE-SILENT
227,0,0,0,11,52.9,0.00,SILENT,IDLE-SILENT
227,1,0,0,11,46.2,0.00,SILENT,IDLE-SILENT
227,2,0,0,11,58.3,0.00,SILENT,IDLE-SILENT
227,3,0,0,11,44.4,0.00,SILENT,IDLE-SILENT
227,4,0,0,11,74.9,0.00,SILENT,IDLE-SILENT
228,0,0,0,11,52.8,0.00,SILENT,IDLE-SILENT
228,1,0,0,11,46.1,0.00,SILENT,IDLE-SILENT
228,2,0,0,11,58.2,0.00,SILENT,IDLE-SILENT
228,3,0,0,11,44.3,0.00,SILENT,IDLE-SILENT
228,4,0,0,11,74.8,0.00,SILENT,IDLE-SILENT
229,0,0,0,11,52.7,0.00,SILENT,IDLE-SILENT
229,1,0,0,11,46.0,0.00,SILENT,IDLE-SILENT
229,2,0,0,11,58.1,0.00,SILENT,IDLE-SILENT
229,3,0,0,11,44.2,0.00,SILENT,IDLE-SILENT
229,4,0,0,11,74.7,0.00,SILENT,IDLE-SILENT
230,0,0,0,11,52.6,0.00,SILENT,IDLE-SILENT
230,1,0,0,11,45.9,0.00,SILENT,IDLE-SILENT
230,2,0,0,11,58.0,0.00,SILENT,IDLE-SILENT
230,3,0,0,11,44.1,0.00,SILENT,IDLE-SILENT
230,4,0,0,11,74.6,0.00,SILENT,IDLE-SILENT
231,0,0,0,11,52.5,0.00,SILENT,IDLE-SILENT
231,1,0,0,11,45.8,0.00,SILENT,IDLE-SILENT
231,2,0,0,11,57.9,0.00,SILENT,IDLE-SILENT
231,3,0,0,11,44.0,0.00,SILENT,IDLE-SILENT
231,4,0,0,11,74.5,0.00,SILENT,IDLE-SILENT
232,0,0,0,11,52.4,0.00,SILENT,IDLE-SILENT
232,1,0,0,11,45.7,0.00,SILENT,IDLE-SILENT
232,2,0,0,11,57.8,0.00,SILENT,IDLE-SILENT
232,3,0,0,11,43.9,0.00,SILENT,IDLE-SILENT
232,4,0,0,11,74.4,0.00,SILENT,IDLE-SILENT
233,0,0,0,11,52.3,0.00,SILENT,IDLE-SILENT
233,1,0,0,11,45.6,0.00,SILENT,IDLE-SILENT
233,2,0,0,11,57.7,0.00,SILENT,IDLE-SILENT
233,3,0,0,11,43.8,0.00,SILENT,IDLE-SILENT
233,4,0,0,11,74.3,0.00,SILENT,IDLE-SILENT
234,0,0,0,11,52.2,0.00,SILENT,IDLE-SILENT
234,1,0,0,11,45.5,0.00,SILENT,IDLE-SILENT
234,2,0,0,11,57.6,0.00,SILENT,IDLE-SILENT
234,3,0,0,11,43.7,0.00,SILENT,IDLE-SILENT
234,4,0,0,11,74.2,0.00,SILENT,IDLE-SILENT
235,0,0,0,11,52.1,0.00,SILENT,IDLE-SILENT
235,1,0,0,11,45.4,0.00,SILENT,IDLE-SILENT
235,2,0,0,11,57.5,0.00,SILENT,IDLE-SILENT
235,3,0,0,11,43.6,0.00,SILENT,IDLE-SILENT
235,4,0,0,11,74.1,0.00,SILENT,IDLE-SILENT
236,0,0,0,11,52.0,0.00,SILENT,IDLE-SILENT
236,1,0,0,11,45.3,0.00,SILENT,IDLE-SILENT
236,2,0,0,11,57.4,0.00,SILENT,IDLE-SILENT
236,3,0,0,11,43.5,0.00,SILENT,IDLE-SILENT
236,4,0,0,11,74.0,0.00,SILENT,IDLE-SILENT
237,0,0,0,11,51.9,0.00,SILENT,IDLE-SILENT
237,1,0,0,11,45.2,0.00,SILENT,IDLE-SILENT
237,2,0,0,11,57.3,0.00,SILENT,IDLE-SILENT
237,3,0,0,11,43.4,0.00,SILENT,IDLE-SILENT
237,4,0,0,11,73.9,0.00,SILENT,IDLE-SILENT
238,0,0,0,11,51.8,0.00,SILENT,IDLE-SILENT
238,1,0,0,11,45.1,0.00,SILENT,IDLE-SILENT
238,2,0,0,11,57.2,0.00,SILENT,IDLE-SILENT
238,3,0,0,11,43.3,0.00,SILENT,IDLE-SILENT
238,4,0,0,11,73.8,0.00,SILENT,IDLE-SILENT
239,0,0,0,11,51.7,0.00,SILENT,IDLE-SILENT
239,1,0,0,11,45.0,0.00,SILENT,IDLE-SILENT
239,2,0,0,11,57.1,0.00,SILENT,IDLE-SILENT
239,3,0,0,11,43.2,0.00,SILENT,IDLE-SILENT
239,4,0,0,11,73.7,0.00,SILENT,IDLE-SILENT
240,0,0,0,11,51.6,0.00,SILENT,IDLE-SILENT
240,1,0,0,11,44.9,0.00,SILENT,IDLE-SILENT
240,2,0,0,11,57.0,0.00,SILENT,IDLE-SILENT
240,3,0,0,11,43.1,0.00,SILENT,IDLE-SILENT
240,4,0,0,11,73.6,0.00,SILENT,IDLE-SILENT
241,0,0,0,11,51.5,0.00,SILENT,IDLE-SILENT
241,1,0,0,11,44.8,0.00,SILENT,IDLE-SILENT
241,2,0,0,11,56.9,0.00,SILENT,IDLE-SILENT
241,3,0,0,11,43.0,0.00,SILENT,IDLE-SILENT
241,4,0,0,11,73.5,0.00,SILENT,IDLE-SILENT
242,0,0,0,11,51.4,0.00,SILENT,IDLE-SILENT
242,1,0,0,11,44.7,0.00,SILENT,IDLE-SILENT
242,2,0,0,11,56.8,0.00,SILENT,IDLE-SILENT
242,3,0,0,11,42.9,0.00,SILENT,IDLE-SILENT
242,4,0,0,11,73.4,0.00,SILENT,IDLE-SILENT
243,0,0,0,11,51.3,0.00,SILENT,IDLE-SILENT
243,1,0,0,11,44.6,0.00,SILENT,IDLE-SILENT
243,2,0,0,11,56.7,0.00,SILENT,IDLE-SILENT
243,3,0,0,11,42.8,0.00,SILENT,IDLE-SILENT
243,4,0,0,11,73.3,0.00,SILENT,IDLE-SILENT
244,0,0,0,11,51.2,0.00,SILENT,IDLE-SILENT
244,1,0,0,11,44.5,0.00,SILENT,IDLE-SILENT
244,2,0,0,11,56.6,0.00,SILENT,IDLE-SILENT
244,3,0,0,11,42.7,0.00,SILENT,IDLE-SILENT
244,4,0,0,11,73.2,0.00,SILENT,IDLE-SILENT
245,0,0,0,11,51.1,0.00,SILENT,IDLE-SILENT
245,1,0,0,11,44.4,0.00,SILENT,IDLE-SILENT
245,2,0,0,11,56.5,0.00,SILENT,IDLE-SILENT
245,3,0,0,11,42.6,0.00,SILENT,IDLE-SILENT
245,4,0,0,11,73.1,0.00,SILENT,IDLE-SILENT
246,0,0,0,11,51.0,0.00,SILENT,IDLE-SILENT
246,1,0,0,11,44.3,0.00,SILENT,IDLE-SILENT
246,2,0,0,11,56.4,0.00,SILENT,IDLE-SILENT
246,3,0,0,11,42.5,0.00,SILENT,IDLE-SILENT
246,4,0,0,11,73.0,0.00,SILENT,IDLE-SILENT
247,0,0,0,11,50.9,0.00,SILENT,IDLE-SILENT
247,1,0,0,11,44.2,0.00,SILENT,IDLE-SILENT
247,2,0,0,11,56.3,0.00,SILENT,IDLE-SILENT
247,3,0,0,11,42.4,0.00,SILENT,IDLE-SILENT
247,4,0,0,11,72.9,0.00,SILENT,IDLE-SILENT
248,0,0,0,11,50.8,0.00,SILENT,IDLE-SILENT
248,1,0,0,11,44.1,0.00,SILENT,IDLE-SILENT
248,2,0,0,11,56.2,0.00,SILENT,IDLE-SILENT
248,3,0,0,11,42.3,0.00,SILENT,IDLE-SILENT
248,4,0,0,11,72.8,0.00,SILENT,IDLE-SILENT
249,0,0,0,11,50.7,0.00,SILENT,IDLE-SILENT
249,1,0,0,11,44.0,0.00,SILENT,IDLE-SILENT
249,2,0,0,11,56.1,0.00,SILENT,IDLE-SILENT
249,3,0,0,11,42.2,0.00,SILENT,IDLE-SILENT
249,4,0,0,11,72.7,0.00,SILENT,IDLE-SILENT
250,0,0,0,11,50.6,0.00,SILENT,IDLE-SILENT
250,1,0,0,11,43.9,0.00,SILENT,IDLE-SILENT
250,2,0,0,11,56.0,0.00,SILENT,IDLE-SILENT
250,3,0,0,11,42.1,0.00,SILENT,IDLE-SILENT
250,4,0,0,11,72.6,0.00,SILENT,IDLE-SILENT
251,0,0,0,11,50.5,0.00,SILENT,IDLE-SILENT
251,1,0,0,11,43.8,0.00,SILENT,IDLE-SILENT
251,2,0,0,11,55.9,0.00,SILENT,IDLE-SILENT
251,3,0,0,11,42.0,0.00,SILENT,IDLE-SILENT
251,4,0,0,11,72.5,0.00,SILENT,IDLE-SILENT
252,0,0,0,11,50.4,0.00,SILENT,IDLE-SILENT
252,1,0,0,11,43.7,0.00,SILENT,IDLE-SILENT
252,2,0,0,11,55.8,0.00,SILENT,IDLE-SILENT
252,3,0,0,11,41.9,0.00,SILENT,IDLE-SILENT
252,4,0,0,11,72.4,0.00,SILENT,IDLE-SILENT
253,0,0,0,11,50.3,0.00,SILENT,IDLE-SILENT
253,1,0,0,11,43.6,0.00,SILENT,IDLE-SILENT
253,2,0,0,11,55.7,0.00,SILENT,IDLE-SILENT
253,3,0,0,11,41.8,0.00,SILENT,IDLE-SILENT
253,4,0,0,11,72.3,0.00,SILENT,IDLE-SILENT
254,0,0,0,11,50.2,0.00,SILENT,IDLE-SILENT
254,1,0,0,11,43.5,0.00,SILENT,IDLE-SILENT
254,2,0,0,11,55.6,0.00,SILENT,IDLE-SILENT
254,3,0,0,11,41.7,0.00,SILENT,IDLE-SILENT
254,4,0,0,11,72.2,0.00,SILENT,IDLE-SILENT
255,0,0,0,11,50.1,0.00,SILENT,IDLE-SILENT
255,1,0,0,11,43.4,0.00,SILENT,IDLE-SILENT
255,2,0,0,11,55.5,0.00,SILENT,IDLE-SILENT
255,3,0,0,11,41.6,0.00,SILENT,IDLE-SILENT
255,4,0,0,11,72.1,0.00,SILENT,IDLE-SILENT
256,0,0,0,11,50.0,0.00,SILENT,IDLE-SILENT
256,1,0,0,11,43.3,0.00,SILENT,IDLE-SILENT
256,2,0,0,11,55.4,0.00,SILENT,IDLE-SILENT
256,3,0,0,11,41.5,0.00,SILENT,IDLE-SILENT
256,4,0,0,11,72.0,0.00,SILENT,IDLE-SILENT
257,0,0,0,11,49.9,0.00,SILENT,IDLE-SILENT
257,1,0,0,11,43.2,0.00,SILENT,IDLE-SILENT
257,2,0,0,11,55.3,0.00,SILENT,IDLE-SILENT
257,3,0,0,11,41.4,0.00,SILENT,IDLE-SILENT
257,4,0,0,11,71.9,0.00,SILENT,IDLE-SILENT
258,0,0,0,11,49.8,0.00,SILENT,IDLE-SILENT
258,1,0,0,11,43.1,0.00,SILENT,IDLE-SILENT
258,2,0,0,11,55.2,0.00,SILENT,IDLE-SILENT
258,3,0,0,11,41.3,0.00,SILENT,IDLE-SILENT
258,4,0,0,11,71.8,0.00,SILENT,IDLE-SILENT
259,0,0,0,11,49.7,0.00,SILENT,IDLE-SILENT
259,1,0,0,11,43.0,0.00,SILENT,IDLE-SILENT
259,2,0,0,11,55.1,0.00,SILENT,IDLE-SILENT
259,3,0,0,11,41.2,0.00,SILENT,IDLE-SILENT
259,4,0,0,11,71.7,0.00,SILENT,IDLE-SILENT
260,0,0,0,11,49.6,0.00,SILENT,IDLE-SILENT
260,1,0,0,11,42.9,0.00,SILENT,IDLE-SILENT
260,2,0,0,11,55.0,0.00,SILENT,IDLE-SILENT
260,3,0,0,11,41.1,0.00,SILENT,IDLE-SILENT
260,4,0,0,11,71.6,0.00,SILENT,IDLE-SILENT
261,0,0,0,11,49.5,0.00,SILENT,IDLE-SILENT
261,1,0,0,11,42.8,0.00,SILENT,IDLE-SILENT
261,2,0,0,11,54.9,0.00,SILENT,IDLE-SILENT
261,3,0,0,11,41.0,0.00,SILENT,IDLE-SILENT
261,4,0,0,11,71.5,0.00,SILENT,IDLE-SILENT
262,0,0,0,11,49.4,0.00,SILENT,IDLE-SILENT
262,1,0,0,11,42.7,0.00,SILENT,IDLE-SILENT
262,2,0,0,11,54.8,0.00,SILENT,IDLE-SILENT
262,3,0,0,11,40.9,0.00,SILENT,IDLE-SILENT
262,4,0,0,11,71.4,0.00,SILENT,IDLE-SILENT
263,0,0,0,11,49.3,0.00,SILENT,IDLE-SILENT
263,1,0,0,11,42.6,0.00,SILENT,IDLE-SILENT
263,2,0,0,11,54.7,0.00,SILENT,IDLE-SILENT
263,3,0,0,11,40.8,0.00,SILENT,IDLE-SILENT
263,4,0,0,11,71.3,0.00,SILENT,IDLE-SILENT
264,0,0,0,11,49.2,0.00,SILENT,IDLE-SILENT
264,1,0,0,11,42.5,0.00,SILENT,IDLE-SILENT
264,2,0,0,11,54.6,0.00,SILENT,IDLE-SILENT
264,3,0,0,11,40.7,0.00,SILENT,IDLE-SILENT
264,4,0,0,11,71.2,0.00,SILENT,IDLE-SILENT
265,0,0,0,11,49.1,0.00,SILENT,IDLE-SILENT
265,1,0,0,11,42.4,0.00,SILENT,IDLE-SILENT
265,2,0,0,11,54.5,0.00,SILENT,IDLE-SILENT
265,3,0,0,11,40.6,0.00,SILENT,IDLE-SILENT
265,4,0,0,11,71.1,0.00,SILENT,IDLE-SILENT
266,0,0,0,11,49.0,0.00,SILENT,IDLE-SILENT
266,1,0,0,11,42.3,0.00,SILENT,IDLE-SILENT
266,2,0,0,11,54.4,0.00,SILENT,IDLE-SILENT
266,3,0,0,11,40.5,0.00,SILENT,IDLE-SILENT
266,4,0,0,11,71.0,0.00,SILENT,IDLE-SILENT
267,0,0,0,11,48.9,0.00,SILENT,IDLE-SILENT
267,1,0,0,11,42.2,0.00,SILENT,IDLE-SILENT
267,2,0,0,11,54.3,0.00,SILENT,IDLE-SILENT
267,3,0,0,11,40.4,0.00,SILENT,IDLE-SILENT
267,4,0,0,11,70.9,0.00,SILENT,IDLE-SILENT
268,0,0,0,11,48.8,0.00,SILENT,IDLE-SILENT
268,1,0,0,11,42.1,0.00,SILENT,IDLE-SILENT
268,2,0,0,11,54.2,0.00,SILENT,IDLE-SILENT
268,3,0,0,11,40.3,0.00,SILENT,IDLE-SILENT
268,4,0,0,11,70.8,0.00,SILENT,IDLE-SILENT
269,0,0,0,11,48.7,0.00,SILENT,IDLE-SILENT
269,1,0,0,11,42.0,0.00,SILENT,IDLE-SILENT
269,2,0,0,11,54.1,0.00,SILENT,IDLE-SILENT
269,3,0,0,11,40.2,0.00,SILENT,IDLE-SILENT
269,4,0,0,11,70.7,0.00,SILENT,IDLE-SILENT
270,0,0,0,11,48.6,0.00,SILENT,IDLE-SILENT
270,1,0,0,11,41.9,0.00,SILENT,IDLE-SILENT
270,2,0,0,11,54.0,0.00,SILENT,IDLE-SILENT
270,3,0,0,11,40.1,0.00,SILENT,IDLE-SILENT
270,4,0,0,11,70.6,0.00,SILENT,IDLE-SILENT
271,0,0,0,11,48.5,0.00,SILENT,IDLE-SILENT
271,1,0,0,11,41.8,0.00,SILENT,IDLE-SILENT
271,2,0,0,11,53.9,0.00,SILENT,IDLE-SILENT
271,3,0,0,11,40.0,0.00,SILENT,IDLE-SILENT
271,4,0,0,11,70.5,0.00,SILENT,IDLE-SILENT
272,0,0,0,11,48.4,0.00,SILENT,IDLE-SILENT
272,1,0,0,11,41.7,0.00,SILENT,IDLE-SILENT
272,2,0,0,11,53.8,0.00,SILENT,IDLE-SILENT
272,3,0,0,11,39.9,0.00,SILENT,IDLE-SILENT
272,4,0,0,11,70.4,0.00,SILENT,IDLE-SILENT
273,0,0,0,11,48.3,0.00,SILENT,IDLE-SILENT
273,1,0,0,11,41.6,0.00,SILENT,IDLE-SILENT
273,2,0,0,11,53.7,0.00,SILENT,IDLE-SILENT
273,3,0,0,11,39.8,0.00,SILENT,IDLE-SILENT
273,4,0,0,11,70.3,0.00,SILENT,IDLE-SILENT
274,0,0,0,11,48.2,0.00,SILENT,IDLE-SILENT
274,1,0,0,11,41.5,0.00,SILENT,IDLE-SILENT
274,2,0,0,11,53.6,0.00,SILENT,IDLE-SILENT
274,3,0,0,11,39.7,0.00,SILENT,IDLE-SILENT
274,4,0,0,11,70.2,0.00,SILENT,IDLE-SILENT
275,0,0,0,11,48.1,0.00,SILENT,IDLE-SILENT
275,1,0,0,11,41.4,0.00,SILENT,IDLE-SILENT
275,2,0,0,11,53.5,0.00,SILENT,IDLE-SILENT
275,3,0,0,11,39.6,0.00,SILENT,IDLE-SILENT
275,4,0,0,11,70.1,0.00,SILENT,IDLE-SILENT
276,0,0,0,11,48.0,0.00,SILENT,IDLE-SILENT
276,1,0,0,11,41.3,0.00,SILENT,IDLE-SILENT
276,2,0,0,11,53.4,0.00,SILENT,IDLE-SILENT
276,3,0,0,11,39.5,0.00,SILENT,IDLE-SILENT
276,4,0,0,11,70.0,0.00,SILENT,IDLE-SILENT
277,0,0,0,11,47.9,0.00,SILENT,IDLE-SILENT
277,1,0,0,11,41.2,0.00,SILENT,IDLE-SILENT
277,2,0,0,11,53.3,0.00,SILENT,IDLE-SILENT
277,3,0,0,11,39.4,0.00,SILENT,IDLE-SILENT
277,4,0,0,11,69.9,0.00,SILENT,IDLE-SILENT
278,0,0,0,11,47.8,0.00,SILENT,IDLE-SILENT
278,1,0,0,11,41.1,0.00,SILENT,IDLE-SILENT
278,2,0,0,11,53.2,0.00,SILENT,IDLE-SILENT
278,3,0,0,11,39.3,0.00,SILENT,IDLE-SILENT
278,4,0,0,11,69.8,0.00,SILENT,IDLE-SILENT
279,0,0,0,11,47.7,0.00,SILENT,IDLE-SILENT
279,1,0,0,11,41.0,0.00,SILENT,IDLE-SILENT
279,2,0,0,11,53.1,0.00,SILENT,IDLE-SILENT
279,3,0,0,11,39.2,0.00,SILENT,IDLE-SILENT
279,4,0,0,11,69.7,0.00,SILENT,IDLE-SILENT
280,0,0,0,11,47.6,0.00,SILENT,IDLE-SILENT
280,1,0,0,11,40.9,0.00,SILENT,IDLE-SILENT
280,2,0,0,11,53.0,0.00,SILENT,IDLE-SILENT
280,3,0,0,11,39.1,0.00,SILENT,IDLE-SILENT
280,4,0,0,11,69.6,0.00,SILENT,IDLE-SILENT
281,0,0,0,11,47.5,0.00,SILENT,IDLE-SILENT
281,1,0,0,11,40.8,0.00,SILENT,IDLE-SILENT
281,2,0,0,11,53.0,0.00,SILENT,IDLE-SILENT
281,3,0,0,11,39.0,0.00,SILENT,IDLE-SILENT
281,4,0,0,11,69.5,0.00,SILENT,IDLE-SILENT
282,0,0,0,11,47.4,0.00,SILENT,IDLE-SILENT
282,1,0,0,11,40.7,0.00,SILENT,IDLE-SILENT
282,2,0,0,11,53.0,0.00,SILENT,IDLE-SILENT
282,3,0,0,11,39.0,0.00,SILENT,IDLE-SILENT
282,4,0,0,11,69.4,0.00,SILENT,IDLE-SILENT
283,0,0,0,11,47.3,0.00,SILENT,IDLE-SILENT
283,1,0,0,11,40.6,0.00,SILENT,IDLE-SILENT
283,2,0,0,11,53.0,0.00,SILENT,IDLE-SILENT
283,3,0,0,11,39.0,0.00,SILENT,IDLE-SILENT
283,4,0,0,11,69.3,0.00,SILENT,IDLE-SILENT
284,0,0,0,11,47.2,0.00,SILENT,IDLE-SILENT
284,1,0,0,11,40.5,0.00,SILENT,IDLE-SILENT
284,2,0,0,11,53.0,0.00,SILENT,IDLE-SILENT
284,3,0,0,11,39.0,0.00,SILENT,IDLE-SILENT
284,4,0,0,11,69.2,0.00,SILENT,IDLE-SILENT
285,0,0,0,11,47.1,0.00,SILENT,IDLE-SILENT
285,1,0,0,11,40.4,0.00,SILENT,IDLE-SILENT
285,2,0,0,11,53.0,0.00,SILENT,IDLE-SILENT
285,3,0,0,11,39.0,0.00,SILENT,IDLE-SILENT
285,4,0,0,11,69.1,0.00,SILENT,IDLE-SILENT
286,0,0,0,11,47.0,0.00,SILENT,IDLE-SILENT
286,1,0,0,11,40.3,0.00,SILENT,IDLE-SILENT
286,2,0,0,11,53.0,0.00,SILENT,IDLE-SILENT
286,3,0,0,11,39.0,0.00,SILENT,IDLE-SILENT
286,4,0,0,11,69.0,0.00,SILENT,IDLE-SILENT
287,0,0,0,11,46.9,0.00,SILENT,IDLE-SILENT
287,1,0,0,11,40.2,0.00,SILENT,IDLE-SILENT
287,2,0,0,11,53.0,0.00,SILENT,IDLE-SILENT
287,3,0,0,11,39.0,0.00,SILENT,IDLE-SILENT
287,4,0,0,11,68.9,0.00,SILENT,IDLE-SILENT
288,0,0,0,11,46.8,0.00,SILENT,IDLE-SILENT
288,1,0,0,11,40.1,0.00,SILENT,IDLE-SILENT
288,2,0,0,11,53.0,0.00,SILENT,IDLE-SILENT
288,3,0,0,11,39.0,0.00,SILENT,IDLE-SILENT
288,4,0,0,11,68.8,0.00,SILENT,IDLE-SILENT
289,0,0,0,11,46.7,0.00,SILENT,IDLE-SILENT
289,1,0,0,11,40.0,0.00,SILENT,IDLE-SILENT
289,2,0,0,11,53.0,0.00,SILENT,IDLE-SILENT
289,3,0,0,11,39.0,0.00,SILENT,IDLE-SILENT
289,4,0,0,11,68.7,0.00,SILENT,IDLE-SILENT
290,0,0,0,11,46.6,0.00,SILENT,IDLE-SILENT
290,1,0,0,11,39.9,0.00,SILENT,IDLE-SILENT
290,2,0,0,11,53.0,0.00,SILENT,IDLE-SILENT
290,3,0,0,11,39.0,0.00,SILENT,IDLE-SILENT
290,4,0,0,11,68.6,0.00,SILENT,IDLE-SILENT
291,0,0,0,11,46.5,0.00,SILENT,IDLE-SILENT
291,1,0,0,11,39.8,0.00,SILENT,IDLE-SILENT
291,2,0,0,11,53.0,0.00,SILENT,IDLE-SILENT
291,3,0,0,11,39.0,0.00,SILENT,IDLE-SILENT
291,4,0,0,11,68.5,0.00,SILENT,IDLE-SILENT
292,0,0,0,11,46.4,0.00,SILENT,IDLE-SILENT
292,1,0,0,11,39.7,0.00,SILENT,IDLE-SILENT
292,2,0,0,11,53.0,0.00,SILENT,IDLE-SILENT
292,3,0,0,11,39.0,0.00,SILENT,IDLE-SILENT
292,4,0,0,11,68.4,0.00,SILENT,IDLE-SILENT
293,0,0,0,11,46.3,0.00,SILENT,IDLE-SILENT
293,1,0,0,11,39.6,0.00,SILENT,IDLE-SILENT
293,2,0,0,11,53.0,0.00,SILENT,IDLE-SILENT
293,3,0,0,11,39.0,0.00,SILENT,IDLE-SILENT
293,4,0,0,11,68.3,0.00,SILENT,IDLE-SILENT
294,0,0,0,11,46.2,0.00,SILENT,IDLE-SILENT
294,1,0,0,11,39.5,0.00,SILENT,IDLE-SILENT
294,2,0,0,11,53.0,0.00,SILENT,IDLE-SILENT
294,3,0,0,11,39.0,0.00,SILENT,IDLE-SILENT
294,4,0,0,11,68.2,0.00,SILENT,IDLE-SILENT
295,0,0,0,11,46.1,0.00,SILENT,IDLE-SILENT
295,1,0,0,11,39.4,0.00,SILENT,IDLE-SILENT
295,2,0,0,11,53.0,0.00,SILENT,IDLE-SILENT
295,3,0,0,11,39.0,0.00,SILENT,IDLE-SILENT
295,4,0,0,11,68.1,0.00,SILENT,IDLE-SILENT
1,0,0,0,-1,79.4,0.00,IDLE-SILENT
1,1,0,0,-1,97.3,0.00,IDLE-SILENT
1,2,0,0,-1,50.4,0.00,IDLE-SILENT
1,3,0,0,-1,76.2,0.00,IDLE-SILENT
1,4,0,0,-1,66.8,0.00,IDLE-SILENT
2,0,0,0,-1,79.3,0.00,IDLE-SILENT
2,1,0,0,-1,97.2,0.00,IDLE-SILENT
2,2,0,0,-1,50.3,0.00,IDLE-SILENT
2,3,0,0,-1,76.1,0.00,IDLE-SILENT
2,4,0,0,-1,66.7,0.00,IDLE-SILENT
3,0,0,0,-1,79.2,0.00,IDLE-SILENT
3,1,0,0,-1,97.1,0.00,IDLE-SILENT
3,2,0,0,-1,50.2,0.00,IDLE-SILENT
3,3,0,0,-1,76.0,0.00,IDLE-SILENT
3,4,0,0,-1,66.6,0.00,IDLE-SILENT
4,0,0,0,-1,79.1,0.00,IDLE-SILENT
4,1,0,0,-1,97.0,0.00,IDLE-SILENT
4,2,0,0,-1,50.1,0.00,IDLE-SILENT
4,3,0,0,-1,75.9,0.00,IDLE-SILENT
4,4,0,0,-1,66.5,0.00,IDLE-SILENT
5,0,0,0,-1,79.0,0.00,IDLE-SILENT
5,1,0,0,-1,96.9,0.00,IDLE-SILENT
5,2,0,0,-1,50.0,0.00,IDLE-SILENT
5,3,0,0,-1,75.8,0.00,IDLE-SILENT
5,4,0,0,-1,66.4,0.00,IDLE-SILENT
6,0,0,0,-1,78.9,0.00,IDLE-SILENT
6,1,0,0,-1,96.8,0.00,IDLE-SILENT
6,2,0,0,-1,49.9,0.00,IDLE-SILENT
6,3,0,0,-1,75.7,0.00,IDLE-SILENT
6,4,0,0,-1,66.3,0.00,IDLE-SILENT
7,0,0,0,-1,78.8,0.00,IDLE-SILENT
7,1,0,0,-1,96.7,0.00,IDLE-SILENT
7,2,0,0,-1,49.8,0.00,IDLE-SILENT
7,3,0,0,-1,75.6,0.00,IDLE-SILENT
7,4,0,0,-1,66.2,0.00,IDLE-SILENT
8,0,0,0,-1,78.7,0.00,IDLE-SILENT
8,1,0,0,-1,96.6,0.00,IDLE-SILENT
8,2,0,0,-1,49.7,0.00,IDLE-SILENT
8,3,0,0,-1,75.5,0.00,IDLE-SILENT
8,4,0,0,-1,66.1,0.00,IDLE-SILENT
9,0,0,0,-1,78.6,0.00,IDLE-SILENT
9,1,0,0,-1,96.5,0.00,IDLE-SILENT
9,2,0,0,-1,49.6,0.00,IDLE-SILENT
9,3,0,0,-1,75.4,0.00,IDLE-SILENT
9,4,0,0,-1,66.0,0.00,IDLE-SILENT
10,0,0,0,-1,78.5,0.00,IDLE-SILENT
10,1,0,0,-1,96.4,0.00,IDLE-SILENT
10,2,0,0,-1,49.5,0.00,IDLE-SILENT
10,3,0,0,-1,75.3,0.00,IDLE-SILENT
10,4,0,0,-1,65.9,0.00,IDLE-SILENT
11,0,0,0,-1,78.4,0.00,IDLE-SILENT
11,1,0,0,-1,96.3,0.00,IDLE-SILENT
11,2,0,0,-1,49.4,0.00,IDLE-SILENT
11,3,0,0,-1,75.2,0.00,IDLE-SILENT
11,4,0,0,-1,65.8,0.00,IDLE-SILENT
12,0,0,0,-1,78.3,0.00,IDLE-SILENT
12,1,0,0,-1,96.2,0.00,IDLE-SILENT
12,2,0,0,-1,49.3,0.00,IDLE-SILENT
12,3,0,0,-1,75.1,0.00,IDLE-SILENT
12,4,0,0,-1,65.7,0.00,IDLE-SILENT
13,0,0,0,-1,78.2,0.00,IDLE-SILENT
13,1,0,0,-1,96.1,0.00,IDLE-SILENT
13,2,0,0,-1,49.2,0.00,IDLE-SILENT
13,3,0,0,-1,75.0,0.00,IDLE-SILENT
13,4,0,0,-1,65.6,0.00,IDLE-SILENT
14,0,0,0,-1,78.1,0.00,IDLE-SILENT
14,1,0,0,-1,96.0,0.00,IDLE-SILENT
14,2,0,0,-1,49.1,0.00,IDLE-SILENT
14,3,0,0,-1,74.9,0.00,IDLE-SILENT
14,4,0,0,-1,65.5,0.00,IDLE-SILENT
15,0,0,0,-1,78.0,0.00,IDLE-SILENT
15,1,0,0,-1,95.9,0.00,IDLE-SILENT
15,2,0,0,-1,49.0,0.00,IDLE-SILENT
15,3,0,0,-1,74.8,0.00,IDLE-SILENT
15,4,0,0,-1,65.4,0.00,IDLE-SILENT
16,0,0,0,-1,77.9,0.00,IDLE-SILENT
16,1,0,0,-1,95.8,0.00,IDLE-SILENT
16,2,0,0,-1,48.9,0.00,IDLE-SILENT
16,3,0,0,-1,74.7,0.00,IDLE-SILENT
16,4,0,0,-1,65.3,0.00,IDLE-SILENT
17,0,0,0,-1,77.8,0.00,IDLE-SILENT
17,1,0,0,-1,95.7,0.00,IDLE-SILENT
17,2,0,0,-1,48.8,0.00,IDLE-SILENT
17,3,0,0,-1,74.6,0.00,IDLE-SILENT
17,4,0,0,-1,65.2,0.00,IDLE-SILENT
18,0,0,0,-1,77.7,0.00,IDLE-SILENT
18,1,0,0,-1,95.6,0.00,IDLE-SILENT
18,2,0,0,-1,48.7,0.00,IDLE-SILENT
18,3,0,0,-1,74.5,0.00,IDLE-SILENT
18,4,0,0,-1,65.1,0.00,IDLE-SILENT
19,0,0,0,-1,77.6,0.00,IDLE-SILENT
19,1,0,0,-1,95.5,0.00,IDLE-SILENT
19,2,0,0,-1,48.6,0.00,IDLE-SILENT
19,3,0,0,-1,74.4,0.00,IDLE-SILENT
19,4,0,0,-1,65.0,0.00,IDLE-SILENT
20,0,0,0,-1,77.5,0.00,IDLE-SILENT
20,1,0,0,-1,95.4,0.00,IDLE-SILENT
20,2,0,0,-1,48.5,0.00,IDLE-SILENT
20,3,0,0,-1,74.3,0.00,IDLE-SILENT
20,4,0,0,-1,64.9,0.00,IDLE-SILENT
21,0,0,0,-1,77.4,0.00,IDLE-SILENT
21,1,0,0,-1,95.3,0.00,IDLE-SILENT
21,2,0,0,-1,48.4,0.00,IDLE-SILENT
21,3,0,0,-1,74.2,0.00,IDLE-SILENT
21,4,0,0,-1,64.8,0.00,IDLE-SILENT
22,0,0,0,-1,77.3,0.00,IDLE-SILENT
22,1,0,0,-1,95.2,0.00,IDLE-SILENT
22,2,0,0,-1,48.3,0.00,IDLE-SILENT
22,3,0,0,-1,74.1,0.00,IDLE-SILENT
22,4,0,0,-1,64.7,0.00,IDLE-SILENT
23,0,0,0,-1,77.2,0.00,IDLE-SILENT
23,1,0,0,-1,95.1,0.00,IDLE-SILENT
23,2,0,0,-1,48.2,0.00,IDLE-SILENT
23,3,0,0,-1,74.0,0.00,IDLE-SILENT
23,4,0,0,-1,64.6,0.00,IDLE-SILENT
24,0,0,0,-1,77.1,0.00,IDLE-SILENT
24,1,0,0,-1,95.0,0.00,IDLE-SILENT
24,2,0,0,-1,48.1,0.00,IDLE-SILENT
24,3,0,0,-1,73.9,0.00,IDLE-SILENT
24,4,0,0,-1,64.5,0.00,IDLE-SILENT
25,0,0,0,-1,77.0,0.00,IDLE-SILENT
25,1,0,0,-1,94.9,0.00,IDLE-SILENT
25,2,0,0,-1,48.0,0.00,IDLE-SILENT
25,3,0,0,-1,73.8,0.00,IDLE-SILENT
25,4,0,0,-1,64.4,0.00,IDLE-SILENT
26,0,0,0,-1,76.9,0.00,IDLE-SILENT
26,1,0,0,-1,94.8,0.00,IDLE-SILENT
26,2,0,0,-1,47.9,0.00,IDLE-SILENT
26,3,0,0,-1,73.7,0.00,IDLE-SILENT
26,4,0,0,-1,64.3,0.00,IDLE-SILENT
27,0,0,0,-1,76.8,0.00,IDLE-SILENT
27,1,0,0,-1,94.7,0.00,IDLE-SILENT
27,2,0,0,-1,47.8,0.00,IDLE-SILENT
27,3,0,0,-1,73.6,0.00,IDLE-SILENT
27,4,0,0,-1,64.2,0.00,IDLE-SILENT
28,0,0,0,-1,76.7,0.00,IDLE-SILENT
28,1,0,0,-1,94.6,0.00,IDLE-SILENT
28,2,0,0,-1,47.7,0.00,IDLE-SILENT
28,3,0,0,-1,73.5,0.00,IDLE-SILENT
28,4,0,0,-1,64.1,0.00,IDLE-SILENT
29,0,0,0,-1,76.6,0.00,IDLE-SILENT
29,1,0,0,-1,94.5,0.00,IDLE-SILENT
29,2,0,0,-1,47.6,0.00,IDLE-SILENT
29,3,0,0,-1,73.4,0.00,IDLE-SILENT
29,4,0,0,-1,64.0,0.00,IDLE-SILENT
30,0,0,0,9,76.5,0.00,IDLE-SILENT
30,1,0,0,9,94.4,0.00,IDLE-SILENT
30,2,0,0,9,47.5,0.00,IDLE-SILENT
30,3,0,0,9,73.3,0.00,IDLE-SILENT
30,4,0,0,9,63.9,0.00,IDLE-SILENT
31,0,0,0,9,76.4,0.00,SILENT,IDLE-SILENT
31,1,0,0,9,94.3,0.00,SILENT,IDLE-SILENT
31,2,0,0,9,47.4,0.00,SILENT,IDLE-SILENT
31,3,0,0,9,73.2,0.00,SILENT,IDLE-SILENT
31,4,0,0,9,63.8,0.00,SILENT,IDLE-SILENT
32,0,0,0,9,76.3,0.00,SILENT,IDLE-SILENT
32,1,0,0,9,94.2,0.00,SILENT,IDLE-SILENT
32,2,0,0,9,47.3,0.00,SILENT,IDLE-SILENT
32,3,0,0,9,73.1,0.00,SILENT,IDLE-SILENT
32,4,0,0,9,63.7,0.00,SILENT,IDLE-SILENT
33,0,0,0,9,76.2,0.00,SILENT,IDLE-SILENT
33,1,0,0,9,94.1,0.00,SILENT,IDLE-SILENT
33,2,0,0,9,47.2,0.00,SILENT,IDLE-SILENT
33,3,0,0,9,73.0,0.00,SILENT,IDLE-SILENT
33,4,0,0,9,63.6,0.00,SILENT,IDLE-SILENT
34,0,0,0,9,76.1,0.00,SILENT,IDLE-SILENT
34,1,0,0,9,94.0,0.00,SILENT,IDLE-SILENT
34,2,0,0,9,47.1,0.00,SILENT,IDLE-SILENT
34,3,0,0,9,72.9,0.00,SILENT,IDLE-SILENT
34,4,0,0,9,63.5,0.00,SILENT,IDLE-SILENT
35,0,0,0,9,76.0,0.00,SILENT,IDLE-SILENT
35,1,0,0,9,93.9,0.00,SILENT,IDLE-SILENT
35,2,0,0,9,47.0,0.00,SILENT,IDLE-SILENT
35,3,0,0,9,72.8,0.00,SILENT,IDLE-SILENT
35,4,0,0,9,63.4,0.00,SILENT,IDLE-SILENT
36,0,0,0,9,75.9,0.00,SILENT,IDLE-SILENT
36,1,0,0,9,93.8,0.00,SILENT,IDLE-SILENT
36,2,0,0,9,46.9,0.00,SILENT,IDLE-SILENT
36,3,0,0,9,72.7,0.00,SILENT,IDLE-SILENT
36,4,0,0,9,63.3,0.00,SILENT,IDLE-SILENT
37,0,0,0,9,75.8,0.00,SILENT,IDLE-SILENT
37,1,0,0,9,93.7,0.00,SILENT,IDLE-SILENT
37,2,0,0,9,46.8,0.00,SILENT,IDLE-SILENT
37,3,0,0,9,72.6,0.00,SILENT,IDLE-SILENT
37,4,0,0,9,63.2,0.00,SILENT,IDLE-SILENT
38,0,0,0,9,75.7,0.00,SILENT,IDLE-SILENT
38,1,0,0,9,93.6,0.00,SILENT,IDLE-SILENT
38,2,0,0,9,46.7,0.00,SILENT,IDLE-SILENT
38,3,0,0,9,72.5,0.00,SILENT,IDLE-SILENT
38,4,0,0,9,63.1,0.00,SILENT,IDLE-SILENT
39,0,0,0,9,75.6,0.00,SILENT,IDLE-SILENT
39,1,0,0,9,93.5,0.00,SILENT,IDLE-SILENT
39,2,0,0,9,46.6,0.00,SILENT,IDLE-SILENT
39,3,0,0,9,72.4,0.00,SILENT,IDLE-SILENT
39,4,0,0,9,63.0,0.00,SILENT,IDLE-SILENT
40,0,0,0,9,75.5,0.00,SILENT,IDLE-SILENT
40,1,0,0,9,93.4,0.00,SILENT,IDLE-SILENT
40,2,0,0,9,46.5,0.00,SILENT,IDLE-SILENT
40,3,0,0,9,72.3,0.00,SILENT,IDLE-SILENT
40,4,0,0,9,62.9,0.00,SILENT,IDLE-SILENT
41,0,0,0,9,75.4,0.00,SILENT,IDLE-SILENT
41,1,0,0,9,93.3,0.00,SILENT,IDLE-SILENT
41,2,0,0,9,46.4,0.00,SILENT,IDLE-SILENT
41,3,0,0,9,72.2,0.00,SILENT,IDLE-SILENT
41,4,0,0,9,62.8,0.00,SILENT,IDLE-SILENT
42,0,0,0,9,75.3,0.00,SILENT,IDLE-SILENT
42,1,0,0,9,93.2,0.00,SILENT,IDLE-SILENT
42,2,0,0,9,46.3,0.00,SILENT,IDLE-SILENT
42,3,0,0,9,72.1,0.00,SILENT,IDLE-SILENT
42,4,0,0,9,62.7,0.00,SILENT,IDLE-SILENT
43,0,0,0,9,75.2,0.00,SILENT,IDLE-SILENT
43,1,0,0,9,93.1,0.00,SILENT,IDLE-SILENT
43,2,0,0,9,46.2,0.00,SILENT,IDLE-SILENT
43,3,0,0,9,72.0,0.00,SILENT,IDLE-SILENT
43,4,0,0,9,62.6,0.00,SILENT,IDLE-SILENT
44,0,0,0,9,75.1,0.00,SILENT,IDLE-SILENT
44,1,0,0,9,93.0,0.00,SILENT,IDLE-SILENT
44,2,0,0,9,46.1,0.00,SILENT,IDLE-SILENT
44,3,0,0,9,71.9,0.00,SILENT,IDLE-SILENT
44,4,0,0,9,62.5,0.00,SILENT,IDLE-SILENT
45,0,0,0,9,75.0,0.00,SILENT,IDLE-SILENT
45,1,0,0,9,92.9,0.00,SILENT,IDLE-SILENT
45,2,0,0,9,46.0,0.00,SILENT,IDLE-SILENT
45,3,0,0,9,71.8,0.00,SILENT,IDLE-SILENT
45,4,0,0,9,62.4,0.00,SILENT,IDLE-SILENT
46,0,0,0,9,74.9,0.00,SILENT,IDLE-SILENT
46,1,0,0,9,92.8,0.00,SILENT,IDLE-SILENT
46,2,0,0,9,45.9,0.00,SILENT,IDLE-SILENT
46,3,0,0,9,71.7,0.00,SILENT,IDLE-SILENT
46,4,0,0,9,62.3,0.00,SILENT,IDLE-SILENT
47,0,0,0,9,74.8,0.00,SILENT,IDLE-SILENT
47,1,0,0,9,92.7,0.00,SILENT,IDLE-SILENT
47,2,0,0,9,45.8,0.00,SILENT,IDLE-SILENT
47,3,0,0,9,71.6,0.00,SILENT,IDLE-SILENT
47,4,0,0,9,62.2,0.00,SILENT,IDLE-SILENT
48,0,0,0,9,74.7,0.00,SILENT,IDLE-SILENT
48,1,0,0,9,92.6,0.00,SILENT,IDLE-SILENT
48,2,0,0,9,45.7,0.00,SILENT,IDLE-SILENT
48,3,0,0,9,71.5,0.00,SILENT,IDLE-SILENT
48,4,0,0,9,62.1,0.00,SILENT,IDLE-SILENT
49,0,0,0,9,74.6,0.00,SILENT,IDLE-SILENT
49,1,0,0,9,92.5,0.00,SILENT,IDLE-SILENT
49,2,0,0,9,45.6,0.00,SILENT,IDLE-SILENT
49,3,0,0,9,71.4,0.00,SILENT,IDLE-SILENT
49,4,0,0,9,62.0,0.00,SILENT,IDLE-SILENT
50,0,0,0,9,74.5,0.00,SILENT,IDLE-SILENT
50,1,0,0,9,92.4,0.00,SILENT,IDLE-SILENT
50,2,0,0,9,45.5,0.00,SILENT,IDLE-SILENT
50,3,0,0,9,71.3,0.00,SILENT,IDLE-SILENT
50,4,0,0,9,61.9,0.00,SILENT,IDLE-SILENT
51,0,0,0,9,74.4,0.00,SILENT,IDLE-SILENT
51,1,0,0,9,92.3,0.00,SILENT,IDLE-SILENT
51,2,0,0,9,45.4,0.00,SILENT,IDLE-SILENT
51,3,0,0,9,71.2,0.00,SILENT,IDLE-SILENT
51,4,0,0,9,61.8,0.00,SILENT,IDLE-SILENT
52,0,0,0,9,74.3,0.00,SILENT,IDLE-SILENT
52,1,0,0,9,92.2,0.00,SILENT,IDLE-SILENT
52,2,0,0,9,45.3,0.00,SILENT,IDLE-SILENT
52,3,0,0,9,71.1,0.00,SILENT,IDLE-SILENT
52,4,0,0,9,61.7,0.00,SILENT,IDLE-SILENT
53,0,0,0,9,74.2,0.00,SILENT,IDLE-SILENT
53,1,0,0,9,92.1,0.00,SILENT,IDLE-SILENT
53,2,0,0,9,45.2,0.00,SILENT,IDLE-SILENT
53,3,0,0,9,71.0,0.00,SILENT,IDLE-SILENT
53,4,0,0,9,61.6,0.00,SILENT,IDLE-SILENT
54,0,0,0,9,74.1,0.00,SILENT,IDLE-SILENT
54,1,0,0,9,92.0,0.00,SILENT,IDLE-SILENT
54,2,0,0,9,45.1,0.00,SILENT,IDLE-SILENT
54,3,0,0,9,70.9,0.00,SILENT,IDLE-SILENT
54,4,0,0,9,61.5,0.00,SILENT,IDLE-SILENT
55,0,0,0,9,74.0,0.00,SILENT,IDLE-SILENT
55,1,0,0,9,91.9,0.00,SILENT,IDLE-SILENT
55,2,0,0,9,45.0,0.00,SILENT,IDLE-SILENT
55,3,0,0,9,70.8,0.00,SILENT,IDLE-SILENT
55,4,0,0,9,61.4,0.00,SILENT,IDLE-SILENT
56,0,0,0,9,73.9,0.00,SILENT,IDLE-SILENT
56,1,0,0,9,91.8,0.00,SILENT,IDLE-SILENT
56,2,0,0,9,44.9,0.00,SILENT,IDLE-SILENT
56,3,0,0,9,70.7,0.00,SILENT,IDLE-SILENT
56,4,0,0,9,61.3,0.00,SILENT,IDLE-SILENT
57,0,0,0,9,73.8,0.00,SILENT,IDLE-SILENT
57,1,0,0,9,91.7,0.00,SILENT,IDLE-SILENT
57,2,0,0,9,44.8,0.00,SILENT,IDLE-SILENT
57,3,0,0,9,70.6,0.00,SILENT,IDLE-SILENT
57,4,0,0,9,61.2,0.00,SILENT,IDLE-SILENT
58,0,0,0,9,73.7,0.00,SILENT,IDLE-SILENT
58,1,0,0,9,91.6,0.00,SILENT,IDLE-SILENT
58,2,0,0,9,44.7,0.00,SILENT,IDLE-SILENT
58,3,0,0,9,70.5,0.00,SILENT,IDLE-SILENT
58,4,0,0,9,61.1,0.00,SILENT,IDLE-SILENT
59,0,0,0,9,73.6,0.00,SILENT,IDLE-SILENT
59,1,0,0,9,91.5,0.00,SILENT,IDLE-SILENT
59,2,0,0,9,44.6,0.00,SILENT,IDLE-SILENT
59,3,0,0,9,70.4,0.00,SILENT,IDLE-SILENT
59,4,0,0,9,61.0,0.00,SILENT,IDLE-SILENT
60,0,0,0,9,73.5,0.00,SILENT,IDLE-SILENT
60,1,0,0,9,91.4,0.00,SILENT,IDLE-SILENT
60,2,0,0,9,44.5,0.00,SILENT,IDLE-SILENT
60,3,0,0,9,70.3,0.00,SILENT,IDLE-SILENT
60,4,0,0,9,60.9,0.00,SILENT,IDLE-SILENT
61,0,0,0,9,73.4,0.00,SILENT,IDLE-SILENT
61,1,0,0,9,91.3,0.00,SILENT,IDLE-SILENT
61,2,0,0,9,44.4,0.00,SILENT,IDLE-SILENT
61,3,0,0,9,70.2,0.00,SILENT,IDLE-SILENT
61,4,0,0,9,60.8,0.00,SILENT,IDLE-SILENT
62,0,0,0,9,73.3,0.00,SILENT,IDLE-SILENT
62,1,0,0,9,91.2,0.00,SILENT,IDLE-SILENT
62,2,0,0,9,44.3,0.00,SILENT,IDLE-SILENT
62,3,0,0,9,70.1,0.00,SILENT,IDLE-SILENT
62,4,0,0,9,60.7,0.00,SILENT,IDLE-SILENT
63,0,0,0,9,73.2,0.00,SILENT,IDLE-SILENT
63,1,0,0,9,91.1,0.00,SILENT,IDLE-SILENT
63,2,0,0,9,44.2,0.00,SILENT,IDLE-SILENT
63,3,0,0,9,70.0,0.00,SILENT,IDLE-SILENT
63,4,0,0,9,60.6,0.00,SILENT,IDLE-SILENT
64,0,0,0,9,73.1,0.00,SILENT,IDLE-SILENT
64,1,0,0,9,91.0,0.00,SILENT,IDLE-SILENT
64,2,0,0,9,44.1,0.00,SILENT,IDLE-SILENT
64,3,0,0,9,69.9,0.00,SILENT,IDLE-SILENT
64,4,0,0,9,60.5,0.00,SILENT,IDLE-SILENT
65,0,0,0,9,73.0,0.00,SILENT,IDLE-SILENT
65,1,0,0,9,90.9,0.00,SILENT,IDLE-SILENT
65,2,0,0,9,44.0,0.00,SILENT,IDLE-SILENT
65,3,0,0,9,69.8,0.00,SILENT,IDLE-SILENT
65,4,0,0,9,60.4,0.00,SILENT,IDLE-SILENT
66,0,0,0,9,72.9,0.00,SILENT,IDLE-SILENT
66,1,0,0,9,90.8,0.00,SILENT,IDLE-SILENT
66,2,0,0,9,43.9,0.00,SILENT,IDLE-SILENT
66,3,0,0,9,69.7,0.00,SILENT,IDLE-SILENT
66,4,0,0,9,60.3,0.00,SILENT,IDLE-SILENT
67,0,0,0,9,72.8,0.00,SILENT,IDLE-SILENT
67,1,0,0,9,90.7,0.00,SILENT,IDLE-SILENT
67,2,0,0,9,43.8,0.00,SILENT,IDLE-SILENT
67,3,0,0,9,69.6,0.00,SILENT,IDLE-SILENT
67,4,0,0,9,60.2,0.00,SILENT,IDLE-SILENT
68,0,0,0,9,72.7,0.00,SILENT,IDLE-SILENT
68,1,0,0,9,90.6,0.00,SILENT,IDLE-SILENT
68,2,0,0,9,43.7,0.00,SILENT,IDLE-SILENT
68,3,0,0,9,69.5,0.00,SILENT,IDLE-SILENT
68,4,0,0,9,60.1,0.00,SILENT,IDLE-SILENT
69,0,0,0,9,72.6,0.00,SILENT,IDLE-SILENT
69,1,0,0,9,90.5,0.00,SILENT,IDLE-SILENT
69,2,0,0,9,43.6,0.00,SILENT,IDLE-SILENT
69,3,0,0,9,69.4,0.00,SILENT,IDLE-SILENT
69,4,0,0,9,60.0,0.00,SILENT,IDLE-SILENT
70,0,0,0,9,72.5,0.00,SILENT,IDLE-SILENT
70,1,0,0,9,90.4,0.00,SILENT,IDLE-SILENT
70,2,0,0,9,43.5,0.00,SILENT,IDLE-SILENT
70,3,0,0,9,69.3,0.00,SILENT,IDLE-SILENT
70,4,0,0,9,59.9,0.00,SILENT,IDLE-SILENT
71,0,0,0,9,72.4,0.00,SILENT,IDLE-SILENT
71,1,0,0,9,90.3,0.00,SILENT,IDLE-SILENT
71,2,0,0,9,43.4,0.00,SILENT,IDLE-SILENT
71,3,0,0,9,69.2,0.00,SILENT,IDLE-SILENT
71,4,0,0,9,59.8,0.00,SILENT,IDLE-SILENT
72,0,0,0,9,72.3,0.00,SILENT,IDLE-SILENT
72,1,0,0,9,90.2,0.00,SILENT,IDLE-SILENT
72,2,0,0,9,43.3,0.00,SILENT,IDLE-SILENT
72,3,0,0,9,69.1,0.00,SILENT,IDLE-SILENT
72,4,0,0,9,59.7,0.00,SILENT,IDLE-SILENT
73,0,0,0,9,72.2,0.00,SILENT,IDLE-SILENT
73,1,0,0,9,90.1,0.00,SILENT,IDLE-SILENT
73,2,0,0,9,43.2,0.00,SILENT,IDLE-SILENT
73,3,0,0,9,69.0,0.00,SILENT,IDLE-SILENT
73,4,0,0,9,59.6,0.00,SILENT,IDLE-SILENT
74,0,0,0,9,72.1,0.00,SILENT,IDLE-SILENT
74,1,0,0,9,90.0,0.00,SILENT,IDLE-SILENT
74,2,0,0,9,43.1,0.00,SILENT,IDLE-SILENT
74,3,0,0,9,68.9,0.00,SILENT,IDLE-SILENT
74,4,0,0,9,59.5,0.00,SILENT,IDLE-SILENT
75,0,0,0,9,72.0,0.00,SILENT,IDLE-SILENT
75,1,0,0,9,89.9,0.00,SILENT,IDLE-SILENT
75,2,0,0,9,43.0,0.00,SILENT,IDLE-SILENT
75,3,0,0,9,68.8,0.00,SILENT,IDLE-SILENT
75,4,0,0,9,59.4,0.00,SILENT,IDLE-SILENT
76,0,0,0,9,71.9,0.00,SILENT,IDLE-SILENT
76,1,0,0,9,89.8,0.00,SILENT,IDLE-SILENT
76,2,0,0,9,42.9,0.00,SILENT,IDLE-SILENT
76,3,0,0,9,68.7,0.00,SILENT,IDLE-SILENT
76,4,0,0,9,59.3,0.00,SILENT,IDLE-SILENT
77,0,0,0,9,71.8,0.00,SILENT,IDLE-SILENT
77,1,0,0,9,89.7,0.00,SILENT,IDLE-SILENT
77,2,0,0,9,42.8,0.00,SILENT,IDLE-SILENT
77,3,0,0,9,68.6,0.00,SILENT,IDLE-SILENT
77,4,0,0,9,59.2,0.00,SILENT,IDLE-SILENT
78,0,0,0,9,71.7,0.00,SILENT,IDLE-SILENT
78,1,0,0,9,89.6,0.00,SILENT,IDLE-SILENT
78,2,0,0,9,42.7,0.00,SILENT,IDLE-SILENT
78,3,0,0,9,68.5,0.00,SILENT,IDLE-SILENT
78,4,0,0,9,59.1,0.00,SILENT,IDLE-SILENT
79,0,0,0,9,71.6,0.00,SILENT,IDLE-SILENT
79,1,0,0,9,89.5,0.00,SILENT,IDLE-SILENT
79,2,0,0,9,42.6,0.00,SILENT,IDLE-SILENT
79,3,0,0,9,68.4,0.00,SILENT,IDLE-SILENT
79,4,0,0,9,59.0,0.00,SILENT,IDLE-SILENT
80,0,0,0,9,71.5,0.00,SILENT,IDLE-SILENT
80,1,0,0,9,89.4,0.00,SILENT,IDLE-SILENT
80,2,0,0,9,42.5,0.00,SILENT,IDLE-SILENT
80,3,0,0,9,68.3,0.00,SILENT,IDLE-SILENT
80,4,0,0,9,58.9,0.00,SILENT,IDLE-SILENT
81,0,0,0,9,71.4,0.00,SILENT,IDLE-SILENT
81,1,0,0,9,89.3,0.00,SILENT,IDLE-SILENT
81,2,0,0,9,42.4,0.00,SILENT,IDLE-SILENT
81,3,0,0,9,68.2,0.00,SILENT,IDLE-SILENT
81,4,0,0,9,58.8,0.00,SILENT,IDLE-SILENT
82,0,0,0,9,71.3,0.00,SILENT,IDLE-SILENT
82,1,0,0,9,89.2,0.00,SILENT,IDLE-SILENT
82,2,0,0,9,42.3,0.00,SILENT,IDLE-SILENT
82,3,0,0,9,68.1,0.00,SILENT,IDLE-SILENT
82,4,0,0,9,58.7,0.00,SILENT,IDLE-SILENT
83,0,0,0,9,71.2,0.00,SILENT,IDLE-SILENT
83,1,0,0,9,89.1,0.00,SILENT,IDLE-SILENT
83,2,0,0,9,42.2,0.00,SILENT,IDLE-SILENT
83,3,0,0,9,68.0,0.00,SILENT,IDLE-SILENT
83,4,0,0,9,58.6,0.00,SILENT,IDLE-SILENT
84,0,0,0,9,71.1,0.00,SILENT,IDLE-SILENT
84,1,0,0,9,89.0,0.00,SILENT,IDLE-SILENT
84,2,0,0,9,42.1,0.00,SILENT,IDLE-SILENT
84,3,0,0,9,67.9,0.00,SILENT,IDLE-SILENT
84,4,0,0,9,58.5,0.00,SILENT,IDLE-SILENT
85,0,0,0,9,71.0,0.00,SILENT,IDLE-SILENT
85,1,0,0,9,88.9,0.00,SILENT,IDLE-SILENT
85,2,0,0,9,42.0,0.00,SILENT,IDLE-SILENT
85,3,0,0,9,67.8,0.00,SILENT,IDLE-SILENT
85,4,0,0,9,58.4,0.00,SILENT,IDLE-SILENT
86,0,0,0,9,70.9,0.00,SILENT,IDLE-SILENT
86,1,0,0,9,88.8,0.00,SILENT,IDLE-SILENT
86,2,0,0,9,41.9,0.00,SILENT,IDLE-SILENT
86,3,0,0,9,67.7,0.00,SILENT,IDLE-SILENT
86,4,0,0,9,58.3,0.00,SILENT,IDLE-SILENT
87,0,0,0,9,70.8,0.00,SILENT,IDLE-SILENT
87,1,0,0,9,88.7,0.00,SILENT,IDLE-SILENT
87,2,0,0,9,41.8,0.00,SILENT,IDLE-SILENT
87,3,0,0,9,67.6,0.00,SILENT,IDLE-SILENT
87,4,0,0,9,58.2,0.00,SILENT,IDLE-SILENT
88,0,0,0,9,70.7,0.00,SILENT,IDLE-SILENT
88,1,0,0,9,88.6,0.00,SILENT,IDLE-SILENT
88,2,0,0,9,41.7,0.00,SILENT,IDLE-SILENT
88,3,0,0,9,67.5,0.00,SILENT,IDLE-SILENT
88,4,0,0,9,58.1,0.00,SILENT,IDLE-SILENT
89,0,0,0,9,70.6,0.00,SILENT,IDLE-SILENT
89,1,0,0,9,88.5,0.00,SILENT,IDLE-SILENT
89,2,0,0,9,41.6,0.00,SILENT,IDLE-SILENT
89,3,0,0,9,67.4,0.00,SILENT,IDLE-SILENT
89,4,0,0,9,58.0,0.00,SILENT,IDLE-SILENT
90,0,0,0,9,70.5,0.00,SILENT,IDLE-SILENT
90,1,0,0,9,88.4,0.00,SILENT,IDLE-SILENT
90,2,0,0,9,41.5,0.00,SILENT,IDLE-SILENT
90,3,0,0,9,67.3,0.00,SILENT,IDLE-SILENT
90,4,0,0,9,57.9,0.00,SILENT,IDLE-SILENT
91,0,0,0,9,70.4,0.00,SILENT,IDLE-SILENT
91,1,0,0,9,88.3,0.00,SILENT,IDLE-SILENT
91,2,0,0,9,41.4,0.00,SILENT,IDLE-SILENT
91,3,0,0,9,67.2,0.00,SILENT,IDLE-SILENT
91,4,0,0,9,57.8,0.00,SILENT,IDLE-SILENT
92,0,0,0,9,70.3,0.00,SILENT,IDLE-SILENT
92,1,0,0,9,88.2,0.00,SILENT,IDLE-SILENT
92,2,0,0,9,41.3,0.00,SILENT,IDLE-SILENT
92,3,0,0,9,67.1,0.00,SILENT,IDLE-SILENT
92,4,0,0,9,57.7,0.00,SILENT,IDLE-SILENT
93,0,0,0,9,70.2,0.00,SILENT,IDLE-SILENT
93,1,0,0,9,88.1,0.00,SILENT,IDLE-SILENT
93,2,0,0,9,41.2,0.00,SILENT,IDLE-SILENT
93,3,0,0,9,67.0,0.00,SILENT,IDLE-SILENT
93,4,0,0,9,57.6,0.00,SILENT,IDLE-SILENT
94,0,0,0,9,70.1,0.00,SILENT,IDLE-SILENT
94,1,0,0,9,88.0,0.00,SILENT,IDLE-SILENT
94,2,0,0,9,41.1,0.00,SILENT,IDLE-SILENT
94,3,0,0,9,66.9,0.00,SILENT,IDLE-SILENT
94,4,0,0,9,57.5,0.00,SILENT,IDLE-SILENT
95,0,0,0,9,70.0,0.00,SILENT,IDLE-SILENT
95,1,0,0,9,87.9,0.00,SILENT,IDLE-SILENT
95,2,0,0,9,41.0,0.00,SILENT,IDLE-SILENT
95,3,0,0,9,66.8,0.00,SILENT,IDLE-SILENT
95,4,0,0,9,57.4,0.00,SILENT,IDLE-SILENT
96,0,0,0,9,69.9,0.00,SILENT,IDLE-SILENT
96,1,0,0,9,87.8,0.00,SILENT,IDLE-SILENT
96,2,0,0,9,40.9,0.00,SILENT,IDLE-SILENT
96,3,0,0,9,66.7,0.00,SILENT,IDLE-SILENT
96,4,0,0,9,57.3,0.00,SILENT,IDLE-SILENT
97,0,0,0,9,69.8,0.00,SILENT,IDLE-SILENT
97,1,0,0,9,87.7,0.00,SILENT,IDLE-SILENT
97,2,0,0,9,40.8,0.00,SILENT,IDLE-SILENT
97,3,0,0,9,66.6,0.00,SILENT,IDLE-SILENT
97,4,0,0,9,57.2,0.00,SILENT,IDLE-SILENT
98,0,0,0,9,69.7,0.00,SILENT,IDLE-SILENT
98,1,0,0,9,87.6,0.00,SILENT,IDLE-SILENT
98,2,0,0,9,40.7,0.00,SILENT,IDLE-SILENT
98,3,0,0,9,66.5,0.00,SILENT,IDLE-SILENT
98,4,0,0,9,57.1,0.00,SILENT,IDLE-SILENT
99,0,0,0,9,69.6,0.00,SILENT,IDLE-SILENT
99,1,0,0,9,87.5,0.00,SILENT,IDLE-SILENT
99,2,0,0,9,40.6,0.00,SILENT,IDLE-SILENT
99,3,0,0,9,66.4,0.00,SILENT,IDLE-SILENT
99,4,0,0,9,57.0,0.00,SILENT,IDLE-SILENT
100,0,0,0,9,69.5,0.00,SILENT,IDLE-SILENT
100,1,0,0,9,87.4,0.00,SILENT,IDLE-SILENT
100,2,0,0,9,40.5,0.00,SILENT,IDLE-SILENT
100,3,0,0,9,66.3,0.00,SILENT,IDLE-SILENT
100,4,0,0,9,56.9,0.00,SILENT,IDLE-SILENT
101,0,0,0,9,69.4,0.00,SILENT,IDLE-SILENT
101,1,0,0,9,87.3,0.00,SILENT,IDLE-SILENT
101,2,0,0,9,40.4,0.00,SILENT,IDLE-SILENT
101,3,0,0,9,66.2,0.00,SILENT,IDLE-SILENT
101,4,0,0,9,56.8,0.00,SILENT,IDLE-SILENT
102,0,0,0,9,69.3,0.00,SILENT,IDLE-SILENT
102,1,0,0,9,87.2,0.00,SILENT,IDLE-SILENT
102,2,0,0,9,40.3,0.00,SILENT,IDLE-SILENT
102,3,0,0,9,66.1,0.00,SILENT,IDLE-SILENT
102,4,0,0,9,56.7,0.00,SILENT,IDLE-SILENT
103,0,0,0,9,69.2,0.00,SILENT,IDLE-SILENT
103,1,0,0,9,87.1,0.00,SILENT,IDLE-SILENT
103,2,0,0,9,40.2,0.00,SILENT,IDLE-SILENT
103,3,0,0,9,66.0,0.00,SILENT,IDLE-SILENT
103,4,0,0,9,56.6,0.00,SILENT,IDLE-SILENT
104,0,0,0,9,69.1,0.00,SILENT,IDLE-SILENT
104,1,0,0,9,87.0,0.00,SILENT,IDLE-SILENT
104,2,0,0,9,40.1,0.00,SILENT,IDLE-SILENT
104,3,0,0,9,65.9,0.00,SILENT,IDLE-SILENT
104,4,0,0,9,56.5,0.00,SILENT,IDLE-SILENT
105,0,0,0,9,69.0,0.00,SILENT,IDLE-SILENT
105,1,0,0,9,86.9,0.00,SILENT,IDLE-SILENT
105,2,0,0,9,40.0,0.00,SILENT,IDLE-SILENT
105,3,0,0,9,65.8,0.00,SILENT,IDLE-SILENT
105,4,0,0,9,56.4,0.00,SILENT,IDLE-SILENT
106,0,0,0,9,68.9,0.00,SILENT,IDLE-SILENT
106,1,0,0,9,86.8,0.00,SILENT,IDLE-SILENT
106,2,0,0,9,39.9,0.00,SILENT,IDLE-SILENT
106,3,0,0,9,65.7,0.00,SILENT,IDLE-SILENT
106,4,0,0,9,56.3,0.00,SILENT,IDLE-SILENT
107,0,0,0,9,68.8,0.00,SILENT,IDLE-SILENT
107,1,0,0,9,86.7,0.00,SILENT,IDLE-SILENT
107,2,0,0,9,39.8,0.00,SILENT,IDLE-SILENT
107,3,0,0,9,65.6,0.00,SILENT,IDLE-SILENT
107,4,0,0,9,56.2,0.00,SILENT,IDLE-SILENT
108,0,0,0,9,68.7,0.00,SILENT,IDLE-SILENT
108,1,0,0,9,86.6,0.00,SILENT,IDLE-SILENT
108,2,0,0,9,39.7,0.00,SILENT,IDLE-SILENT
108,3,0,0,9,65.5,0.00,SILENT,IDLE-SILENT
108,4,0,0,9,56.1,0.00,SILENT,IDLE-SILENT
109,0,0,0,9,68.6,0.00,SILENT,IDLE-SILENT
109,1,0,0,9,86.5,0.00,SILENT,IDLE-SILENT
109,2,0,0,9,39.6,0.00,SILENT,IDLE-SILENT
109,3,0,0,9,65.4,0.00,SILENT,IDLE-SILENT
109,4,0,0,9,56.0,0.00,SILENT,IDLE-SILENT
110,0,0,0,9,68.5,0.00,SILENT,IDLE-SILENT
110,1,0,0,9,86.4,0.00,SILENT,IDLE-SILENT
110,2,0,0,9,39.5,0.00,SILENT,IDLE-SILENT
110,3,0,0,9,65.3,0.00,SILENT,IDLE-SILENT
110,4,0,0,9,55.9,0.00,SILENT,IDLE-SILENT
111,0,0,0,9,68.4,0.00,SILENT,IDLE-SILENT
111,1,0,0,9,86.3,0.00,SILENT,IDLE-SILENT
111,2,0,0,9,39.4,0.00,SILENT,IDLE-SILENT
111,3,0,0,9,65.2,0.00,SILENT,IDLE-SILENT
111,4,0,0,9,55.8,0.00,SILENT,IDLE-SILENT
112,0,0,0,9,68.3,0.00,SILENT,IDLE-SILENT
112,1,0,0,9,86.2,0.00,SILENT,IDLE-SILENT
112,2,0,0,9,39.3,0.00,SILENT,IDLE-SILENT
112,3,0,0,9,65.1,0.00,SILENT,IDLE-SILENT
112,4,0,0,9,55.7,0.00,SILENT,IDLE-SILENT
113,0,0,0,9,68.2,0.00,SILENT,IDLE-SILENT
113,1,0,0,9,86.1,0.00,SILENT,IDLE-SILENT
113,2,0,0,9,39.2,0.00,SILENT,IDLE-SILENT
113,3,0,0,9,65.0,0.00,SILENT,IDLE-SILENT
113,4,0,0,9,55.6,0.00,SILENT,IDLE-SILENT
114,0,0,0,9,68.1,0.00,SILENT,IDLE-SILENT
114,1,0,0,9,86.0,0.00,SILENT,IDLE-SILENT
114,2,0,0,9,39.1,0.00,SILENT,IDLE-SILENT
114,3,0,0,9,64.9,0.00,SILENT,IDLE-SILENT
114,4,0,0,9,55.5,0.00,SILENT,IDLE-SILENT
115,0,0,0,9,68.0,0.00,SILENT,IDLE-SILENT
115,1,0,0,9,85.9,0.00,SILENT,IDLE-SILENT
115,2,0,0,9,39.0,0.00,SILENT,IDLE-SILENT
115,3,0,0,9,64.8,0.00,SILENT,IDLE-SILENT
115,4,0,0,9,55.4,0.00,SILENT,IDLE-SILENT
116,0,0,0,9,67.9,0.00,SILENT,IDLE-SILENT
116,1,0,0,9,85.8,0.00,SILENT,IDLE-SILENT
116,2,0,0,9,38.9,0.00,SILENT,IDLE-SILENT
116,3,0,0,9,64.7,0.00,SILENT,IDLE-SILENT
116,4,0,0,9,55.3,0.00,SILENT,IDLE-SILENT
117,0,0,0,9,67.8,0.00,SILENT,IDLE-SILENT
117,1,0,0,9,85.7,0.00,SILENT,IDLE-SILENT
117,2,0,0,9,38.8,0.00,SILENT,IDLE-SILENT
117,3,0,0,9,64.6,0.00,SILENT,IDLE-SILENT
117,4,0,0,9,55.2,0.00,SILENT,IDLE-SILENT
118,0,0,0,9,67.7,0.00,SILENT,IDLE-SILENT
118,1,0,0,9,85.6,0.00,SILENT,IDLE-SILENT
118,2,0,0,9,38.7,0.00,SILENT,IDLE-SILENT
118,3,0,0,9,64.5,0.00,SILENT,IDLE-SILENT
118,4,0,0,9,55.1,0.00,SILENT,IDLE-SILENT
119,0,0,0,9,67.6,0.00,SILENT,IDLE-SILENT
119,1,0,0,9,85.5,0.00,SILENT,IDLE-SILENT
119,2,0,0,9,38.6,0.00,SILENT,IDLE-SILENT
119,3,0,0,9,64.4,0.00,SILENT,IDLE-SILENT
119,4,0,0,9,55.0,0.00,SILENT,IDLE-SILENT
120,0,0,0,9,67.5,0.00,SILENT,IDLE-SILENT
120,1,0,0,9,85.4,0.00,SILENT,IDLE-SILENT
120,2,0,0,9,38.5,0.00,SILENT,IDLE-SILENT
120,3,0,0,9,64.3,0.00,SILENT,IDLE-SILENT
120,4,0,0,9,54.9,0.00,SILENT,IDLE-SILENT
121,0,0,0,9,67.4,0.00,SILENT,IDLE-SILENT
121,1,0,0,9,85.3,0.00,SILENT,IDLE-SILENT
121,2,0,0,9,38.4,0.00,SILENT,IDLE-SILENT
121,3,0,0,9,64.2,0.00,SILENT,IDLE-SILENT
121,4,0,0,9,54.8,0.00,SILENT,IDLE-SILENT
122,0,0,0,9,67.3,0.00,SILENT,IDLE-SILENT
122,1,0,0,9,85.2,0.00,SILENT,IDLE-SILENT
122,2,0,0,9,38.3,0.00,SILENT,IDLE-SILENT
122,3,0,0,9,64.1,0.00,SILENT,IDLE-SILENT
122,4,0,0,9,54.7,0.00,SILENT,IDLE-SILENT
123,0,0,0,9,67.2,0.00,SILENT,IDLE-SILENT
123,1,0,0,9,85.1,0.00,SILENT,IDLE-SILENT
123,2,0,0,9,38.2,0.00,SILENT,IDLE-SILENT
123,3,0,0,9,64.0,0.00,SILENT,IDLE-SILENT
123,4,0,0,9,54.6,0.00,SILENT,IDLE-SILENT
124,0,0,0,9,67.1,0.00,SILENT,IDLE-SILENT
124,1,0,0,9,85.0,0.00,SILENT,IDLE-SILENT
124,2,0,0,9,38.1,0.00,SILENT,IDLE-SILENT
124,3,0,0,9,63.9,0.00,SILENT,IDLE-SILENT
124,4,0,0,9,54.5,0.00,SILENT,IDLE-SILENT
125,0,0,0,9,67.0,0.00,SILENT,IDLE-SILENT
125,1,0,0,9,84.9,0.00,SILENT,IDLE-SILENT
125,2,0,0,9,38.0,0.00,SILENT,IDLE-SILENT
125,3,0,0,9,63.8,0.00,SILENT,IDLE-SILENT
125,4,0,0,9,54.4,0.00,SILENT,IDLE-SILENT
126,0,0,0,9,66.9,0.00,SILENT,IDLE-SILENT
126,1,0,0,9,84.8,0.00,SILENT,IDLE-SILENT
126,2,0,0,9,37.9,0.00,SILENT,IDLE-SILENT
126,3,0,0,9,63.7,0.00,SILENT,IDLE-SILENT
126,4,0,0,9,54.3,0.00,SILENT,IDLE-SILENT
127,0,0,0,9,66.8,0.00,SILENT,IDLE-SILENT
127,1,0,0,9,84.7,0.00,SILENT,IDLE-SILENT
127,2,0,0,9,37.8,0.00,SILENT,IDLE-SILENT
127,3,0,0,9,63.6,0.00,SILENT,IDLE-SILENT
127,4,0,0,9,54.2,0.00,SILENT,IDLE-SILENT
128,0,0,0,9,66.7,0.00,SILENT,IDLE-SILENT
128,1,0,0,9,84.6,0.00,SILENT,IDLE-SILENT
128,2,0,0,9,37.7,0.00,SILENT,IDLE-SILENT
128,3,0,0,9,63.5,0.00,SILENT,IDLE-SILENT
128,4,0,0,9,54.1,0.00,SILENT,IDLE-SILENT
129,0,0,0,9,66.6,0.00,SILENT,IDLE-SILENT
129,1,0,0,9,84.5,0.00,SILENT,IDLE-SILENT
129,2,0,0,9,37.6,0.00,SILENT,IDLE-SILENT
129,3,0,0,9,63.4,0.00,SILENT,IDLE-SILENT
129,4,0,0,9,54.0,0.00,SILENT,IDLE-SILENT
130,0,0,0,9,66.5,0.00,SILENT,IDLE-SILENT
130,1,0,0,9,84.4,0.00,SILENT,IDLE-SILENT
130,2,0,0,9,37.5,0.00,SILENT,IDLE-SILENT
130,3,0,0,9,63.3,0.00,SILENT,IDLE-SILENT
130,4,0,0,9,53.9,0.00,SILENT,IDLE-SILENT
131,0,0,0,9,66.4,0.00,SILENT,IDLE-SILENT
131,1,0,0,9,84.3,0.00,SILENT,IDLE-SILENT
131,2,0,0,9,37.4,0.00,SILENT,IDLE-SILENT
131,3,0,0,9,63.2,0.00,SILENT,IDLE-SILENT
131,4,0,0,9,53.8,0.00,SILENT,IDLE-SILENT
132,0,0,0,9,66.3,0.00,SILENT,IDLE-SILENT
132,1,0,0,9,84.2,0.00,SILENT,IDLE-SILENT
132,2,0,0,9,37.3,0.00,SILENT,IDLE-SILENT
132,3,0,0,9,63.1,0.00,SILENT,IDLE-SILENT
132,4,0,0,9,53.7,0.00,SILENT,IDLE-SILENT
133,0,0,0,9,66.2,0.00,SILENT,IDLE-SILENT
133,1,0,0,9,84.1,0.00,SILENT,IDLE-SILENT
133,2,0,0,9,37.2,0.00,SILENT,IDLE-SILENT
133,3,0,0,9,63.0,0.00,SILENT,IDLE-SILENT
133,4,0,0,9,53.6,0.00,SILENT,IDLE-SILENT
134,0,0,0,9,66.1,0.00,SILENT,IDLE-SILENT
134,1,0,0,9,84.0,0.00,SILENT,IDLE-SILENT
134,2,0,0,9,37.1,0.00,SILENT,IDLE-SILENT
134,3,0,0,9,62.9,0.00,SILENT,IDLE-SILENT
134,4,0,0,9,53.5,0.00,SILENT,IDLE-SILENT
135,0,0,0,9,66.0,0.00,SILENT,IDLE-SILENT
135,1,0,0,9,83.9,0.00,SILENT,IDLE-SILENT
135,2,0,0,9,37.0,0.00,SILENT,IDLE-SILENT
135,3,0,0,9,62.8,0.00,SILENT,IDLE-SILENT
135,4,0,0,9,53.4,0.00,SILENT,IDLE-SILENT
136,0,0,0,9,65.9,0.00,SILENT,IDLE-SILENT
136,1,0,0,9,83.8,0.00,SILENT,IDLE-SILENT
136,2,0,0,9,36.9,0.00,SILENT,IDLE-SILENT
136,3,0,0,9,62.7,0.00,SILENT,IDLE-SILENT
136,4,0,0,9,53.3,0.00,SILENT,IDLE-SILENT
137,0,0,0,9,65.8,0.00,SILENT,IDLE-SILENT
137,1,0,0,9,83.7,0.00,SILENT,IDLE-SILENT
137,2,0,0,9,36.8,0.00,SILENT,IDLE-SILENT
137,3,0,0,9,62.6,0.00,SILENT,IDLE-SILENT
137,4,0,0,9,53.2,0.00,SILENT,IDLE-SILENT
138,0,0,0,9,65.7,0.00,SILENT,IDLE-SILENT
138,1,0,0,9,83.6,0.00,SILENT,IDLE-SILENT
138,2,0,0,9,36.7,0.00,SILENT,IDLE-SILENT
138,3,0,0,9,62.5,0.00,SILENT,IDLE-SILENT
138,4,0,0,9,53.1,0.00,SILENT,IDLE-SILENT
139,0,0,0,9,65.6,0.00,SILENT,IDLE-SILENT
139,1,0,0,9,83.5,0.00,SILENT,IDLE-SILENT
139,2,0,0,9,36.6,0.00,SILENT,IDLE-SILENT
139,3,0,0,9,62.4,0.00,SILENT,IDLE-SILENT
139,4,0,0,9,53.0,0.00,SILENT,IDLE-SILENT
140,0,0,0,9,65.5,0.00,SILENT,IDLE-SILENT
140,1,0,0,9,83.4,0.00,SILENT,IDLE-SILENT
140,2,0,0,9,36.5,0.00,SILENT,IDLE-SILENT
140,3,0,0,9,62.3,0.00,SILENT,IDLE-SILENT
140,4,0,0,9,52.9,0.00,SILENT,IDLE-SILENT
141,0,0,0,9,65.4,0.00,SILENT,IDLE-SILENT
141,1,0,0,9,83.3,0.00,SILENT,IDLE-SILENT
141,2,0,0,9,36.4,0.00,SILENT,IDLE-SILENT
141,3,0,0,9,62.2,0.00,SILENT,IDLE-SILENT
141,4,0,0,9,52.8,0.00,SILENT,IDLE-SILENT
142,0,0,0,9,65.3,0.00,SILENT,IDLE-SILENT
142,1,0,0,9,83.2,0.00,SILENT,IDLE-SILENT
142,2,0,0,9,36.3,0.00,SILENT,IDLE-SILENT
142,3,0,0,9,62.1,0.00,SILENT,IDLE-SILENT
142,4,0,0,9,52.7,0.00,SILENT,IDLE-SILENT
143,0,0,0,9,65.2,0.00,SILENT,IDLE-SILENT
143,1,0,0,9,83.1,0.00,SILENT,IDLE-SILENT
143,2,0,0,9,36.2,0.00,SILENT,IDLE-SILENT
143,3,0,0,9,62.0,0.00,SILENT,IDLE-SILENT
143,4,0,0,9,52.6,0.00,SILENT,IDLE-SILENT
144,0,0,0,9,65.1,0.00,SILENT,IDLE-SILENT
144,1,0,0,9,83.0,0.00,SILENT,IDLE-SILENT
144,2,0,0,9,36.1,0.00,SILENT,IDLE-SILENT
144,3,0,0,9,61.9,0.00,SILENT,IDLE-SILENT
144,4,0,0,9,52.5,0.00,SILENT,IDLE-SILENT
145,0,0,0,9,65.0,0.00,SILENT,IDLE-SILENT
145,1,0,0,9,82.9,0.00,SILENT,IDLE-SILENT
145,2,0,0,9,36.0,0.00,SILENT,IDLE-SILENT
145,3,0,0,9,61.8,0.00,SILENT,IDLE-SILENT
145,4,0,0,9,52.4,0.00,SILENT,IDLE-SILENT
146,0,0,0,9,64.9,0.00,SILENT,IDLE-SILENT
146,1,0,0,9,82.8,0.00,SILENT,IDLE-SILENT
146,2,0,0,9,35.9,0.00,SILENT,IDLE-SILENT
146,3,0,0,9,61.7,0.00,SILENT,IDLE-SILENT
146,4,0,0,9,52.3,0.00,SILENT,IDLE-SILENT
147,0,0,0,9,64.8,0.00,SILENT,IDLE-SILENT
147,1,0,0,9,82.7,0.00,SILENT,IDLE-SILENT
147,2,0,0,9,35.8,0.00,SILENT,IDLE-SILENT
147,3,0,0,9,61.6,0.00,SILENT,IDLE-SILENT
147,4,0,0,9,52.2,0.00,SILENT,IDLE-SILENT
148,0,0,0,9,64.7,0.00,SILENT,IDLE-SILENT
148,1,0,0,9,82.6,0.00,SILENT,IDLE-SILENT
148,2,0,0,9,35.7,0.00,SILENT,IDLE-SILENT
148,3,0,0,9,61.5,0.00,SILENT,IDLE-SILENT
148,4,0,0,9,52.1,0.00,SILENT,IDLE-SILENT
149,0,0,0,9,64.6,0.00,SILENT,IDLE-SILENT
149,1,0,0,9,82.5,0.00,SILENT,IDLE-SILENT
149,2,0,0,9,35.6,0.00,SILENT,IDLE-SILENT
149,3,0,0,9,61.4,0.00,SILENT,IDLE-SILENT
149,4,0,0,9,52.0,0.00,SILENT,IDLE-SILENT
150,0,0,0,9,64.5,0.00,SILENT,IDLE-SILENT
150,1,0,0,9,82.4,0.00,SILENT,IDLE-SILENT
150,2,0,0,9,35.5,0.00,SILENT,IDLE-SILENT
150,3,0,0,9,61.3,0.00,SILENT,IDLE-SILENT
150,4,0,0,9,51.9,0.00,SILENT,IDLE-SILENT
151,0,0,0,9,64.4,0.00,SILENT,IDLE-SILENT
151,1,0,0,9,82.3,0.00,SILENT,IDLE-SILENT
151,2,0,0,9,35.4,0.00,SILENT,IDLE-SILENT
151,3,0,0,9,61.2,0.00,SILENT,IDLE-SILENT
151,4,0,0,9,51.8,0.00,SILENT,IDLE-SILENT
152,0,0,0,9,64.3,0.00,SILENT,IDLE-SILENT
152,1,0,0,9,82.2,0.00,SILENT,IDLE-SILENT
152,2,0,0,9,35.3,0.00,SILENT,IDLE-SILENT
152,3,0,0,9,61.1,0.00,SILENT,IDLE-SILENT
152,4,0,0,9,51.7,0.00,SILENT,IDLE-SILENT
153,0,0,0,9,64.2,0.00,SILENT,IDLE-SILENT
153,1,0,0,9,82.1,0.00,SILENT,IDLE-SILENT
153,2,0,0,9,35.2,0.00,SILENT,IDLE-SILENT
153,3,0,0,9,61.0,0.00,SILENT,IDLE-SILENT
153,4,0,0,9,51.6,0.00,SILENT,IDLE-SILENT
154,0,0,0,9,64.1,0.00,SILENT,IDLE-SILENT
154,1,0,0,9,82.0,0.00,SILENT,IDLE-SILENT
154,2,0,0,9,35.1,0.00,SILENT,IDLE-SILENT
154,3,0,0,9,60.9,0.00,SILENT,IDLE-SILENT
154,4,0,0,9,51.5,0.00,SILENT,IDLE-SILENT
155,0,0,0,9,64.0,0.00,SILENT,IDLE-SILENT
155,1,0,0,9,81.9,0.00,SILENT,IDLE-SILENT
155,2,0,0,9,35.0,0.00,SILENT,IDLE-SILENT
155,3,0,0,9,60.8,0.00,SILENT,IDLE-SILENT
155,4,0,0,9,51.4,0.00,SILENT,IDLE-SILENT
156,0,0,0,9,63.9,0.00,SILENT,IDLE-SILENT
156,1,0,0,9,81.8,0.00,SILENT,IDLE-SILENT
156,2,0,0,9,34.9,0.00,SILENT,IDLE-SILENT
156,3,0,0,9,60.7,0.00,SILENT,IDLE-SILENT
156,4,0,0,9,51.3,0.00,SILENT,IDLE-SILENT
157,0,0,0,9,63.8,0.00,SILENT,IDLE-SILENT
157,1,0,0,9,81.7,0.00,SILENT,IDLE-SILENT
157,2,0,0,9,34.8,0.00,SILENT,IDLE-SILENT
157,3,0,0,9,60.6,0.00,SILENT,IDLE-SILENT
157,4,0,0,9,51.2,0.00,SILENT,IDLE-SILENT
158,0,0,0,9,63.7,0.00,SILENT,IDLE-SILENT
158,1,0,0,9,81.6,0.00,SILENT,IDLE-SILENT
158,2,0,0,9,34.7,0.00,SILENT,IDLE-SILENT
158,3,0,0,9,60.5,0.00,SILENT,IDLE-SILENT
158,4,0,0,9,51.1,0.00,SILENT,IDLE-SILENT
159,0,0,0,9,63.6,0.00,SILENT,IDLE-SILENT
159,1,0,0,9,81.5,0.00,SILENT,IDLE-SILENT
159,2,0,0,9,34.6,0.00,SILENT,IDLE-SILENT
159,3,0,0,9,60.4,0.00,SILENT,IDLE-SILENT
159,4,0,0,9,51.0,0.00,SILENT,IDLE-SILENT
160,0,0,0,9,63.5,0.00,SILENT,IDLE-SILENT
160,1,0,0,9,81.4,0.00,SILENT,IDLE-SILENT
160,2,0,0,9,34.5,0.00,SILENT,IDLE-SILENT
160,3,0,0,9,60.3,0.00,SILENT,IDLE-SILENT
160,4,0,0,9,50.9,0.00,SILENT,IDLE-SILENT
161,0,0,0,9,63.4,0.00,SILENT,IDLE-SILENT
161,1,0,0,9,81.3,0.00,SILENT,IDLE-SILENT
161,2,0,0,9,34.4,0.00,SILENT,IDLE-SILENT
161,3,0,0,9,60.2,0.00,SILENT,IDLE-SILENT
161,4,0,0,9,50.8,0.00,SILENT,IDLE-SILENT
162,0,0,0,9,63.3,0.00,SILENT,IDLE-SILENT
162,1,0,0,9,81.2,0.00,SILENT,IDLE-SILENT
162,2,0,0,9,34.3,0.00,SILENT,IDLE-SILENT
162,3,0,0,9,60.1,0.00,SILENT,IDLE-SILENT
162,4,0,0,9,50.7,0.00,SILENT,IDLE-SILENT
163,0,0,0,9,63.2,0.00,SILENT,IDLE-SILENT
163,1,0,0,9,81.1,0.00,SILENT,IDLE-SILENT
163,2,0,0,9,34.2,0.00,SILENT,IDLE-SILENT
163,3,0,0,9,60.0,0.00,SILENT,IDLE-SILENT
163,4,0,0,9,50.6,0.00,SILENT,IDLE-SILENT
164,0,0,0,9,63.1,0.00,SILENT,IDLE-SILENT
164,1,0,0,9,81.0,0.00,SILENT,IDLE-SILENT
164,2,0,0,9,34.1,0.00,SILENT,IDLE-SILENT
164,3,0,0,9,59.9,0.00,SILENT,IDLE-SILENT
164,4,0,0,9,50.5,0.00,SILENT,IDLE-SILENT
165,0,0,0,9,63.0,0.00,SILENT,IDLE-SILENT
165,1,0,0,9,80.9,0.00,SILENT,IDLE-SILENT
165,2,0,0,9,34.0,0.00,SILENT,IDLE-SILENT
165,3,0,0,9,59.8,0.00,SILENT,IDLE-SILENT
165,4,0,0,9,50.4,0.00,SILENT,IDLE-SILENT
166,0,0,0,9,62.9,0.00,SILENT,IDLE-SILENT
166,1,0,0,9,80.8,0.00,SILENT,IDLE-SILENT
166,2,0,0,9,33.9,0.00,SILENT,IDLE-SILENT
166,3,0,0,9,59.7,0.00,SILENT,IDLE-SILENT
166,4,0,0,9,50.3,0.00,SILENT,IDLE-SILENT
167,0,0,0,9,62.8,0.00,SILENT,IDLE-SILENT
167,1,0,0,9,80.7,0.00,SILENT,IDLE-SILENT
167,2,0,0,9,33.8,0.00,SILENT,IDLE-SILENT
167,3,0,0,9,59.6,0.00,SILENT,IDLE-SILENT
167,4,0,0,9,50.2,0.00,SILENT,IDLE-SILENT
168,0,0,0,9,62.7,0.00,SILENT,IDLE-SILENT
168,1,0,0,9,80.6,0.00,SILENT,IDLE-SILENT
168,2,0,0,9,33.7,0.00,SILENT,IDLE-SILENT
168,3,0,0,9,59.5,0.00,SILENT,IDLE-SILENT
168,4,0,0,9,50.1,0.00,SILENT,IDLE-SILENT
169,0,0,0,9,62.6,0.00,SILENT,IDLE-SILENT
169,1,0,0,9,80.5,0.00,SILENT,IDLE-SILENT
169,2,0,0,9,33.6,0.00,SILENT,IDLE-SILENT
169,3,0,0,9,59.4,0.00,SILENT,IDLE-SILENT
169,4,0,0,9,50.0,0.00,SILENT,IDLE-SILENT
170,0,0,0,9,62.5,0.00,SILENT,IDLE-SILENT
170,1,0,0,9,80.4,0.00,SILENT,IDLE-SILENT
170,2,0,0,9,33.5,0.00,SILENT,IDLE-SILENT
170,3,0,0,9,59.3,0.00,SILENT,IDLE-SILENT
170,4,0,0,9,49.9,0.00,SILENT,IDLE-SILENT
171,0,0,0,9,62.4,0.00,SILENT,IDLE-SILENT
171,1,0,0,9,80.3,0.00,SILENT,IDLE-SILENT
171,2,0,0,9,33.4,0.00,SILENT,IDLE-SILENT
171,3,0,0,9,59.2,0.00,SILENT,IDLE-SILENT
171,4,0,0,9,49.8,0.00,SILENT,IDLE-SILENT
172,0,0,0,9,62.3,0.00,SILENT,IDLE-SILENT
172,1,0,0,9,80.2,0.00,SILENT,IDLE-SILENT
172,2,0,0,9,33.3,0.00,SILENT,IDLE-SILENT
172,3,0,0,9,59.1,0.00,SILENT,IDLE-SILENT
172,4,0,0,9,49.7,0.00,SILENT,IDLE-SILENT
173,0,0,0,9,62.2,0.00,SILENT,IDLE-SILENT
173,1,0,0,9,80.1,0.00,SILENT,IDLE-SILENT
173,2,0,0,9,33.2,0.00,SILENT,IDLE-SILENT
173,3,0,0,9,59.0,0.00,SILENT,IDLE-SILENT
173,4,0,0,9,49.6,0.00,SILENT,IDLE-SILENT
174,0,0,0,9,62.1,0.00,SILENT,IDLE-SILENT
174,1,0,0,9,80.0,0.00,SILENT,IDLE-SILENT
174,2,0,0,9,33.1,0.00,SILENT,IDLE-SILENT
174,3,0,0,9,58.9,0.00,SILENT,IDLE-SILENT
174,4,0,0,9,49.5,0.00,SILENT,IDLE-SILENT
175,0,0,0,9,62.0,0.00,SILENT,IDLE-SILENT
175,1,0,0,9,79.9,0.00,SILENT,IDLE-SILENT
175,2,0,0,9,33.0,0.00,SILENT,IDLE-SILENT
175,3,0,0,9,58.8,0.00,SILENT,IDLE-SILENT
175,4,0,0,9,49.4,0.00,SILENT,IDLE-SILENT
176,0,0,0,9,61.9,0.00,SILENT,IDLE-SILENT
176,1,0,0,9,79.8,0.00,SILENT,IDLE-SILENT
176,2,0,0,9,32.9,0.00,SILENT,IDLE-SILENT
176,3,0,0,9,58.7,0.00,SILENT,IDLE-SILENT
176,4,0,0,9,49.3,0.00,SILENT,IDLE-SILENT
177,0,0,0,9,61.8,0.00,SILENT,IDLE-SILENT
177,1,0,0,9,79.7,0.00,SILENT,IDLE-SILENT
177,2,0,0,9,32.8,0.00,SILENT,IDLE-SILENT
177,3,0,0,9,58.6,0.00,SILENT,IDLE-SILENT
177,4,0,0,9,49.2,0.00,SILENT,IDLE-SILENT
178,0,0,0,9,61.7,0.00,SILENT,IDLE-SILENT
178,1,0,0,9,79.6,0.00,SILENT,IDLE-SILENT
178,2,0,0,9,32.7,0.00,SILENT,IDLE-SILENT
178,3,0,0,9,58.5,0.00,SILENT,IDLE-SILENT
178,4,0,0,9,49.1,0.00,SILENT,IDLE-SILENT
179,0,0,0,9,61.6,0.00,SILENT,IDLE-SILENT
179,1,0,0,9,79.5,0.00,SILENT,IDLE-SILENT
179,2,0,0,9,32.6,0.00,SILENT,IDLE-SILENT
179,3,0,0,9,58.4,0.00,SILENT,IDLE-SILENT
179,4,0,0,9,49.0,0.00,SILENT,IDLE-SILENT
180,0,0,0,9,61.5,0.00,SILENT,IDLE-SILENT
180,1,0,0,9,79.4,0.00,SILENT,IDLE-SILENT
180,2,0,0,9,32.5,0.00,SILENT,IDLE-SILENT
180,3,0,0,9,58.3,0.00,SILENT,IDLE-SILENT
180,4,0,0,9,48.9,0.00,SILENT,IDLE-SILENT
181,0,0,0,9,61.4,0.00,SILENT,IDLE-SILENT
181,1,0,0,9,79.3,0.00,SILENT,IDLE-SILENT
181,2,0,0,9,32.4,0.00,SILENT,IDLE-SILENT
181,3,0,0,9,58.2,0.00,SILENT,IDLE-SILENT
181,4,0,0,9,48.8,0.00,SILENT,IDLE-SILENT
182,0,0,0,9,61.3,0.00,SILENT,IDLE-SILENT
182,1,0,0,9,79.2,0.00,SILENT,IDLE-SILENT
182,2,0,0,9,32.3,0.00,SILENT,IDLE-SILENT
182,3,0,0,9,58.1,0.00,SILENT,IDLE-SILENT
182,4,0,0,9,48.7,0.00,SILENT,IDLE-SILENT
183,0,0,0,9,61.2,0.00,SILENT,IDLE-SILENT
183,1,0,0,9,79.1,0.00,SILENT,IDLE-SILENT
183,2,0,0,9,32.2,0.00,SILENT,IDLE-SILENT
183,3,0,0,9,58.0,0.00,SILENT,IDLE-SILENT
183,4,0,0,9,48.6,0.00,SILENT,IDLE-SILENT
184,0,0,0,9,61.1,0.00,SILENT,IDLE-SILENT
184,1,0,0,9,79.0,0.00,SILENT,IDLE-SILENT
184,2,0,0,9,32.1,0.00,SILENT,IDLE-SILENT
184,3,0,0,9,57.9,0.00,SILENT,IDLE-SILENT
184,4,0,0,9,48.5,0.00,SILENT,IDLE-SILENT
185,0,0,0,9,61.0,0.00,SILENT,IDLE-SILENT
185,1,0,0,9,78.9,0.00,SILENT,IDLE-SILENT
185,2,0,0,9,32.0,0.00,SILENT,IDLE-SILENT
185,3,0,0,9,57.8,0.00,SILENT,IDLE-SILENT
185,4,0,0,9,48.4,0.00,SILENT,IDLE-SILENT
186,0,0,0,9,60.9,0.00,SILENT,IDLE-SILENT
186,1,0,0,9,78.8,0.00,SILENT,IDLE-SILENT
186,2,0,0,9,31.9,0.00,SILENT,IDLE-SILENT
186,3,0,0,9,57.7,0.00,SILENT,IDLE-SILENT
186,4,0,0,9,48.3,0.00,SILENT,IDLE-SILENT
187,0,0,0,9,60.8,0.00,SILENT,IDLE-SILENT
187,1,0,0,9,78.7,0.00,SILENT,IDLE-SILENT
187,2,0,0,9,31.8,0.00,SILENT,IDLE-SILENT
187,3,0,0,9,57.6,0.00,SILENT,IDLE-SILENT
187,4,0,0,9,48.2,0.00,SILENT,IDLE-SILENT
188,0,0,0,9,60.7,0.00,SILENT,IDLE-SILENT
188,1,0,0,9,78.6,0.00,SILENT,IDLE-SILENT
188,2,0,0,9,31.7,0.00,SILENT,IDLE-SILENT
188,3,0,0,9,57.5,0.00,SILENT,IDLE-SILENT
188,4,0,0,9,48.1,0.00,SILENT,IDLE-SILENT
189,0,0,0,9,60.6,0.00,SILENT,IDLE-SILENT
189,1,0,0,9,78.5,0.00,SILENT,IDLE-SILENT
189,2,0,0,9,31.6,0.00,SILENT,IDLE-SILENT
189,3,0,0,9,57.4,0.00,SILENT,IDLE-SILENT
189,4,0,0,9,48.0,0.00,SILENT,IDLE-SILENT
190,0,0,0,9,60.5,0.00,SILENT,IDLE-SILENT
190,1,0,0,9,78.4,0.00,SILENT,IDLE-SILENT
190,2,0,0,9,31.5,0.00,SILENT,IDLE-SILENT
190,3,0,0,9,57.3,0.00,SILENT,IDLE-SILENT
190,4,0,0,9,47.9,0.00,SILENT,IDLE-SILENT
191,0,0,0,9,60.4,0.00,SILENT,IDLE-SILENT
191,1,0,0,9,78.3,0.00,SILENT,IDLE-SILENT
191,2,0,0,9,31.4,0.00,SILENT,IDLE-SILENT
191,3,0,0,9,57.2,0.00,SILENT,IDLE-SILENT
191,4,0,0,9,47.8,0.00,SILENT,IDLE-SILENT
192,0,0,0,9,60.3,0.00,SILENT,IDLE-SILENT
192,1,0,0,9,78.2,0.00,SILENT,IDLE-SILENT
192,2,0,0,9,31.3,0.00,SILENT,IDLE-SILENT
192,3,0,0,9,57.1,0.00,SILENT,IDLE-SILENT
192,4,0,0,9,47.7,0.00,SILENT,IDLE-SILENT
193,0,0,0,9,60.2,0.00,SILENT,IDLE-SILENT
193,1,0,0,9,78.1,0.00,SILENT,IDLE-SILENT
193,2,0,0,9,31.2,0.00,SILENT,IDLE-SILENT
193,3,0,0,9,57.0,0.00,SILENT,IDLE-SILENT
193,4,0,0,9,47.6,0.00,SILENT,IDLE-SILENT
194,0,0,0,9,60.1,0.00,SILENT,IDLE-SILENT
194,1,0,0,9,78.0,0.00,SILENT,IDLE-SILENT
194,2,0,0,9,31.1,0.00,SILENT,IDLE-SILENT
194,3,0,0,9,56.9,0.00,SILENT,IDLE-SILENT
194,4,0,0,9,47.5,0.00,SILENT,IDLE-SILENT
195,0,0,0,9,60.0,0.00,SILENT,IDLE-SILENT
195,1,0,0,9,77.9,0.00,SILENT,IDLE-SILENT
195,2,0,0,9,31.0,0.00,SILENT,IDLE-SILENT
195,3,0,0,9,56.8,0.00,SILENT,IDLE-SILENT
195,4,0,0,9,47.4,0.00,SILENT,IDLE-SILENT
196,0,0,0,9,59.9,0.00,SILENT,IDLE-SILENT
196,1,0,0,9,77.8,0.00,SILENT,IDLE-SILENT
196,2,0,0,9,30.9,0.00,SILENT,IDLE-SILENT
196,3,0,0,9,56.7,0.00,SILENT,IDLE-SILENT
196,4,0,0,9,47.3,0.00,SILENT,IDLE-SILENT
197,0,0,0,9,59.8,0.00,SILENT,IDLE-SILENT
197,1,0,0,9,77.7,0.00,SILENT,IDLE-SILENT
197,2,0,0,9,30.8,0.00,SILENT,IDLE-SILENT
197,3,0,0,9,56.6,0.00,SILENT,IDLE-SILENT
197,4,0,0,9,47.2,0.00,SILENT,IDLE-SILENT
198,0,0,0,9,59.7,0.00,SILENT,IDLE-SILENT
198,1,0,0,9,77.6,0.00,SILENT,IDLE-SILENT
198,2,0,0,9,30.7,0.00,SILENT,IDLE-SILENT
198,3,0,0,9,56.5,0.00,SILENT,IDLE-SILENT
198,4,0,0,9,47.1,0.00,SILENT,IDLE-SILENT
199,0,0,0,9,59.6,0.00,SILENT,IDLE-SILENT
199,1,0,0,9,77.5,0.00,SILENT,IDLE-SILENT
199,2,0,0,9,30.6,0.00,SILENT,IDLE-SILENT
199,3,0,0,9,56.4,0.00,SILENT,IDLE-SILENT
199,4,0,0,9,47.0,0.00,SILENT,IDLE-SILENT
200,0,0,0,9,59.5,0.00,SILENT,IDLE-SILENT
200,1,0,0,9,77.4,0.00,SILENT,IDLE-SILENT
200,2,0,0,9,30.5,0.00,SILENT,IDLE-SILENT
200,3,0,0,9,56.3,0.00,SILENT,IDLE-SILENT
200,4,0,0,9,46.9,0.00,SILENT,IDLE-SILENT
201,0,0,0,9,59.4,0.00,SILENT,IDLE-SILENT
201,1,0,0,9,77.3,0.00,SILENT,IDLE-SILENT
201,2,0,0,9,30.4,0.00,SILENT,IDLE-SILENT
201,3,0,0,9,56.2,0.00,SILENT,IDLE-SILENT
201,4,0,0,9,46.8,0.00,SILENT,IDLE-SILENT
202,0,0,0,9,59.3,0.00,SILENT,IDLE-SILENT
202,1,0,0,9,77.2,0.00,SILENT,IDLE-SILENT
202,2,0,0,9,30.3,0.00,SILENT,IDLE-SILENT
202,3,0,0,9,56.1,0.00,SILENT,IDLE-SILENT
202,4,0,0,9,46.7,0.00,SILENT,IDLE-SILENT
203,0,0,0,9,59.2,0.00,SILENT,IDLE-SILENT
203,1,0,0,9,77.1,0.00,SILENT,IDLE-SILENT
203,2,0,0,9,30.2,0.00,SILENT,IDLE-SILENT
203,3,0,0,9,56.0,0.00,SILENT,IDLE-SILENT
203,4,0,0,9,46.6,0.00,SILENT,IDLE-SILENT
204,0,0,0,9,59.1,0.00,SILENT,IDLE-SILENT
204,1,0,0,9,77.0,0.00,SILENT,IDLE-SILENT
204,2,0,0,9,30.1,0.00,SILENT,IDLE-SILENT
204,3,0,0,9,55.9,0.00,SILENT,IDLE-SILENT
204,4,0,0,9,46.5,0.00,SILENT,IDLE-SILENT
205,0,0,0,9,59.0,0.00,SILENT,IDLE-SILENT
205,1,0,0,9,76.9,0.00,SILENT,IDLE-SILENT
205,2,0,0,9,30.0,0.00,SILENT,IDLE-SILENT
205,3,0,0,9,55.8,0.00,SILENT,IDLE-SILENT
205,4,0,0,9,46.4,0.00,SILENT,IDLE-SILENT
206,0,0,0,9,58.9,0.00,SILENT,IDLE-SILENT
206,1,0,0,9,76.8,0.00,SILENT,IDLE-SILENT
206,2,0,0,9,29.9,0.00,SILENT,IDLE-SILENT
206,3,0,0,9,55.7,0.00,SILENT,IDLE-SILENT
206,4,0,0,9,46.3,0.00,SILENT,IDLE-SILENT
207,0,0,0,9,58.8,0.00,SILENT,IDLE-SILENT
207,1,0,0,9,76.7,0.00,SILENT,IDLE-SILENT
207,2,0,0,9,29.8,0.00,SILENT,IDLE-SILENT
207,3,0,0,9,55.6,0.00,SILENT,IDLE-SILENT
207,4,0,0,9,46.2,0.00,SILENT,IDLE-SILENT
208,0,0,0,9,58.7,0.00,SILENT,IDLE-SILENT
208,1,0,0,9,76.6,0.00,SILENT,IDLE-SILENT
208,2,0,0,9,29.7,0.00,SILENT,IDLE-SILENT
208,3,0,0,9,55.5,0.00,SILENT,IDLE-SILENT
208,4,0,0,9,46.1,0.00,SILENT,IDLE-SILENT
209,0,0,0,9,58.6,0.00,SILENT,IDLE-SILENT
209,1,0,0,9,76.5,0.00,SILENT,IDLE-SILENT
209,2,0,0,9,29.6,0.00,SILENT,IDLE-SILENT
209,3,0,0,9,55.4,0.00,SILENT,IDLE-SILENT
209,4,0,0,9,46.0,0.00,SILENT,IDLE-SILENT
210,0,0,0,9,58.5,0.00,SILENT,IDLE-SILENT
210,1,0,0,9,76.4,0.00,SILENT,IDLE-SILENT
210,2,0,0,9,29.5,0.00,SILENT,IDLE-SILENT
210,3,0,0,9,55.3,0.00,SILENT,IDLE-SILENT
210,4,0,0,9,45.9,0.00,SILENT,IDLE-SILENT
211,0,0,0,9,58.4,0.00,SILENT,IDLE-SILENT
211,1,0,0,9,76.3,0.00,SILENT,IDLE-SILENT
211,2,0,0,9,29.4,0.00,SILENT,IDLE-SILENT
211,3,0,0,9,55.2,0.00,SILENT,IDLE-SILENT
211,4,0,0,9,45.8,0.00,SILENT,IDLE-SILENT
212,0,0,0,9,58.3,0.00,SILENT,IDLE-SILENT
212,1,0,0,9,76.2,0.00,SILENT,IDLE-SILENT
212,2,0,0,9,29.3,0.00,SILENT,IDLE-SILENT
212,3,0,0,9,55.1,0.00,SILENT,IDLE-SILENT
212,4,0,0,9,45.7,0.00,SILENT,IDLE-SILENT
213,0,0,0,9,58.2,0.00,SILENT,IDLE-SILENT
213,1,0,0,9,76.1,0.00,SILENT,IDLE-SILENT
213,2,0,0,9,29.2,0.00,SILENT,IDLE-SILENT
213,3,0,0,9,55.0,0.00,SILENT,IDLE-SILENT
213,4,0,0,9,45.6,0.00,SILENT,IDLE-SILENT
214,0,0,0,9,58.1,0.00,SILENT,IDLE-SILENT
214,1,0,0,9,76.0,0.00,SILENT,IDLE-SILENT
214,2,0,0,9,29.1,0.00,SILENT,IDLE-SILENT
214,3,0,0,9,54.9,0.00,SILENT,IDLE-SILENT
214,4,0,0,9,45.5,0.00,SILENT,IDLE-SILENT
215,0,0,0,9,58.0,0.00,SILENT,IDLE-SILENT
215,1,0,0,9,75.9,0.00,SILENT,IDLE-SILENT
215,2,0,0,9,29.0,0.00,SILENT,IDLE-SILENT
215,3,0,0,9,54.8,0.00,SILENT,IDLE-SILENT
215,4,0,0,9,45.4,0.00,SILENT,IDLE-SILENT
216,0,0,0,9,57.9,0.00,SILENT,IDLE-SILENT
216,1,0,0,9,75.8,0.00,SILENT,IDLE-SILENT
216,2,0,0,9,28.9,0.00,SILENT,IDLE-SILENT
216,3,0,0,9,54.7,0.00,SILENT,IDLE-SILENT
216,4,0,0,9,45.3,0.00,SILENT,IDLE-SILENT
217,0,0,0,9,57.8,0.00,SILENT,IDLE-SILENT
217,1,0,0,9,75.7,0.00,SILENT,IDLE-SILENT
217,2,0,0,9,28.8,0.00,SILENT,IDLE-SILENT
217,3,0,0,9,54.6,0.00,SILENT,IDLE-SILENT
217,4,0,0,9,45.2,0.00,SILENT,IDLE-SILENT
218,0,0,0,9,57.7,0.00,SILENT,IDLE-SILENT
218,1,0,0,9,75.6,0.00,SILENT,IDLE-SILENT
218,2,0,0,9,28.7,0.00,SILENT,IDLE-SILENT
218,3,0,0,9,54.5,0.00,SILENT,IDLE-SILENT
218,4,0,0,9,45.1,0.00,SILENT,IDLE-SILENT
219,0,0,0,9,57.6,0.00,SILENT,IDLE-SILENT
219,1,0,0,9,75.5,0.00,SILENT,IDLE-SILENT
219,2,0,0,9,28.6,0.00,SILENT,IDLE-SILENT
219,3,0,0,9,54.4,0.00,SILENT,IDLE-SILENT
219,4,0,0,9,45.0,0.00,SILENT,IDLE-SILENT
220,0,0,0,9,57.5,0.00,SILENT,IDLE-SILENT
220,1,0,0,9,75.4,0.00,SILENT,IDLE-SILENT
220,2,0,0,9,28.5,0.00,SILENT,IDLE-SILENT
220,3,0,0,9,54.3,0.00,SILENT,IDLE-SILENT
220,4,0,0,9,44.9,0.00,SILENT,IDLE-SILENT
221,0,0,0,9,57.4,0.00,SILENT,IDLE-SILENT
221,1,0,0,9,75.3,0.00,SILENT,IDLE-SILENT
221,2,0,0,9,28.4,0.00,SILENT,IDLE-SILENT
221,3,0,0,9,54.2,0.00,SILENT,IDLE-SILENT
221,4,0,0,9,44.8,0.00,SILENT,IDLE-SILENT
222,0,0,0,9,57.3,0.00,SILENT,IDLE-SILENT
222,1,0,0,9,75.2,0.00,SILENT,IDLE-SILENT
222,2,0,0,9,28.3,0.00,SILENT,IDLE-SILENT
222,3,0,0,9,54.1,0.00,SILENT,IDLE-SILENT
222,4,0,0,9,44.7,0.00,SILENT,IDLE-SILENT
223,0,0,0,9,57.2,0.00,SILENT,IDLE-SILENT
223,1,0,0,9,75.1,0.00,SILENT,IDLE-SILENT
223,2,0,0,9,28.2,0.00,SILENT,IDLE-SILENT
223,3,0,0,9,54.0,0.00,SILENT,IDLE-SILENT
223,4,0,0,9,44.6,0.00,SILENT,IDLE-SILENT
224,0,0,0,9,57.1,0.00,SILENT,IDLE-SILENT
224,1,0,0,9,75.0,0.00,SILENT,IDLE-SILENT
224,2,0,0,9,28.1,0.00,SILENT,IDLE-SILENT
224,3,0,0,9,53.9,0.00,SILENT,IDLE-SILENT
224,4,0,0,9,44.5,0.00,SILENT,IDLE-SILENT
225,0,0,0,9,57.0,0.00,SILENT,IDLE-SILENT
225,1,0,0,9,74.9,0.00,SILENT,IDLE-SILENT
225,2,0,0,9,28.0,0.00,SILENT,IDLE-SILENT
225,3,0,0,9,53.8,0.00,SILENT,IDLE-SILENT
225,4,0,0,9,44.4,0.00,SILENT,IDLE-SILENT
226,0,0,0,9,56.9,0.00,SILENT,IDLE-SILENT
226,1,0,0,9,74.8,0.00,SILENT,IDLE-SILENT
226,2,0,0,9,27.9,0.00,SILENT,IDLE-SILENT
226,3,0,0,9,53.7,0.00,SILENT,IDLE-SILENT
226,4,0,0,9,44.3,0.00,SILENT,IDLE-SILENT
227,0,0,0,9,56.8,0.00,SILENT,IDLE-SILENT
227,1,0,0,9,74.7,0.00,SILENT,IDLE-SILENT
227,2,0,0,9,27.8,0.00,SILENT,IDLE-SILENT
227,3,0,0,9,53.6,0.00,SILENT,IDLE-SILENT
227,4,0,0,9,44.2,0.00,SILENT,IDLE-SILENT
228,0,0,0,9,56.7,0.00,SILENT,IDLE-SILENT
228,1,0,0,9,74.6,0.00,SILENT,IDLE-SILENT
228,2,0,0,9,27.7,0.00,SILENT,IDLE-SILENT
228,3,0,0,9,53.5,0.00,SILENT,IDLE-SILENT
228,4,0,0,9,44.1,0.00,SILENT,IDLE-SILENT
229,0,0,0,9,56.6,0.00,SILENT,IDLE-SILENT
229,1,0,0,9,74.5,0.00,SILENT,IDLE-SILENT
229,2,0,0,9,27.6,0.00,SILENT,IDLE-SILENT
229,3,0,0,9,53.4,0.00,SILENT,IDLE-SILENT
229,4,0,0,9,44.0,0.00,SILENT,IDLE-SILENT
230,0,0,0,9,56.5,0.00,SILENT,IDLE-SILENT
230,1,0,0,9,74.4,0.00,SILENT,IDLE-SILENT
230,2,0,0,9,27.5,0.00,SILENT,IDLE-SILENT
230,3,0,0,9,53.3,0.00,SILENT,IDLE-SILENT
230,4,0,0,9,43.9,0.00,SILENT,IDLE-SILENT
231,0,0,0,9,56.4,0.00,SILENT,IDLE-SILENT
231,1,0,0,9,74.3,0.00,SILENT,IDLE-SILENT
231,2,0,0,9,27.4,0.00,SILENT,IDLE-SILENT
231,3,0,0,9,53.2,0.00,SILENT,IDLE-SILENT
231,4,0,0,9,43.8,0.00,SILENT,IDLE-SILENT
232,0,0,0,9,56.3,0.00,SILENT,IDLE-SILENT
232,1,0,0,9,74.2,0.00,SILENT,IDLE-SILENT
232,2,0,0,9,27.3,0.00,SILENT,IDLE-SILENT
232,3,0,0,9,53.1,0.00,SILENT,IDLE-SILENT
232,4,0,0,9,43.7,0.00,SILENT,IDLE-SILENT
233,0,0,0,9,56.2,0.00,SILENT,IDLE-SILENT
233,1,0,0,9,74.1,0.00,SILENT,IDLE-SILENT
233,2,0,0,9,27.2,0.00,SILENT,IDLE-SILENT
233,3,0,0,9,53.0,0.00,SILENT,IDLE-SILENT
233,4,0,0,9,43.6,0.00,SILENT,IDLE-SILENT
234,0,0,0,9,56.1,0.00,SILENT,IDLE-SILENT
234,1,0,0,9,74.0,0.00,SILENT,IDLE-SILENT
234,2,0,0,9,27.1,0.00,SILENT,IDLE-SILENT
234,3,0,0,9,52.9,0.00,SILENT,IDLE-SILENT
234,4,0,0,9,43.5,0.00,SILENT,IDLE-SILENT
235,0,0,0,9,56.0,0.00,SILENT,IDLE-SILENT
235,1,0,0,9,73.9,0.00,SILENT,IDLE-SILENT
235,2,0,0,9,27.0,0.00,SILENT,IDLE-SILENT
235,3,0,0,9,52.8,0.00,SILENT,IDLE-SILENT
235,4,0,0,9,43.4,0.00,SILENT,IDLE-SILENT
236,0,0,0,9,55.9,0.00,SILENT,IDLE-SILENT
236,1,0,0,9,73.8,0.00,SILENT,IDLE-SILENT
236,2,0,0,9,26.9,0.00,SILENT,IDLE-SILENT
236,3,0,0,9,52.7,0.00,SILENT,IDLE-SILENT
236,4,0,0,9,43.3,0.00,SILENT,IDLE-SILENT
237,0,0,0,9,55.8,0.00,SILENT,IDLE-SILENT
237,1,0,0,9,73.7,0.00,SILENT,IDLE-SILENT
237,2,0,0,9,26.8,0.00,SILENT,IDLE-SILENT
237,3,0,0,9,52.6,0.00,SILENT,IDLE-SILENT
237,4,0,0,9,43.2,0.00,SILENT,IDLE-SILENT
238,0,0,0,9,55.7,0.00,SILENT,IDLE-SILENT
238,1,0,0,9,73.6,0.00,SILENT,IDLE-SILENT
238,2,0,0,9,26.7,0.00,SILENT,IDLE-SILENT
238,3,0,0,9,52.5,0.00,SILENT,IDLE-SILENT
238,4,0,0,9,43.1,0.00,SILENT,IDLE-SILENT
239,0,0,0,9,55.6,0.00,SILENT,IDLE-SILENT
239,1,0,0,9,73.5,0.00,SILENT,IDLE-SILENT
239,2,0,0,9,26.6,0.00,SILENT,IDLE-SILENT
239,3,0,0,9,52.4,0.00,SILENT,IDLE-SILENT
239,4,0,0,9,43.0,0.00,SILENT,IDLE-SILENT
240,0,0,0,9,55.5,0.00,SILENT,IDLE-SILENT
240,1,0,0,9,73.4,0.00,SILENT,IDLE-SILENT
240,2,0,0,9,26.5,0.00,SILENT,IDLE-SILENT
240,3,0,0,9,52.3,0.00,SILENT,IDLE-SILENT
240,4,0,0,9,42.9,0.00,SILENT,IDLE-SILENT
241,0,0,0,9,55.4,0.00,SILENT,IDLE-SILENT
241,1,0,0,9,73.3,0.00,SILENT,IDLE-SILENT
241,2,0,0,9,26.4,0.00,SILENT,IDLE-SILENT
241,3,0,0,9,52.2,0.00,SILENT,IDLE-SILENT
241,4,0,0,9,42.8,0.00,SILENT,IDLE-SILENT
242,0,0,0,9,55.3,0.00,SILENT,IDLE-SILENT
242,1,0,0,9,73.2,0.00,SILENT,IDLE-SILENT
242,2,0,0,9,26.3,0.00,SILENT,IDLE-SILENT
242,3,0,0,9,52.1,0.00,SILENT,IDLE-SILENT
242,4,0,0,9,42.7,0.00,SILENT,IDLE-SILENT
243,0,0,0,9,55.2,0.00,SILENT,IDLE-SILENT
243,1,0,0,9,73.1,0.00,SILENT,IDLE-SILENT
243,2,0,0,9,26.2,0.00,SILENT,IDLE-SILENT
243,3,0,0,9,52.0,0.00,SILENT,IDLE-SILENT
243,4,0,0,9,42.6,0.00,SILENT,IDLE-SILENT
244,0,0,0,9,55.1,0.00,SILENT,IDLE-SILENT
244,1,0,0,9,73.0,0.00,SILENT,IDLE-SILENT
244,2,0,0,9,26.1,0.00,SILENT,IDLE-SILENT
244,3,0,0,9,51.9,0.00,SILENT,IDLE-SILENT
244,4,0,0,9,42.5,0.00,SILENT,IDLE-SILENT
245,0,0,0,9,55.0,0.00,SILENT,IDLE-SILENT
245,1,0,0,9,72.9,0.00,SILENT,IDLE-SILENT
245,2,0,0,9,26.0,0.00,SILENT,IDLE-SILENT
245,3,0,0,9,51.8,0.00,SILENT,IDLE-SILENT
245,4,0,0,9,42.4,0.00,SILENT,IDLE-SILENT
246,0,0,0,9,54.9,0.00,SILENT,IDLE-SILENT
246,1,0,0,9,72.8,0.00,SILENT,IDLE-SILENT
246,2,0,0,9,25.9,0.00,SILENT,IDLE-SILENT
246,3,0,0,9,51.7,0.00,SILENT,IDLE-SILENT
246,4,0,0,9,42.3,0.00,SILENT,IDLE-SILENT
247,0,0,0,9,54.8,0.00,SILENT,IDLE-SILENT
247,1,0,0,9,72.7,0.00,SILENT,IDLE-SILENT
247,2,0,0,9,25.8,0.00,SILENT,IDLE-SILENT
247,3,0,0,9,51.6,0.00,SILENT,IDLE-SILENT
247,4,0,0,9,42.2,0.00,SILENT,IDLE-SILENT
248,0,0,0,9,54.7,0.00,SILENT,IDLE-SILENT
248,1,0,0,9,72.6,0.00,SILENT,IDLE-SILENT
248,2,0,0,9,25.7,0.00,SILENT,IDLE-SILENT
248,3,0,0,9,51.5,0.00,SILENT,IDLE-SILENT
248,4,0,0,9,42.1,0.00,SILENT,IDLE-SILENT
249,0,0,0,9,54.6,0.00,SILENT,IDLE-SILENT
249,1,0,0,9,72.5,0.00,SILENT,IDLE-SILENT
249,2,0,0,9,25.6,0.00,SILENT,IDLE-SILENT
249,3,0,0,9,51.4,0.00,SILENT,IDLE-SILENT
249,4,0,0,9,42.0,0.00,SILENT,IDLE-SILENT
250,0,0,0,9,54.5,0.00,SILENT,IDLE-SILENT
250,1,0,0,9,72.4,0.00,SILENT,IDLE-SILENT
250,2,0,0,9,25.5,0.00,SILENT,IDLE-SILENT
250,3,0,0,9,51.3,0.00,SILENT,IDLE-SILENT
250,4,0,0,9,41.9,0.00,SILENT,IDLE-SILENT
251,0,0,0,9,54.4,0.00,SILENT,IDLE-SILENT
251,1,0,0,9,72.3,0.00,SILENT,IDLE-SILENT
251,2,0,0,9,25.4,0.00,SILENT,IDLE-SILENT
251,3,0,0,9,51.2,0.00,SILENT,IDLE-SILENT
251,4,0,0,9,41.8,0.00,SILENT,IDLE-SILENT
252,0,0,0,9,54.3,0.00,SILENT,IDLE-SILENT
252,1,0,0,9,72.2,0.00,SILENT,IDLE-SILENT
252,2,0,0,9,25.3,0.00,SILENT,IDLE-SILENT
252,3,0,0,9,51.1,0.00,SILENT,IDLE-SILENT
252,4,0,0,9,41.7,0.00,SILENT,IDLE-SILENT
253,0,0,0,9,54.2,0.00,SILENT,IDLE-SILENT
253,1,0,0,9,72.1,0.00,SILENT,IDLE-SILENT
253,2,0,0,9,25.2,0.00,SILENT,IDLE-SILENT
253,3,0,0,9,51.0,0.00,SILENT,IDLE-SILENT
253,4,0,0,9,41.6,0.00,SILENT,IDLE-SILENT
254,0,0,0,9,54.1,0.00,SILENT,IDLE-SILENT
254,1,0,0,9,72.0,0.00,SILENT,IDLE-SILENT
254,2,0,0,9,25.1,0.00,SILENT,IDLE-SILENT
254,3,0,0,9,50.9,0.00,SILENT,IDLE-SILENT
254,4,0,0,9,41.5,0.00,SILENT,IDLE-SILENT
255,0,0,0,9,54.0,0.00,SILENT,IDLE-SILENT
255,1,0,0,9,71.9,0.00,SILENT,IDLE-SILENT
255,2,0,0,9,25.0,0.00,SILENT,IDLE-SILENT
255,3,0,0,9,50.8,0.00,SILENT,IDLE-SILENT
255,4,0,0,9,41.4,0.00,SILENT,IDLE-SILENT
256,0,0,0,9,53.9,0.00,SILENT,IDLE-SILENT
256,1,0,0,9,71.8,0.00,SILENT,IDLE-SILENT
256,2,0,0,9,24.9,0.00,SILENT,IDLE-SILENT
256,3,0,0,9,50.7,0.00,SILENT,IDLE-SILENT
256,4,0,0,9,41.3,0.00,SILENT,IDLE-SILENT
257,0,0,0,9,53.8,0.00,SILENT,IDLE-SILENT
257,1,0,0,9,71.7,0.00,SILENT,IDLE-SILENT
257,2,0,0,9,24.8,0.00,SILENT,IDLE-SILENT
257,3,0,0,9,50.6,0.00,SILENT,IDLE-SILENT
257,4,0,0,9,41.2,0.00,SILENT,IDLE-SILENT
258,0,0,0,9,53.7,0.00,SILENT,IDLE-SILENT
258,1,0,0,9,71.6,0.00,SILENT,IDLE-SILENT
258,2,0,0,9,24.7,0.00,SILENT,IDLE-SILENT
258,3,0,0,9,50.5,0.00,SILENT,IDLE-SILENT
258,4,0,0,9,41.1,0.00,SILENT,IDLE-SILENT
259,0,0,0,9,53.6,0.00,SILENT,IDLE-SILENT
259,1,0,0,9,71.5,0.00,SILENT,IDLE-SILENT
259,2,0,0,9,24.6,0.00,SILENT,IDLE-SILENT
259,3,0,0,9,50.4,0.00,SILENT,IDLE-SILENT
259,4,0,0,9,41.0,0.00,SILENT,IDLE-SILENT
260,0,0,0,9,53.5,0.00,SILENT,IDLE-SILENT
260,1,0,0,9,71.4,0.00,SILENT,IDLE-SILENT
260,2,0,0,9,24.5,0.00,SILENT,IDLE-SILENT
260,3,0,0,9,50.3,0.00,SILENT,IDLE-SILENT
260,4,0,0,9,40.9,0.00,SILENT,IDLE-SILENT
261,0,0,0,9,53.4,0.00,SILENT,IDLE-SILENT
261,1,0,0,9,71.3,0.00,SILENT,IDLE-SILENT
261,2,0,0,9,24.4,0.00,SILENT,IDLE-SILENT
261,3,0,0,9,50.2,0.00,SILENT,IDLE-SILENT
261,4,0,0,9,40.8,0.00,SILENT,IDLE-SILENT
262,0,0,0,9,53.3,0.00,SILENT,IDLE-SILENT
262,1,0,0,9,71.2,0.00,SILENT,IDLE-SILENT
262,2,0,0,9,24.3,0.00,SILENT,IDLE-SILENT
262,3,0,0,9,50.1,0.00,SILENT,IDLE-SILENT
262,4,0,0,9,40.7,0.00,SILENT,IDLE-SILENT
263,0,0,0,9,53.2,0.00,SILENT,IDLE-SILENT
263,1,0,0,9,71.1,0.00,SILENT,IDLE-SILENT
263,2,0,0,9,24.2,0.00,SILENT,IDLE-SILENT
263,3,0,0,9,50.0,0.00,SILENT,IDLE-SILENT
263,4,0,0,9,40.6,0.00,SILENT,IDLE-SILENT
264,0,0,0,9,53.1,0.00,SILENT,IDLE-SILENT
264,1,0,0,9,71.0,0.00,SILENT,IDLE-SILENT
264,2,0,0,9,24.1,0.00,SILENT,IDLE-SILENT
264,3,0,0,9,49.9,0.00,SILENT,IDLE-SILENT
264,4,0,0,9,40.5,0.00,SILENT,IDLE-SILENT
265,0,0,0,9,53.0,0.00,SILENT,IDLE-SILENT
265,1,0,0,9,70.9,0.00,SILENT,IDLE-SILENT
265,2,0,0,9,24.0,0.00,SILENT,IDLE-SILENT
265,3,0,0,9,49.8,0.00,SILENT,IDLE-SILENT
265,4,0,0,9,40.4,0.00,SILENT,IDLE-SILENT
266,0,0,0,9,52.9,0.00,SILENT,IDLE-SILENT
266,1,0,0,9,70.8,0.00,SILENT,IDLE-SILENT
266,2,0,0,9,23.9,0.00,SILENT,IDLE-SILENT
266,3,0,0,9,49.7,0.00,SILENT,IDLE-SILENT
266,4,0,0,9,40.3,0.00,SILENT,IDLE-SILENT
267,0,0,0,9,52.8,0.00,SILENT,IDLE-SILENT
267,1,0,0,9,70.7,0.00,SILENT,IDLE-SILENT
267,2,0,0,9,23.8,0.00,SILENT,IDLE-SILENT
267,3,0,0,9,49.6,0.00,SILENT,IDLE-SILENT
267,4,0,0,9,40.2,0.00,SILENT,IDLE-SILENT
268,0,0,0,9,52.7,0.00,SILENT,IDLE-SILENT
268,1,0,0,9,70.6,0.00,SILENT,IDLE-SILENT
268,2,0,0,9,23.7,0.00,SILENT,IDLE-SILENT
268,3,0,0,9,49.5,0.00,SILENT,IDLE-SILENT
268,4,0,0,9,40.1,0.00,SILENT,IDLE-SILENT
269,0,0,0,9,52.6,0.00,SILENT,IDLE-SILENT
269,1,0,0,9,70.5,0.00,SILENT,IDLE-SILENT
269,2,0,0,9,23.6,0.00,SILENT,IDLE-SILENT
269,3,0,0,9,49.4,0.00,SILENT,IDLE-SILENT
269,4,0,0,9,40.0,0.00,SILENT,IDLE-SILENT
270,0,0,0,9,52.5,0.00,SILENT,IDLE-SILENT
270,1,0,0,9,70.4,0.00,SILENT,IDLE-SILENT
270,2,0,0,9,23.5,0.00,SILENT,IDLE-SILENT
270,3,0,0,9,49.3,0.00,SILENT,IDLE-SILENT
270,4,0,0,9,39.9,0.00,SILENT,IDLE-SILENT
271,0,0,0,9,52.4,0.00,SILENT,IDLE-SILENT
271,1,0,0,9,70.3,0.00,SILENT,IDLE-SILENT
271,2,0,0,9,23.4,0.00,SILENT,IDLE-SILENT
271,3,0,0,9,49.2,0.00,SILENT,IDLE-SILENT
271,4,0,0,9,39.8,0.00,SILENT,IDLE-SILENT
272,0,0,0,9,52.3,0.00,SILENT,IDLE-SILENT
272,1,0,0,9,70.2,0.00,SILENT,IDLE-SILENT
272,2,0,0,9,23.3,0.00,SILENT,IDLE-SILENT
272,3,0,0,9,49.1,0.00,SILENT,IDLE-SILENT
272,4,0,0,9,39.7,0.00,SILENT,IDLE-SILENT
273,0,0,0,9,52.2,0.00,SILENT,IDLE-SILENT
273,1,0,0,9,70.1,0.00,SILENT,IDLE-SILENT
273,2,0,0,9,23.2,0.00,SILENT,IDLE-SILENT
273,3,0,0,9,49.0,0.00,SILENT,IDLE-SILENT
273,4,0,0,9,39.6,0.00,SILENT,IDLE-SILENT
274,0,0,0,9,52.1,0.00,SILENT,IDLE-SILENT
274,1,0,0,9,70.0,0.00,SILENT,IDLE-SILENT
274,2,0,0,9,23.1,0.00,SILENT,IDLE-SILENT
274,3,0,0,9,48.9,0.00,SILENT,IDLE-SILENT
274,4,0,0,9,39.5,0.00,SILENT,IDLE-SILENT
275,0,0,0,9,52.0,0.00,SILENT,IDLE-SILENT
275,1,0,0,9,69.9,0.00,SILENT,IDLE-SILENT
275,2,0,0,9,23.0,0.00,SILENT,IDLE-SILENT
275,3,0,0,9,48.8,0.00,SILENT,IDLE-SILENT
275,4,0,0,9,39.4,0.00,SILENT,IDLE-SILENT
276,0,0,0,9,51.9,0.00,SILENT,IDLE-SILENT
276,1,0,0,9,69.8,0.00,SILENT,IDLE-SILENT
276,2,0,0,9,22.9,0.00,SILENT,IDLE-SILENT
276,3,0,0,9,48.7,0.00,SILENT,IDLE-SILENT
276,4,0,0,9,39.3,0.00,SILENT,IDLE-SILENT
277,0,0,0,9,51.8,0.00,SILENT,IDLE-SILENT
277,1,0,0,9,69.7,0.00,SILENT,IDLE-SILENT
277,2,0,0,9,22.8,0.00,SILENT,IDLE-SILENT
277,3,0,0,9,48.6,0.00,SILENT,IDLE-SILENT
277,4,0,0,9,39.2,0.00,SILENT,IDLE-SILENT
278,0,0,0,9,51.7,0.00,SILENT,IDLE-SILENT
278,1,0,0,9,69.6,0.00,SILENT,IDLE-SILENT
278,2,0,0,9,22.7,0.00,SILENT,IDLE-SILENT
278,3,0,0,9,48.5,0.00,SILENT,IDLE-SILENT
278,4,0,0,9,39.1,0.00,SILENT,IDLE-SILENT
279,0,0,0,9,51.6,0.00,SILENT,IDLE-SILENT
279,1,0,0,9,69.5,0.00,SILENT,IDLE-SILENT
279,2,0,0,9,22.6,0.00,SILENT,IDLE-SILENT
279,3,0,0,9,48.4,0.00,SILENT,IDLE-SILENT
279,4,0,0,9,39.0,0.00,SILENT,IDLE-SILENT
280,0,0,0,9,51.5,0.00,SILENT,IDLE-SILENT
280,1,0,0,9,69.4,0.00,SILENT,IDLE-SILENT
280,2,0,0,9,22.5,0.00,SILENT,IDLE-SILENT
280,3,0,0,9,48.3,0.00,SILENT,IDLE-SILENT
280,4,0,0,9,38.9,0.00,SILENT,IDLE-SILENT
281,0,0,0,9,51.4,0.00,SILENT,IDLE-SILENT
281,1,0,0,9,69.3,0.00,SILENT,IDLE-SILENT
281,2,0,0,9,22.4,0.00,SILENT,IDLE-SILENT
281,3,0,0,9,48.2,0.00,SILENT,IDLE-SILENT
281,4,0,0,9,38.8,0.00,SILENT,IDLE-SILENT
282,0,0,0,9,51.3,0.00,SILENT,IDLE-SILENT
282,1,0,0,9,69.2,0.00,SILENT,IDLE-SILENT
282,2,0,0,9,22.3,0.00,SILENT,IDLE-SILENT
282,3,0,0,9,48.1,0.00,SILENT,IDLE-SILENT
282,4,0,0,9,38.7,0.00,SILENT,IDLE-SILENT
283,0,0,0,9,51.2,0.00,SILENT,IDLE-SILENT
283,1,0,0,9,69.1,0.00,SILENT,IDLE-SILENT
283,2,0,0,9,22.2,0.00,SILENT,IDLE-SILENT
283,3,0,0,9,48.0,0.00,SILENT,IDLE-SILENT
283,4,0,0,9,38.6,0.00,SILENT,IDLE-SILENT
284,0,0,0,9,51.1,0.00,SILENT,IDLE-SILENT
284,1,0,0,9,69.0,0.00,SILENT,IDLE-SILENT
284,2,0,0,9,22.1,0.00,SILENT,IDLE-SILENT
284,3,0,0,9,47.9,0.00,SILENT,IDLE-SILENT
284,4,0,0,9,38.5,0.00,SILENT,IDLE-SILENT
285,0,0,0,9,51.0,0.00,SILENT,IDLE-SILENT
285,1,0,0,9,68.9,0.00,SILENT,IDLE-SILENT
285,2,0,0,9,22.0,0.00,SILENT,IDLE-SILENT
285,3,0,0,9,47.8,0.00,SILENT,IDLE-SILENT
285,4,0,0,9,38.4,0.00,SILENT,IDLE-SILENT
286,0,0,0,9,50.9,0.00,SILENT,IDLE-SILENT
286,1,0,0,9,68.8,0.00,SILENT,IDLE-SILENT
286,2,0,0,9,21.9,0.00,SILENT,IDLE-SILENT
286,3,0,0,9,47.7,0.00,SILENT,IDLE-SILENT
286,4,0,0,9,38.3,0.00,SILENT,IDLE-SILENT
287,0,0,0,9,50.8,0.00,SILENT,IDLE-SILENT
287,1,0,0,9,68.7,0.00,SILENT,IDLE-SILENT
287,2,0,0,9,21.8,0.00,SILENT,IDLE-SILENT
287,3,0,0,9,47.6,0.00,SILENT,IDLE-SILENT
287,4,0,0,9,38.2,0.00,SILENT,IDLE-SILENT
288,0,0,0,9,50.7,0.00,SILENT,IDLE-SILENT
288,1,0,0,9,68.6,0.00,SILENT,IDLE-SILENT
288,2,0,0,9,21.7,0.00,SILENT,IDLE-SILENT
288,3,0,0,9,47.5,0.00,SILENT,IDLE-SILENT
288,4,0,0,9,38.1,0.00,SILENT,IDLE-SILENT
289,0,0,0,9,50.6,0.00,SILENT,IDLE-SILENT
289,1,0,0,9,68.5,0.00,SILENT,IDLE-SILENT
289,2,0,0,9,21.6,0.00,SILENT,IDLE-SILENT
289,3,0,0,9,47.4,0.00,SILENT,IDLE-SILENT
289,4,0,0,9,38.0,0.00,SILENT,IDLE-SILENT
290,0,0,0,9,50.5,0.00,SILENT,IDLE-SILENT
290,1,0,0,9,68.4,0.00,SILENT,IDLE-SILENT
290,2,0,0,9,21.5,0.00,SILENT,IDLE-SILENT
290,3,0,0,9,47.3,0.00,SILENT,IDLE-SILENT
290,4,0,0,9,37.9,0.00,SILENT,IDLE-SILENT
291,0,0,0,9,50.4,0.00,SILENT,IDLE-SILENT
291,1,0,0,9,68.3,0.00,SILENT,IDLE-SILENT
291,2,0,0,9,21.4,0.00,SILENT,IDLE-SILENT
291,3,0,0,9,47.2,0.00,SILENT,IDLE-SILENT
291,4,0,0,9,37.8,0.00,SILENT,IDLE-SILENT
292,0,0,0,9,50.3,0.00,SILENT,IDLE-SILENT
292,1,0,0,9,68.2,0.00,SILENT,IDLE-SILENT
292,2,0,0,9,21.3,0.00,SILENT,IDLE-SILENT
292,3,0,0,9,47.1,0.00,SILENT,IDLE-SILENT
292,4,0,0,9,37.7,0.00,SILENT,IDLE-SILENT
293,0,0,0,9,50.2,0.00,SILENT,IDLE-SILENT
293,1,0,0,9,68.1,0.00,SILENT,IDLE-SILENT
293,2,0,0,9,21.2,0.00,SILENT,IDLE-SILENT
293,3,0,0,9,47.0,0.00,SILENT,IDLE-SILENT
293,4,0,0,9,37.6,0.00,SILENT,IDLE-SILENT
294,0,0,0,9,50.1,0.00,SILENT,IDLE-SILENT
294,1,0,0,9,68.0,0.00,SILENT,IDLE-SILENT
294,2,0,0,9,21.1,0.00,SILENT,IDLE-SILENT
294,3,0,0,9,46.9,0.00,SILENT,IDLE-SILENT
294,4,0,0,9,37.5,0.00,SILENT,IDLE-SILENT
295,0,0,0,9,50.0,0.00,SILENT,IDLE-SILENT
295,1,0,0,9,67.9,0.00,SILENT,IDLE-SILENT
295,2,0,0,9,21.0,0.00,SILENT,IDLE-SILENT
295,3,0,0,9,46.8,0.00,SILENT,IDLE-SILENT
295,4,0,0,9,37.4,0.00,SILENT,IDLE-SILENT
296,0,0,0,9,49.9,0.00,SILENT,IDLE-SILENT
296,1,0,0,9,67.8,0.00,SILENT,IDLE-SILENT
296,2,0,0,9,20.9,0.00,SILENT,IDLE-SILENT
296,3,0,0,9,46.7,0.00,SILENT,IDLE-SILENT
296,4,0,0,9,37.3,0.00,SILENT,IDLE-SILENT
297,0,0,0,9,49.8,0.00,SILENT,IDLE-SILENT
297,1,0,0,9,67.7,0.00,SILENT,IDLE-SILENT
297,2,0,0,9,20.8,0.00,SILENT,IDLE-SILENT
297,3,0,0,9,46.6,0.00,SILENT,IDLE-SILENT
297,4,0,0,9,37.2,0.00,SILENT,IDLE-SILENT
298,0,0,0,9,49.7,0.00,SILENT,IDLE-SILENT
298,1,0,0,9,67.6,0.00,SILENT,IDLE-SILENT
298,2,0,0,9,20.7,0.00,SILENT,IDLE-SILENT
298,3,0,0,9,46.5,0.00,SILENT,IDLE-SILENT
298,4,0,0,9,37.1,0.00,SILENT,IDLE-SILENT
299,0,0,0,9,49.6,0.00,SILENT,IDLE-SILENT
299,1,0,0,9,67.5,0.00,SILENT,IDLE-SILENT
299,2,0,0,9,20.6,0.00,SILENT,IDLE-SILENT
299,3,0,0,9,46.4,0.00,SILENT,IDLE-SILENT
299,4,0,0,9,37.0,0.00,SILENT,IDLE-SILENT
300,0,0,0,9,49.5,0.00,SILENT,IDLE-SILENT
300,1,0,0,9,67.4,0.00,SILENT,IDLE-SILENT
300,2,0,0,9,20.5,0.00,SILENT,IDLE-SILENT
300,3,0,0,9,46.3,0.00,SILENT,IDLE-SILENT
300,4,0,0,9,36.9,0.00,SILENT,IDLE-SILENT
301,0,0,0,9,49.4,0.00,SILENT,IDLE-SILENT
301,1,0,0,9,67.3,0.00,SILENT,IDLE-SILENT
301,2,0,0,9,20.4,0.00,SILENT,IDLE-SILENT
301,3,0,0,9,46.2,0.00,SILENT,IDLE-SILENT
301,4,0,0,9,36.8,0.00,SILENT,IDLE-SILENT
302,0,0,0,9,49.3,0.00,SILENT,IDLE-SILENT
302,1,0,0,9,67.2,0.00,SILENT,IDLE-SILENT
302,2,0,0,9,20.3,0.00,SILENT,IDLE-SILENT
302,3,0,0,9,46.1,0.00,SILENT,IDLE-SILENT
302,4,0,0,9,36.7,0.00,SILENT,IDLE-SILENT
303,0,0,0,9,49.2,0.00,SILENT,IDLE-SILENT
303,1,0,0,9,67.1,0.00,SILENT,IDLE-SILENT
303,2,0,0,9,20.2,0.00,SILENT,IDLE-SILENT
303,3,0,0,9,46.0,0.00,SILENT,IDLE-SILENT
303,4,0,0,9,36.6,0.00,SILENT,IDLE-SILENT
304,0,0,0,9,49.1,0.00,SILENT,IDLE-SILENT
304,1,0,0,9,67.0,0.00,SILENT,IDLE-SILENT
304,2,0,0,9,20.1,0.00,SILENT,IDLE-SILENT
304,3,0,0,9,45.9,0.00,SILENT,IDLE-SILENT
304,4,0,0,9,36.5,0.00,SILENT,IDLE-SILENT
305,0,0,0,9,49.0,0.00,SILENT,IDLE-SILENT
305,1,0,0,9,66.9,0.00,SILENT,IDLE-SILENT
305,2,0,0,9,20.0,0.00,CRIT(20%),SILENT,IDLE-SILENT
305,3,0,0,9,45.8,0.00,SILENT,IDLE-SILENT
305,4,0,0,9,36.4,0.00,SILENT,IDLE-SILENT
306,0,0,0,9,48.9,0.00,SILENT,IDLE-SILENT
306,1,0,0,9,66.8,0.00,SILENT,IDLE-SILENT
306,2,0,0,9,19.9,0.00,CRIT(20%),SILENT,IDLE-SILENT
306,3,0,0,9,45.7,0.00,SILENT,IDLE-SILENT
306,4,0,0,9,36.3,0.00,SILENT,IDLE-SILENT
307,0,0,0,9,48.8,0.00,SILENT,IDLE-SILENT
307,1,0,0,9,66.7,0.00,SILENT,IDLE-SILENT
307,2,0,0,9,19.8,0.00,CRIT(20%),SILENT,IDLE-SILENT
307,3,0,0,9,45.6,0.00,SILENT,IDLE-SILENT
307,4,0,0,9,36.2,0.00,SILENT,IDLE-SILENT
308,0,0,0,9,48.7,0.00,SILENT,IDLE-SILENT
308,1,0,0,9,66.6,0.00,SILENT,IDLE-SILENT
308,2,0,0,9,19.7,0.00,CRIT(20%),SILENT,IDLE-SILENT
308,3,0,0,9,45.5,0.00,SILENT,IDLE-SILENT
308,4,0,0,9,36.1,0.00,SILENT,IDLE-SILENT
309,0,0,0,9,48.6,0.00,SILENT,IDLE-SILENT
309,1,0,0,9,66.5,0.00,SILENT,IDLE-SILENT
309,2,0,0,9,19.6,0.00,CRIT(20%),SILENT,IDLE-SILENT
309,3,0,0,9,45.4,0.00,SILENT,IDLE-SILENT
309,4,0,0,9,36.0,0.00,SILENT,IDLE-SILENT
310,0,0,0,9,48.5,0.00,SILENT,IDLE-SILENT
310,1,0,0,9,66.4,0.00,SILENT,IDLE-SILENT
310,2,0,0,9,19.5,0.00,CRIT(19%),SILENT,IDLE-SILENT
310,3,0,0,9,45.3,0.00,SILENT,IDLE-SILENT
310,4,0,0,9,35.9,0.00,SILENT,IDLE-SILENT
311,0,0,0,9,48.4,0.00,SILENT,IDLE-SILENT
311,1,0,0,9,66.3,0.00,SILENT,IDLE-SILENT
311,2,0,0,9,19.4,0.00,CRIT(19%),SILENT,IDLE-SILENT
311,3,0,0,9,45.2,0.00,SILENT,IDLE-SILENT
311,4,0,0,9,35.8,0.00,SILENT,IDLE-SILENT
312,0,0,0,9,48.3,0.00,SILENT,IDLE-SILENT
312,1,0,0,9,66.2,0.00,SILENT,IDLE-SILENT
312,2,0,0,9,19.3,0.00,CRIT(19%),SILENT,IDLE-SILENT
312,3,0,0,9,45.1,0.00,SILENT,IDLE-SILENT
312,4,0,0,9,35.7,0.00,SILENT,IDLE-SILENT
313,0,0,0,9,48.2,0.00,SILENT,IDLE-SILENT
313,1,0,0,9,66.1,0.00,SILENT,IDLE-SILENT
313,2,0,0,9,19.2,0.00,CRIT(19%),SILENT,IDLE-SILENT
313,3,0,0,9,45.0,0.00,SILENT,IDLE-SILENT
313,4,0,0,9,35.6,0.00,SILENT,IDLE-SILENT
314,0,0,0,9,48.1,0.00,SILENT,IDLE-SILENT
314,1,0,0,9,66.0,0.00,SILENT,IDLE-SILENT
314,2,0,0,9,19.1,0.00,CRIT(19%),SILENT,IDLE-SILENT
314,3,0,0,9,44.9,0.00,SILENT,IDLE-SILENT
314,4,0,0,9,35.5,0.00,SILENT,IDLE-SILENT
315,0,0,0,9,48.0,0.00,SILENT,IDLE-SILENT
315,1,0,0,9,65.9,0.00,SILENT,IDLE-SILENT
315,2,0,0,9,19.0,0.00,CRIT(19%),SILENT,IDLE-SILENT
315,3,0,0,9,44.8,0.00,SILENT,IDLE-SILENT
315,4,0,0,9,35.4,0.00,SILENT,IDLE-SILENT
316,0,0,0,9,47.9,0.00,SILENT,IDLE-SILENT
316,1,0,0,9,65.8,0.00,SILENT,IDLE-SILENT
316,2,0,0,9,18.9,0.00,CRIT(19%),SILENT,IDLE-SILENT
316,3,0,0,9,44.7,0.00,SILENT,IDLE-SILENT
316,4,0,0,9,35.3,0.00,SILENT,IDLE-SILENT
317,0,0,0,9,47.8,0.00,SILENT,IDLE-SILENT
317,1,0,0,9,65.7,0.00,SILENT,IDLE-SILENT
317,2,0,0,9,18.8,0.00,CRIT(19%),SILENT,IDLE-SILENT
317,3,0,0,9,44.6,0.00,SILENT,IDLE-SILENT
317,4,0,0,9,35.2,0.00,SILENT,IDLE-SILENT
318,0,0,0,9,47.7,0.00,SILENT,IDLE-SILENT
318,1,0,0,9,65.6,0.00,SILENT,IDLE-SILENT
318,2,0,0,9,18.7,0.00,CRIT(19%),SILENT,IDLE-SILENT
318,3,0,0,9,44.5,0.00,SILENT,IDLE-SILENT
318,4,0,0,9,35.1,0.00,SILENT,IDLE-SILENT
319,0,0,0,9,47.6,0.00,SILENT,IDLE-SILENT
319,1,0,0,9,65.5,0.00,SILENT,IDLE-SILENT
319,2,0,0,9,18.6,0.00,CRIT(19%),SILENT,IDLE-SILENT
319,3,0,0,9,44.4,0.00,SILENT,IDLE-SILENT
319,4,0,0,9,35.0,0.00,SILENT,IDLE-SILENT
320,0,0,0,9,47.5,0.00,SILENT,IDLE-SILENT
320,1,0,0,9,65.4,0.00,SILENT,IDLE-SILENT
320,2,0,0,9,18.5,0.00,CRIT(18%),SILENT,IDLE-SILENT
320,3,0,0,9,44.3,0.00,SILENT,IDLE-SILENT
320,4,0,0,9,34.9,0.00,SILENT,IDLE-SILENT
321,0,0,0,9,47.4,0.00,SILENT,IDLE-SILENT
321,1,0,0,9,65.3,0.00,SILENT,IDLE-SILENT
321,2,0,0,9,18.4,0.00,CRIT(18%),SILENT,IDLE-SILENT
321,3,0,0,9,44.2,0.00,SILENT,IDLE-SILENT
321,4,0,0,9,34.8,0.00,SILENT,IDLE-SILENT
322,0,0,0,9,47.3,0.00,SILENT,IDLE-SILENT
322,1,0,0,9,65.2,0.00,SILENT,IDLE-SILENT
322,2,0,0,9,18.3,0.00,CRIT(18%),SILENT,IDLE-SILENT
322,3,0,0,9,44.1,0.00,SILENT,IDLE-SILENT
322,4,0,0,9,34.7,0.00,SILENT,IDLE-SILENT
323,0,0,0,9,47.2,0.00,SILENT,IDLE-SILENT
323,1,0,0,9,65.1,0.00,SILENT,IDLE-SILENT
323,2,0,0,9,18.2,0.00,CRIT(18%),SILENT,IDLE-SILENT
323,3,0,0,9,44.0,0.00,SILENT,IDLE-SILENT
323,4,0,0,9,34.6,0.00,SILENT,IDLE-SILENT
324,0,0,0,9,47.1,0.00,SILENT,IDLE-SILENT
324,1,0,0,9,65.0,0.00,SILENT,IDLE-SILENT
324,2,0,0,9,18.1,0.00,CRIT(18%),SILENT,IDLE-SILENT
324,3,0,0,9,43.9,0.00,SILENT,IDLE-SILENT
324,4,0,0,9,34.5,0.00,SILENT,IDLE-SILENT
325,0,0,0,9,47.0,0.00,SILENT,IDLE-SILENT
325,1,0,0,9,64.9,0.00,SILENT,IDLE-SILENT
325,2,0,0,9,18.0,0.00,CRIT(18%),SILENT,IDLE-SILENT
325,3,0,0,9,43.8,0.00,SILENT,IDLE-SILENT
325,4,0,0,9,34.4,0.00,SILENT,IDLE-SILENT
326,0,0,0,9,46.9,0.00,SILENT,IDLE-SILENT
326,1,0,0,9,64.8,0.00,SILENT,IDLE-SILENT
326,2,0,0,9,17.9,0.00,CRIT(18%),SILENT,IDLE-SILENT
326,3,0,0,9,43.7,0.00,SILENT,IDLE-SILENT
326,4,0,0,9,34.3,0.00,SILENT,IDLE-SILENT
327,0,0,0,9,46.8,0.00,SILENT,IDLE-SILENT
327,1,0,0,9,64.7,0.00,SILENT,IDLE-SILENT
327,2,0,0,9,17.8,0.00,CRIT(18%),SILENT,IDLE-SILENT
327,3,0,0,9,43.6,0.00,SILENT,IDLE-SILENT
327,4,0,0,9,34.2,0.00,SILENT,IDLE-SILENT
328,0,0,0,9,46.7,0.00,SILENT,IDLE-SILENT
328,1,0,0,9,64.6,0.00,SILENT,IDLE-SILENT
328,2,0,0,9,17.7,0.00,CRIT(18%),SILENT,IDLE-SILENT
328,3,0,0,9,43.5,0.00,SILENT,IDLE-SILENT
328,4,0,0,9,34.1,0.00,SILENT,IDLE-SILENT
329,0,0,0,9,46.6,0.00,SILENT,IDLE-SILENT
329,1,0,0,9,64.5,0.00,SILENT,IDLE-SILENT
329,2,0,0,9,17.6,0.00,CRIT(18%),SILENT,IDLE-SILENT
329,3,0,0,9,43.4,0.00,SILENT,IDLE-SILENT
329,4,0,0,9,34.0,0.00,SILENT,IDLE-SILENT
330,0,0,0,9,46.5,0.00,SILENT,IDLE-SILENT
330,1,0,0,9,64.4,0.00,SILENT,IDLE-SILENT
330,2,0,0,9,17.5,0.00,CRIT(17%),SILENT,IDLE-SILENT
330,3,0,0,9,43.3,0.00,SILENT,IDLE-SILENT
330,4,0,0,9,33.9,0.00,SILENT,IDLE-SILENT
331,0,0,0,9,46.4,0.00,SILENT,IDLE-SILENT
331,1,0,0,9,64.3,0.00,SILENT,IDLE-SILENT
331,2,0,0,9,17.4,0.00,CRIT(17%),SILENT,IDLE-SILENT
331,3,0,0,9,43.2,0.00,SILENT,IDLE-SILENT
331,4,0,0,9,33.8,0.00,SILENT,IDLE-SILENT
332,0,0,0,9,46.3,0.00,SILENT,IDLE-SILENT
332,1,0,0,9,64.2,0.00,SILENT,IDLE-SILENT
332,2,0,0,9,17.3,0.00,CRIT(17%),SILENT,IDLE-SILENT
332,3,0,0,9,43.1,0.00,SILENT,IDLE-SILENT
332,4,0,0,9,33.7,0.00,SILENT,IDLE-SILENT
333,0,0,0,9,46.2,0.00,SILENT,IDLE-SILENT
333,1,0,0,9,64.1,0.00,SILENT,IDLE-SILENT
333,2,0,0,9,17.2,0.00,CRIT(17%),SILENT,IDLE-SILENT
333,3,0,0,9,43.0,0.00,SILENT,IDLE-SILENT
333,4,0,0,9,33.6,0.00,SILENT,IDLE-SILENT
334,0,0,0,9,46.1,0.00,SILENT,IDLE-SILENT
334,1,0,0,9,64.0,0.00,SILENT,IDLE-SILENT
334,2,0,0,9,17.1,0.00,CRIT(17%),SILENT,IDLE-SILENT
334,3,0,0,9,42.9,0.00,SILENT,IDLE-SILENT
334,4,0,0,9,33.5,0.00,SILENT,IDLE-SILENT
335,0,0,0,9,46.0,0.00,SILENT,IDLE-SILENT
335,1,0,0,9,63.9,0.00,SILENT,IDLE-SILENT
335,2,0,0,9,17.0,0.00,CRIT(17%),SILENT,IDLE-SILENT
335,3,0,0,9,42.8,0.00,SILENT,IDLE-SILENT
335,4,0,0,9,33.4,0.00,SILENT,IDLE-SILENT
336,0,0,0,9,45.9,0.00,SILENT,IDLE-SILENT
336,1,0,0,9,63.8,0.00,SILENT,IDLE-SILENT
336,2,0,0,9,16.9,0.00,CRIT(17%),SILENT,IDLE-SILENT
336,3,0,0,9,42.7,0.00,SILENT,IDLE-SILENT
336,4,0,0,9,33.3,0.00,SILENT,IDLE-SILENT
337,0,0,0,9,45.8,0.00,SILENT,IDLE-SILENT
337,1,0,0,9,63.7,0.00,SILENT,IDLE-SILENT
337,2,0,0,9,16.8,0.00,CRIT(17%),SILENT,IDLE-SILENT
337,3,0,0,9,42.6,0.00,SILENT,IDLE-SILENT
337,4,0,0,9,33.2,0.00,SILENT,IDLE-SILENT
338,0,0,0,9,45.7,0.00,SILENT,IDLE-SILENT
338,1,0,0,9,63.6,0.00,SILENT,IDLE-SILENT
338,2,0,0,9,16.7,0.00,CRIT(17%),SILENT,IDLE-SILENT
338,3,0,0,9,42.5,0.00,SILENT,IDLE-SILENT
338,4,0,0,9,33.1,0.00,SILENT,IDLE-SILENT
339,0,0,0,9,45.6,0.00,SILENT,IDLE-SILENT
339,1,0,0,9,63.5,0.00,SILENT,IDLE-SILENT
339,2,0,0,9,16.6,0.00,CRIT(17%),SILENT,IDLE-SILENT
339,3,0,0,9,42.4,0.00,SILENT,IDLE-SILENT
339,4,0,0,9,33.0,0.00,SILENT,IDLE-SILENT
340,0,0,0,9,45.5,0.00,SILENT,IDLE-SILENT
340,1,0,0,9,63.4,0.00,SILENT,IDLE-SILENT
340,2,0,0,9,16.5,0.00,CRIT(16%),SILENT,IDLE-SILENT
340,3,0,0,9,42.3,0.00,SILENT,IDLE-SILENT
340,4,0,0,9,32.9,0.00,SILENT,IDLE-SILENT
341,0,0,0,9,45.4,0.00,SILENT,IDLE-SILENT
341,1,0,0,9,63.3,0.00,SILENT,IDLE-SILENT
341,2,0,0,9,16.4,0.00,CRIT(16%),SILENT,IDLE-SILENT
341,3,0,0,9,42.2,0.00,SILENT,IDLE-SILENT
341,4,0,0,9,32.9,0.00,SILENT,IDLE-SILENT
342,0,0,0,9,45.3,0.00,SILENT,IDLE-SILENT
342,1,0,0,9,63.2,0.00,SILENT,IDLE-SILENT
342,2,0,0,9,16.3,0.00,CRIT(16%),SILENT,IDLE-SILENT
342,3,0,0,9,42.1,0.00,SILENT,IDLE-SILENT
342,4,0,0,9,32.9,0.00,SILENT,IDLE-SILENT
343,0,0,0,9,45.2,0.00,SILENT,IDLE-SILENT
343,1,0,0,9,63.1,0.00,SILENT,IDLE-SILENT
343,2,0,0,9,16.2,0.00,CRIT(16%),SILENT,IDLE-SILENT
343,3,0,0,9,42.0,0.00,SILENT,IDLE-SILENT
343,4,0,0,9,32.9,0.00,SILENT,IDLE-SILENT
344,0,0,0,9,45.1,0.00,SILENT,IDLE-SILENT
344,1,0,0,9,63.0,0.00,SILENT,IDLE-SILENT
344,2,0,0,9,16.1,0.00,CRIT(16%),SILENT,IDLE-SILENT
344,3,0,0,9,41.9,0.00,SILENT,IDLE-SILENT
344,4,0,0,9,32.9,0.00,SILENT,IDLE-SILENT
345,0,0,0,9,45.0,0.00,SILENT,IDLE-SILENT
345,1,0,0,9,62.9,0.00,SILENT,IDLE-SILENT
345,2,0,0,9,16.0,0.00,CRIT(16%),SILENT,IDLE-SILENT
345,3,0,0,9,41.8,0.00,SILENT,IDLE-SILENT
345,4,0,0,9,32.9,0.00,SILENT,IDLE-SILENT
346,0,0,0,9,44.9,0.00,SILENT,IDLE-SILENT
346,1,0,0,9,62.8,0.00,SILENT,IDLE-SILENT
346,2,0,0,9,15.9,0.00,CRIT(16%),SILENT,IDLE-SILENT
346,3,0,0,9,41.7,0.00,SILENT,IDLE-SILENT
346,4,0,0,9,32.9,0.00,SILENT,IDLE-SILENT
347,0,0,0,9,44.8,0.00,SILENT,IDLE-SILENT
347,1,0,0,9,62.7,0.00,SILENT,IDLE-SILENT
347,2,0,0,9,15.8,0.00,CRIT(16%),SILENT,IDLE-SILENT
347,3,0,0,9,41.6,0.00,SILENT,IDLE-SILENT
347,4,0,0,9,32.9,0.00,SILENT,IDLE-SILENT
348,0,0,0,9,44.7,0.00,SILENT,IDLE-SILENT
348,1,0,0,9,62.6,0.00,SILENT,IDLE-SILENT
348,2,0,0,9,15.7,0.00,CRIT(16%),SILENT,IDLE-SILENT
348,3,0,0,9,41.5,0.00,SILENT,IDLE-SILENT
348,4,0,0,9,32.9,0.00,SILENT,IDLE-SILENT
349,0,0,0,9,44.6,0.00,SILENT,IDLE-SILENT
349,1,0,0,9,62.5,0.00,SILENT,IDLE-SILENT
349,2,0,0,9,15.6,0.00,CRIT(16%),SILENT,IDLE-SILENT
349,3,0,0,9,41.4,0.00,SILENT,IDLE-SILENT
349,4,0,0,9,32.9,0.00,SILENT,IDLE-SILENT
350,0,0,0,9,44.5,0.00,SILENT,IDLE-SILENT
350,1,0,0,9,62.4,0.00,SILENT,IDLE-SILENT
350,2,0,0,9,15.5,0.00,CRIT(15%),SILENT,IDLE-SILENT
350,3,0,0,9,41.3,0.00,SILENT,IDLE-SILENT
350,4,0,0,9,32.9,0.00,SILENT,IDLE-SILENT
351,0,0,0,9,44.4,0.00,SILENT,IDLE-SILENT
351,1,0,0,9,62.3,0.00,SILENT,IDLE-SILENT
351,2,0,0,9,15.4,0.00,CRIT(15%),SILENT,IDLE-SILENT
351,3,0,0,9,41.2,0.00,SILENT,IDLE-SILENT
351,4,0,0,9,32.9,0.00,SILENT,IDLE-SILENT
352,0,0,0,9,44.3,0.00,SILENT,IDLE-SILENT
352,1,0,0,9,62.2,0.00,SILENT,IDLE-SILENT
352,2,0,0,9,15.3,0.00,CRIT(15%),SILENT,IDLE-SILENT
352,3,0,0,9,41.1,0.00,SILENT,IDLE-SILENT
352,4,0,0,9,32.9,0.00,SILENT,IDLE-SILENT
353,0,0,0,9,44.2,0.00,SILENT,IDLE-SILENT
353,1,0,0,9,62.1,0.00,SILENT,IDLE-SILENT
353,2,0,0,9,15.2,0.00,CRIT(15%),SILENT,IDLE-SILENT
353,3,0,0,9,41.0,0.00,SILENT,IDLE-SILENT
353,4,0,0,9,32.9,0.00,SILENT,IDLE-SILENT
354,0,0,0,9,44.1,0.00,SILENT,IDLE-SILENT
354,1,0,0,9,62.0,0.00,SILENT,IDLE-SILENT
354,2,0,0,9,15.1,0.00,CRIT(15%),SILENT,IDLE-SILENT
354,3,0,0,9,40.9,0.00,SILENT,IDLE-SILENT
354,4,0,0,9,32.9,0.00,SILENT,IDLE-SILENT
355,0,0,0,9,44.0,0.00,SILENT,IDLE-SILENT
355,1,0,0,9,61.9,0.00,SILENT,IDLE-SILENT
355,2,0,0,9,15.0,0.00,CRIT(15%),SILENT,IDLE-SILENT
355,3,0,0,9,40.8,0.00,SILENT,IDLE-SILENT
355,4,0,0,9,32.9,0.00,SILENT,IDLE-SILENT
356,0,0,0,9,43.9,0.00,SILENT,IDLE-SILENT
356,1,0,0,9,61.8,0.00,SILENT,IDLE-SILENT
356,2,0,0,9,14.9,0.00,CRIT(15%),SILENT,IDLE-SILENT
356,3,0,0,9,40.7,0.00,SILENT,IDLE-SILENT
356,4,0,0,9,32.9,0.00,SILENT,IDLE-SILENT
357,0,0,0,9,43.8,0.00,SILENT,IDLE-SILENT
357,1,0,0,9,61.7,0.00,SILENT,IDLE-SILENT
357,2,0,0,9,14.8,0.00,CRIT(15%),SILENT,IDLE-SILENT
357,3,0,0,9,40.6,0.00,SILENT,IDLE-SILENT
357,4,0,0,9,32.9,0.00,SILENT,IDLE-SILENT
358,0,0,0,9,43.7,0.00,SILENT,IDLE-SILENT
358,1,0,0,9,61.6,0.00,SILENT,IDLE-SILENT
358,2,0,0,9,14.7,0.00,CRIT(15%),SILENT,IDLE-SILENT
358,3,0,0,9,40.5,0.00,SILENT,IDLE-SILENT
358,4,0,0,9,32.9,0.00,SILENT,IDLE-SILENT
359,0,0,0,9,43.6,0.00,SILENT,IDLE-SILENT
359,1,0,0,9,61.5,0.00,SILENT,IDLE-SILENT
359,2,0,0,9,14.6,0.00,CRIT(15%),SILENT,IDLE-SILENT
359,3,0,0,9,40.4,0.00,SILENT,IDLE-SILENT
359,4,0,0,9,32.9,0.00,SILENT,IDLE-SILENT
360,0,0,0,9,43.5,0.00,SILENT,IDLE-SILENT
360,1,0,0,9,61.4,0.00,SILENT,IDLE-SILENT
360,2,0,0,9,14.5,0.00,CRIT(14%),SILENT,IDLE-SILENT
360,3,0,0,9,40.3,0.00,SILENT,IDLE-SILENT
360,4,0,0,9,32.9,0.00,SILENT,IDLE-SILENT
361,0,0,0,9,43.4,0.00,SILENT,IDLE-SILENT
361,1,0,0,9,61.3,0.00,SILENT,IDLE-SILENT
361,2,0,0,9,14.4,0.00,CRIT(14%),SILENT,IDLE-SILENT
361,3,0,0,9,40.2,0.00,SILENT,IDLE-SILENT
361,4,0,0,9,32.9,0.00,SILENT,IDLE-SILENT
362,0,0,0,9,43.3,0.00,SILENT,IDLE-SILENT
362,1,0,0,9,61.2,0.00,SILENT,IDLE-SILENT
362,2,0,0,9,14.3,0.00,CRIT(14%),SILENT,IDLE-SILENT
362,3,0,0,9,40.1,0.00,SILENT,IDLE-SILENT
362,4,0,0,9,32.9,0.00,SILENT,IDLE-SILENT
363,0,0,0,9,43.2,0.00,SILENT,IDLE-SILENT
363,1,0,0,9,61.1,0.00,SILENT,IDLE-SILENT
363,2,0,0,9,14.2,0.00,CRIT(14%),SILENT,IDLE-SILENT
363,3,0,0,9,40.0,0.00,SILENT,IDLE-SILENT
363,4,0,0,9,32.9,0.00,SILENT,IDLE-SILENT
364,0,0,0,9,43.1,0.00,SILENT,IDLE-SILENT
364,1,0,0,9,61.0,0.00,SILENT,IDLE-SILENT
364,2,0,0,9,14.1,0.00,CRIT(14%),SILENT,IDLE-SILENT
364,3,0,0,9,39.9,0.00,SILENT,IDLE-SILENT
364,4,0,0,9,32.9,0.00,SILENT,IDLE-SILENT
365,0,0,0,9,43.0,0.00,SILENT,IDLE-SILENT
365,1,0,0,9,60.9,0.00,SILENT,IDLE-SILENT
365,2,0,0,9,14.0,0.00,CRIT(14%),SILENT,IDLE-SILENT
365,3,0,0,9,39.8,0.00,SILENT,IDLE-SILENT
365,4,0,0,9,32.9,0.00,SILENT,IDLE-SILENT
366,0,0,0,9,42.9,0.00,SILENT,IDLE-SILENT
366,1,0,0,9,60.8,0.00,SILENT,IDLE-SILENT
366,2,0,0,9,13.9,0.00,CRIT(14%),SILENT,IDLE-SILENT
366,3,0,0,9,39.7,0.00,SILENT,IDLE-SILENT
366,4,0,0,9,32.9,0.00,SILENT,IDLE-SILENT
367,0,0,0,9,42.8,0.00,SILENT,IDLE-SILENT
367,1,0,0,9,60.7,0.00,SILENT,IDLE-SILENT
367,2,0,0,9,13.8,0.00,CRIT(14%),SILENT,IDLE-SILENT
367,3,0,0,9,39.6,0.00,SILENT,IDLE-SILENT
367,4,0,0,9,32.9,0.00,SILENT,IDLE-SILENT
368,0,0,0,9,42.7,0.00,SILENT,IDLE-SILENT
368,1,0,0,9,60.6,0.00,SILENT,IDLE-SILENT
368,2,0,0,9,13.7,0.00,CRIT(14%),SILENT,IDLE-SILENT
368,3,0,0,9,39.5,0.00,SILENT,IDLE-SILENT
368,4,0,0,9,32.9,0.00,SILENT,IDLE-SILENT
369,0,0,0,9,42.6,0.00,SILENT,IDLE-SILENT
369,1,0,0,9,60.5,0.00,SILENT,IDLE-SILENT
369,2,0,0,9,13.6,0.00,CRIT(14%),SILENT,IDLE-SILENT
369,3,0,0,9,39.4,0.00,SILENT,IDLE-SILENT
369,4,0,0,9,32.9,0.00,SILENT,IDLE-SILENT
370,0,0,0,9,42.5,0.00,SILENT,IDLE-SILENT
370,1,0,0,9,60.4,0.00,SILENT,IDLE-SILENT
370,2,0,0,9,13.5,0.00,CRIT(13%),SILENT,IDLE-SILENT
370,3,0,0,9,39.3,0.00,SILENT,IDLE-SILENT
370,4,0,0,9,32.8,0.00,SILENT,IDLE-SILENT
371,0,0,0,9,42.4,0.00,SILENT,IDLE-SILENT
371,1,0,0,9,60.3,0.00,SILENT,IDLE-SILENT
371,2,0,0,9,13.4,0.00,CRIT(13%),SILENT,IDLE-SILENT
371,3,0,0,9,39.2,0.00,SILENT,IDLE-SILENT
371,4,0,0,9,32.7,0.00,SILENT,IDLE-SILENT
372,0,0,0,9,42.3,0.00,SILENT,IDLE-SILENT
372,1,0,0,9,60.2,0.00,SILENT,IDLE-SILENT
372,2,0,0,9,13.3,0.00,CRIT(13%),SILENT,IDLE-SILENT
372,3,0,0,9,39.1,0.00,SILENT,IDLE-SILENT
372,4,0,0,9,32.6,0.00,SILENT,IDLE-SILENT
373,0,0,0,9,42.2,0.00,SILENT,IDLE-SILENT
373,1,0,0,9,60.1,0.00,SILENT,IDLE-SILENT
373,2,0,0,9,13.2,0.00,CRIT(13%),SILENT,IDLE-SILENT
373,3,0,0,9,39.0,0.00,SILENT,IDLE-SILENT
373,4,0,0,9,32.5,0.00,SILENT,IDLE-SILENT
374,0,0,0,9,42.1,0.00,SILENT,IDLE-SILENT
374,1,0,0,9,60.0,0.00,SILENT,IDLE-SILENT
374,2,0,0,9,13.1,0.00,CRIT(13%),SILENT,IDLE-SILENT
374,3,0,0,9,38.9,0.00,SILENT,IDLE-SILENT
374,4,0,0,9,32.4,0.00,SILENT,IDLE-SILENT
375,0,0,0,9,42.0,0.00,SILENT,IDLE-SILENT
375,1,0,0,9,59.9,0.00,SILENT,IDLE-SILENT
375,2,0,0,9,13.0,0.00,CRIT(13%),SILENT,IDLE-SILENT
375,3,0,0,9,38.8,0.00,SILENT,IDLE-SILENT
375,4,0,0,9,32.3,0.00,SILENT,IDLE-SILENT
376,0,0,0,9,41.9,0.00,SILENT,IDLE-SILENT
376,1,0,0,9,59.8,0.00,SILENT,IDLE-SILENT
376,2,0,0,9,12.9,0.00,CRIT(13%),SILENT,IDLE-SILENT
376,3,0,0,9,38.7,0.00,SILENT,IDLE-SILENT
376,4,0,0,9,32.2,0.00,SILENT,IDLE-SILENT
377,0,0,0,9,41.8,0.00,SILENT,IDLE-SILENT
377,1,0,0,9,59.7,0.00,SILENT,IDLE-SILENT
377,2,0,0,9,12.8,0.00,CRIT(13%),SILENT,IDLE-SILENT
377,3,0,0,9,38.6,0.00,SILENT,IDLE-SILENT
377,4,0,0,9,32.1,0.00,SILENT,IDLE-SILENT
378,0,0,0,9,41.7,0.00,SILENT,IDLE-SILENT
378,1,0,0,9,59.6,0.00,SILENT,IDLE-SILENT
378,2,0,0,9,12.7,0.00,CRIT(13%),SILENT,IDLE-SILENT
378,3,0,0,9,38.5,0.00,SILENT,IDLE-SILENT
378,4,0,0,9,32.0,0.00,SILENT,IDLE-SILENT
379,0,0,0,9,41.6,0.00,SILENT,IDLE-SILENT
379,1,0,0,9,59.5,0.00,SILENT,IDLE-SILENT
379,2,0,0,9,12.6,0.00,CRIT(13%),SILENT,IDLE-SILENT
379,3,0,0,9,38.4,0.00,SILENT,IDLE-SILENT
379,4,0,0,9,31.9,0.00,SILENT,IDLE-SILENT
380,0,0,0,9,41.5,0.00,SILENT,IDLE-SILENT
380,1,0,0,9,59.4,0.00,SILENT,IDLE-SILENT
380,2,0,0,9,12.5,0.00,CRIT(12%),SILENT,IDLE-SILENT
380,3,0,0,9,38.3,0.00,SILENT,IDLE-SILENT
380,4,0,0,9,31.8,0.00,SILENT,IDLE-SILENT
381,0,0,0,9,41.4,0.00,SILENT,IDLE-SILENT
381,1,0,0,9,59.3,0.00,SILENT,IDLE-SILENT
381,2,0,0,9,12.4,0.00,CRIT(12%),SILENT,IDLE-SILENT
381,3,0,0,9,38.2,0.00,SILENT,IDLE-SILENT
381,4,0,0,9,31.7,0.00,SILENT,IDLE-SILENT
382,0,0,0,9,41.3,0.00,SILENT,IDLE-SILENT
382,1,0,0,9,59.2,0.00,SILENT,IDLE-SILENT
382,2,0,0,9,12.3,0.00,CRIT(12%),SILENT,IDLE-SILENT
382,3,0,0,9,38.1,0.00,SILENT,IDLE-SILENT
382,4,0,0,9,31.6,0.00,SILENT,IDLE-SILENT
383,0,0,0,9,41.2,0.00,SILENT,IDLE-SILENT
383,1,0,0,9,59.1,0.00,SILENT,IDLE-SILENT
383,2,0,0,9,12.2,0.00,CRIT(12%),SILENT,IDLE-SILENT
383,3,0,0,9,38.0,0.00,SILENT,IDLE-SILENT
383,4,0,0,9,31.5,0.00,SILENT,IDLE-SILENT
384,0,0,0,9,41.1,0.00,SILENT,IDLE-SILENT
384,1,0,0,9,59.0,0.00,SILENT,IDLE-SILENT
384,2,0,0,9,12.1,0.00,CRIT(12%),SILENT,IDLE-SILENT
384,3,0,0,9,37.9,0.00,SILENT,IDLE-SILENT
384,4,0,0,9,31.4,0.00,SILENT,IDLE-SILENT
385,0,0,0,9,41.0,0.00,SILENT,IDLE-SILENT
385,1,0,0,9,58.9,0.00,SILENT,IDLE-SILENT
385,2,0,0,9,12.0,0.00,CRIT(12%),SILENT,IDLE-SILENT
385,3,0,0,9,37.8,0.00,SILENT,IDLE-SILENT
385,4,0,0,9,31.3,0.00,SILENT,IDLE-SILENT
386,0,0,0,9,40.9,0.00,SILENT,IDLE-SILENT
386,1,0,0,9,58.8,0.00,SILENT,IDLE-SILENT
386,2,0,0,9,11.9,0.00,CRIT(12%),SILENT,IDLE-SILENT
386,3,0,0,9,37.7,0.00,SILENT,IDLE-SILENT
386,4,0,0,9,31.2,0.00,SILENT,IDLE-SILENT
387,0,0,0,9,40.8,0.00,SILENT,IDLE-SILENT
387,1,0,0,9,58.7,0.00,SILENT,IDLE-SILENT
387,2,0,0,9,11.8,0.00,CRIT(12%),SILENT,IDLE-SILENT
387,3,0,0,9,37.6,0.00,SILENT,IDLE-SILENT
387,4,0,0,9,31.1,0.00,SILENT,IDLE-SILENT
388,0,0,0,9,40.7,0.00,SILENT,IDLE-SILENT
388,1,0,0,9,58.6,0.00,SILENT,IDLE-SILENT
388,2,0,0,9,11.7,0.00,CRIT(12%),SILENT,IDLE-SILENT
388,3,0,0,9,37.5,0.00,SILENT,IDLE-SILENT
388,4,0,0,9,31.0,0.00,SILENT,IDLE-SILENT
389,0,0,0,9,40.6,0.00,SILENT,IDLE-SILENT
389,1,0,0,9,58.5,0.00,SILENT,IDLE-SILENT
389,2,0,0,9,11.6,0.00,CRIT(12%),SILENT,IDLE-SILENT
389,3,0,0,9,37.4,0.00,SILENT,IDLE-SILENT
389,4,0,0,9,30.9,0.00,SILENT,IDLE-SILENT
390,0,0,0,9,40.5,0.00,SILENT,IDLE-SILENT
390,1,0,0,9,58.4,0.00,SILENT,IDLE-SILENT
390,2,0,0,9,11.5,0.00,CRIT(11%),SILENT,IDLE-SILENT
390,3,0,0,9,37.3,0.00,SILENT,IDLE-SILENT
390,4,0,0,9,30.8,0.00,SILENT,IDLE-SILENT
391,0,0,0,9,40.4,0.00,SILENT,IDLE-SILENT
391,1,0,0,9,58.3,0.00,SILENT,IDLE-SILENT
391,2,0,0,9,11.4,0.00,CRIT(11%),SILENT,IDLE-SILENT
391,3,0,0,9,37.2,0.00,SILENT,IDLE-SILENT
391,4,0,0,9,30.7,0.00,SILENT,IDLE-SILENT
392,0,0,0,9,40.3,0.00,SILENT,IDLE-SILENT
392,1,0,0,9,58.2,0.00,SILENT,IDLE-SILENT
392,2,0,0,9,11.3,0.00,CRIT(11%),SILENT,IDLE-SILENT
392,3,0,0,9,37.1,0.00,SILENT,IDLE-SILENT
392,4,0,0,9,30.6,0.00,SILENT,IDLE-SILENT
393,0,0,0,9,40.2,0.00,SILENT,IDLE-SILENT
393,1,0,0,9,58.1,0.00,SILENT,IDLE-SILENT
393,2,0,0,9,11.2,0.00,CRIT(11%),SILENT,IDLE-SILENT
393,3,0,0,9,37.0,0.00,SILENT,IDLE-SILENT
393,4,0,0,9,30.5,0.00,SILENT,IDLE-SILENT
394,0,0,0,9,40.2,0.00,SILENT,IDLE-SILENT
394,1,0,0,9,58.0,0.00,SILENT,IDLE-SILENT
394,2,0,0,9,11.1,0.00,CRIT(11%),SILENT,IDLE-SILENT
394,3,0,0,9,36.9,0.00,SILENT,IDLE-SILENT
394,4,0,0,9,30.4,0.00,SILENT,IDLE-SILENT
395,0,0,0,9,40.2,0.00,SILENT,IDLE-SILENT
395,1,0,0,9,57.9,0.00,SILENT,IDLE-SILENT
395,2,0,0,9,11.0,0.00,CRIT(11%),SILENT,IDLE-SILENT
395,3,0,0,9,36.8,0.00,SILENT,IDLE-SILENT
395,4,0,0,9,30.3,0.00,SILENT,IDLE-SILENT
396,0,0,0,9,40.2,0.00,SILENT,IDLE-SILENT
396,1,0,0,9,57.8,0.00,SILENT,IDLE-SILENT
396,2,0,0,9,10.9,0.00,CRIT(11%),SILENT,IDLE-SILENT
396,3,0,0,9,36.7,0.00,SILENT,IDLE-SILENT
396,4,0,0,9,30.2,0.00,SILENT,IDLE-SILENT
397,0,0,0,9,40.2,0.00,SILENT,IDLE-SILENT
397,1,0,0,9,57.7,0.00,SILENT,IDLE-SILENT
397,2,0,0,9,10.8,0.00,CRIT(11%),SILENT,IDLE-SILENT
397,3,0,0,9,36.6,0.00,SILENT,IDLE-SILENT
397,4,0,0,9,30.1,0.00,SILENT,IDLE-SILENT
398,0,0,0,9,40.2,0.00,SILENT,IDLE-SILENT
398,1,0,0,9,57.6,0.00,SILENT,IDLE-SILENT
398,2,0,0,9,10.7,0.00,CRIT(11%),SILENT,IDLE-SILENT
398,3,0,0,9,36.5,0.00,SILENT,IDLE-SILENT
398,4,0,0,9,30.0,0.00,SILENT,IDLE-SILENT
399,0,0,0,9,40.2,0.00,SILENT,IDLE-SILENT
399,1,0,0,9,57.5,0.00,SILENT,IDLE-SILENT
399,2,0,0,9,10.6,0.00,CRIT(11%),SILENT,IDLE-SILENT
399,3,0,0,9,36.4,0.00,SILENT,IDLE-SILENT
399,4,0,0,9,29.9,0.00,SILENT,IDLE-SILENT
400,0,0,0,9,40.2,0.00,SILENT,IDLE-SILENT
400,1,0,0,9,57.4,0.00,SILENT,IDLE-SILENT
400,2,0,0,9,10.6,0.00,CRIT(11%),SILENT,IDLE-SILENT
400,3,0,,,36.3,0.00,SILENT,IDLE-SILENT
400,4,0,0,9,29.8,0.00,SILENT,IDLE-SILENT
401,0,0,0,9,40.2,0.00,SILENT,IDLE-SILENT
401,1,0,0,9,57.3,0.00,SILENT,IDLE-SILENT
401,2,0,0,9,10.6,0.00,CRIT(11%),SILENT,IDLE-SILENT
401,3,0,0,9,36.2,0.00,SILENT,IDLE-SILENT
401,4,0,0,9,29.7,0.00,SILENT,IDLE-SILENT
402,0,0,0,9,40.2,0.00,SILENT,IDLE-SILENT
402,1,0,0,9,57.2,0.00,SILENT,IDLE-SILENT
402,2,0,0,9,10.6,0.00,CRIT(11%),SILENT,IDLE-SILENT
402,3,0,0,9,36.1,0.00,SILENT,IDLE-SILENT
402,4,0,0,9,29.6,0.00,SILENT,IDLE-SILENT
403,0,0,0,9,40.2,0.00,SILENT,IDLE-SILENT
403,1,0,0,9,57.1,0.00,SILENT,IDLE-SILENT
403,2,0,0,9,10.6,0.00,CRIT(11%),SILENT,IDLE-SILENT
403,3,0,0,9,36.0,0.00,SILENT,IDLE-SILENT
403,4,0,0,9,29.5,0.00,SILENT,IDLE-SILENT
404,0,0,0,9,40.2,0.00,SILENT,IDLE-SILENT
404,1,0,0,9,57.0,0.00,SILENT,IDLE-SILENT
404,2,0,0,9,10.6,0.00,CRIT(11%),SILENT,IDLE-SILENT
404,3,0,0,9,35.9,0.00,SILENT,IDLE-SILENT
404,4,0,0,9,29.4,0.00,SILENT,IDLE-SILENT
405,0,0,0,9,40.2,0.00,SILENT,IDLE-SILENT
405,1,0,0,9,56.9,0.00,SILENT,IDLE-SILENT
405,2,0,0,9,10.6,0.00,CRIT(11%),SILENT,IDLE-SILENT
405,3,0,0,9,35.8,0.00,SILENT,IDLE-SILENT
405,4,0,0,9,29.3,0.00,SILENT,IDLE-SILENT
406,0,0,0,9,40.2,0.00,SILENT,IDLE-SILENT
406,1,0,0,9,56.8,0.00,SILENT,IDLE-SILENT
406,2,0,0,9,10.6,0.00,CRIT(11%),SILENT,IDLE-SILENT
406,3,0,0,9,35.7,0.00,SILENT,IDLE-SILENT
406,4,0,0,9,29.2,0.00,SILENT,IDLE-SILENT
407,0,0,0,9,40.2,0.00,SILENT,IDLE-SILENT
407,1,0,0,9,56.7,0.00,SILENT,IDLE-SILENT
407,2,0,0,9,10.6,0.00,CRIT(11%),SILENT,IDLE-SILENT
407,3,0,0,9,35.6,0.00,SILENT,IDLE-SILENT
407,4,0,0,9,29.1,0.00,SILENT,IDLE-SILENT
408,0,0,0,9,40.2,0.00,SILENT,IDLE-SILENT
408,1,0,0,9,56.6,0.00,SILENT,IDLE-SILENT
408,2,0,0,9,10.6,0.00,CRIT(11%),SILENT,IDLE-SILENT
408,3,0,0,9,35.5,0.00,SILENT,IDLE-SILENT
408,4,0,0,9,29.0,0.00,SILENT,IDLE-SILENT
409,0,0,0,9,40.2,0.00,SILENT,IDLE-SILENT
409,1,0,0,9,56.5,0.00,SILENT,IDLE-SILENT
409,2,0,0,9,10.6,0.00,CRIT(11%),SILENT,IDLE-SILENT
409,3,0,0,9,35.4,0.00,SILENT,IDLE-SILENT
409,4,0,0,9,28.9,0.00,SILENT,IDLE-SILENT
410,0,0,0,9,40.2,0.00,SILENT,IDLE-SILENT
410,1,0,0,9,56.5,0.00,SILENT,IDLE-SILENT
410,2,0,0,9,10.6,0.00,CRIT(11%),SILENT,IDLE-SILENT
410,3,0,0,9,35.3,0.00,SILENT,IDLE-SILENT
410,4,0,0,9,28.8,0.00,SILENT,IDLE-SILENT
411,0,0,0,9,40.2,0.00,SILENT,IDLE-SILENT
411,1,0,0,9,56.5,0.00,SILENT,IDLE-SILENT
411,2,0,0,9,10.6,0.00,CRIT(11%),SILENT,IDLE-SILENT
411,3,0,0,9,35.2,0.00,SILENT,IDLE-SILENT
411,4,0,0,9,28.7,0.00,SILENT,IDLE-SILENT
412,0,0,0,9,40.2,0.00,SILENT,IDLE-SILENT
412,1,0,0,9,56.5,0.00,SILENT,IDLE-SILENT
412,2,0,0,9,10.6,0.00,CRIT(11%),SILENT,IDLE-SILENT
412,3,0,0,9,35.1,0.00,SILENT,IDLE-SILENT
412,4,0,0,9,28.6,0.00,SILENT,IDLE-SILENT
413,0,0,0,9,40.2,0.00,SILENT,IDLE-SILENT
413,1,0,0,9,56.5,0.00,SILENT,IDLE-SILENT
413,2,0,0,9,10.6,0.00,CRIT(11%),SILENT,IDLE-SILENT
413,3,0,0,9,35.0,0.00,SILENT,IDLE-SILENT
413,4,0,0,9,28.5,0.00,SILENT,IDLE-SILENT
414,0,0,0,9,40.2,0.00,SILENT,IDLE-SILENT
414,1,0,0,9,56.5,0.00,SILENT,IDLE-SILENT
414,2,0,0,9,10.6,0.00,CRIT(11%),SILENT,IDLE-SILENT
414,3,0,0,9,34.9,0.00,SILENT,IDLE-SILENT
414,4,0,0,9,28.4,0.00,SILENT,IDLE-SILENT
415,0,0,0,9,40.2,0.00,SILENT,IDLE-SILENT
415,1,0,0,9,56.5,0.00,SILENT,IDLE-SILENT
415,2,0,0,9,10.6,0.00,CRIT(11%),SILENT,IDLE-SILENT
415,3,0,0,9,34.8,0.00,SILENT,IDLE-SILENT
415,4,0,0,9,28.3,0.00,SILENT,IDLE-SILENT
416,0,0,0,9,40.2,0.00,SILENT,IDLE-SILENT
416,1,0,0,9,56.5,0.00,SILENT,IDLE-SILENT
416,2,0,0,9,10.6,0.00,CRIT(11%),SILENT,IDLE-SILENT
416,3,0,0,9,34.7,0.00,SILENT,IDLE-SILENT
416,4,0,0,9,28.2,0.00,SILENT,IDLE-SILENT
417,0,0,0,9,40.2,0.00,SILENT,IDLE-SILENT
417,1,0,0,9,56.5,0.00,SILENT,IDLE-SILENT
417,2,0,0,9,10.6,0.00,CRIT(11%),SILENT,IDLE-SILENT
417,3,0,0,9,34.6,0.00,SILENT,IDLE-SILENT
417,4,0,0,9,28.1,0.00,SILENT,IDLE-SILENT
418,0,0,0,9,40.2,0.00,SILENT,IDLE-SILENT
418,1,0,0,9,56.5,0.00,SILENT,IDLE-SILENT
418,2,0,0,9,10.6,0.00,CRIT(11%),SILENT,IDLE-SILENT
418,3,0,0,9,34.5,0.00,SILENT,IDLE-SILENT
418,4,0,0,9,28.0,0.00,SILENT,IDLE-SILENT
419,0,0,0,9,40.2,0.00,SILENT,IDLE-SILENT
419,1,0,0,9,56.5,0.00,SILENT,IDLE-SILENT
419,2,0,0,9,10.6,0.00,CRIT(11%),SILENT,IDLE-SILENT
419,3,0,0,9,34.4,0.00,SILENT,IDLE-SILENT
419,4,0,0,9,27.9,0.00,SILENT,IDLE-SILENT
420,0,0,0,9,40.2,0.00,SILENT,IDLE-SILENT
420,1,0,0,9,56.5,0.00,SILENT,IDLE-SILENT
420,2,0,0,9,10.6,0.00,CRIT(11%),SILENT,IDLE-SILENT
420,3,0,0,9,34.3,0.00,SILENT,IDLE-SILENT
420,4,0,0,9,27.8,0.00,SILENT,IDLE-SILENT
421,0,0,0,9,40.2,0.00,SILENT,IDLE-SILENT
421,1,0,0,9,56.5,0.00,SILENT,IDLE-SILENT
421,2,0,0,9,10.6,0.00,CRIT(11%),SILENT,IDLE-SILENT
421,3,0,0,9,34.2,0.00,SILENT,IDLE-SILENT
421,4,0,0,9,27.7,0.00,SILENT,IDLE-SILENT
422,0,0,0,9,40.2,0.00,SILENT,IDLE-SILENT
422,1,0,0,9,56.5,0.00,SILENT,IDLE-SILENT
422,2,0,0,9,10.6,0.00,CRIT(11%),SILENT,IDLE-SILENT
422,3,0,0,9,34.1,0.00,SILENT,IDLE-SILENT
422,4,0,0,9,27.6,0.00,SILENT,IDLE-SILENT
423,0,0,0,9,40.1,0.00,SILENT,IDLE-SILENT
423,1,0,0,9,56.5,0.00,SILENT,IDLE-SILENT
423,2,0,0,9,10.6,0.00,CRIT(11%),SILENT,IDLE-SILENT
423,3,0,0,9,34.0,0.00,SILENT,IDLE-SILENT
423,4,0,0,9,27.5,0.00,SILENT,IDLE-SILENT
424,0,0,0,9,40.0,0.00,SILENT,IDLE-SILENT
424,1,0,0,9,56.5,0.00,SILENT,IDLE-SILENT
424,2,0,0,9,10.6,0.00,CRIT(11%),SILENT,IDLE-SILENT
424,3,0,0,9,33.9,0.00,SILENT,IDLE-SILENT
424,4,0,0,9,27.4,0.00,SILENT,IDLE-SILENT
425,0,0,0,9,39.9,0.00,SILENT,IDLE-SILENT
425,1,0,0,9,56.5,0.00,SILENT,IDLE-SILENT
425,2,0,0,9,10.6,0.00,CRIT(11%),SILENT,IDLE-SILENT
425,3,0,0,9,33.8,0.00,SILENT,IDLE-SILENT
425,4,0,0,9,27.3,0.00,SILENT,IDLE-SILENT
426,0,0,0,9,39.8,0.00,SILENT,IDLE-SILENT
426,1,0,0,9,56.5,0.00,SILENT,IDLE-SILENT
426,2,0,0,9,10.6,0.00,CRIT(11%),SILENT,IDLE-SILENT
426,3,0,0,9,33.7,0.00,SILENT,IDLE-SILENT
426,4,0,0,9,27.2,0.00,SILENT,IDLE-SILENT
427,0,0,0,9,39.7,0.00,SILENT,IDLE-SILENT
427,1,0,0,9,56.5,0.00,SILENT,IDLE-SILENT
427,2,0,0,9,10.6,0.00,CRIT(11%),SILENT,IDLE-SILENT
427,3,0,0,9,33.6,0.00,SILENT,IDLE-SILENT
427,4,0,0,9,27.1,0.00,SILENT,IDLE-SILENT
428,0,0,0,9,39.6,0.00,SILENT,IDLE-SILENT
428,1,0,0,9,56.5,0.00,SILENT,IDLE-SILENT
428,2,0,0,9,10.6,0.00,CRIT(11%),SILENT,IDLE-SILENT
428,3,0,0,9,33.5,0.00,SILENT,IDLE-SILENT
428,4,0,0,9,27.0,0.00,SILENT,IDLE-SILENT
429,0,0,0,9,39.5,0.00,SILENT,IDLE-SILENT
429,1,0,0,9,56.5,0.00,SILENT,IDLE-SILENT
429,2,0,0,9,10.5,0.00,CRIT(10%),SILENT,IDLE-SILENT
429,3,0,0,9,33.4,0.00,SILENT,IDLE-SILENT
429,4,0,0,9,26.9,0.00,SILENT,IDLE-SILENT
430,0,0,0,9,39.4,0.00,SILENT,IDLE-SILENT
430,1,0,0,9,56.5,0.00,SILENT,IDLE-SILENT
430,2,0,0,9,10.4,0.00,CRIT(10%),SILENT,IDLE-SILENT
430,3,0,0,9,33.3,0.00,SILENT,IDLE-SILENT
430,4,0,0,9,26.8,0.00,SILENT,IDLE-SILENT
431,0,0,0,9,39.3,0.00,SILENT,IDLE-SILENT
431,1,0,0,9,56.5,0.00,SILENT,IDLE-SILENT
431,2,0,0,9,10.3,0.00,CRIT(10%),SILENT,IDLE-SILENT
431,3,0,0,9,33.2,0.00,SILENT,IDLE-SILENT
431,4,0,0,9,26.7,0.00,SILENT,IDLE-SILENT
432,0,0,0,9,39.2,0.00,SILENT,IDLE-SILENT
432,1,0,0,9,56.5,0.00,SILENT,IDLE-SILENT
432,2,0,0,9,10.2,0.00,CRIT(10%),SILENT,IDLE-SILENT
432,3,0,0,9,33.1,0.00,SILENT,IDLE-SILENT
432,4,0,0,9,26.6,0.00,SILENT,IDLE-SILENT
433,0,0,0,9,39.1,0.00,SILENT,IDLE-SILENT
433,1,0,0,9,56.5,0.00,SILENT,IDLE-SILENT
433,2,0,0,9,10.1,0.00,CRIT(10%),SILENT,IDLE-SILENT
433,3,0,0,9,33.0,0.00,SILENT,IDLE-SILENT
433,4,0,0,9,26.5,0.00,SILENT,IDLE-SILENT
434,0,0,0,9,39.0,0.00,SILENT,IDLE-SILENT
434,1,0,0,9,56.5,0.00,SILENT,IDLE-SILENT
434,2,0,0,9,10.0,0.00,CRIT(10%),SILENT,IDLE-SILENT
434,3,0,0,9,32.9,0.00,SILENT,IDLE-SILENT
434,4,0,0,9,26.4,0.00,SILENT,IDLE-SILENT
435,0,0,0,9,38.9,0.00,SILENT,IDLE-SILENT
435,1,0,0,9,56.5,0.00,SILENT,IDLE-SILENT
435,2,0,0,9,9.9,0.00,CRIT(10%),SILENT,IDLE-SILENT
435,3,0,0,9,32.8,0.00,SILENT,IDLE-SILENT
435,4,0,0,9,26.3,0.00,SILENT,IDLE-SILENT
436,0,0,0,9,38.8,0.00,SILENT,IDLE-SILENT
436,1,0,0,9,56.5,0.00,SILENT,IDLE-SILENT
436,2,0,0,9,9.8,0.00,CRIT(10%),SILENT,IDLE-SILENT
436,3,0,0,9,32.7,0.00,SILENT,IDLE-SILENT
436,4,0,0,9,26.2,0.00,SILENT,IDLE-SILENT
437,0,0,0,9,38.7,0.00,SILENT,IDLE-SILENT
437,1,0,0,9,56.5,0.00,SILENT,IDLE-SILENT
437,2,0,0,9,9.7,0.00,CRIT(10%),SILENT,IDLE-SILENT
437,3,0,0,9,32.6,0.00,SILENT,IDLE-SILENT
437,4,0,0,9,26.1,0.00,SILENT,IDLE-SILENT
438,0,0,0,9,38.6,0.00,SILENT,IDLE-SILENT
438,1,0,0,9,56.5,0.00,SILENT,IDLE-SILENT
438,2,0,0,9,9.6,0.00,CRIT(10%),SILENT,IDLE-SILENT
438,3,0,0,9,32.5,0.00,SILENT,IDLE-SILENT
438,4,0,0,9,26.0,0.00,SILENT,IDLE-SILENT
439,0,0,0,9,38.5,0.00,SILENT,IDLE-SILENT
439,1,0,0,9,56.4,0.00,SILENT,IDLE-SILENT
439,2,0,0,9,9.5,0.00,CRIT(9%),SILENT,IDLE-SILENT
439,3,0,0,9,32.4,0.00,SILENT,IDLE-SILENT
439,4,0,0,9,25.9,0.00,SILENT,IDLE-SILENT
440,0,0,0,9,38.4,0.00,SILENT,IDLE-SILENT
440,1,0,0,9,56.3,0.00,SILENT,IDLE-SILENT
440,2,0,0,9,9.4,0.00,CRIT(9%),SILENT,IDLE-SILENT
440,3,0,0,9,32.3,0.00,SILENT,IDLE-SILENT
440,4,0,0,9,25.8,0.00,SILENT,IDLE-SILENT
441,0,0,0,9,38.3,0.00,SILENT,IDLE-SILENT
441,1,0,0,9,56.2,0.00,SILENT,IDLE-SILENT
441,2,0,0,9,9.3,0.00,CRIT(9%),SILENT,IDLE-SILENT
441,3,0,0,9,32.3,0.00,SILENT,IDLE-SILENT
441,4,0,0,9,25.7,0.00,SILENT,IDLE-SILENT
442,0,0,0,9,38.2,0.00,SILENT,IDLE-SILENT
442,1,0,0,9,56.1,0.00,SILENT,IDLE-SILENT
442,2,0,0,9,9.2,0.00,CRIT(9%),SILENT,IDLE-SILENT
442,3,0,0,9,32.3,0.00,SILENT,IDLE-SILENT
442,4,0,0,9,25.6,0.00,SILENT,IDLE-SILENT
443,0,0,0,9,38.1,0.00,SILENT,IDLE-SILENT
443,1,0,0,9,56.0,0.00,SILENT,IDLE-SILENT
443,2,0,0,9,9.1,0.00,CRIT(9%),SILENT,IDLE-SILENT
443,3,0,0,9,32.3,0.00,SILENT,IDLE-SILENT
443,4,0,0,9,25.5,0.00,SILENT,IDLE-SILENT
444,0,0,0,9,38.0,0.00,SILENT,IDLE-SILENT
444,1,0,0,9,55.9,0.00,SILENT,IDLE-SILENT
444,2,0,0,9,9.0,0.00,CRIT(9%),SILENT,IDLE-SILENT
444,3,0,0,9,32.3,0.00,SILENT,IDLE-SILENT
444,4,0,0,9,25.4,0.00,SILENT,IDLE-SILENT
445,0,0,0,9,37.9,0.00,SILENT,IDLE-SILENT
445,1,0,0,9,55.8,0.00,SILENT,IDLE-SILENT
445,2,0,0,9,8.9,0.00,CRIT(9%),SILENT,IDLE-SILENT
445,3,0,0,9,32.3,0.00,SILENT,IDLE-SILENT
445,4,0,0,9,25.3,0.00,SILENT,IDLE-SILENT
446,0,0,0,9,37.8,0.00,SILENT,IDLE-SILENT
446,1,0,0,9,55.7,0.00,SILENT,IDLE-SILENT
446,2,0,0,9,8.8,0.00,CRIT(9%),SILENT,IDLE-SILENT
446,3,0,0,9,32.3,0.00,SILENT,IDLE-SILENT
446,4,0,0,9,25.2,0.00,SILENT,IDLE-SILENT
447,0,0,0,9,37.7,0.00,SILENT,IDLE-SILENT
447,1,0,0,9,55.6,0.00,SILENT,IDLE-SILENT
447,2,0,0,9,8.7,0.00,CRIT(9%),SILENT,IDLE-SILENT
447,3,0,0,9,32.3,0.00,SILENT,IDLE-SILENT
447,4,0,0,9,25.1,0.00,SILENT,IDLE-SILENT
448,0,0,0,9,37.6,0.00,SILENT,IDLE-SILENT
448,1,0,0,9,55.5,0.00,SILENT,IDLE-SILENT
448,2,0,0,9,8.6,0.00,CRIT(9%),SILENT,IDLE-SILENT
448,3,0,0,9,32.3,0.00,SILENT,IDLE-SILENT
448,4,0,0,9,25.0,0.00,SILENT,IDLE-SILENT
449,0,0,0,9,37.5,0.00,SILENT,IDLE-SILENT
449,1,0,0,9,55.4,0.00,SILENT,IDLE-SILENT
449,2,0,0,9,8.5,0.00,CRIT(8%),SILENT,IDLE-SILENT
449,3,0,0,9,32.3,0.00,SILENT,IDLE-SILENT
449,4,0,0,9,24.9,0.00,SILENT,IDLE-SILENT
450,0,0,0,9,37.4,0.00,SILENT,IDLE-SILENT
450,1,0,0,9,55.3,0.00,SILENT,IDLE-SILENT
450,2,0,0,9,8.4,0.00,CRIT(8%),SILENT,IDLE-SILENT
450,3,0,0,9,32.3,0.00,SILENT,IDLE-SILENT
450,4,0,0,9,24.8,0.00,SILENT,IDLE-SILENT
451,0,0,0,9,37.3,0.00,SILENT,IDLE-SILENT
451,1,0,0,9,55.2,0.00,SILENT,IDLE-SILENT
451,2,0,0,9,8.3,0.00,CRIT(8%),SILENT,IDLE-SILENT
451,3,0,0,9,32.3,0.00,SILENT,IDLE-SILENT
451,4,0,0,9,24.7,0.00,SILENT,IDLE-SILENT
452,0,0,0,9,37.2,0.00,SILENT,IDLE-SILENT
452,1,0,0,9,55.1,0.00,SILENT,IDLE-SILENT
452,2,0,0,9,8.2,0.00,CRIT(8%),SILENT,IDLE-SILENT
452,3,0,0,9,32.3,0.00,SILENT,IDLE-SILENT
452,4,0,0,9,24.6,0.00,SILENT,IDLE-SILENT
453,0,0,0,9,37.1,0.00,SILENT,IDLE-SILENT
453,1,0,0,9,55.0,0.00,SILENT,IDLE-SILENT
453,2,0,0,9,8.1,0.00,CRIT(8%),SILENT,IDLE-SILENT
453,3,0,0,9,32.3,0.00,SILENT,IDLE-SILENT
453,4,0,0,9,24.5,0.00,SILENT,IDLE-SILENT
454,0,0,0,9,37.0,0.00,SILENT,IDLE-SILENT
454,1,0,0,9,54.9,0.00,SILENT,IDLE-SILENT
454,2,0,0,9,8.0,0.00,CRIT(8%),SILENT,IDLE-SILENT
454,3,0,0,9,32.3,0.00,SILENT,IDLE-SILENT
454,4,0,0,9,24.4,0.00,SILENT,IDLE-SILENT
455,0,0,0,9,36.9,0.00,SILENT,IDLE-SILENT
455,1,0,0,9,54.8,0.00,SILENT,IDLE-SILENT
455,2,0,0,9,7.9,0.00,CRIT(8%),SILENT,IDLE-SILENT
455,3,0,0,9,32.3,0.00,SILENT,IDLE-SILENT
455,4,0,0,9,24.3,0.00,SILENT,IDLE-SILENT
456,0,0,0,9,36.8,0.00,SILENT,IDLE-SILENT
456,1,0,0,9,54.7,0.00,SILENT,IDLE-SILENT
456,2,0,0,9,7.8,0.00,CRIT(8%),SILENT,IDLE-SILENT
456,3,0,0,9,32.3,0.00,SILENT,IDLE-SILENT
456,4,0,0,9,24.2,0.00,SILENT,IDLE-SILENT
457,0,0,0,9,36.7,0.00,SILENT,IDLE-SILENT
457,1,0,0,9,54.6,0.00,SILENT,IDLE-SILENT
457,2,0,0,9,7.7,0.00,CRIT(8%),SILENT,IDLE-SILENT
457,3,0,0,9,32.3,0.00,SILENT,IDLE-SILENT
457,4,0,0,9,24.1,0.00,SILENT,IDLE-SILENT
458,0,0,0,9,36.6,0.00,SILENT,IDLE-SILENT
458,1,0,0,9,54.5,0.00,SILENT,IDLE-SILENT
458,2,0,0,9,7.6,0.00,CRIT(8%),SILENT,IDLE-SILENT
458,3,0,0,9,32.3,0.00,SILENT,IDLE-SILENT
458,4,0,0,9,24.0,0.00,SILENT,IDLE-SILENT
459,0,0,0,9,36.5,0.00,SILENT,IDLE-SILENT
459,1,0,0,9,54.4,0.00,SILENT,IDLE-SILENT
459,2,0,0,9,7.5,0.00,CRIT(7%),SILENT,IDLE-SILENT
459,3,0,0,9,32.3,0.00,SILENT,IDLE-SILENT
459,4,0,0,9,23.9,0.00,SILENT,IDLE-SILENT
460,0,0,0,9,36.4,0.00,SILENT,IDLE-SILENT
460,1,0,0,9,54.3,0.00,SILENT,IDLE-SILENT
460,2,0,0,9,7.4,0.00,CRIT(7%),SILENT,IDLE-SILENT
460,3,0,0,9,32.3,0.00,SILENT,IDLE-SILENT
460,4,0,0,9,23.8,0.00,SILENT,IDLE-SILENT
461,0,0,0,9,36.3,0.00,SILENT,IDLE-SILENT
461,1,0,0,9,54.2,0.00,SILENT,IDLE-SILENT
461,2,0,0,9,7.3,0.00,CRIT(7%),SILENT,IDLE-SILENT
461,3,0,0,9,32.3,0.00,SILENT,IDLE-SILENT
461,4,0,0,9,23.7,0.00,SILENT,IDLE-SILENT
462,0,0,0,9,36.2,0.00,SILENT,IDLE-SILENT
462,1,0,0,9,54.1,0.00,SILENT,IDLE-SILENT
462,2,0,0,9,7.2,0.00,CRIT(7%),SILENT,IDLE-SILENT
462,3,0,0,9,32.3,0.00,SILENT,IDLE-SILENT
462,4,0,0,9,23.6,0.00,SILENT,IDLE-SILENT
463,0,0,0,9,36.1,0.00,SILENT,IDLE-SILENT
463,1,0,0,9,54.0,0.00,SILENT,IDLE-SILENT
463,2,0,0,9,7.1,0.00,CRIT(7%),SILENT,IDLE-SILENT
463,3,0,0,9,32.3,0.00,SILENT,IDLE-SILENT
463,4,0,0,9,23.5,0.00,SILENT,IDLE-SILENT
464,0,0,0,9,36.0,0.00,SILENT,IDLE-SILENT
464,1,0,0,9,53.9,0.00,SILENT,IDLE-SILENT
464,2,0,0,9,7.0,0.00,CRIT(7%),SILENT,IDLE-SILENT
464,3,0,0,9,32.3,0.00,SILENT,IDLE-SILENT
464,4,0,0,9,23.4,0.00,SILENT,IDLE-SILENT
465,0,0,0,9,35.9,0.00,SILENT,IDLE-SILENT
465,1,0,0,9,53.8,0.00,SILENT,IDLE-SILENT
465,2,0,0,9,6.9,0.00,CRIT(7%),SILENT,IDLE-SILENT
465,3,0,0,9,32.3,0.00,SILENT,IDLE-SILENT
465,4,0,0,9,23.3,0.00,SILENT,IDLE-SILENT
466,0,0,0,9,35.8,0.00,SILENT,IDLE-SILENT
466,1,0,0,9,53.7,0.00,SILENT,IDLE-SILENT
466,2,0,0,9,6.8,0.00,CRIT(7%),SILENT,IDLE-SILENT
466,3,0,0,9,32.3,0.00,SILENT,IDLE-SILENT
466,4,0,0,9,23.2,0.00,SILENT,IDLE-SILENT
467,0,0,0,9,35.7,0.00,SILENT,IDLE-SILENT
467,1,0,0,9,53.6,0.00,SILENT,IDLE-SILENT
467,2,0,0,9,6.7,0.00,CRIT(7%),SILENT,IDLE-SILENT
467,3,0,0,9,32.3,0.00,SILENT,IDLE-SILENT
467,4,0,0,9,23.1,0.00,SILENT,IDLE-SILENT
468,0,0,0,9,35.6,0.00,SILENT,IDLE-SILENT
468,1,0,0,9,53.5,0.00,SILENT,IDLE-SILENT
468,2,0,0,9,6.6,0.00,CRIT(7%),SILENT,IDLE-SILENT
468,3,0,0,9,32.3,0.00,SILENT,IDLE-SILENT
468,4,0,0,9,23.0,0.00,SILENT,IDLE-SILENT
469,0,0,0,9,35.5,0.00,SILENT,IDLE-SILENT
469,1,0,0,9,53.4,0.00,SILENT,IDLE-SILENT
469,2,0,0,9,6.5,0.00,CRIT(6%),SILENT,IDLE-SILENT
469,3,0,0,9,32.3,0.00,SILENT,IDLE-SILENT
469,4,0,0,9,22.9,0.00,SILENT,IDLE-SILENT
470,0,0,0,9,35.4,0.00,SILENT,IDLE-SILENT
470,1,0,0,9,53.3,0.00,SILENT,IDLE-SILENT
470,2,0,0,9,6.4,0.00,CRIT(6%),SILENT,IDLE-SILENT
470,3,0,0,9,32.2,0.00,SILENT,IDLE-SILENT
470,4,0,0,9,22.8,0.00,SILENT,IDLE-SILENT
471,0,0,0,9,35.3,0.00,SILENT,IDLE-SILENT
471,1,0,0,9,53.2,0.00,SILENT,IDLE-SILENT
471,2,0,0,9,6.3,0.00,CRIT(6%),SILENT,IDLE-SILENT
471,3,0,0,9,32.1,0.00,SILENT,IDLE-SILENT
471,4,0,0,9,22.7,0.00,SILENT,IDLE-SILENT
472,0,0,0,9,35.2,0.00,SILENT,IDLE-SILENT
472,1,0,0,9,53.1,0.00,SILENT,IDLE-SILENT
472,2,0,0,9,6.2,0.00,CRIT(6%),SILENT,IDLE-SILENT
472,3,0,0,9,32.0,0.00,SILENT,IDLE-SILENT
472,4,0,0,9,22.6,0.00,SILENT,IDLE-SILENT
473,0,0,0,9,35.1,0.00,SILENT,IDLE-SILENT
473,1,0,0,9,53.0,0.00,SILENT,IDLE-SILENT
473,2,0,0,9,6.1,0.00,CRIT(6%),SILENT,IDLE-SILENT
473,3,0,0,9,31.9,0.00,SILENT,IDLE-SILENT
473,4,0,0,9,22.5,0.00,SILENT,IDLE-SILENT
474,0,0,0,9,35.0,0.00,SILENT,IDLE-SILENT
474,1,0,0,9,52.9,0.00,SILENT,IDLE-SILENT
474,2,0,0,9,6.0,0.00,CRIT(6%),SILENT,IDLE-SILENT
474,3,0,0,9,31.8,0.00,SILENT,IDLE-SILENT
474,4,0,0,9,22.4,0.00,SILENT,IDLE-SILENT
475,0,0,0,9,34.9,0.00,SILENT,IDLE-SILENT
475,1,0,0,9,52.8,0.00,SILENT,IDLE-SILENT
475,2,0,0,9,5.9,0.00,CRIT(6%),SILENT,IDLE-SILENT
475,3,0,0,9,31.7,0.00,SILENT,IDLE-SILENT
475,4,0,0,9,22.3,0.00,SILENT,IDLE-SILENT
476,0,0,0,9,34.8,0.00,SILENT,IDLE-SILENT
476,1,0,0,9,52.7,0.00,SILENT,IDLE-SILENT
476,2,0,0,9,5.8,0.00,CRIT(6%),SILENT,IDLE-SILENT
476,3,0,0,9,31.6,0.00,SILENT,IDLE-SILENT
476,4,0,0,9,22.2,0.00,SILENT,IDLE-SILENT
477,0,0,0,9,34.7,0.00,SILENT,IDLE-SILENT
477,1,0,0,9,52.6,0.00,SILENT,IDLE-SILENT
477,2,0,0,9,5.7,0.00,CRIT(6%),SILENT,IDLE-SILENT
477,3,0,0,9,31.5,0.00,SILENT,IDLE-SILENT
477,4,0,0,9,22.1,0.00,SILENT,IDLE-SILENT
478,0,0,0,9,34.6,0.00,SILENT,IDLE-SILENT
478,1,0,0,9,52.5,0.00,SILENT,IDLE-SILENT
478,2,0,0,9,5.6,0.00,CRIT(6%),SILENT,IDLE-SILENT
478,3,0,0,9,31.4,0.00,SILENT,IDLE-SILENT
478,4,0,0,9,22.0,0.00,SILENT,IDLE-SILENT
479,0,0,0,9,34.5,0.00,SILENT,IDLE-SILENT
479,1,0,0,9,52.4,0.00,SILENT,IDLE-SILENT
479,2,0,0,9,5.5,0.00,CRIT(5%),SILENT,IDLE-SILENT
479,3,0,0,9,31.3,0.00,SILENT,IDLE-SILENT
479,4,0,0,9,21.9,0.00,SILENT,IDLE-SILENT
480,0,0,0,9,34.4,0.00,SILENT,IDLE-SILENT
480,1,0,0,9,52.3,0.00,SILENT,IDLE-SILENT
480,2,0,0,9,5.4,0.00,CRIT(5%),SILENT,IDLE-SILENT
480,3,0,0,9,31.2,0.00,SILENT,IDLE-SILENT
480,4,0,0,9,21.8,0.00,SILENT,IDLE-SILENT
481,0,0,0,9,34.3,0.00,SILENT,IDLE-SILENT
481,1,0,0,9,52.2,0.00,SILENT,IDLE-SILENT
481,2,0,0,9,5.3,0.00,CRIT(5%),SILENT,IDLE-SILENT
481,3,0,0,9,31.1,0.00,SILENT,IDLE-SILENT
481,4,0,0,9,21.7,0.00,SILENT,IDLE-SILENT
482,0,0,0,9,34.2,0.00,SILENT,IDLE-SILENT
482,1,0,0,9,52.1,0.00,SILENT,IDLE-SILENT
482,2,0,0,9,5.2,0.00,CRIT(5%),SILENT,IDLE-SILENT
482,3,0,0,9,31.0,0.00,SILENT,IDLE-SILENT
482,4,0,0,9,21.6,0.00,SILENT,IDLE-SILENT
483,0,0,0,9,34.1,0.00,SILENT,IDLE-SILENT
483,1,0,0,9,52.0,0.00,SILENT,IDLE-SILENT
483,2,0,0,9,5.1,0.00,CRIT(5%),SILENT,IDLE-SILENT
483,3,0,0,9,30.9,0.00,SILENT,IDLE-SILENT
483,4,0,0,9,21.5,0.00,SILENT,IDLE-SILENT
484,0,0,0,9,34.0,0.00,SILENT,IDLE-SILENT
484,1,0,0,9,51.9,0.00,SILENT,IDLE-SILENT
484,2,0,0,9,5.0,0.00,CRIT(5%),SILENT,IDLE-SILENT
484,3,0,0,9,30.8,0.00,SILENT,IDLE-SILENT
484,4,0,0,9,21.4,0.00,SILENT,IDLE-SILENT
485,0,0,0,9,33.9,0.00,SILENT,IDLE-SILENT
485,1,0,0,9,51.8,0.00,SILENT,IDLE-SILENT
485,2,0,0,9,4.9,0.00,CRIT(5%),SILENT,IDLE-SILENT
485,3,0,0,9,30.7,0.00,SILENT,IDLE-SILENT
485,4,0,0,9,21.3,0.00,SILENT,IDLE-SILENT
486,0,0,0,9,33.8,0.00,SILENT,IDLE-SILENT
486,1,0,0,9,51.7,0.00,SILENT,IDLE-SILENT
486,2,0,0,9,4.8,0.00,CRIT(5%),SILENT,IDLE-SILENT
486,3,0,0,9,30.6,0.00,SILENT,IDLE-SILENT
486,4,0,0,9,21.2,0.00,SILENT,IDLE-SILENT
487,0,0,0,9,33.7,0.00,SILENT,IDLE-SILENT
487,1,0,0,9,51.6,0.00,SILENT,IDLE-SILENT
487,2,0,0,9,4.7,0.00,CRIT(5%),SILENT,IDLE-SILENT
487,3,0,0,9,30.5,0.00,SILENT,IDLE-SILENT
487,4,0,0,9,21.1,0.00,SILENT,IDLE-SILENT
488,0,0,0,9,33.6,0.00,SILENT,IDLE-SILENT
488,1,0,0,9,51.5,0.00,SILENT,IDLE-SILENT
488,2,0,0,9,4.6,0.00,CRIT(5%),SILENT,IDLE-SILENT
488,3,0,0,9,30.4,0.00,SILENT,IDLE-SILENT
488,4,0,0,9,21.0,0.00,SILENT,IDLE-SILENT
489,0,0,0,9,33.5,0.00,SILENT,IDLE-SILENT
489,1,0,0,9,51.4,0.00,SILENT,IDLE-SILENT
489,2,0,0,9,4.5,0.00,CRIT(4%),SILENT,IDLE-SILENT
489,3,0,0,9,30.3,0.00,SILENT,IDLE-SILENT
489,4,0,0,9,20.9,0.00,SILENT,IDLE-SILENT
490,0,0,0,9,33.4,0.00,SILENT,IDLE-SILENT
490,1,0,0,9,51.3,0.00,SILENT,IDLE-SILENT
490,2,0,0,9,4.4,0.00,CRIT(4%),SILENT,IDLE-SILENT
490,3,0,0,9,30.2,0.00,SILENT,IDLE-SILENT
490,4,0,0,9,20.8,0.00,SILENT,IDLE-SILENT
491,0,0,0,9,33.3,0.00,SILENT,IDLE-SILENT
491,1,0,0,9,51.2,0.00,SILENT,IDLE-SILENT
491,2,0,0,9,4.3,0.00,CRIT(4%),SILENT,IDLE-SILENT
491,3,0,0,9,30.1,0.00,SILENT,IDLE-SILENT
491,4,0,0,9,20.7,0.00,SILENT,IDLE-SILENT
492,0,0,0,9,33.2,0.00,SILENT,IDLE-SILENT
492,1,0,0,9,51.1,0.00,SILENT,IDLE-SILENT
492,2,0,0,9,4.2,0.00,CRIT(4%),SILENT,IDLE-SILENT
492,3,0,0,9,30.0,0.00,SILENT,IDLE-SILENT
492,4,0,0,9,20.6,0.00,SILENT,IDLE-SILENT
493,0,0,0,9,33.1,0.00,SILENT,IDLE-SILENT
493,1,0,0,9,51.0,0.00,SILENT,IDLE-SILENT
493,2,0,0,9,4.1,0.00,CRIT(4%),SILENT,IDLE-SILENT
493,3,0,0,9,29.9,0.00,SILENT,IDLE-SILENT
493,4,0,0,9,20.5,0.00,SILENT,IDLE-SILENT
494,0,0,0,9,33.0,0.00,SILENT,IDLE-SILENT
494,1,0,0,9,50.9,0.00,SILENT,IDLE-SILENT
494,2,0,0,9,4.0,0.00,CRIT(4%),SILENT,IDLE-SILENT
494,3,0,0,9,29.8,0.00,SILENT,IDLE-SILENT
494,4,0,0,9,20.4,0.00,SILENT,IDLE-SILENT
495,0,0,0,9,32.9,0.00,SILENT,IDLE-SILENT
495,1,0,0,9,50.8,0.00,SILENT,IDLE-SILENT
495,2,0,0,9,3.9,0.00,CRIT(4%),SILENT,IDLE-SILENT
495,3,0,0,9,29.7,0.00,SILENT,IDLE-SILENT
495,4,0,0,9,20.3,0.00,SILENT,IDLE-SILENT
496,0,0,0,9,32.8,0.00,SILENT,IDLE-SILENT
496,1,0,0,9,50.7,0.00,SILENT,IDLE-SILENT
496,2,0,0,9,3.8,0.00,CRIT(4%),SILENT,IDLE-SILENT
496,3,0,0,9,29.6,0.00,SILENT,IDLE-SILENT
496,4,0,0,9,20.2,0.00,SILENT,IDLE-SILENT
497,0,0,0,9,32.7,0.00,SILENT,IDLE-SILENT
497,1,0,0,9,50.6,0.00,SILENT,IDLE-SILENT
497,2,0,0,9,3.7,0.00,CRIT(4%),SILENT,IDLE-SILENT
497,3,0,0,9,29.5,0.00,SILENT,IDLE-SILENT
497,4,0,0,9,20.1,0.00,SILENT,IDLE-SILENT
498,0,0,0,9,32.6,0.00,SILENT,IDLE-SILENT
498,1,0,0,9,50.5,0.00,SILENT,IDLE-SILENT
498,2,0,0,9,3.6,0.00,CRIT(4%),SILENT,IDLE-SILENT
498,3,0,0,9,29.4,0.00,SILENT,IDLE-SILENT
498,4,0,0,9,20.0,0.00,CRIT(20%),SILENT,IDLE-SILENT
499,0,0,0,9,32.5,0.00,SILENT,IDLE-SILENT
499,1,0,0,9,50.4,0.00,SILENT,IDLE-SILENT
499,2,0,0,9,3.5,0.00,CRIT(3%),SILENT,IDLE-SILENT
499,3,0,0,9,29.3,0.00,SILENT,IDLE-SILENT
499,4,0,0,9,19.9,0.00,CRIT(20%),SILENT,IDLE-SILENT
500,0,0,0,9,32.4,0.00,SILENT,IDLE-SILENT
500,1,0,0,9,50.3,0.00,SILENT,IDLE-SILENT
500,2,0,0,9,3.4,0.00,CRIT(3%),SILENT,IDLE-SILENT
500,3,0,0,9,29.2,0.00,SILENT,IDLE-SILENT
500,4,0,0,9,19.8,0.00,CRIT(20%),SILENT,IDLE-SILENT
501,0,0,0,9,32.3,0.00,SILENT,IDLE-SILENT
501,1,0,0,9,50.2,0.00,SILENT,IDLE-SILENT
501,2,0,0,9,3.3,0.00,CRIT(3%),SILENT,IDLE-SILENT
501,3,0,0,9,29.1,0.00,SILENT,IDLE-SILENT
501,4,0,0,9,19.7,0.00,CRIT(20%),SILENT,IDLE-SILENT
502,0,0,0,9,32.2,0.00,SILENT,IDLE-SILENT
502,1,0,0,9,50.1,0.00,SILENT,IDLE-SILENT
502,2,0,0,9,3.2,0.00,CRIT(3%),SILENT,IDLE-SILENT
502,3,0,0,9,29.0,0.00,SILENT,IDLE-SILENT
502,4,0,0,9,19.6,0.00,CRIT(20%),SILENT,IDLE-SILENT
503,0,0,0,9,32.1,0.00,SILENT,IDLE-SILENT
503,1,0,0,9,50.0,0.00,SILENT,IDLE-SILENT
503,2,0,0,9,3.1,0.00,CRIT(3%),SILENT,IDLE-SILENT
503,3,0,0,9,28.9,0.00,SILENT,IDLE-SILENT
503,4,0,0,9,19.5,0.00,CRIT(19%),SILENT,IDLE-SILENT
504,0,0,0,9,32.0,0.00,SILENT,IDLE-SILENT
504,1,0,0,9,49.9,0.00,SILENT,IDLE-SILENT
504,2,0,0,9,3.0,0.00,CRIT(3%),SILENT,IDLE-SILENT
504,3,0,0,9,28.8,0.00,SILENT,IDLE-SILENT
504,4,0,0,9,19.4,0.00,CRIT(19%),SILENT,IDLE-SILENT
505,0,0,0,9,31.9,0.00,SILENT,IDLE-SILENT
505,1,0,0,9,49.8,0.00,SILENT,IDLE-SILENT
505,2,0,0,9,2.9,0.00,CRIT(3%),SILENT,IDLE-SILENT
505,3,0,0,9,28.7,0.00,SILENT,IDLE-SILENT
505,4,0,0,9,19.3,0.00,CRIT(19%),SILENT,IDLE-SILENT
506,0,0,0,9,31.8,0.00,SILENT,IDLE-SILENT
506,1,0,0,9,49.7,0.00,SILENT,IDLE-SILENT
506,2,0,0,9,2.8,0.00,CRIT(3%),SILENT,IDLE-SILENT
506,3,0,0,9,28.6,0.00,SILENT,IDLE-SILENT
506,4,0,0,9,19.2,0.00,CRIT(19%),SILENT,IDLE-SILENT
507,0,0,0,9,31.7,0.00,SILENT,IDLE-SILENT
507,1,0,0,9,49.6,0.00,SILENT,IDLE-SILENT
507,2,0,0,9,2.7,0.00,CRIT(3%),SILENT,IDLE-SILENT
507,3,0,0,9,28.5,0.00,SILENT,IDLE-SILENT
507,4,0,0,9,19.1,0.00,CRIT(19%),SILENT,IDLE-SILENT
508,0,0,0,9,31.6,0.00,SILENT,IDLE-SILENT
508,1,0,0,9,49.5,0.00,SILENT,IDLE-SILENT
508,2,0,0,9,2.6,0.00,CRIT(3%),SILENT,IDLE-SILENT
508,3,0,0,9,28.4,0.00,SILENT,IDLE-SILENT
508,4,0,0,9,19.0,0.00,CRIT(19%),SILENT,IDLE-SILENT
509,0,0,0,9,31.5,0.00,SILENT,IDLE-SILENT
509,1,0,0,9,49.4,0.00,SILENT,IDLE-SILENT
509,2,0,0,9,2.5,0.00,CRIT(2%),SILENT,IDLE-SILENT
509,3,0,0,9,28.3,0.00,SILENT,IDLE-SILENT
509,4,0,0,9,18.9,0.00,CRIT(19%),SILENT,IDLE-SILENT
510,0,0,0,9,31.4,0.00,SILENT,IDLE-SILENT
510,1,0,0,9,49.3,0.00,SILENT,IDLE-SILENT
510,2,0,0,9,2.4,0.00,CRIT(2%),SILENT,IDLE-SILENT
510,3,0,0,9,28.2,0.00,SILENT,IDLE-SILENT
510,4,0,0,9,18.8,0.00,CRIT(19%),SILENT,IDLE-SILENT
511,0,0,0,9,31.3,0.00,SILENT,IDLE-SILENT
511,1,0,0,9,49.2,0.00,SILENT,IDLE-SILENT
511,2,0,0,9,2.3,0.00,CRIT(2%),SILENT,IDLE-SILENT
511,3,0,0,9,28.1,0.00,SILENT,IDLE-SILENT
511,4,0,0,9,18.7,0.00,CRIT(19%),SILENT,IDLE-SILENT
512,0,0,0,9,31.2,0.00,SILENT,IDLE-SILENT
512,1,0,0,9,49.1,0.00,SILENT,IDLE-SILENT
512,2,0,0,9,2.2,0.00,CRIT(2%),SILENT,IDLE-SILENT
512,3,0,0,9,28.0,0.00,SILENT,IDLE-SILENT
512,4,0,0,9,18.6,0.00,CRIT(19%),SILENT,IDLE-SILENT
513,0,0,0,9,31.1,0.00,SILENT,IDLE-SILENT
513,1,0,0,9,49.0,0.00,SILENT,IDLE-SILENT
513,2,0,0,9,2.1,0.00,CRIT(2%),SILENT,IDLE-SILENT
513,3,0,0,9,27.9,0.00,SILENT,IDLE-SILENT
513,4,0,0,9,18.5,0.00,CRIT(18%),SILENT,IDLE-SILENT
514,0,0,0,9,31.0,0.00,SILENT,IDLE-SILENT
514,1,0,0,9,48.9,0.00,SILENT,IDLE-SILENT
514,2,0,0,9,2.0,0.00,CRIT(2%),SILENT,IDLE-SILENT
514,3,0,0,9,27.8,0.00,SILENT,IDLE-SILENT
514,4,0,0,9,18.4,0.00,CRIT(18%),SILENT,IDLE-SILENT
515,0,0,0,9,30.9,0.00,SILENT,IDLE-SILENT
515,1,0,0,9,48.8,0.00,SILENT,IDLE-SILENT
515,2,0,0,9,1.9,0.00,CRIT(2%),SILENT,IDLE-SILENT
515,3,0,0,9,27.7,0.00,SILENT,IDLE-SILENT
515,4,0,0,9,18.3,0.00,CRIT(18%),SILENT,IDLE-SILENT
516,0,0,0,9,30.8,0.00,SILENT,IDLE-SILENT
516,1,0,0,9,48.7,0.00,SILENT,IDLE-SILENT
516,2,0,0,9,1.8,0.00,CRIT(2%),SILENT,IDLE-SILENT
516,3,0,0,9,27.6,0.00,SILENT,IDLE-SILENT
516,4,0,0,9,18.2,0.00,CRIT(18%),SILENT,IDLE-SILENT
517,0,0,0,9,30.7,0.00,SILENT,IDLE-SILENT
517,1,0,0,9,48.6,0.00,SILENT,IDLE-SILENT
517,2,0,0,9,1.7,0.00,CRIT(2%),SILENT,IDLE-SILENT
517,3,0,0,9,27.5,0.00,SILENT,IDLE-SILENT
517,4,0,0,9,18.1,0.00,CRIT(18%),SILENT,IDLE-SILENT
518,0,0,0,9,30.6,0.00,SILENT,IDLE-SILENT
518,1,0,0,9,48.5,0.00,SILENT,IDLE-SILENT
518,2,0,0,9,1.6,0.00,CRIT(2%),SILENT,IDLE-SILENT
518,3,0,0,9,27.4,0.00,SILENT,IDLE-SILENT
518,4,0,0,9,18.0,0.00,CRIT(18%),SILENT,IDLE-SILENT
519,0,0,0,9,30.5,0.00,SILENT,IDLE-SILENT
519,1,0,0,9,48.4,0.00,SILENT,IDLE-SILENT
519,2,0,0,9,1.5,0.00,CRIT(1%),SILENT,IDLE-SILENT
519,3,0,0,9,27.3,0.00,SILENT,IDLE-SILENT
519,4,0,0,9,17.9,0.00,CRIT(18%),SILENT,IDLE-SILENT
520,0,0,0,9,30.4,0.00,SILENT,IDLE-SILENT
520,1,0,0,9,48.3,0.00,SILENT,IDLE-SILENT
520,2,0,0,9,1.4,0.00,CRIT(1%),SILENT,IDLE-SILENT
520,3,0,0,9,27.2,0.00,SILENT,IDLE-SILENT
520,4,0,0,9,17.8,0.00,CRIT(18%),SILENT,IDLE-SILENT
521,0,0,0,9,30.3,0.00,SILENT,IDLE-SILENT
521,1,0,0,9,48.2,0.00,SILENT,IDLE-SILENT
521,2,0,0,9,1.3,0.00,CRIT(1%),SILENT,IDLE-SILENT
521,3,0,0,9,27.1,0.00,SILENT,IDLE-SILENT
521,4,0,0,9,17.7,0.00,CRIT(18%),SILENT,IDLE-SILENT
522,0,0,0,9,30.2,0.00,SILENT,IDLE-SILENT
522,1,0,0,9,48.1,0.00,SILENT,IDLE-SILENT
522,2,0,0,9,1.2,0.00,CRIT(1%),SILENT,IDLE-SILENT
522,3,0,0,9,27.0,0.00,SILENT,IDLE-SILENT
522,4,0,0,9,17.6,0.00,CRIT(18%),SILENT,IDLE-SILENT
523,0,0,0,9,30.1,0.00,SILENT,IDLE-SILENT
523,1,0,0,9,48.0,0.00,SILENT,IDLE-SILENT
523,2,0,0,9,1.1,0.00,CRIT(1%),SILENT,IDLE-SILENT
523,3,0,0,9,26.9,0.00,SILENT,IDLE-SILENT
523,4,0,0,9,17.5,0.00,CRIT(17%),SILENT,IDLE-SILENT
524,0,0,0,9,30.0,0.00,SILENT,IDLE-SILENT
524,1,0,0,9,47.9,0.00,SILENT,IDLE-SILENT
524,2,0,0,9,1.0,0.00,CRIT(1%),SILENT,IDLE-SILENT
524,3,0,0,9,26.8,0.00,SILENT,IDLE-SILENT
524,4,0,0,9,17.4,0.00,CRIT(17%),SILENT,IDLE-SILENT
525,0,0,0,9,29.9,0.00,SILENT,IDLE-SILENT
525,1,0,0,9,47.8,0.00,SILENT,IDLE-SILENT
525,2,0,0,9,0.9,0.00,CRIT(1%),SILENT,IDLE-SILENT
525,3,0,0,9,26.7,0.00,SILENT,IDLE-SILENT
525,4,0,0,9,17.3,0.00,CRIT(17%),SILENT,IDLE-SILENT
526,0,0,0,9,29.8,0.00,SILENT,IDLE-SILENT
526,1,0,0,9,47.7,0.00,SILENT,IDLE-SILENT
526,2,0,0,9,0.8,0.00,CRIT(1%),SILENT,IDLE-SILENT
526,3,0,0,9,26.6,0.00,SILENT,IDLE-SILENT
526,4,0,0,9,17.2,0.00,CRIT(17%),SILENT,IDLE-SILENT
527,0,0,0,9,29.7,0.00,SILENT,IDLE-SILENT
527,1,0,0,9,47.6,0.00,SILENT,IDLE-SILENT
527,2,0,0,9,0.7,0.00,CRIT(1%),SILENT,IDLE-SILENT
527,3,0,0,9,26.5,0.00,SILENT,IDLE-SILENT
527,4,0,0,9,17.1,0.00,CRIT(17%),SILENT,IDLE-SILENT
528,0,0,0,9,29.6,0.00,SILENT,IDLE-SILENT
528,1,0,0,9,47.5,0.00,SILENT,IDLE-SILENT
528,2,0,0,9,0.6,0.00,CRIT(1%),SILENT,IDLE-SILENT
528,3,0,0,9,26.4,0.00,SILENT,IDLE-SILENT
528,4,0,0,9,17.0,0.00,CRIT(17%),SILENT,IDLE-SILENT
529,0,0,0,9,29.5,0.00,SILENT,IDLE-SILENT
529,1,0,0,9,47.4,0.00,SILENT,IDLE-SILENT
529,2,0,0,9,0.5,0.00,CRIT(0%),SILENT,IDLE-SILENT
529,3,0,0,9,26.3,0.00,SILENT,IDLE-SILENT
529,4,0,0,9,16.9,0.00,CRIT(17%),SILENT,IDLE-SILENT
530,0,0,0,9,29.4,0.00,SILENT,IDLE-SILENT
530,1,0,0,9,47.3,0.00,SILENT,IDLE-SILENT
530,2,0,0,9,0.4,0.00,CRIT(0%),SILENT,IDLE-SILENT
530,3,0,0,9,26.2,0.00,SILENT,IDLE-SILENT
530,4,0,0,9,16.8,0.00,CRIT(17%),SILENT,IDLE-SILENT
531,0,0,0,9,29.3,0.00,SILENT,IDLE-SILENT
531,1,0,0,9,47.2,0.00,SILENT,IDLE-SILENT
531,2,0,0,9,0.3,0.00,CRIT(0%),SILENT,IDLE-SILENT
531,3,0,0,9,26.1,0.00,SILENT,IDLE-SILENT
531,4,0,0,9,16.7,0.00,CRIT(17%),SILENT,IDLE-SILENT
532,0,0,0,9,29.2,0.00,SILENT,IDLE-SILENT
532,1,0,0,9,47.1,0.00,SILENT,IDLE-SILENT
532,2,0,0,9,0.2,0.00,CRIT(0%),SILENT,IDLE-SILENT
532,3,0,0,9,26.0,0.00,SILENT,IDLE-SILENT
532,4,0,0,9,16.6,0.00,CRIT(17%),SILENT,IDLE-SILENT
533,0,0,0,9,29.1,0.00,SILENT,IDLE-SILENT
533,1,0,0,9,47.0,0.00,SILENT,IDLE-SILENT
533,2,0,0,9,0.1,0.00,CRIT(0%),SILENT,IDLE-SILENT
533,3,0,0,9,25.9,0.00,SILENT,IDLE-SILENT
533,4,0,0,9,16.5,0.00,CRIT(16%),SILENT,IDLE-SILENT
534,0,0,0,9,29.0,0.00,SILENT,IDLE-SILENT
534,1,0,0,9,46.9,0.00,SILENT,IDLE-SILENT
534,2,0,0,9,0.0,0.00,RECHARGING,CRIT(0%),SILENT,IDLE-SILENT
534,3,0,0,9,25.8,0.00,SILENT,IDLE-SILENT
534,4,0,0,9,16.4,0.00,CRIT(16%),SILENT,IDLE-SILENT
535,0,0,0,9,28.9,0.00,SILENT,IDLE-SILENT
535,1,0,0,9,46.8,0.00,SILENT,IDLE-SILENT
535,2,0,0,9,0.0,0.00,RECHARGING,CRIT(0%),SILENT,IDLE-SILENT
535,3,0,0,9,25.7,0.00,SILENT,IDLE-SILENT
535,4,0,0,9,16.3,0.00,CRIT(16%),SILENT,IDLE-SILENT
536,0,0,0,9,28.8,0.00,SILENT,IDLE-SILENT
536,1,0,0,9,46.7,0.00,SILENT,IDLE-SILENT
536,2,0,0,9,0.0,0.00,RECHARGING,CRIT(0%),SILENT,IDLE-SILENT
536,3,0,0,9,25.6,0.00,SILENT,IDLE-SILENT
536,4,0,0,9,16.2,0.00,CRIT(16%),SILENT,IDLE-SILENT
537,0,0,0,9,28.7,0.00,SILENT,IDLE-SILENT
537,1,0,0,9,46.6,0.00,SILENT,IDLE-SILENT
537,2,0,0,9,0.0,0.00,RECHARGING,CRIT(0%),SILENT,IDLE-SILENT
537,3,0,0,9,25.5,0.00,SILENT,IDLE-SILENT
537,4,0,0,9,16.1,0.00,CRIT(16%),SILENT,IDLE-SILENT
538,0,0,0,9,28.6,0.00,SILENT,IDLE-SILENT
538,1,0,0,9,46.5,0.00,SILENT,IDLE-SILENT
538,2,0,0,9,0.0,0.00,RECHARGING,CRIT(0%),SILENT,IDLE-SILENT
538,3,0,0,9,25.4,0.00,SILENT,IDLE-SILENT
538,4,0,0,9,16.0,0.00,CRIT(16%),SILENT,IDLE-SILENT
539,0,0,0,9,28.5,0.00,SILENT,IDLE-SILENT
539,1,0,0,9,46.4,0.00,SILENT,IDLE-SILENT
539,2,0,0,9,0.0,0.00,RECHARGING,CRIT(0%),SILENT,IDLE-SILENT
539,3,0,0,9,25.3,0.00,SILENT,IDLE-SILENT
539,4,0,0,9,15.9,0.00,CRIT(16%),SILENT,IDLE-SILENT
540,0,0,0,9,28.4,0.00,SILENT,IDLE-SILENT
540,1,0,0,9,46.3,0.00,SILENT,IDLE-SILENT
540,2,0,0,9,0.0,0.00,RECHARGING,CRIT(0%),SILENT,IDLE-SILENT
540,3,0,0,9,25.2,0.00,SILENT,IDLE-SILENT
540,4,0,0,9,15.8,0.00,CRIT(16%),SILENT,IDLE-SILENT
541,0,0,0,9,28.3,0.00,SILENT,IDLE-SILENT
541,1,0,0,9,46.2,0.00,SILENT,IDLE-SILENT
541,2,0,0,9,0.0,0.00,RECHARGING,CRIT(0%),SILENT,IDLE-SILENT
541,3,0,0,9,25.1,0.00,SILENT,IDLE-SILENT
541,4,0,0,9,15.7,0.00,CRIT(16%),SILENT,IDLE-SILENT
542,0,0,0,9,28.2,0.00,SILENT,IDLE-SILENT
542,1,0,0,9,46.1,0.00,SILENT,IDLE-SILENT
542,2,0,0,9,0.0,0.00,RECHARGING,CRIT(0%),SILENT,IDLE-SILENT
542,3,0,0,9,25.0,0.00,SILENT,IDLE-SILENT
542,4,0,0,9,15.6,0.00,CRIT(16%),SILENT,IDLE-SILENT
543,0,0,0,9,28.1,0.00,SILENT,IDLE-SILENT
543,1,0,0,9,46.0,0.00,SILENT,IDLE-SILENT
543,2,0,0,9,0.0,0.00,RECHARGING,CRIT(0%),SILENT,IDLE-SILENT
543,3,0,0,9,24.9,0.00,SILENT,IDLE-SILENT
543,4,0,0,9,15.5,0.00,CRIT(15%),SILENT,IDLE-SILENT
544,0,0,0,9,28.0,0.00,SILENT,IDLE-SILENT
544,1,0,0,9,45.9,0.00,SILENT,IDLE-SILENT
544,2,0,0,9,0.0,0.00,RECHARGING,CRIT(0%),SILENT,IDLE-SILENT
544,3,0,0,9,24.8,0.00,SILENT,IDLE-SILENT
544,4,0,0,9,15.4,0.00,CRIT(15%),SILENT,IDLE-SILENT
545,0,0,0,9,27.9,0.00,SILENT,IDLE-SILENT
545,1,0,0,9,45.8,0.00,SILENT,IDLE-SILENT
545,2,0,0,9,0.0,0.00,RECHARGING,CRIT(0%),SILENT,IDLE-SILENT
545,3,0,0,9,24.7,0.00,SILENT,IDLE-SILENT
545,4,0,0,9,15.3,0.00,CRIT(15%),SILENT,IDLE-SILENT
546,0,0,0,9,27.8,0.00,SILENT,IDLE-SILENT
546,1,0,0,9,45.7,0.00,SILENT,IDLE-SILENT
546,2,0,0,9,0.0,0.00,RECHARGING,CRIT(0%),SILENT,IDLE-SILENT
546,3,0,0,9,24.6,0.00,SILENT,IDLE-SILENT
546,4,0,0,9,15.2,0.00,CRIT(15%),SILENT,IDLE-SILENT
547,0,0,0,9,27.7,0.00,SILENT,IDLE-SILENT
547,1,0,0,9,45.6,0.00,SILENT,IDLE-SILENT
547,2,0,0,9,0.0,0.00,RECHARGING,CRIT(0%),SILENT,IDLE-SILENT
547,3,0,0,9,24.5,0.00,SILENT,IDLE-SILENT
547,4,0,0,9,15.1,0.00,CRIT(15%),SILENT,IDLE-SILENT
548,0,0,0,9,27.6,0.00,SILENT,IDLE-SILENT
548,1,0,0,9,45.5,0.00,SILENT,IDLE-SILENT
548,2,0,0,9,0.0,0.00,RECHARGING,CRIT(0%),SILENT,IDLE-SILENT
548,3,0,0,9,24.4,0.00,SILENT,IDLE-SILENT
548,4,0,0,9,15.0,0.00,CRIT(15%),SILENT,IDLE-SILENT
549,0,0,0,9,27.5,0.00,SILENT,IDLE-SILENT
549,1,0,0,9,45.4,0.00,SILENT,IDLE-SILENT
549,2,0,0,9,0.0,0.00,RECHARGING,CRIT(0%),SILENT,IDLE-SILENT
549,3,0,0,9,24.3,0.00,SILENT,IDLE-SILENT
549,4,0,0,9,14.9,0.00,CRIT(15%),SILENT,IDLE-SILENT
550,0,0,0,9,27.4,0.00,SILENT,IDLE-SILENT
550,1,0,0,9,45.3,0.00,SILENT,IDLE-SILENT
550,2,0,0,9,0.0,0.00,RECHARGING,CRIT(0%),SILENT,IDLE-SILENT
550,3,0,0,9,24.2,0.00,SILENT,IDLE-SILENT
550,4,0,0,9,14.8,0.00,CRIT(15%),SILENT,IDLE-SILENT
551,0,0,0,9,27.3,0.00,SILENT,IDLE-SILENT
551,1,0,0,9,45.2,0.00,SILENT,IDLE-SILENT
551,2,0,0,9,0.0,0.00,RECHARGING,CRIT(0%),SILENT,IDLE-SILENT
551,3,0,0,9,24.1,0.00,SILENT,IDLE-SILENT
551,4,0,0,9,14.7,0.00,CRIT(15%),SILENT,IDLE-SILENT
552,0,0,0,9,27.2,0.00,SILENT,IDLE-SILENT
552,1,0,0,9,45.1,0.00,SILENT,IDLE-SILENT
552,2,0,0,9,0.0,0.00,RECHARGING,CRIT(0%),SILENT,IDLE-SILENT
552,3,0,0,9,24.0,0.00,SILENT,IDLE-SILENT
552,4,0,0,9,14.6,0.00,CRIT(15%),SILENT,IDLE-SILENT
553,0,0,0,9,27.1,0.00,SILENT,IDLE-SILENT
553,1,0,0,9,45.0,0.00,SILENT,IDLE-SILENT
553,2,0,0,9,0.0,0.00,RECHARGING,CRIT(0%),SILENT,IDLE-SILENT
553,3,0,0,9,23.9,0.00,SILENT,IDLE-SILENT
553,4,0,0,9,14.5,0.00,CRIT(14%),SILENT,IDLE-SILENT
554,0,0,0,9,27.0,0.00,SILENT,IDLE-SILENT
554,1,0,0,9,44.9,0.00,SILENT,IDLE-SILENT
554,2,0,0,9,0.0,0.00,RECHARGING,CRIT(0%),SILENT,IDLE-SILENT
554,3,0,0,9,23.8,0.00,SILENT,IDLE-SILENT
554,4,0,0,9,14.4,0.00,CRIT(14%),SILENT,IDLE-SILENT
555,0,0,0,9,26.9,0.00,SILENT,IDLE-SILENT
555,1,0,0,9,44.8,0.00,SILENT,IDLE-SILENT
555,2,0,0,9,0.0,0.00,RECHARGING,CRIT(0%),SILENT,IDLE-SILENT
555,3,0,0,9,23.7,0.00,SILENT,IDLE-SILENT
555,4,0,0,9,14.3,0.00,CRIT(14%),SILENT,IDLE-SILENT
556,0,0,0,9,26.8,0.00,SILENT,IDLE-SILENT
556,1,0,0,9,44.7,0.00,SILENT,IDLE-SILENT
556,2,0,0,9,0.0,0.00,RECHARGING,CRIT(0%),SILENT,IDLE-SILENT
556,3,0,0,9,23.6,0.00,SILENT,IDLE-SILENT
556,4,0,0,9,14.2,0.00,CRIT(14%),SILENT,IDLE-SILENT
557,0,0,0,9,26.7,0.00,SILENT,IDLE-SILENT
557,1,0,0,9,44.6,0.00,SILENT,IDLE-SILENT
557,2,0,0,9,0.0,0.00,RECHARGING,CRIT(0%),SILENT,IDLE-SILENT
557,3,0,0,9,23.5,0.00,SILENT,IDLE-SILENT
557,4,0,0,9,14.1,0.00,CRIT(14%),SILENT,IDLE-SILENT
558,0,0,0,9,26.6,0.00,SILENT,IDLE-SILENT
558,1,0,0,9,44.5,0.00,SILENT,IDLE-SILENT
558,2,0,0,9,0.0,0.00,RECHARGING,CRIT(0%),SILENT,IDLE-SILENT
558,3,0,0,9,23.4,0.00,SILENT,IDLE-SILENT
558,4,0,0,9,14.0,0.00,CRIT(14%),SILENT,IDLE-SILENT
559,0,0,0,9,26.5,0.00,SILENT,IDLE-SILENT
559,1,0,0,9,44.4,0.00,SILENT,IDLE-SILENT
559,2,0,0,9,0.0,0.00,RECHARGING,CRIT(0%),SILENT,IDLE-SILENT
559,3,0,0,9,23.3,0.00,SILENT,IDLE-SILENT
559,4,0,0,9,13.9,0.00,CRIT(14%),SILENT,IDLE-SILENT
560,0,0,0,9,26.4,0.00,SILENT,IDLE-SILENT
560,1,0,0,9,44.3,0.00,SILENT,IDLE-SILENT
560,2,0,0,9,0.0,0.00,RECHARGING,CRIT(0%),SILENT,IDLE-SILENT
560,3,0,0,9,23.2,0.00,SILENT,IDLE-SILENT
560,4,0,0,9,13.8,0.00,CRIT(14%),SILENT,IDLE-SILENT
561,0,0,0,9,26.3,0.00,SILENT,IDLE-SILENT
561,1,0,0,9,44.2,0.00,SILENT,IDLE-SILENT
561,2,0,0,9,0.0,0.00,RECHARGING,CRIT(0%),SILENT,IDLE-SILENT
561,3,0,0,9,23.1,0.00,SILENT,IDLE-SILENT
561,4,0,0,9,13.7,0.00,CRIT(14%),SILENT,IDLE-SILENT
562,0,0,0,9,26.2,0.00,SILENT,IDLE-SILENT
562,1,0,0,9,44.1,0.00,SILENT,IDLE-SILENT
562,2,0,0,9,0.0,0.00,RECHARGING,CRIT(0%),SILENT,IDLE-SILENT
562,3,0,0,9,23.0,0.00,SILENT,IDLE-SILENT
562,4,0,0,9,13.6,0.00,CRIT(14%),SILENT,IDLE-SILENT
563,0,0,0,9,26.1,0.00,SILENT,IDLE-SILENT
563,1,0,0,9,44.0,0.00,SILENT,IDLE-SILENT
563,2,0,0,9,100.0,0.00,SILENT,IDLE-SILENT
563,3,0,0,9,22.9,0.00,SILENT,IDLE-SILENT
563,4,0,0,9,13.5,0.00,CRIT(13%),SILENT,IDLE-SILENT
564,0,0,0,9,26.0,0.00,SILENT,IDLE-SILENT
564,1,0,0,9,43.9,0.00,SILENT,IDLE-SILENT
564,2,0,0,9,99.9,0.00,SILENT,IDLE-SILENT
564,3,0,0,9,22.8,0.00,SILENT,IDLE-SILENT
564,4,0,0,9,13.4,0.00,CRIT(13%),SILENT,IDLE-SILENT
565,0,0,0,9,25.9,0.00,SILENT,IDLE-SILENT
565,1,0,0,9,43.8,0.00,SILENT,IDLE-SILENT
565,2,0,0,9,99.8,0.00,SILENT,IDLE-SILENT
565,3,0,0,9,22.7,0.00,SILENT,IDLE-SILENT
565,4,0,0,9,13.3,0.00,CRIT(13%),SILENT,IDLE-SILENT
566,0,0,0,9,25.8,0.00,SILENT,IDLE-SILENT
566,1,0,0,9,43.7,0.00,SILENT,IDLE-SILENT
566,2,0,0,9,99.7,0.00,SILENT,IDLE-SILENT
566,3,0,0,9,22.6,0.00,SILENT,IDLE-SILENT
566,4,0,0,9,13.2,0.00,CRIT(13%),SILENT,IDLE-SILENT
567,0,0,0,9,25.7,0.00,SILENT,IDLE-SILENT
567,1,0,0,9,43.6,0.00,SILENT,IDLE-SILENT
567,2,0,0,9,99.6,0.00,SILENT,IDLE-SILENT
567,3,0,0,9,22.5,0.00,SILENT,IDLE-SILENT
567,4,0,0,9,13.1,0.00,CRIT(13%),SILENT,IDLE-SILENT
568,0,0,0,9,25.6,0.00,SILENT,IDLE-SILENT
568,1,0,0,9,43.5,0.00,SILENT,IDLE-SILENT
568,2,0,0,9,99.5,0.00,SILENT,IDLE-SILENT
568,3,0,0,9,22.4,0.00,SILENT,IDLE-SILENT
568,4,0,0,9,13.0,0.00,CRIT(13%),SILENT,IDLE-SILENT
569,0,0,0,9,25.5,0.00,SILENT,IDLE-SILENT
569,1,0,0,9,43.4,0.00,SILENT,IDLE-SILENT
569,2,0,0,9,99.4,0.00,SILENT,IDLE-SILENT
569,3,0,0,9,22.3,0.00,SILENT,IDLE-SILENT
569,4,0,0,9,12.9,0.00,CRIT(13%),SILENT,IDLE-SILENT
570,0,0,0,9,25.4,0.00,SILENT,IDLE-SILENT
570,1,0,0,9,43.3,0.00,SILENT,IDLE-SILENT
570,2,0,0,9,99.3,0.00,SILENT,IDLE-SILENT
570,3,0,0,9,22.2,0.00,SILENT,IDLE-SILENT
570,4,0,0,9,12.8,0.00,CRIT(13%),SILENT,IDLE-SILENT
571,0,0,0,9,25.3,0.00,SILENT,IDLE-SILENT
571,1,0,0,9,43.2,0.00,SILENT,IDLE-SILENT
571,2,0,0,9,99.2,0.00,SILENT,IDLE-SILENT
571,3,0,0,9,22.1,0.00,SILENT,IDLE-SILENT
571,4,0,0,9,12.7,0.00,CRIT(13%),SILENT,IDLE-SILENT
572,0,0,0,9,25.2,0.00,SILENT,IDLE-SILENT
572,1,0,0,9,43.1,0.00,SILENT,IDLE-SILENT
572,2,0,0,9,99.1,0.00,SILENT,IDLE-SILENT
572,3,0,0,9,22.0,0.00,SILENT,IDLE-SILENT
572,4,0,0,9,12.6,0.00,CRIT(13%),SILENT,IDLE-SILENT
573,0,0,0,9,25.1,0.00,SILENT,IDLE-SILENT
573,1,0,0,9,43.0,0.00,SILENT,IDLE-SILENT
573,2,0,0,9,99.0,0.00,SILENT,IDLE-SILENT
573,3,0,0,9,21.9,0.00,SILENT,IDLE-SILENT
573,4,0,0,9,12.5,0.00,CRIT(12%),SILENT,IDLE-SILENT
574,0,0,0,9,25.0,0.00,SILENT,IDLE-SILENT
574,1,0,0,9,42.9,0.00,SILENT,IDLE-SILENT
574,2,0,0,9,98.9,0.00,SILENT,IDLE-SILENT
574,3,0,0,9,21.8,0.00,SILENT,IDLE-SILENT
574,4,0,0,9,12.4,0.00,CRIT(12%),SILENT,IDLE-SILENT
575,0,0,0,9,24.9,0.00,SILENT,IDLE-SILENT
575,1,0,0,9,42.8,0.00,SILENT,IDLE-SILENT
575,2,0,0,9,98.8,0.00,SILENT,IDLE-SILENT
575,3,0,0,9,21.7,0.00,SILENT,IDLE-SILENT
575,4,0,0,9,12.3,0.00,CRIT(12%),SILENT,IDLE-SILENT
576,0,0,0,9,24.8,0.00,SILENT,IDLE-SILENT
576,1,0,0,9,42.7,0.00,SILENT,IDLE-SILENT
576,2,0,0,9,98.7,0.00,SILENT,IDLE-SILENT
576,3,0,0,9,21.6,0.00,SILENT,IDLE-SILENT
576,4,0,0,9,12.2,0.00,CRIT(12%),SILENT,IDLE-SILENT
577,0,0,0,9,24.7,0.00,SILENT,IDLE-SILENT
577,1,0,0,9,42.6,0.00,SILENT,IDLE-SILENT
577,2,0,0,9,98.6,0.00,SILENT,IDLE-SILENT
577,3,0,0,9,21.5,0.00,SILENT,IDLE-SILENT
577,4,0,0,9,12.1,0.00,CRIT(12%),SILENT,IDLE-SILENT
578,0,0,0,9,24.6,0.00,SILENT,IDLE-SILENT
578,1,0,0,9,42.5,0.00,SILENT,IDLE-SILENT
578,2,0,0,9,98.5,0.00,SILENT,IDLE-SILENT
578,3,0,0,9,21.4,0.00,SILENT,IDLE-SILENT
578,4,0,0,9,12.0,0.00,CRIT(12%),SILENT,IDLE-SILENT
579,0,0,0,9,24.5,0.00,SILENT,IDLE-SILENT
579,1,0,0,9,42.4,0.00,SILENT,IDLE-SILENT
579,2,0,0,9,98.4,0.00,SILENT,IDLE-SILENT
579,3,0,0,9,21.3,0.00,SILENT,IDLE-SILENT
579,4,0,0,9,11.9,0.00,CRIT(12%),SILENT,IDLE-SILENT
580,0,0,0,9,24.4,0.00,SILENT,IDLE-SILENT
580,1,0,0,9,42.3,0.00,SILENT,IDLE-SILENT
580,2,0,0,9,98.3,0.00,SILENT,IDLE-SILENT
580,3,0,0,9,21.2,0.00,SILENT,IDLE-SILENT
580,4,0,0,9,11.8,0.00,CRIT(12%),SILENT,IDLE-SILENT
581,0,0,0,9,24.3,0.00,SILENT,IDLE-SILENT
581,1,0,0,9,42.2,0.00,SILENT,IDLE-SILENT
581,2,0,0,9,98.2,0.00,SILENT,IDLE-SILENT
581,3,0,0,9,21.1,0.00,SILENT,IDLE-SILENT
581,4,0,0,9,11.7,0.00,CRIT(12%),SILENT,IDLE-SILENT
582,0,0,0,9,24.2,0.00,SILENT,IDLE-SILENT
582,1,0,0,9,42.1,0.00,SILENT,IDLE-SILENT
582,2,0,0,9,98.1,0.00,SILENT,IDLE-SILENT
582,3,0,0,9,21.0,0.00,SILENT,IDLE-SILENT
582,4,0,0,9,11.6,0.00,CRIT(12%),SILENT,IDLE-SILENT
583,0,0,0,9,24.1,0.00,SILENT,IDLE-SILENT
583,1,0,0,9,42.0,0.00,SILENT,IDLE-SILENT
583,2,0,0,9,98.0,0.00,SILENT,IDLE-SILENT
583,3,0,0,9,20.9,0.00,SILENT,IDLE-SILENT
583,4,0,0,9,11.5,0.00,CRIT(11%),SILENT,IDLE-SILENT
584,0,0,0,9,24.0,0.00,SILENT,IDLE-SILENT
584,1,0,0,9,41.9,0.00,SILENT,IDLE-SILENT
584,2,0,0,9,97.9,0.00,SILENT,IDLE-SILENT
584,3,0,0,9,20.8,0.00,SILENT,IDLE-SILENT
584,4,0,0,9,11.4,0.00,CRIT(11%),SILENT,IDLE-SILENT
585,0,0,0,9,23.9,0.00,SILENT,IDLE-SILENT
585,1,0,0,9,41.8,0.00,SILENT,IDLE-SILENT
585,2,0,0,9,97.8,0.00,SILENT,IDLE-SILENT
585,3,0,0,9,20.7,0.00,SILENT,IDLE-SILENT
585,4,0,0,9,11.3,0.00,CRIT(11%),SILENT,IDLE-SILENT
586,0,0,0,9,23.8,0.00,SILENT,IDLE-SILENT
586,1,0,0,9,41.7,0.00,SILENT,IDLE-SILENT
586,2,0,0,9,97.7,0.00,SILENT,IDLE-SILENT
586,3,0,0,9,20.6,0.00,SILENT,IDLE-SILENT
586,4,0,0,9,11.2,0.00,CRIT(11%),SILENT,IDLE-SILENT
587,0,0,0,9,23.7,0.00,SILENT,IDLE-SILENT
587,1,0,0,9,41.6,0.00,SILENT,IDLE-SILENT
587,2,0,0,9,97.6,0.00,SILENT,IDLE-SILENT
587,3,0,0,9,20.5,0.00,SILENT,IDLE-SILENT
587,4,0,0,9,11.1,0.00,CRIT(11%),SILENT,IDLE-SILENT
588,0,0,0,9,23.6,0.00,SILENT,IDLE-SILENT
588,1,0,0,9,41.5,0.00,SILENT,IDLE-SILENT
588,2,0,0,9,97.5,0.00,SILENT,IDLE-SILENT
588,3,0,0,9,20.4,0.00,SILENT,IDLE-SILENT
588,4,0,0,9,11.0,0.00,CRIT(11%),SILENT,IDLE-SILENT
589,0,0,0,9,23.5,0.00,SILENT,IDLE-SILENT
589,1,0,0,9,41.4,0.00,SILENT,IDLE-SILENT
589,2,0,0,9,97.4,0.00,SILENT,IDLE-SILENT
589,3,0,0,9,20.3,0.00,SILENT,IDLE-SILENT
589,4,0,0,9,10.9,0.00,CRIT(11%),SILENT,IDLE-SILENT
590,0,0,0,9,23.4,0.00,SILENT,IDLE-SILENT
590,1,0,0,9,41.3,0.00,SILENT,IDLE-SILENT
590,2,0,0,9,97.3,0.00,SILENT,IDLE-SILENT
590,3,0,0,9,20.2,0.00,SILENT,IDLE-SILENT
590,4,0,0,9,10.8,0.00,CRIT(11%),SILENT,IDLE-SILENT
591,0,0,0,9,23.3,0.00,SILENT,IDLE-SILENT
591,1,0,0,9,41.2,0.00,SILENT,IDLE-SILENT
591,2,0,0,9,97.2,0.00,SILENT,IDLE-SILENT
591,3,0,0,9,20.1,0.00,SILENT,IDLE-SILENT
591,4,0,0,9,10.7,0.00,CRIT(11%),SILENT,IDLE-SILENT
592,0,0,0,9,23.2,0.00,SILENT,IDLE-SILENT
592,1,0,0,9,41.1,0.00,SILENT,IDLE-SILENT
592,2,0,0,9,97.1,0.00,SILENT,IDLE-SILENT
592,3,0,0,9,20.0,0.00,CRIT(20%),SILENT,IDLE-SILENT
592,4,0,0,9,10.6,0.00,CRIT(11%),SILENT,IDLE-SILENT
593,0,0,0,9,23.1,0.00,SILENT,IDLE-SILENT
593,1,0,0,9,41.0,0.00,SILENT,IDLE-SILENT
593,2,0,0,9,97.0,0.00,SILENT,IDLE-SILENT
593,3,0,0,9,19.9,0.00,CRIT(20%),SILENT,IDLE-SILENT
593,4,0,0,9,10.5,0.00,CRIT(10%),SILENT,IDLE-SILENT
594,0,0,0,9,23.0,0.00,SILENT,IDLE-SILENT
594,1,0,0,9,40.9,0.00,SILENT,IDLE-SILENT
594,2,0,0,9,96.9,0.00,SILENT,IDLE-SILENT
594,3,0,0,9,19.8,0.00,CRIT(20%),SILENT,IDLE-SILENT
594,4,0,0,9,10.4,0.00,CRIT(10%),SILENT,IDLE-SILENT
595,0,0,0,9,22.9,0.00,SILENT,IDLE-SILENT
595,1,0,0,9,40.8,0.00,SILENT,IDLE-SILENT
595,2,0,0,9,96.8,0.00,SILENT,IDLE-SILENT
595,3,0,0,9,19.7,0.00,CRIT(20%),SILENT,IDLE-SILENT
595,4,0,0,9,10.3,0.00,CRIT(10%),SILENT,IDLE-SILENT
596,0,0,0,9,22.8,0.00,SILENT,IDLE-SILENT
596,1,0,0,9,40.7,0.00,SILENT,IDLE-SILENT
596,2,0,0,9,96.7,0.00,SILENT,IDLE-SILENT
596,3,0,0,9,19.6,0.00,CRIT(20%),SILENT,IDLE-SILENT
596,4,0,0,9,10.2,0.00,CRIT(10%),SILENT,IDLE-SILENT
597,0,0,0,9,22.7,0.00,SILENT,IDLE-SILENT
597,1,0,0,9,40.6,0.00,SILENT,IDLE-SILENT
597,2,0,0,9,96.6,0.00,SILENT,IDLE-SILENT
597,3,0,0,9,19.5,0.00,CRIT(19%),SILENT,IDLE-SILENT
597,4,0,0,9,10.1,0.00,CRIT(10%),SILENT,IDLE-SILENT
598,0,0,0,9,22.6,0.00,SILENT,IDLE-SILENT
598,1,0,0,9,40.5,0.00,SILENT,IDLE-SILENT
598,2,0,0,9,96.5,0.00,SILENT,IDLE-SILENT
598,3,0,0,9,19.4,0.00,CRIT(19%),SILENT,IDLE-SILENT
598,4,0,0,9,10.0,0.00,CRIT(10%),SILENT,IDLE-SILENT
599,0,0,0,9,22.5,0.00,SILENT,IDLE-SILENT
599,1,0,0,9,40.4,0.00,SILENT,IDLE-SILENT
599,2,0,0,9,96.4,0.00,SILENT,IDLE-SILENT
599,3,0,0,9,19.3,0.00,CRIT(19%),SILENT,IDLE-SILENT
599,4,0,0,9,9.9,0.00,CRIT(10%),SILENT,IDLE-SILENT
600,0,0,0,9,22.4,0.00,SILENT,IDLE-SILENT
600,1,0,0,9,40.3,0.00,SILENT,IDLE-SILENT
600,2,0,0,9,96.3,0.00,SILENT,IDLE-SILENT
600,3,0,0,9,19.2,0.00,CRIT(19%),SILENT,IDLE-SILENT
600,4,0,0,9,9.8,0.00,CRIT(10%),SILENT,IDLE-SILENT
601,0,0,0,9,22.3,0.00,SILENT,IDLE-SILENT
601,1,0,0,9,40.2,0.00,SILENT,IDLE-SILENT
601,2,0,0,9,96.2,0.00,SILENT,IDLE-SILENT
601,3,0,0,9,19.1,0.00,CRIT(19%),SILENT,IDLE-SILENT
601,4,0,0,9,9.7,0.00,CRIT(10%),SILENT,IDLE-SILENT
602,0,0,0,9,22.2,0.00,SILENT,IDLE-SILENT
602,1,0,0,9,40.1,0.00,SILENT,IDLE-SILENT
602,2,0,0,9,96.1,0.00,SILENT,IDLE-SILENT
602,3,0,0,9,19.0,0.00,CRIT(19%),SILENT,IDLE-SILENT
602,4,0,0,9,9.6,0.00,CRIT(10%),SILENT,IDLE-SILENT
603,0,0,0,9,22.1,0.00,SILENT,IDLE-SILENT
603,1,0,0,9,40.0,0.00,SILENT,IDLE-SILENT
603,2,0,0,9,96.0,0.00,SILENT,IDLE-SILENT
603,3,0,0,9,18.9,0.00,CRIT(19%),SILENT,IDLE-SILENT
603,4,0,0,9,9.5,0.00,CRIT(9%),SILENT,IDLE-SILENT
604,0,0,0,9,22.0,0.00,SILENT,IDLE-SILENT
604,1,0,0,9,39.9,0.00,SILENT,IDLE-SILENT
604,2,0,0,9,95.9,0.00,SILENT,IDLE-SILENT
604,3,0,0,9,18.8,0.00,CRIT(19%),SILENT,IDLE-SILENT
604,4,0,0,9,9.4,0.00,CRIT(9%),SILENT,IDLE-SILENT
605,0,0,0,9,21.9,0.00,SILENT,IDLE-SILENT
605,1,0,0,9,39.8,0.00,SILENT,IDLE-SILENT
605,2,0,0,9,95.8,0.00,SILENT,IDLE-SILENT
605,3,0,0,9,18.7,0.00,CRIT(19%),SILENT,IDLE-SILENT
605,4,0,0,9,9.3,0.00,CRIT(9%),SILENT,IDLE-SILENT
606,0,0,0,9,21.8,0.00,SILENT,IDLE-SILENT
606,1,0,0,9,39.7,0.00,SILENT,IDLE-SILENT
606,2,0,0,9,95.7,0.00,SILENT,IDLE-SILENT
606,3,0,0,9,18.6,0.00,CRIT(19%),SILENT,IDLE-SILENT
606,4,0,0,9,9.2,0.00,CRIT(9%),SILENT,IDLE-SILENT
607,0,0,0,9,21.7,0.00,SILENT,IDLE-SILENT
607,1,0,0,9,39.6,0.00,SILENT,IDLE-SILENT
607,2,0,0,9,95.6,0.00,SILENT,IDLE-SILENT
607,3,0,0,9,18.5,0.00,CRIT(18%),SILENT,IDLE-SILENT
607,4,0,0,9,9.1,0.00,CRIT(9%),SILENT,IDLE-SILENT
608,0,0,0,9,21.6,0.00,SILENT,IDLE-SILENT
608,1,0,0,9,39.5,0.00,SILENT,IDLE-SILENT
608,2,0,0,9,95.5,0.00,SILENT,IDLE-SILENT
608,3,0,0,9,18.4,0.00,CRIT(18%),SILENT,IDLE-SILENT
608,4,0,0,9,9.0,0.00,CRIT(9%),SILENT,IDLE-SILENT
609,0,0,0,9,21.5,0.00,SILENT,IDLE-SILENT
609,1,0,0,9,39.4,0.00,SILENT,IDLE-SILENT
609,2,0,0,9,95.4,0.00,SILENT,IDLE-SILENT
609,3,0,0,9,18.3,0.00,CRIT(18%),SILENT,IDLE-SILENT
609,4,0,0,9,8.9,0.00,CRIT(9%),SILENT,IDLE-SILENT
610,0,0,0,9,21.4,0.00,SILENT,IDLE-SILENT
610,1,0,0,9,39.3,0.00,SILENT,IDLE-SILENT
610,2,0,0,9,95.3,0.00,SILENT,IDLE-SILENT
610,3,0,0,9,18.2,0.00,CRIT(18%),SILENT,IDLE-SILENT
610,4,0,0,9,8.8,0.00,CRIT(9%),SILENT,IDLE-SILENT
611,0,0,0,9,21.3,0.00,SILENT,IDLE-SILENT
611,1,0,0,9,39.2,0.00,SILENT,IDLE-SILENT
611,2,0,0,9,95.2,0.00,SILENT,IDLE-SILENT
611,3,0,0,9,18.1,0.00,CRIT(18%),SILENT,IDLE-SILENT
611,4,0,0,9,8.7,0.00,CRIT(9%),SILENT,IDLE-SILENT
612,0,0,0,9,21.2,0.00,SILENT,IDLE-SILENT
612,1,0,0,9,39.1,0.00,SILENT,IDLE-SILENT
612,2,0,0,9,95.1,0.00,SILENT,IDLE-SILENT
612,3,0,0,9,18.0,0.00,CRIT(18%),SILENT,IDLE-SILENT
612,4,0,0,9,8.6,0.00,CRIT(9%),SILENT,IDLE-SILENT
613,0,0,0,9,21.1,0.00,SILENT,IDLE-SILENT
613,1,0,0,9,39.0,0.00,SILENT,IDLE-SILENT
613,2,0,0,9,95.0,0.00,SILENT,IDLE-SILENT
613,3,0,0,9,17.9,0.00,CRIT(18%),SILENT,IDLE-SILENT
613,4,0,0,9,8.5,0.00,CRIT(8%),SILENT,IDLE-SILENT
614,0,0,0,9,21.0,0.00,SILENT,IDLE-SILENT
614,1,0,0,9,38.9,0.00,SILENT,IDLE-SILENT
614,2,0,0,9,94.9,0.00,SILENT,IDLE-SILENT
614,3,0,0,9,17.8,0.00,CRIT(18%),SILENT,IDLE-SILENT
614,4,0,0,9,8.4,0.00,CRIT(8%),SILENT,IDLE-SILENT
615,0,0,0,9,20.9,0.00,SILENT,IDLE-SILENT
615,1,0,0,9,38.8,0.00,SILENT,IDLE-SILENT
615,2,0,0,9,94.8,0.00,SILENT,IDLE-SILENT
615,3,0,0,9,17.7,0.00,CRIT(18%),SILENT,IDLE-SILENT
615,4,0,0,9,8.3,0.00,CRIT(8%),SILENT,IDLE-SILENT
616,0,0,0,9,20.8,0.00,SILENT,IDLE-SILENT
616,1,0,0,9,38.7,0.00,SILENT,IDLE-SILENT
616,2,0,0,9,94.7,0.00,SILENT,IDLE-SILENT
616,3,0,0,9,17.6,0.00,CRIT(18%),SILENT,IDLE-SILENT
616,4,0,0,9,8.2,0.00,CRIT(8%),SILENT,IDLE-SILENT
617,0,0,0,9,20.7,0.00,SILENT,IDLE-SILENT
617,1,0,0,9,38.6,0.00,SILENT,IDLE-SILENT
617,2,0,0,9,94.6,0.00,SILENT,IDLE-SILENT
617,3,0,0,9,17.5,0.00,CRIT(17%),SILENT,IDLE-SILENT
617,4,0,0,9,8.1,0.00,CRIT(8%),SILENT,IDLE-SILENT
618,0,0,0,9,20.6,0.00,SILENT,IDLE-SILENT
618,1,0,0,9,38.5,0.00,SILENT,IDLE-SILENT
618,2,0,0,9,94.5,0.00,SILENT,IDLE-SILENT
618,3,0,0,9,17.4,0.00,CRIT(17%),SILENT,IDLE-SILENT
618,4,0,0,9,8.0,0.00,CRIT(8%),SILENT,IDLE-SILENT
619,0,0,0,9,20.5,0.00,SILENT,IDLE-SILENT
619,1,0,0,9,38.4,0.00,SILENT,IDLE-SILENT
619,2,0,0,9,94.4,0.00,SILENT,IDLE-SILENT
619,3,0,0,9,17.3,0.00,CRIT(17%),SILENT,IDLE-SILENT
619,4,0,0,9,7.9,0.00,CRIT(8%),SILENT,IDLE-SILENT
620,0,0,0,9,20.4,0.00,SILENT,IDLE-SILENT
620,1,0,0,9,38.3,0.00,SILENT,IDLE-SILENT
620,2,0,0,9,94.3,0.00,SILENT,IDLE-SILENT
620,3,0,0,9,17.2,0.00,CRIT(17%),SILENT,IDLE-SILENT
620,4,0,0,9,7.8,0.00,CRIT(8%),SILENT,IDLE-SILENT
621,0,0,0,9,20.3,0.00,SILENT,IDLE-SILENT
621,1,0,0,9,38.2,0.00,SILENT,IDLE-SILENT
621,2,0,0,9,94.2,0.00,SILENT,IDLE-SILENT
621,3,0,0,9,17.1,0.00,CRIT(17%),SILENT,IDLE-SILENT
621,4,0,0,9,7.7,0.00,CRIT(8%),SILENT,IDLE-SILENT
622,0,0,0,9,20.2,0.00,SILENT,IDLE-SILENT
622,1,0,0,9,38.1,0.00,SILENT,IDLE-SILENT
622,2,0,0,9,94.1,0.00,SILENT,IDLE-SILENT
622,3,0,0,9,17.0,0.00,CRIT(17%),SILENT,IDLE-SILENT
622,4,0,0,9,7.6,0.00,CRIT(8%),SILENT,IDLE-SILENT
623,0,0,0,9,20.1,0.00,SILENT,IDLE-SILENT
623,1,0,0,9,38.0,0.00,SILENT,IDLE-SILENT
623,2,0,0,9,94.0,0.00,SILENT,IDLE-SILENT
623,3,0,0,9,16.9,0.00,CRIT(17%),SILENT,IDLE-SILENT
623,4,0,0,9,7.5,0.00,CRIT(7%),SILENT,IDLE-SILENT
624,0,0,0,9,20.0,0.00,CRIT(20%),SILENT,IDLE-SILENT
624,1,0,0,9,37.9,0.00,SILENT,IDLE-SILENT
624,2,0,0,9,93.9,0.00,SILENT,IDLE-SILENT
624,3,0,0,9,16.8,0.00,CRIT(17%),SILENT,IDLE-SILENT
624,4,0,0,9,7.4,0.00,CRIT(7%),SILENT,IDLE-SILENT
625,0,0,0,9,19.9,0.00,CRIT(20%),SILENT,IDLE-SILENT
625,1,0,0,9,37.8,0.00,SILENT,IDLE-SILENT
625,2,0,0,9,93.8,0.00,SILENT,IDLE-SILENT
625,3,0,0,9,16.7,0.00,CRIT(17%),SILENT,IDLE-SILENT
625,4,0,0,9,7.3,0.00,CRIT(7%),SILENT,IDLE-SILENT
626,0,0,0,9,19.8,0.00,CRIT(20%),SILENT,IDLE-SILENT
626,1,0,0,9,37.7,0.00,SILENT,IDLE-SILENT
626,2,0,0,9,93.7,0.00,SILENT,IDLE-SILENT
626,3,0,0,9,16.6,0.00,CRIT(17%),SILENT,IDLE-SILENT
626,4,0,0,9,7.2,0.00,CRIT(7%),SILENT,IDLE-SILENT
627,0,0,0,9,19.7,0.00,CRIT(20%),SILENT,IDLE-SILENT
627,1,0,0,9,37.6,0.00,SILENT,IDLE-SILENT
627,2,0,0,9,93.6,0.00,SILENT,IDLE-SILENT
627,3,0,0,9,16.5,0.00,CRIT(16%),SILENT,IDLE-SILENT
627,4,0,0,9,7.1,0.00,CRIT(7%),SILENT,IDLE-SILENT
628,0,0,0,9,19.6,0.00,CRIT(20%),SILENT,IDLE-SILENT
628,1,0,0,9,37.5,0.00,SILENT,IDLE-SILENT
628,2,0,0,9,93.5,0.00,SILENT,IDLE-SILENT
628,3,0,0,9,16.4,0.00,CRIT(16%),SILENT,IDLE-SILENT
628,4,0,0,9,7.0,0.00,CRIT(7%),SILENT,IDLE-SILENT
629,0,0,0,9,19.5,0.00,CRIT(19%),SILENT,IDLE-SILENT
629,1,0,0,9,37.4,0.00,SILENT,IDLE-SILENT
629,2,0,0,9,93.4,0.00,SILENT,IDLE-SILENT
629,3,0,0,9,16.3,0.00,CRIT(16%),SILENT,IDLE-SILENT
629,4,0,0,9,6.9,0.00,CRIT(7%),SILENT,IDLE-SILENT
630,0,0,0,9,19.4,0.00,CRIT(19%),SILENT,IDLE-SILENT
630,1,0,0,9,37.3,0.00,SILENT,IDLE-SILENT
630,2,0,0,9,93.3,0.00,SILENT,IDLE-SILENT
630,3,0,0,9,16.2,0.00,CRIT(16%),SILENT,IDLE-SILENT
630,4,0,0,9,6.8,0.00,CRIT(7%),SILENT,IDLE-SILENT
631,0,0,0,9,19.3,0.00,CRIT(19%),SILENT,IDLE-SILENT
631,1,0,0,9,37.2,0.00,SILENT,IDLE-SILENT
631,2,0,0,9,93.2,0.00,SILENT,IDLE-SILENT
631,3,0,0,9,16.1,0.00,CRIT(16%),SILENT,IDLE-SILENT
631,4,0,0,9,6.7,0.00,CRIT(7%),SILENT,IDLE-SILENT
632,0,0,0,9,19.2,0.00,CRIT(19%),SILENT,IDLE-SILENT
632,1,0,0,9,37.1,0.00,SILENT,IDLE-SILENT
632,2,0,0,9,93.1,0.00,SILENT,IDLE-SILENT
632,3,0,0,9,16.0,0.00,CRIT(16%),SILENT,IDLE-SILENT
632,4,0,0,9,6.6,0.00,CRIT(7%),SILENT,IDLE-SILENT
633,0,0,0,9,19.1,0.00,CRIT(19%),SILENT,IDLE-SILENT
633,1,0,0,9,37.0,0.00,SILENT,IDLE-SILENT
633,2,0,0,9,93.0,0.00,SILENT,IDLE-SILENT
633,3,0,0,9,15.9,0.00,CRIT(16%),SILENT,IDLE-SILENT
633,4,0,0,9,6.5,0.00,CRIT(6%),SILENT,IDLE-SILENT
634,0,0,0,9,19.0,0.00,CRIT(19%),SILENT,IDLE-SILENT
634,1,0,0,9,36.9,0.00,SILENT,IDLE-SILENT
634,2,0,0,9,92.9,0.00,SILENT,IDLE-SILENT
634,3,0,0,9,15.8,0.00,CRIT(16%),SILENT,IDLE-SILENT
634,4,0,0,9,6.4,0.00,CRIT(6%),SILENT,IDLE-SILENT
635,0,0,0,9,18.9,0.00,CRIT(19%),SILENT,IDLE-SILENT
635,1,0,0,9,36.8,0.00,SILENT,IDLE-SILENT
635,2,0,0,9,92.8,0.00,SILENT,IDLE-SILENT
635,3,0,0,9,15.7,0.00,CRIT(16%),SILENT,IDLE-SILENT
635,4,0,0,9,6.3,0.00,CRIT(6%),SILENT,IDLE-SILENT
636,0,0,0,9,18.8,0.00,CRIT(19%),SILENT,IDLE-SILENT
636,1,0,0,9,36.7,0.00,SILENT,IDLE-SILENT
636,2,0,0,9,92.7,0.00,SILENT,IDLE-SILENT
636,3,0,0,9,15.6,0.00,CRIT(16%),SILENT,IDLE-SILENT
636,4,0,0,9,6.2,0.00,CRIT(6%),SILENT,IDLE-SILENT
637,0,0,0,9,18.7,0.00,CRIT(19%),SILENT,IDLE-SILENT
637,1,0,0,9,36.6,0.00,SILENT,IDLE-SILENT
637,2,0,0,9,92.6,0.00,SILENT,IDLE-SILENT
637,3,0,0,9,15.5,0.00,CRIT(15%),SILENT,IDLE-SILENT
637,4,0,0,9,6.1,0.00,CRIT(6%),SILENT,IDLE-SILENT
638,0,0,0,9,18.6,0.00,CRIT(19%),SILENT,IDLE-SILENT
638,1,0,0,9,36.5,0.00,SILENT,IDLE-SILENT
638,2,0,0,9,92.5,0.00,SILENT,IDLE-SILENT
638,3,0,0,9,15.4,0.00,CRIT(15%),SILENT,IDLE-SILENT
638,4,0,0,9,6.0,0.00,CRIT(6%),SILENT,IDLE-SILENT
639,0,0,0,9,18.5,0.00,CRIT(18%),SILENT,IDLE-SILENT
639,1,0,0,9,36.4,0.00,SILENT,IDLE-SILENT
639,2,0,0,9,92.4,0.00,SILENT,IDLE-SILENT
639,3,0,0,9,15.3,0.00,CRIT(15%),SILENT,IDLE-SILENT
639,4,0,0,9,5.9,0.00,CRIT(6%),SILENT,IDLE-SILENT
640,0,0,0,9,18.4,0.00,CRIT(18%),SILENT,IDLE-SILENT
640,1,0,0,9,36.3,0.00,SILENT,IDLE-SILENT
640,2,0,0,9,92.3,0.00,SILENT,IDLE-SILENT
640,3,0,0,9,15.2,0.00,CRIT(15%),SILENT,IDLE-SILENT
640,4,0,0,9,5.8,0.00,CRIT(6%),SILENT,IDLE-SILENT
641,0,0,0,9,18.3,0.00,CRIT(18%),SILENT,IDLE-SILENT
641,1,0,0,9,36.2,0.00,SILENT,IDLE-SILENT
641,2,0,0,9,92.2,0.00,SILENT,IDLE-SILENT
641,3,0,0,9,15.1,0.00,CRIT(15%),SILENT,IDLE-SILENT
641,4,0,0,9,5.7,0.00,CRIT(6%),SILENT,IDLE-SILENT
642,0,0,0,9,18.2,0.00,CRIT(18%),SILENT,IDLE-SILENT
642,1,0,0,9,36.1,0.00,SILENT,IDLE-SILENT
642,2,0,0,9,92.1,0.00,SILENT,IDLE-SILENT
642,3,0,0,9,15.0,0.00,CRIT(15%),SILENT,IDLE-SILENT
642,4,0,0,9,5.6,0.00,CRIT(6%),SILENT,IDLE-SILENT
643,0,0,0,9,18.1,0.00,CRIT(18%),SILENT,IDLE-SILENT
643,1,0,0,9,36.0,0.00,SILENT,IDLE-SILENT
643,2,0,0,9,92.0,0.00,SILENT,IDLE-SILENT
643,3,0,0,9,14.9,0.00,CRIT(15%),SILENT,IDLE-SILENT
643,4,0,0,9,5.5,0.00,CRIT(5%),SILENT,IDLE-SILENT
644,0,0,0,9,18.0,0.00,CRIT(18%),SILENT,IDLE-SILENT
644,1,0,0,9,35.9,0.00,SILENT,IDLE-SILENT
644,2,0,0,9,91.9,0.00,SILENT,IDLE-SILENT
644,3,0,0,9,14.8,0.00,CRIT(15%),SILENT,IDLE-SILENT
644,4,0,0,9,5.4,0.00,CRIT(5%),SILENT,IDLE-SILENT
645,0,0,0,9,17.9,0.00,CRIT(18%),SILENT,IDLE-SILENT
645,1,0,0,9,35.8,0.00,SILENT,IDLE-SILENT
645,2,0,0,9,91.8,0.00,SILENT,IDLE-SILENT
645,3,0,0,9,14.7,0.00,CRIT(15%),SILENT,IDLE-SILENT
645,4,0,0,9,5.3,0.00,CRIT(5%),SILENT,IDLE-SILENT
646,0,0,0,9,17.8,0.00,CRIT(18%),SILENT,IDLE-SILENT
646,1,0,0,9,35.7,0.00,SILENT,IDLE-SILENT
646,2,0,0,9,91.7,0.00,SILENT,IDLE-SILENT
646,3,0,0,9,14.6,0.00,CRIT(15%),SILENT,IDLE-SILENT
646,4,0,0,9,5.2,0.00,CRIT(5%),SILENT,IDLE-SILENT
647,0,0,0,9,17.7,0.00,CRIT(18%),SILENT,IDLE-SILENT
647,1,0,0,9,35.6,0.00,SILENT,IDLE-SILENT
647,2,0,0,9,91.6,0.00,SILENT,IDLE-SILENT
647,3,0,0,9,14.5,0.00,CRIT(14%),SILENT,IDLE-SILENT
647,4,0,0,9,5.1,0.00,CRIT(5%),SILENT,IDLE-SILENT
648,0,0,0,9,17.6,0.00,CRIT(18%),SILENT,IDLE-SILENT
648,1,0,0,9,35.5,0.00,SILENT,IDLE-SILENT
648,2,0,0,9,91.5,0.00,SILENT,IDLE-SILENT
648,3,0,0,9,14.4,0.00,CRIT(14%),SILENT,IDLE-SILENT
648,4,0,0,9,5.0,0.00,CRIT(5%),SILENT,IDLE-SILENT
649,0,0,0,9,17.5,0.00,CRIT(17%),SILENT,IDLE-SILENT
649,1,0,0,9,35.4,0.00,SILENT,IDLE-SILENT
649,2,0,0,9,91.4,0.00,SILENT,IDLE-SILENT
649,3,0,0,9,14.3,0.00,CRIT(14%),SILENT,IDLE-SILENT
649,4,0,0,9,4.9,0.00,CRIT(5%),SILENT,IDLE-SILENT
650,0,0,0,9,17.4,0.00,CRIT(17%),SILENT,IDLE-SILENT
650,1,0,0,9,35.3,0.00,SILENT,IDLE-SILENT
650,2,0,0,9,91.3,0.00,SILENT,IDLE-SILENT
650,3,0,0,9,14.2,0.00,CRIT(14%),SILENT,IDLE-SILENT
650,4,0,0,9,4.8,0.00,CRIT(5%),SILENT,IDLE-SILENT
651,0,0,0,9,17.3,0.00,CRIT(17%),SILENT,IDLE-SILENT
651,1,0,0,9,35.2,0.00,SILENT,IDLE-SILENT
651,2,0,0,9,91.2,0.00,SILENT,IDLE-SILENT
651,3,0,0,9,14.1,0.00,CRIT(14%),SILENT,IDLE-SILENT
651,4,0,0,9,4.7,0.00,CRIT(5%),SILENT,IDLE-SILENT
652,0,0,0,9,17.2,0.00,CRIT(17%),SILENT,IDLE-SILENT
652,1,0,0,9,35.1,0.00,SILENT,IDLE-SILENT
652,2,0,0,9,91.1,0.00,SILENT,IDLE-SILENT
652,3,0,0,9,14.0,0.00,CRIT(14%),SILENT,IDLE-SILENT
652,4,0,0,9,4.6,0.00,CRIT(5%),SILENT,IDLE-SILENT
653,0,0,0,9,17.1,0.00,CRIT(17%),SILENT,IDLE-SILENT
653,1,0,0,9,35.0,0.00,SILENT,IDLE-SILENT
653,2,0,0,9,91.0,0.00,SILENT,IDLE-SILENT
653,3,0,0,9,13.9,0.00,CRIT(14%),SILENT,IDLE-SILENT
653,4,0,0,9,4.5,0.00,CRIT(4%),SILENT,IDLE-SILENT
654,0,0,0,9,17.0,0.00,CRIT(17%),SILENT,IDLE-SILENT
654,1,0,0,9,34.9,0.00,SILENT,IDLE-SILENT
654,2,0,0,9,90.9,0.00,SILENT,IDLE-SILENT
654,3,0,0,9,13.8,0.00,CRIT(14%),SILENT,IDLE-SILENT
654,4,0,0,9,4.4,0.00,CRIT(4%),SILENT,IDLE-SILENT
655,0,0,0,9,16.9,0.00,CRIT(17%),SILENT,IDLE-SILENT
655,1,0,0,9,34.8,0.00,SILENT,IDLE-SILENT
655,2,0,0,9,90.8,0.00,SILENT,IDLE-SILENT
655,3,0,0,9,13.7,0.00,CRIT(14%),SILENT,IDLE-SILENT
655,4,0,0,9,4.3,0.00,CRIT(4%),SILENT,IDLE-SILENT
656,0,0,0,9,16.8,0.00,CRIT(17%),SILENT,IDLE-SILENT
656,1,0,0,9,34.7,0.00,SILENT,IDLE-SILENT
656,2,0,0,9,90.7,0.00,SILENT,IDLE-SILENT
656,3,0,0,9,13.6,0.00,CRIT(14%),SILENT,IDLE-SILENT
656,4,0,0,9,4.2,0.00,CRIT(4%),SILENT,IDLE-SILENT
657,0,0,0,9,16.7,0.00,CRIT(17%),SILENT,IDLE-SILENT
657,1,0,0,9,34.6,0.00,SILENT,IDLE-SILENT
657,2,0,0,9,90.6,0.00,SILENT,IDLE-SILENT
657,3,0,0,9,13.5,0.00,CRIT(13%),SILENT,IDLE-SILENT
657,4,0,0,9,4.1,0.00,CRIT(4%),SILENT,IDLE-SILENT
658,0,0,0,9,16.6,0.00,CRIT(17%),SILENT,IDLE-SILENT
658,1,0,0,9,34.5,0.00,SILENT,IDLE-SILENT
658,2,0,0,9,90.5,0.00,SILENT,IDLE-SILENT
658,3,0,0,9,13.4,0.00,CRIT(13%),SILENT,IDLE-SILENT
658,4,0,0,9,4.0,0.00,CRIT(4%),SILENT,IDLE-SILENT
659,0,0,0,9,16.5,0.00,CRIT(16%),SILENT,IDLE-SILENT
659,1,0,0,9,34.4,0.00,SILENT,IDLE-SILENT
659,2,0,0,9,90.4,0.00,SILENT,IDLE-SILENT
659,3,0,0,9,13.3,0.00,CRIT(13%),SILENT,IDLE-SILENT
659,4,0,0,9,3.9,0.00,CRIT(4%),SILENT,IDLE-SILENT
660,0,0,0,9,16.4,0.00,CRIT(16%),SILENT,IDLE-SILENT
660,1,0,0,9,34.3,0.00,SILENT,IDLE-SILENT
660,2,0,0,9,90.3,0.00,SILENT,IDLE-SILENT
660,3,0,0,9,13.2,0.00,CRIT(13%),SILENT,IDLE-SILENT
660,4,0,0,9,3.8,0.00,CRIT(4%),SILENT,IDLE-SILENT
661,0,0,0,9,16.3,0.00,CRIT(16%),SILENT,IDLE-SILENT
661,1,0,0,9,34.2,0.00,SILENT,IDLE-SILENT
661,2,0,0,9,90.2,0.00,SILENT,IDLE-SILENT
661,3,0,0,9,13.1,0.00,CRIT(13%),SILENT,IDLE-SILENT
661,4,0,0,9,3.7,0.00,CRIT(4%),SILENT,IDLE-SILENT
662,0,0,0,9,16.2,0.00,CRIT(16%),SILENT,IDLE-SILENT
662,1,0,0,9,34.1,0.00,SILENT,IDLE-SILENT
662,2,0,0,9,90.1,0.00,SILENT,IDLE-SILENT
662,3,0,0,9,13.0,0.00,CRIT(13%),SILENT,IDLE-SILENT
662,4,0,0,9,3.6,0.00,CRIT(4%),SILENT,IDLE-SILENT
663,0,0,0,9,16.1,0.00,CRIT(16%),SILENT,IDLE-SILENT
663,1,0,0,9,34.0,0.00,SILENT,IDLE-SILENT
663,2,0,0,9,90.0,0.00,SILENT,IDLE-SILENT
663,3,0,0,9,12.9,0.00,CRIT(13%),SILENT,IDLE-SILENT
663,4,0,0,9,3.5,0.00,CRIT(3%),SILENT,IDLE-SILENT
664,0,0,0,9,16.0,0.00,CRIT(16%),SILENT,IDLE-SILENT
664,1,0,0,9,33.9,0.00,SILENT,IDLE-SILENT
664,2,0,0,9,89.9,0.00,SILENT,IDLE-SILENT
664,3,0,0,9,12.8,0.00,CRIT(13%),SILENT,IDLE-SILENT
664,4,0,0,9,3.4,0.00,CRIT(3%),SILENT,IDLE-SILENT
665,0,0,0,9,15.9,0.00,CRIT(16%),SILENT,IDLE-SILENT
665,1,0,0,9,33.8,0.00,SILENT,IDLE-SILENT
665,2,0,0,9,89.8,0.00,SILENT,IDLE-SILENT
665,3,0,0,9,12.7,0.00,CRIT(13%),SILENT,IDLE-SILENT
665,4,0,0,9,3.3,0.00,CRIT(3%),SILENT,IDLE-SILENT
666,0,0,0,9,15.8,0.00,CRIT(16%),SILENT,IDLE-SILENT
666,1,0,0,9,33.7,0.00,SILENT,IDLE-SILENT
666,2,0,0,9,89.7,0.00,SILENT,IDLE-SILENT
666,3,0,0,9,12.6,0.00,CRIT(13%),SILENT,IDLE-SILENT
666,4,0,0,9,3.2,0.00,CRIT(3%),SILENT,IDLE-SILENT
667,0,0,0,9,15.7,0.00,CRIT(16%),SILENT,IDLE-SILENT
667,1,0,0,9,33.6,0.00,SILENT,IDLE-SILENT
667,2,0,0,9,89.6,0.00,SILENT,IDLE-SILENT
667,3,0,0,9,12.5,0.00,CRIT(12%),SILENT,IDLE-SILENT
667,4,0,0,9,3.1,0.00,CRIT(3%),SILENT,IDLE-SILENT
668,0,0,0,9,15.6,0.00,CRIT(16%),SILENT,IDLE-SILENT
668,1,0,0,9,33.5,0.00,SILENT,IDLE-SILENT
668,2,0,0,9,89.5,0.00,SILENT,IDLE-SILENT
668,3,0,0,9,12.4,0.00,CRIT(12%),SILENT,IDLE-SILENT
668,4,0,0,9,3.0,0.00,CRIT(3%),SILENT,IDLE-SILENT
669,0,0,0,9,15.5,0.00,CRIT(15%),SILENT,IDLE-SILENT
669,1,0,0,9,33.4,0.00,SILENT,IDLE-SILENT
669,2,0,0,9,89.4,0.00,SILENT,IDLE-SILENT
669,3,0,0,9,12.3,0.00,CRIT(12%),SILENT,IDLE-SILENT
669,4,0,0,9,2.9,0.00,CRIT(3%),SILENT,IDLE-SILENT
670,0,0,0,9,15.4,0.00,CRIT(15%),SILENT,IDLE-SILENT
670,1,0,0,9,33.3,0.00,SILENT,IDLE-SILENT
670,2,0,0,9,89.3,0.00,SILENT,IDLE-SILENT
670,3,0,0,9,12.2,0.00,CRIT(12%),SILENT,IDLE-SILENT
670,4,0,0,9,2.8,0.00,CRIT(3%),SILENT,IDLE-SILENT
671,0,0,0,9,15.3,0.00,CRIT(15%),SILENT,IDLE-SILENT
671,1,0,0,9,33.2,0.00,SILENT,IDLE-SILENT
671,2,0,0,9,89.2,0.00,SILENT,IDLE-SILENT
671,3,0,0,9,12.1,0.00,CRIT(12%),SILENT,IDLE-SILENT
671,4,0,0,9,2.7,0.00,CRIT(3%),SILENT,IDLE-SILENT
672,0,0,0,9,15.2,0.00,CRIT(15%),SILENT,IDLE-SILENT
672,1,0,0,9,33.1,0.00,SILENT,IDLE-SILENT
672,2,0,0,9,89.1,0.00,SILENT,IDLE-SILENT
672,3,0,0,9,12.0,0.00,CRIT(12%),SILENT,IDLE-SILENT
672,4,0,0,9,2.6,0.00,CRIT(3%),SILENT,IDLE-SILENT
673,0,0,0,9,15.1,0.00,CRIT(15%),SILENT,IDLE-SILENT
673,1,0,0,9,33.0,0.00,SILENT,IDLE-SILENT
673,2,0,0,9,89.0,0.00,SILENT,IDLE-SILENT
673,3,0,0,9,11.9,0.00,CRIT(12%),SILENT,IDLE-SILENT
673,4,0,0,9,2.5,0.00,CRIT(2%),SILENT,IDLE-SILENT
674,0,0,0,9,15.0,0.00,CRIT(15%),SILENT,IDLE-SILENT
674,1,0,0,9,32.9,0.00,SILENT,IDLE-SILENT
674,2,0,0,9,88.9,0.00,SILENT,IDLE-SILENT
674,3,0,0,9,11.8,0.00,CRIT(12%),SILENT,IDLE-SILENT
674,4,0,0,9,2.4,0.00,CRIT(2%),SILENT,IDLE-SILENT
675,0,0,0,9,14.9,0.00,CRIT(15%),SILENT,IDLE-SILENT
675,1,0,0,9,32.8,0.00,SILENT,IDLE-SILENT
675,2,0,0,9,88.8,0.00,SILENT,IDLE-SILENT
675,3,0,0,9,11.7,0.00,CRIT(12%),SILENT,IDLE-SILENT
675,4,0,0,9,2.3,0.00,CRIT(2%),SILENT,IDLE-SILENT
676,0,0,0,9,14.8,0.00,CRIT(15%),SILENT,IDLE-SILENT
676,1,0,0,9,32.7,0.00,SILENT,IDLE-SILENT
676,2,0,0,9,88.7,0.00,SILENT,IDLE-SILENT
676,3,0,0,9,11.6,0.00,CRIT(12%),SILENT,IDLE-SILENT
676,4,0,0,9,2.2,0.00,CRIT(2%),SILENT,IDLE-SILENT
677,0,0,0,9,14.7,0.00,CRIT(15%),SILENT,IDLE-SILENT
677,1,0,0,9,32.6,0.00,SILENT,IDLE-SILENT
677,2,0,0,9,88.6,0.00,SILENT,IDLE-SILENT
677,3,0,0,9,11.5,0.00,CRIT(11%),SILENT,IDLE-SILENT
677,4,0,0,9,2.1,0.00,CRIT(2%),SILENT,IDLE-SILENT
678,0,0,0,9,14.6,0.00,CRIT(15%),SILENT,IDLE-SILENT
678,1,0,0,9,32.5,0.00,SILENT,IDLE-SILENT
678,2,0,0,9,88.5,0.00,SILENT,IDLE-SILENT
678,3,0,0,9,11.4,0.00,CRIT(11%),SILENT,IDLE-SILENT
678,4,0,0,9,2.0,0.00,CRIT(2%),SILENT,IDLE-SILENT
679,0,0,0,9,14.5,0.00,CRIT(14%),SILENT,IDLE-SILENT
679,1,0,0,9,32.4,0.00,SILENT,IDLE-SILENT
679,2,0,0,9,88.4,0.00,SILENT,IDLE-SILENT
679,3,0,0,9,11.3,0.00,CRIT(11%),SILENT,IDLE-SILENT
679,4,0,0,9,1.9,0.00,CRIT(2%),SILENT,IDLE-SILENT
680,0,0,0,9,14.4,0.00,CRIT(14%),SILENT,IDLE-SILENT
680,1,0,0,9,32.3,0.00,SILENT,IDLE-SILENT
680,2,0,0,9,88.3,0.00,SILENT,IDLE-SILENT
680,3,0,0,9,11.2,0.00,CRIT(11%),SILENT,IDLE-SILENT
680,4,0,0,9,1.8,0.00,CRIT(2%),SILENT,IDLE-SILENT
681,0,0,0,9,14.3,0.00,CRIT(14%),SILENT,IDLE-SILENT
681,1,0,0,9,32.2,0.00,SILENT,IDLE-SILENT
681,2,0,0,9,88.2,0.00,SILENT,IDLE-SILENT
681,3,0,0,9,11.1,0.00,CRIT(11%),SILENT,IDLE-SILENT
681,4,0,0,9,1.7,0.00,CRIT(2%),SILENT,IDLE-SILENT
682,0,0,0,9,14.2,0.00,CRIT(14%),SILENT,IDLE-SILENT
682,1,0,0,9,32.1,0.00,SILENT,IDLE-SILENT
682,2,0,0,9,88.1,0.00,SILENT,IDLE-SILENT
682,3,0,0,9,11.0,0.00,CRIT(11%),SILENT,IDLE-SILENT
682,4,0,0,9,1.6,0.00,CRIT(2%),SILENT,IDLE-SILENT
683,0,0,0,9,14.1,0.00,CRIT(14%),SILENT,IDLE-SILENT
683,1,0,0,9,32.0,0.00,SILENT,IDLE-SILENT
683,2,0,0,9,88.0,0.00,SILENT,IDLE-SILENT
683,3,0,0,9,10.9,0.00,CRIT(11%),SILENT,IDLE-SILENT
683,4,0,0,9,1.5,0.00,CRIT(1%),SILENT,IDLE-SILENT
684,0,0,0,9,14.0,0.00,CRIT(14%),SILENT,IDLE-SILENT
684,1,0,0,9,31.9,0.00,SILENT,IDLE-SILENT
684,2,0,0,9,87.9,0.00,SILENT,IDLE-SILENT
684,3,0,0,9,10.8,0.00,CRIT(11%),SILENT,IDLE-SILENT
684,4,0,0,9,1.4,0.00,CRIT(1%),SILENT,IDLE-SILENT
685,0,0,0,9,13.9,0.00,CRIT(14%),SILENT,IDLE-SILENT
685,1,0,0,9,31.8,0.00,SILENT,IDLE-SILENT
685,2,0,0,9,87.8,0.00,SILENT,IDLE-SILENT
685,3,0,0,9,10.7,0.00,CRIT(11%),SILENT,IDLE-SILENT
685,4,0,0,9,1.3,0.00,CRIT(1%),SILENT,IDLE-SILENT
686,0,0,0,9,13.8,0.00,CRIT(14%),SILENT,IDLE-SILENT
686,1,0,0,9,31.7,0.00,SILENT,IDLE-SILENT
686,2,0,0,9,87.7,0.00,SILENT,IDLE-SILENT
686,3,0,0,9,10.6,0.00,CRIT(11%),SILENT,IDLE-SILENT
686,4,0,0,9,1.2,0.00,CRIT(1%),SILENT,IDLE-SILENT
687,0,0,0,9,13.7,0.00,CRIT(14%),SILENT,IDLE-SILENT
687,1,0,0,9,31.6,0.00,SILENT,IDLE-SILENT
687,2,0,0,9,87.6,0.00,SILENT,IDLE-SILENT
687,3,0,0,9,10.5,0.00,CRIT(10%),SILENT,IDLE-SILENT
687,4,0,0,9,1.1,0.00,CRIT(1%),SILENT,IDLE-SILENT
688,0,0,0,9,13.6,0.00,CRIT(14%),SILENT,IDLE-SILENT
688,1,0,0,9,31.5,0.00,SILENT,IDLE-SILENT
688,2,0,0,9,87.5,0.00,SILENT,IDLE-SILENT
688,3,0,0,9,10.4,0.00,CRIT(10%),SILENT,IDLE-SILENT
688,4,0,0,9,1.0,0.00,CRIT(1%),SILENT,IDLE-SILENT
689,0,0,0,9,13.5,0.00,CRIT(13%),SILENT,IDLE-SILENT
689,1,0,0,9,31.4,0.00,SILENT,IDLE-SILENT
689,2,0,0,9,87.4,0.00,SILENT,IDLE-SILENT
689,3,0,0,9,10.3,0.00,CRIT(10%),SILENT,IDLE-SILENT
689,4,0,0,9,0.9,0.00,CRIT(1%),SILENT,IDLE-SILENT
690,0,0,0,9,13.4,0.00,CRIT(13%),SILENT,IDLE-SILENT
690,1,0,0,9,31.3,0.00,SILENT,IDLE-SILENT
690,2,0,0,9,87.3,0.00,SILENT,IDLE-SILENT
690,3,0,0,9,10.2,0.00,CRIT(10%),SILENT,IDLE-SILENT
690,4,0,0,9,0.8,0.00,CRIT(1%),SILENT,IDLE-SILENT
691,0,0,0,9,13.3,0.00,CRIT(13%),SILENT,IDLE-SILENT
691,1,0,0,9,31.2,0.00,SILENT,IDLE-SILENT
691,2,0,0,9,87.2,0.00,SILENT,IDLE-SILENT
691,3,0,0,9,10.1,0.00,CRIT(10%),SILENT,IDLE-SILENT
691,4,0,0,9,0.7,0.00,CRIT(1%),SILENT,IDLE-SILENT
692,0,0,0,9,13.2,0.00,CRIT(13%),SILENT,IDLE-SILENT
692,1,0,0,9,31.1,0.00,SILENT,IDLE-SILENT
692,2,0,0,9,87.1,0.00,SILENT,IDLE-SILENT
692,3,0,0,9,10.0,0.00,CRIT(10%),SILENT,IDLE-SILENT
692,4,0,0,9,0.6,0.00,CRIT(1%),SILENT,IDLE-SILENT
693,0,0,0,9,13.1,0.00,CRIT(13%),SILENT,IDLE-SILENT
693,1,0,0,9,31.0,0.00,SILENT,IDLE-SILENT
693,2,0,0,9,87.0,0.00,SILENT,IDLE-SILENT
693,3,0,0,9,9.9,0.00,CRIT(10%),SILENT,IDLE-SILENT
693,4,0,0,9,0.5,0.00,CRIT(0%),SILENT,IDLE-SILENT
694,0,0,0,9,13.0,0.00,CRIT(13%),SILENT,IDLE-SILENT
694,1,0,0,9,30.9,0.00,SILENT,IDLE-SILENT
694,2,0,0,9,86.9,0.00,SILENT,IDLE-SILENT
694,3,0,0,9,9.8,0.00,CRIT(10%),SILENT,IDLE-SILENT
694,4,0,0,9,0.4,0.00,CRIT(0%),SILENT,IDLE-SILENT
695,0,0,0,9,12.9,0.00,CRIT(13%),SILENT,IDLE-SILENT
695,1,0,0,9,30.8,0.00,SILENT,IDLE-SILENT
695,2,0,0,9,86.8,0.00,SILENT,IDLE-SILENT
695,3,0,0,9,9.7,0.00,CRIT(10%),SILENT,IDLE-SILENT
695,4,0,0,9,0.3,0.00,CRIT(0%),SILENT,IDLE-SILENT
696,0,0,0,9,12.8,0.00,CRIT(13%),SILENT,IDLE-SILENT
696,1,0,0,9,30.7,0.00,SILENT,IDLE-SILENT
696,2,0,0,9,86.7,0.00,SILENT,IDLE-SILENT
696,3,0,0,9,9.6,0.00,CRIT(10%),SILENT,IDLE-SILENT
696,4,0,0,9,0.2,0.00,CRIT(0%),SILENT,IDLE-SILENT
697,0,0,0,9,12.7,0.00,CRIT(13%),SILENT,IDLE-SILENT
697,1,0,0,9,30.6,0.00,SILENT,IDLE-SILENT
697,2,0,0,9,86.6,0.00,SILENT,IDLE-SILENT
697,3,0,0,9,9.5,0.00,CRIT(9%),SILENT,IDLE-SILENT
697,4,0,0,9,0.1,0.00,CRIT(0%),SILENT,IDLE-SILENT
698,0,0,0,9,12.6,0.00,CRIT(13%),SILENT,IDLE-SILENT
698,1,0,0,9,30.5,0.00,SILENT,IDLE-SILENT
698,2,0,0,9,86.5,0.00,SILENT,IDLE-SILENT
698,3,0,0,9,9.4,0.00,CRIT(9%),SILENT,IDLE-SILENT
698,4,0,0,9,0.0,0.00,RECHARGING,CRIT(0%),SILENT,IDLE-SILENT
699,0,0,0,9,12.5,0.00,CRIT(12%),SILENT,IDLE-SILENT
699,1,0,0,9,30.4,0.00,SILENT,IDLE-SILENT
699,2,0,0,9,86.4,0.00,SILENT,IDLE-SILENT
699,3,0,0,9,9.3,0.00,CRIT(9%),SILENT,IDLE-SILENT
699,4,0,0,9,0.0,0.00,RECHARGING,CRIT(0%),SILENT,IDLE-SILENT
700,0,0,0,9,12.4,0.00,CRIT(12%),SILENT,IDLE-SILENT
700,1,0,0,9,30.3,0.00,SILENT,IDLE-SILENT
700,2,0,0,9,86.3,0.00,SILENT,IDLE-SILENT
700,3,0,0,9,9.2,0.00,CRIT(9%),SILENT,IDLE-SILENT
700,4,0,0,9,0.0,0.00,RECHARGING,CRIT(0%),SILENT,IDLE-SILENT
701,0,0,0,9,12.3,0.00,CRIT(12%),SILENT,IDLE-SILENT
701,1,0,0,9,30.2,0.00,SILENT,IDLE-SILENT
701,2,0,0,9,86.2,0.00,SILENT,IDLE-SILENT
701,3,0,0,9,9.1,0.00,CRIT(9%),SILENT,IDLE-SILENT
701,4,0,0,9,0.0,0.00,RECHARGING,CRIT(0%),SILENT,IDLE-SILENT
702,0,0,0,9,12.2,0.00,CRIT(12%),SILENT,IDLE-SILENT
702,1,0,0,9,30.1,0.00,SILENT,IDLE-SILENT
702,2,0,0,9,86.1,0.00,SILENT,IDLE-SILENT
702,3,0,0,9,9.0,0.00,CRIT(9%),SILENT,IDLE-SILENT
702,4,0,0,9,0.0,0.00,RECHARGING,CRIT(0%),SILENT,IDLE-SILENT
703,0,0,0,9,12.1,0.00,CRIT(12%),SILENT,IDLE-SILENT
703,1,0,0,9,30.0,0.00,SILENT,IDLE-SILENT
703,2,0,0,9,86.0,0.00,SILENT,IDLE-SILENT
703,3,0,0,9,8.9,0.00,CRIT(9%),SILENT,IDLE-SILENT
703,4,0,0,9,0.0,0.00,RECHARGING,CRIT(0%),SILENT,IDLE-SILENT
704,0,0,0,9,12.0,0.00,CRIT(12%),SILENT,IDLE-SILENT
704,1,0,0,9,29.9,0.00,SILENT,IDLE-SILENT
704,2,0,0,9,85.9,0.00,SILENT,IDLE-SILENT
704,3,0,0,9,8.8,0.00,CRIT(9%),SILENT,IDLE-SILENT
704,4,0,0,9,0.0,0.00,RECHARGING,CRIT(0%),SILENT,IDLE-SILENT
705,0,0,0,9,11.9,0.00,CRIT(12%),SILENT,IDLE-SILENT
705,1,0,0,9,29.8,0.00,SILENT,IDLE-SILENT
705,2,0,0,9,85.8,0.00,SILENT,IDLE-SILENT
705,3,0,0,9,8.7,0.00,CRIT(9%),SILENT,IDLE-SILENT
705,4,0,0,9,0.0,0.00,RECHARGING,CRIT(0%),SILENT,IDLE-SILENT
706,0,0,0,9,11.8,0.00,CRIT(12%),SILENT,IDLE-SILENT
706,1,0,0,9,29.7,0.00,SILENT,IDLE-SILENT
706,2,0,0,9,85.7,0.00,SILENT,IDLE-SILENT
706,3,0,0,9,8.6,0.00,CRIT(9%),SILENT,IDLE-SILENT
706,4,0,0,9,0.0,0.00,RECHARGING,CRIT(0%),SILENT,IDLE-SILENT
707,0,0,0,9,11.7,0.00,CRIT(12%),SILENT,IDLE-SILENT
707,1,0,0,9,29.6,0.00,SILENT,IDLE-SILENT
707,2,0,0,9,85.6,0.00,SILENT,IDLE-SILENT
707,3,0,0,9,8.5,0.00,CRIT(8%),SILENT,IDLE-SILENT
707,4,0,0,9,0.0,0.00,RECHARGING,CRIT(0%),SILENT,IDLE-SILENT
708,0,0,0,9,11.6,0.00,CRIT(12%),SILENT,IDLE-SILENT
708,1,0,0,9,29.5,0.00,SILENT,IDLE-SILENT
708,2,0,0,9,85.5,0.00,SILENT,IDLE-SILENT
708,3,0,0,9,8.4,0.00,CRIT(8%),SILENT,IDLE-SILENT
708,4,0,0,9,0.0,0.00,RECHARGING,CRIT(0%),SILENT,IDLE-SILENT
709,0,0,0,9,11.5,0.00,CRIT(11%),SILENT,IDLE-SILENT
709,1,0,0,9,29.4,0.00,SILENT,IDLE-SILENT
709,2,0,0,9,85.4,0.00,SILENT,IDLE-SILENT
709,3,0,0,9,8.3,0.00,CRIT(8%),SILENT,IDLE-SILENT
709,4,0,0,9,0.0,0.00,RECHARGING,CRIT(0%),SILENT,IDLE-SILENT
710,0,0,0,9,11.4,0.00,CRIT(11%),SILENT,IDLE-SILENT
710,1,0,0,9,29.3,0.00,SILENT,IDLE-SILENT
710,2,0,0,9,85.3,0.00,SILENT,IDLE-SILENT
710,3,0,0,9,8.2,0.00,CRIT(8%),SILENT,IDLE-SILENT
710,4,0,0,9,0.0,0.00,RECHARGING,CRIT(0%),SILENT,IDLE-SILENT
711,0,0,0,9,11.3,0.00,CRIT(11%),SILENT,IDLE-SILENT
711,1,0,0,9,29.2,0.00,SILENT,IDLE-SILENT
711,2,0,0,9,85.2,0.00,SILENT,IDLE-SILENT
711,3,0,0,9,8.1,0.00,CRIT(8%),SILENT,IDLE-SILENT
711,4,0,0,9,0.0,0.00,RECHARGING,CRIT(0%),SILENT,IDLE-SILENT
712,0,0,0,9,11.2,0.00,CRIT(11%),SILENT,IDLE-SILENT
712,1,0,0,9,29.1,0.00,SILENT,IDLE-SILENT
712,2,0,0,9,85.1,0.00,SILENT,IDLE-SILENT
712,3,0,0,9,8.0,0.00,CRIT(8%),SILENT,IDLE-SILENT
712,4,0,0,9,0.0,0.00,RECHARGING,CRIT(0%),SILENT,IDLE-SILENT
713,0,0,0,9,11.1,0.00,CRIT(11%),SILENT,IDLE-SILENT
713,1,0,0,9,29.0,0.00,SILENT,IDLE-SILENT
713,2,0,0,9,85.0,0.00,SILENT,IDLE-SILENT
713,3,0,0,9,7.9,0.00,CRIT(8%),SILENT,IDLE-SILENT
713,4,0,0,9,0.0,0.00,RECHARGING,CRIT(0%),SILENT,IDLE-SILENT
714,0,0,0,9,11.0,0.00,CRIT(11%),SILENT,IDLE-SILENT
714,1,0,0,9,28.9,0.00,SILENT,IDLE-SILENT
714,2,0,0,9,84.9,0.00,SILENT,IDLE-SILENT
714,3,0,0,9,7.8,0.00,CRIT(8%),SILENT,IDLE-SILENT
714,4,0,0,9,0.0,0.00,RECHARGING,CRIT(0%),SILENT,IDLE-SILENT
715,0,0,0,9,10.9,0.00,CRIT(11%),SILENT,IDLE-SILENT
715,1,0,0,9,28.8,0.00,SILENT,IDLE-SILENT
715,2,0,0,9,84.8,0.00,SILENT,IDLE-SILENT
715,3,0,0,9,7.7,0.00,CRIT(8%),SILENT,IDLE-SILENT
715,4,0,0,9,0.0,0.00,RECHARGING,CRIT(0%),SILENT,IDLE-SILENT
716,0,0,0,9,10.8,0.00,CRIT(11%),SILENT,IDLE-SILENT
716,1,0,0,9,28.7,0.00,SILENT,IDLE-SILENT
716,2,0,0,9,84.7,0.00,SILENT,IDLE-SILENT
716,3,0,0,9,7.6,0.00,CRIT(8%),SILENT,IDLE-SILENT
716,4,0,0,9,0.0,0.00,RECHARGING,CRIT(0%),SILENT,IDLE-SILENT
717,0,0,0,9,10.7,0.00,CRIT(11%),SILENT,IDLE-SILENT
717,1,0,0,9,28.6,0.00,SILENT,IDLE-SILENT
717,2,0,0,9,84.6,0.00,SILENT,IDLE-SILENT
717,3,0,0,9,7.5,0.00,CRIT(7%),SILENT,IDLE-SILENT
717,4,0,0,9,0.0,0.00,RECHARGING,CRIT(0%),SILENT,IDLE-SILENT
718,0,0,0,9,10.6,0.00,CRIT(11%),SILENT,IDLE-SILENT
718,1,0,0,9,28.5,0.00,SILENT,IDLE-SILENT
718,2,0,0,9,84.5,0.00,SILENT,IDLE-SILENT
718,3,0,0,9,7.4,0.00,CRIT(7%),SILENT,IDLE-SILENT
718,4,0,0,9,0.0,0.00,RECHARGING,CRIT(0%),SILENT,IDLE-SILENT
719,0,0,0,9,10.5,0.00,CRIT(10%),SILENT,IDLE-SILENT
719,1,0,0,9,28.4,0.00,SILENT,IDLE-SILENT
719,2,0,0,9,84.4,0.00,SILENT,IDLE-SILENT
719,3,0,0,9,7.3,0.00,CRIT(7%),SILENT,IDLE-SILENT
719,4,0,0,9,0.0,0.00,RECHARGING,CRIT(0%),SILENT,IDLE-SILENT
720,0,0,0,9,10.4,0.00,CRIT(10%),SILENT,IDLE-SILENT
720,1,0,0,9,28.3,0.00,SILENT,IDLE-SILENT
720,2,0,0,9,84.3,0.00,SILENT,IDLE-SILENT
720,3,0,0,9,7.2,0.00,CRIT(7%),SILENT,IDLE-SILENT
720,4,0,0,9,0.0,0.00,RECHARGING,CRIT(0%),SILENT,IDLE-SILENT
721,0,0,0,9,10.3,0.00,CRIT(10%),SILENT,IDLE-SILENT
721,1,0,0,9,28.2,0.00,SILENT,IDLE-SILENT
721,2,0,0,9,84.2,0.00,SILENT,IDLE-SILENT
721,3,0,0,9,7.1,0.00,CRIT(7%),SILENT,IDLE-SILENT
721,4,0,0,9,0.0,0.00,RECHARGING,CRIT(0%),SILENT,IDLE-SILENT
722,0,0,0,9,10.2,0.00,CRIT(10%),SILENT,IDLE-SILENT
722,1,0,0,9,28.1,0.00,SILENT,IDLE-SILENT
722,2,0,0,9,84.1,0.00,SILENT,IDLE-SILENT
722,3,0,0,9,7.0,0.00,CRIT(7%),SILENT,IDLE-SILENT
722,4,0,0,9,0.0,0.00,RECHARGING,CRIT(0%),SILENT,IDLE-SILENT
723,0,0,0,9,10.1,0.00,CRIT(10%),SILENT,IDLE-SILENT
723,1,0,0,9,28.0,0.00,SILENT,IDLE-SILENT
723,2,0,0,9,84.0,0.00,SILENT,IDLE-SILENT
723,3,0,0,9,6.9,0.00,CRIT(7%),SILENT,IDLE-SILENT
723,4,0,0,9,0.0,0.00,RECHARGING,CRIT(0%),SILENT,IDLE-SILENT
724,0,0,0,9,10.0,0.00,CRIT(10%),SILENT,IDLE-SILENT
724,1,0,0,9,27.9,0.00,SILENT,IDLE-SILENT
724,2,0,0,9,83.9,0.00,SILENT,IDLE-SILENT
724,3,0,0,9,6.8,0.00,CRIT(7%),SILENT,IDLE-SILENT
724,4,0,0,9,0.0,0.00,RECHARGING,CRIT(0%),SILENT,IDLE-SILENT
725,0,0,0,9,9.9,0.00,CRIT(10%),SILENT,IDLE-SILENT
725,1,0,0,9,27.8,0.00,SILENT,IDLE-SILENT
725,2,0,0,9,83.8,0.00,SILENT,IDLE-SILENT
725,3,0,0,9,6.7,0.00,CRIT(7%),SILENT,IDLE-SILENT
725,4,0,0,9,0.0,0.00,RECHARGING,CRIT(0%),SILENT,IDLE-SILENT
726,0,0,0,9,9.8,0.00,CRIT(10%),SILENT,IDLE-SILENT
726,1,0,0,9,27.7,0.00,SILENT,IDLE-SILENT
726,2,0,0,9,83.7,0.00,SILENT,IDLE-SILENT
726,3,0,0,9,6.6,0.00,CRIT(7%),SILENT,IDLE-SILENT
726,4,0,0,9,0.0,0.00,RECHARGING,CRIT(0%),SILENT,IDLE-SILENT
727,0,0,0,9,9.7,0.00,CRIT(10%),SILENT,IDLE-SILENT
727,1,0,0,9,27.6,0.00,SILENT,IDLE-SILENT
727,2,0,0,9,83.6,0.00,SILENT,IDLE-SILENT
727,3,0,0,9,6.5,0.00,CRIT(6%),SILENT,IDLE-SILENT
727,4,0,0,9,100.0,0.00,SILENT,IDLE-SILENT
728,0,0,0,9,9.6,0.00,CRIT(10%),SILENT,IDLE-SILENT
728,1,0,0,9,27.5,0.00,SILENT,IDLE-SILENT
728,2,0,0,9,83.5,0.00,SILENT,IDLE-SILENT
728,3,0,0,9,6.4,0.00,CRIT(6%),SILENT,IDLE-SILENT
728,4,0,0,9,99.9,0.00,SILENT,IDLE-SILENT
729,0,0,0,9,9.5,0.00,CRIT(9%),SILENT,IDLE-SILENT
729,1,0,0,9,27.4,0.00,SILENT,IDLE-SILENT
729,2,0,0,9,83.4,0.00,SILENT,IDLE-SILENT
729,3,0,0,9,6.3,0.00,CRIT(6%),SILENT,IDLE-SILENT
729,4,0,0,9,99.8,0.00,SILENT,IDLE-SILENT
730,0,0,0,9,9.4,0.00,CRIT(9%),SILENT,IDLE-SILENT
730,1,0,0,9,27.3,0.00,SILENT,IDLE-SILENT
730,2,0,0,9,83.3,0.00,SILENT,IDLE-SILENT
730,3,0,0,9,6.2,0.00,CRIT(6%),SILENT,IDLE-SILENT
730,4,0,0,9,99.7,0.00,SILENT,IDLE-SILENT
731,0,0,0,9,9.3,0.00,CRIT(9%),SILENT,IDLE-SILENT
731,1,0,0,9,27.2,0.00,SILENT,IDLE-SILENT
731,2,0,0,9,83.2,0.00,SILENT,IDLE-SILENT
731,3,0,0,9,6.1,0.00,CRIT(6%),SILENT,IDLE-SILENT
731,4,0,0,9,99.6,0.00,SILENT,IDLE-SILENT
732,0,0,0,9,9.2,0.00,CRIT(9%),SILENT,IDLE-SILENT
732,1,0,0,9,27.1,0.00,SILENT,IDLE-SILENT
732,2,0,0,9,83.1,0.00,SILENT,IDLE-SILENT
732,3,0,0,9,6.0,0.00,CRIT(6%),SILENT,IDLE-SILENT
732,4,0,0,9,99.5,0.00,SILENT,IDLE-SILENT
733,0,0,0,9,9.1,0.00,CRIT(9%),SILENT,IDLE-SILENT
733,1,0,0,9,27.0,0.00,SILENT,IDLE-SILENT
733,2,0,0,9,83.0,0.00,SILENT,IDLE-SILENT
733,3,0,0,9,5.9,0.00,CRIT(6%),SILENT,IDLE-SILENT
733,4,0,0,9,99.4,0.00,SILENT,IDLE-SILENT
734,0,0,0,9,9.0,0.00,CRIT(9%),SILENT,IDLE-SILENT
734,1,0,0,9,26.9,0.00,SILENT,IDLE-SILENT
734,2,0,0,9,82.9,0.00,SILENT,IDLE-SILENT
734,3,0,0,9,5.8,0.00,CRIT(6%),SILENT,IDLE-SILENT
734,4,0,0,9,99.3,0.00,SILENT,IDLE-SILENT
735,0,0,0,9,8.9,0.00,CRIT(9%),SILENT,IDLE-SILENT
735,1,0,0,9,26.8,0.00,SILENT,IDLE-SILENT
735,2,0,0,9,82.8,0.00,SILENT,IDLE-SILENT
735,3,0,0,9,5.7,0.00,CRIT(6%),SILENT,IDLE-SILENT
735,4,0,0,9,99.2,0.00,SILENT,IDLE-SILENT
736,0,0,0,9,8.8,0.00,CRIT(9%),SILENT,IDLE-SILENT
736,1,0,0,9,26.7,0.00,SILENT,IDLE-SILENT
736,2,0,0,9,82.7,0.00,SILENT,IDLE-SILENT
736,3,0,0,9,5.6,0.00,CRIT(6%),SILENT,IDLE-SILENT
736,4,0,0,9,99.1,0.00,SILENT,IDLE-SILENT
737,0,0,0,9,8.7,0.00,CRIT(9%),SILENT,IDLE-SILENT
737,1,0,0,9,26.6,0.00,SILENT,IDLE-SILENT
737,2,0,0,9,82.6,0.00,SILENT,IDLE-SILENT
737,3,0,0,9,5.5,0.00,CRIT(5%),SILENT,IDLE-SILENT
737,4,0,0,9,99.0,0.00,SILENT,IDLE-SILENT
738,0,0,0,9,8.6,0.00,CRIT(9%),SILENT,IDLE-SILENT
738,1,0,0,9,26.5,0.00,SILENT,IDLE-SILENT
738,2,0,0,9,82.5,0.00,SILENT,IDLE-SILENT
738,3,0,0,9,5.4,0.00,CRIT(5%),SILENT,IDLE-SILENT
738,4,0,0,9,98.9,0.00,SILENT,IDLE-SILENT
739,0,0,0,9,8.5,0.00,CRIT(8%),SILENT,IDLE-SILENT
739,1,0,0,9,26.4,0.00,SILENT,IDLE-SILENT
739,2,0,0,9,82.4,0.00,SILENT,IDLE-SILENT
739,3,0,0,9,5.3,0.00,CRIT(5%),SILENT,IDLE-SILENT
739,4,0,0,9,98.8,0.00,SILENT,IDLE-SILENT
740,0,0,0,9,8.4,0.00,CRIT(8%),SILENT,IDLE-SILENT
740,1,0,0,9,26.3,0.00,SILENT,IDLE-SILENT
740,2,0,0,9,82.3,0.00,SILENT,IDLE-SILENT
740,3,0,0,9,5.2,0.00,CRIT(5%),SILENT,IDLE-SILENT
740,4,0,0,9,98.8,0.00,SILENT,IDLE-SILENT
741,0,0,0,9,8.3,0.00,CRIT(8%),SILENT,IDLE-SILENT
741,1,0,0,9,26.2,0.00,SILENT,IDLE-SILENT
741,2,0,0,9,82.2,0.00,SILENT,IDLE-SILENT
741,3,0,0,9,5.1,0.00,CRIT(5%),SILENT,IDLE-SILENT
741,4,0,0,9,98.8,0.00,SILENT,IDLE-SILENT
742,0,0,0,9,8.2,0.00,CRIT(8%),SILENT,IDLE-SILENT
742,1,0,0,9,26.1,0.00,SILENT,IDLE-SILENT
742,2,0,0,9,82.1,0.00,SILENT,IDLE-SILENT
742,3,0,0,9,5.0,0.00,CRIT(5%),SILENT,IDLE-SILENT
742,4,0,0,9,98.8,0.00,SILENT,IDLE-SILENT
743,0,0,0,9,8.1,0.00,CRIT(8%),SILENT,IDLE-SILENT
743,1,0,0,9,26.0,0.00,SILENT,IDLE-SILENT
743,2,0,0,9,82.0,0.00,SILENT,IDLE-SILENT
743,3,0,0,9,4.9,0.00,CRIT(5%),SILENT,IDLE-SILENT
743,4,0,0,9,98.8,0.00,SILENT,IDLE-SILENT
744,0,0,0,9,8.0,0.00,CRIT(8%),SILENT,IDLE-SILENT
744,1,0,0,9,25.9,0.00,SILENT,IDLE-SILENT
744,2,0,0,9,81.9,0.00,SILENT,IDLE-SILENT
744,3,0,0,9,4.8,0.00,CRIT(5%),SILENT,IDLE-SILENT
744,4,0,0,9,98.8,0.00,SILENT,IDLE-SILENT
745,0,0,0,9,7.9,0.00,CRIT(8%),SILENT,IDLE-SILENT
745,1,0,0,9,25.8,0.00,SILENT,IDLE-SILENT
745,2,0,0,9,81.8,0.00,SILENT,IDLE-SILENT
745,3,0,0,9,4.7,0.00,CRIT(5%),SILENT,IDLE-SILENT
745,4,0,0,9,98.8,0.00,SILENT,IDLE-SILENT
746,0,0,0,9,7.8,0.00,CRIT(8%),SILENT,IDLE-SILENT
746,1,0,0,9,25.7,0.00,SILENT,IDLE-SILENT
746,2,0,0,9,81.7,0.00,SILENT,IDLE-SILENT
746,3,0,0,9,4.6,0.00,CRIT(5%),SILENT,IDLE-SILENT
746,4,0,0,9,98.8,0.00,SILENT,IDLE-SILENT
747,0,0,0,9,7.7,0.00,CRIT(8%),SILENT,IDLE-SILENT
747,1,0,0,9,25.6,0.00,SILENT,IDLE-SILENT
747,2,0,0,9,81.6,0.00,SILENT,IDLE-SILENT
747,3,0,0,9,4.5,0.00,CRIT(4%),SILENT,IDLE-SILENT
747,4,0,0,9,98.8,0.00,SILENT,IDLE-SILENT
748,0,0,0,9,7.6,0.00,CRIT(8%),SILENT,IDLE-SILENT
748,1,0,0,9,25.5,0.00,SILENT,IDLE-SILENT
748,2,0,0,9,81.5,0.00,SILENT,IDLE-SILENT
748,3,0,0,9,4.4,0.00,CRIT(4%),SILENT,IDLE-SILENT
748,4,0,0,9,98.8,0.00,SILENT,IDLE-SILENT
749,0,0,0,9,7.5,0.00,CRIT(7%),SILENT,IDLE-SILENT
749,1,0,0,9,25.4,0.00,SILENT,IDLE-SILENT
749,2,0,0,9,81.4,0.00,SILENT,IDLE-SILENT
749,3,0,0,9,4.3,0.00,CRIT(4%),SILENT,IDLE-SILENT
749,4,0,0,9,98.8,0.00,SILENT,IDLE-SILENT
750,0,0,0,9,7.4,0.00,CRIT(7%),SILENT,IDLE-SILENT
750,1,0,0,9,25.3,0.00,SILENT,IDLE-SILENT
750,2,0,0,9,81.3,0.00,SILENT,IDLE-SILENT
750,3,0,0,9,4.2,0.00,CRIT(4%),SILENT,IDLE-SILENT
750,4,0,0,9,98.8,0.00,SILENT,IDLE-SILENT
751,0,0,0,9,7.3,0.00,CRIT(7%),SILENT,IDLE-SILENT
751,1,0,0,9,25.2,0.00,SILENT,IDLE-SILENT
751,2,0,0,9,81.2,0.00,SILENT,IDLE-SILENT
751,3,0,0,9,4.1,0.00,CRIT(4%),SILENT,IDLE-SILENT
751,4,0,0,9,98.8,0.00,SILENT,IDLE-SILENT
752,0,0,0,9,7.2,0.00,CRIT(7%),SILENT,IDLE-SILENT
752,1,0,0,9,25.1,0.00,SILENT,IDLE-SILENT
752,2,0,0,9,81.1,0.00,SILENT,IDLE-SILENT
752,3,0,0,9,4.0,0.00,CRIT(4%),SILENT,IDLE-SILENT
752,4,0,0,9,98.8,0.00,SILENT,IDLE-SILENT
753,0,0,0,9,7.1,0.00,CRIT(7%),SILENT,IDLE-SILENT
753,1,0,0,9,25.0,0.00,SILENT,IDLE-SILENT
753,2,0,0,9,81.0,0.00,SILENT,IDLE-SILENT
753,3,0,0,9,3.9,0.00,CRIT(4%),SILENT,IDLE-SILENT
753,4,0,0,9,98.8,0.00,SILENT,IDLE-SILENT
754,0,0,0,9,7.0,0.00,CRIT(7%),SILENT,IDLE-SILENT
754,1,0,0,9,24.9,0.00,SILENT,IDLE-SILENT
754,2,0,0,9,80.9,0.00,SILENT,IDLE-SILENT
754,3,0,0,9,3.8,0.00,CRIT(4%),SILENT,IDLE-SILENT
754,4,0,0,9,98.8,0.00,SILENT,IDLE-SILENT
755,0,0,0,9,6.9,0.00,CRIT(7%),SILENT,IDLE-SILENT
755,1,0,0,9,24.8,0.00,SILENT,IDLE-SILENT
755,2,0,0,9,80.8,0.00,SILENT,IDLE-SILENT
755,3,0,0,9,3.7,0.00,CRIT(4%),SILENT,IDLE-SILENT
755,4,0,0,9,98.8,0.00,SILENT,IDLE-SILENT
756,0,0,0,9,6.8,0.00,CRIT(7%),SILENT,IDLE-SILENT
756,1,0,0,9,24.7,0.00,SILENT,IDLE-SILENT
756,2,0,0,9,80.7,0.00,SILENT,IDLE-SILENT
756,3,0,0,9,3.6,0.00,CRIT(4%),SILENT,IDLE-SILENT
756,4,0,0,9,98.8,0.00,SILENT,IDLE-SILENT
757,0,0,0,9,6.7,0.00,CRIT(7%),SILENT,IDLE-SILENT
757,1,0,0,9,24.6,0.00,SILENT,IDLE-SILENT
757,2,0,0,9,80.6,0.00,SILENT,IDLE-SILENT
757,3,0,0,9,3.5,0.00,CRIT(3%),SILENT,IDLE-SILENT
757,4,0,0,9,98.8,0.00,SILENT,IDLE-SILENT
758,0,0,0,9,6.6,0.00,CRIT(7%),SILENT,IDLE-SILENT
758,1,0,0,9,24.5,0.00,SILENT,IDLE-SILENT
758,2,0,0,9,80.5,0.00,SILENT,IDLE-SILENT
758,3,0,0,9,3.4,0.00,CRIT(3%),SILENT,IDLE-SILENT
758,4,0,0,9,98.8,0.00,SILENT,IDLE-SILENT
759,0,0,0,9,6.5,0.00,CRIT(6%),SILENT,IDLE-SILENT
759,1,0,0,9,24.4,0.00,SILENT,IDLE-SILENT
759,2,0,0,9,80.4,0.00,SILENT,IDLE-SILENT
759,3,0,0,9,3.3,0.00,CRIT(3%),SILENT,IDLE-SILENT
759,4,0,0,9,98.8,0.00,SILENT,IDLE-SILENT
760,0,0,0,9,6.4,0.00,CRIT(6%),SILENT,IDLE-SILENT
760,1,0,0,9,24.3,0.00,SILENT,IDLE-SILENT
760,2,0,0,9,80.3,0.00,SILENT,IDLE-SILENT
760,3,0,0,9,3.2,0.00,CRIT(3%),SILENT,IDLE-SILENT
760,4,0,0,9,98.8,0.00,SILENT,IDLE-SILENT
761,0,0,0,9,6.3,0.00,CRIT(6%),SILENT,IDLE-SILENT
761,1,0,0,9,24.2,0.00,SILENT,IDLE-SILENT
761,2,0,0,9,80.2,0.00,SILENT,IDLE-SILENT
761,3,0,0,9,3.1,0.00,CRIT(3%),SILENT,IDLE-SILENT
761,4,0,0,9,98.8,0.00,SILENT,IDLE-SILENT
762,0,0,0,9,6.2,0.00,CRIT(6%),SILENT,IDLE-SILENT
762,1,0,0,9,24.1,0.00,SILENT,IDLE-SILENT
762,2,0,0,9,80.1,0.00,SILENT,IDLE-SILENT
762,3,0,0,9,3.0,0.00,CRIT(3%),SILENT,IDLE-SILENT
762,4,0,0,9,98.8,0.00,SILENT,IDLE-SILENT
763,0,0,0,9,6.1,0.00,CRIT(6%),SILENT,IDLE-SILENT
763,1,0,0,9,24.0,0.00,SILENT,IDLE-SILENT
763,2,0,0,9,80.0,0.00,SILENT,IDLE-SILENT
763,3,0,0,9,2.9,0.00,CRIT(3%),SILENT,IDLE-SILENT
763,4,0,0,9,98.8,0.00,SILENT,IDLE-SILENT
764,0,0,0,9,6.0,0.00,CRIT(6%),SILENT,IDLE-SILENT
764,1,0,0,9,23.9,0.00,SILENT,IDLE-SILENT
764,2,0,0,9,79.9,0.00,SILENT,IDLE-SILENT
764,3,0,0,9,2.8,0.00,CRIT(3%),SILENT,IDLE-SILENT
764,4,0,0,9,98.8,0.00,SILENT,IDLE-SILENT
765,0,0,0,9,5.9,0.00,CRIT(6%),SILENT,IDLE-SILENT
765,1,0,0,9,23.8,0.00,SILENT,IDLE-SILENT
765,2,0,0,9,79.8,0.00,SILENT,IDLE-SILENT
765,3,0,0,9,2.7,0.00,CRIT(3%),SILENT,IDLE-SILENT
765,4,0,0,9,98.8,0.00,SILENT,IDLE-SILENT
766,0,0,0,9,5.8,0.00,CRIT(6%),SILENT,IDLE-SILENT
766,1,0,0,9,23.7,0.00,SILENT,IDLE-SILENT
766,2,0,0,9,79.7,0.00,SILENT,IDLE-SILENT
766,3,0,0,9,2.6,0.00,CRIT(3%),SILENT,IDLE-SILENT
766,4,0,0,9,98.8,0.00,SILENT,IDLE-SILENT
767,0,0,0,9,5.7,0.00,CRIT(6%),SILENT,IDLE-SILENT
767,1,0,0,9,23.6,0.00,SILENT,IDLE-SILENT
767,2,0,0,9,79.6,0.00,SILENT,IDLE-SILENT
767,3,0,0,9,2.5,0.00,CRIT(2%),SILENT,IDLE-SILENT
767,4,0,0,9,98.8,0.00,SILENT,IDLE-SILENT
768,0,0,0,9,5.6,0.00,CRIT(6%),SILENT,IDLE-SILENT
768,1,0,0,9,23.5,0.00,SILENT,IDLE-SILENT
768,2,0,0,9,79.5,0.00,SILENT,IDLE-SILENT
768,3,0,0,9,2.4,0.00,CRIT(2%),SILENT,IDLE-SILENT
768,4,0,0,9,98.8,0.00,SILENT,IDLE-SILENT
769,0,0,0,9,5.5,0.00,CRIT(5%),SILENT,IDLE-SILENT
769,1,0,0,9,23.4,0.00,SILENT,IDLE-SILENT
769,2,0,0,9,79.4,0.00,SILENT,IDLE-SILENT
769,3,0,0,9,2.3,0.00,CRIT(2%),SILENT,IDLE-SILENT
769,4,0,0,9,98.7,0.00,SILENT,IDLE-SILENT
770,0,0,0,9,5.4,0.00,CRIT(5%),SILENT,IDLE-SILENT
770,1,0,0,9,23.3,0.00,SILENT,IDLE-SILENT
770,2,0,0,9,79.3,0.00,SILENT,IDLE-SILENT
770,3,0,0,9,2.2,0.00,CRIT(2%),SILENT,IDLE-SILENT
770,4,0,0,9,98.6,0.00,SILENT,IDLE-SILENT
771,0,0,0,9,5.3,0.00,CRIT(5%),SILENT,IDLE-SILENT
771,1,0,0,9,23.2,0.00,SILENT,IDLE-SILENT
771,2,0,0,9,79.2,0.00,SILENT,IDLE-SILENT
771,3,0,0,9,2.1,0.00,CRIT(2%),SILENT,IDLE-SILENT
771,4,0,0,9,98.5,0.00,SILENT,IDLE-SILENT
772,0,0,0,9,5.2,0.00,CRIT(5%),SILENT,IDLE-SILENT
772,1,0,0,9,23.1,0.00,SILENT,IDLE-SILENT
772,2,0,0,9,79.1,0.00,SILENT,IDLE-SILENT
772,3,0,0,9,2.0,0.00,CRIT(2%),SILENT,IDLE-SILENT
772,4,0,0,9,98.4,0.00,SILENT,IDLE-SILENT
773,0,0,0,9,5.1,0.00,CRIT(5%),SILENT,IDLE-SILENT
773,1,0,0,9,23.0,0.00,SILENT,IDLE-SILENT
773,2,0,0,9,79.0,0.00,SILENT,IDLE-SILENT
773,3,0,0,9,1.9,0.00,CRIT(2%),SILENT,IDLE-SILENT
773,4,0,0,9,98.3,0.00,SILENT,IDLE-SILENT
774,0,0,0,9,5.0,0.00,CRIT(5%),SILENT,IDLE-SILENT
774,1,0,0,9,22.9,0.00,SILENT,IDLE-SILENT
774,2,0,0,9,78.9,0.00,SILENT,IDLE-SILENT
774,3,0,0,9,1.8,0.00,CRIT(2%),SILENT,IDLE-SILENT
774,4,0,0,9,98.2,0.00,SILENT,IDLE-SILENT
775,0,0,0,9,4.9,0.00,CRIT(5%),SILENT,IDLE-SILENT
775,1,0,0,9,22.8,0.00,SILENT,IDLE-SILENT
775,2,0,0,9,78.8,0.00,SILENT,IDLE-SILENT
775,3,0,0,9,1.7,0.00,CRIT(2%),SILENT,IDLE-SILENT
775,4,0,0,9,98.1,0.00,SILENT,IDLE-SILENT
776,0,0,0,9,4.8,0.00,CRIT(5%),SILENT,IDLE-SILENT
776,1,0,0,9,22.7,0.00,SILENT,IDLE-SILENT
776,2,0,0,9,78.7,0.00,SILENT,IDLE-SILENT
776,3,0,0,9,1.6,0.00,CRIT(2%),SILENT,IDLE-SILENT
776,4,0,0,9,98.0,0.00,SILENT,IDLE-SILENT
777,0,0,0,9,4.7,0.00,CRIT(5%),SILENT,IDLE-SILENT
777,1,0,0,9,22.6,0.00,SILENT,IDLE-SILENT
777,2,0,0,9,78.6,0.00,SILENT,IDLE-SILENT
777,3,0,0,9,1.5,0.00,CRIT(1%),SILENT,IDLE-SILENT
777,4,0,0,9,97.9,0.00,SILENT,IDLE-SILENT
778,0,0,0,9,4.6,0.00,CRIT(5%),SILENT,IDLE-SILENT
778,1,0,0,9,22.5,0.00,SILENT,IDLE-SILENT
778,2,0,0,9,78.5,0.00,SILENT,IDLE-SILENT
778,3,0,0,9,1.4,0.00,CRIT(1%),SILENT,IDLE-SILENT
778,4,0,0,9,97.8,0.00,SILENT,IDLE-SILENT
779,0,0,0,9,4.5,0.00,CRIT(4%),SILENT,IDLE-SILENT
779,1,0,0,9,22.4,0.00,SILENT,IDLE-SILENT
779,2,0,0,9,78.4,0.00,SILENT,IDLE-SILENT
779,3,0,0,9,1.3,0.00,CRIT(1%),SILENT,IDLE-SILENT
779,4,0,0,9,97.7,0.00,SILENT,IDLE-SILENT
780,0,0,0,9,4.4,0.00,CRIT(4%),SILENT,IDLE-SILENT
780,1,0,0,9,22.3,0.00,SILENT,IDLE-SILENT
780,2,0,0,9,78.3,0.00,SILENT,IDLE-SILENT
780,3,0,0,9,1.2,0.00,CRIT(1%),SILENT,IDLE-SILENT
780,4,0,0,9,97.6,0.00,SILENT,IDLE-SILENT
781,0,0,0,9,4.3,0.00,CRIT(4%),SILENT,IDLE-SILENT
781,1,0,0,9,22.2,0.00,SILENT,IDLE-SILENT
781,2,0,0,9,78.2,0.00,SILENT,IDLE-SILENT
781,3,0,0,9,1.1,0.00,CRIT(1%),SILENT,IDLE-SILENT
781,4,0,0,9,97.5,0.00,SILENT,IDLE-SILENT
782,0,0,0,9,4.2,0.00,CRIT(4%),SILENT,IDLE-SILENT
782,1,0,0,9,22.1,0.00,SILENT,IDLE-SILENT
782,2,0,0,9,78.1,0.00,SILENT,IDLE-SILENT
782,3,0,0,9,1.0,0.00,CRIT(1%),SILENT,IDLE-SILENT
782,4,0,0,9,97.4,0.00,SILENT,IDLE-SILENT
783,0,0,0,9,4.1,0.00,CRIT(4%),SILENT,IDLE-SILENT
783,1,0,0,9,22.0,0.00,SILENT,IDLE-SILENT
783,2,0,0,9,78.0,0.00,SILENT,IDLE-SILENT
783,3,0,0,9,0.9,0.00,CRIT(1%),SILENT,IDLE-SILENT
783,4,0,0,9,97.3,0.00,SILENT,IDLE-SILENT
784,0,0,0,9,4.0,0.00,CRIT(4%),SILENT,IDLE-SILENT
784,1,0,0,9,21.9,0.00,SILENT,IDLE-SILENT
784,2,0,0,9,77.9,0.00,SILENT,IDLE-SILENT
784,3,0,0,9,0.8,0.00,CRIT(1%),SILENT,IDLE-SILENT
784,4,0,0,9,97.2,0.00,SILENT,IDLE-SILENT
785,0,0,0,9,3.9,0.00,CRIT(4%),SILENT,IDLE-SILENT
785,1,0,0,9,21.8,0.00,SILENT,IDLE-SILENT
785,2,0,0,9,77.8,0.00,SILENT,IDLE-SILENT
785,3,0,0,9,0.7,0.00,CRIT(1%),SILENT,IDLE-SILENT
785,4,0,0,9,97.1,0.00,SILENT,IDLE-SILENT
786,0,0,0,9,3.8,0.00,CRIT(4%),SILENT,IDLE-SILENT
786,1,0,0,9,21.7,0.00,SILENT,IDLE-SILENT
786,2,0,0,9,77.7,0.00,SILENT,IDLE-SILENT
786,3,0,0,9,0.6,0.00,CRIT(1%),SILENT,IDLE-SILENT
786,4,0,0,9,97.0,0.00,SILENT,IDLE-SILENT
787,0,0,0,9,3.7,0.00,CRIT(4%),SILENT,IDLE-SILENT
787,1,0,0,9,21.6,0.00,SILENT,IDLE-SILENT
787,2,0,0,9,77.6,0.00,SILENT,IDLE-SILENT
787,3,0,0,9,0.5,0.00,CRIT(0%),SILENT,IDLE-SILENT
787,4,0,0,9,96.9,0.00,SILENT,IDLE-SILENT
788,0,0,0,9,3.6,0.00,CRIT(4%),SILENT,IDLE-SILENT
788,1,0,0,9,21.5,0.00,SILENT,IDLE-SILENT
788,2,0,0,9,77.5,0.00,SILENT,IDLE-SILENT
788,3,0,0,9,0.4,0.00,CRIT(0%),SILENT,IDLE-SILENT
788,4,0,0,9,96.8,0.00,SILENT,IDLE-SILENT
789,0,0,0,9,3.5,0.00,CRIT(3%),SILENT,IDLE-SILENT
789,1,0,0,9,21.4,0.00,SILENT,IDLE-SILENT
789,2,0,0,9,77.4,0.00,SILENT,IDLE-SILENT
789,3,0,0,9,0.3,0.00,CRIT(0%),SILENT,IDLE-SILENT
789,4,0,0,9,96.7,0.00,SILENT,IDLE-SILENT
790,0,0,0,9,3.4,0.00,CRIT(3%),SILENT,IDLE-SILENT
790,1,0,0,9,21.3,0.00,SILENT,IDLE-SILENT
790,2,0,0,9,77.3,0.00,SILENT,IDLE-SILENT
790,3,0,0,9,0.2,0.00,CRIT(0%),SILENT,IDLE-SILENT
790,4,0,0,9,96.6,0.00,SILENT,IDLE-SILENT
791,0,0,0,9,3.3,0.00,CRIT(3%),SILENT,IDLE-SILENT
791,1,0,0,9,21.2,0.00,SILENT,IDLE-SILENT
791,2,0,0,9,77.2,0.00,SILENT,IDLE-SILENT
791,3,0,0,9,0.1,0.00,CRIT(0%),SILENT,IDLE-SILENT
791,4,0,0,9,96.5,0.00,SILENT,IDLE-SILENT
792,0,0,0,9,3.2,0.00,CRIT(3%),SILENT,IDLE-SILENT
792,1,0,0,9,21.1,0.00,SILENT,IDLE-SILENT
792,2,0,0,9,77.1,0.00,SILENT,IDLE-SILENT
792,3,0,0,9,0.0,0.00,RECHARGING,CRIT(0%),SILENT,IDLE-SILENT
792,4,0,0,9,96.4,0.00,SILENT,IDLE-SILENT
793,0,0,0,9,3.1,0.00,CRIT(3%),SILENT,IDLE-SILENT
793,1,0,0,9,21.0,0.00,SILENT,IDLE-SILENT
793,2,0,0,9,77.0,0.00,SILENT,IDLE-SILENT
793,3,0,0,9,0.0,0.00,RECHARGING,CRIT(0%),SILENT,IDLE-SILENT
793,4,0,0,9,96.3,0.00,SILENT,IDLE-SILENT
794,0,0,0,9,3.0,0.00,CRIT(3%),SILENT,IDLE-SILENT
794,1,0,0,9,20.9,0.00,SILENT,IDLE-SILENT
794,2,0,0,9,76.9,0.00,SILENT,IDLE-SILENT
794,3,0,0,9,0.0,0.00,RECHARGING,CRIT(0%),SILENT,IDLE-SILENT
794,4,0,0,9,96.2,0.00,SILENT,IDLE-SILENT
795,0,0,0,9,2.9,0.00,CRIT(3%),SILENT,IDLE-SILENT
795,1,0,0,9,20.8,0.00,SILENT,IDLE-SILENT
795,2,0,0,9,76.8,0.00,SILENT,IDLE-SILENT
795,3,0,0,9,0.0,0.00,RECHARGING,CRIT(0%),SILENT,IDLE-SILENT
795,4,0,0,9,96.1,0.00,SILENT,IDLE-SILENT
796,0,0,0,9,2.8,0.00,CRIT(3%),SILENT,IDLE-SILENT
796,1,0,0,9,20.7,0.00,SILENT,IDLE-SILENT
796,2,0,0,9,76.7,0.00,SILENT,IDLE-SILENT
796,3,0,0,9,0.0,0.00,RECHARGING,CRIT(0%),SILENT,IDLE-SILENT
796,4,0,0,9,96.0,0.00,SILENT,IDLE-SILENT
797,0,0,0,9,2.7,0.00,CRIT(3%),SILENT,IDLE-SILENT
797,1,0,0,9,20.6,0.00,SILENT,IDLE-SILENT
797,2,0,0,9,76.6,0.00,SILENT,IDLE-SILENT
797,3,0,0,9,0.0,0.00,RECHARGING,CRIT(0%),SILENT,IDLE-SILENT
797,4,0,0,9,95.9,0.00,SILENT,IDLE-SILENT
798,0,0,0,9,2.6,0.00,CRIT(3%),SILENT,IDLE-SILENT
798,1,0,0,9,20.5,0.00,SILENT,IDLE-SILENT
798,2,0,0,9,76.5,0.00,SILENT,IDLE-SILENT
798,3,0,0,9,0.0,0.00,RECHARGING,CRIT(0%),SILENT,IDLE-SILENT
798,4,0,0,9,95.8,0.00,SILENT,IDLE-SILENT
799,0,0,0,9,2.5,0.00,CRIT(2%),SILENT,IDLE-SILENT
799,1,0,0,9,20.4,0.00,SILENT,IDLE-SILENT
799,2,0,0,9,76.4,0.00,SILENT,IDLE-SILENT
799,3,0,0,9,0.0,0.00,RECHARGING,CRIT(0%),SILENT,IDLE-SILENT
799,4,0,0,9,95.7,0.00,SILENT,IDLE-SILENT
800,0,0,0,9,2.4,0.00,CRIT(2%),SILENT,IDLE-SILENT
800,1,0,0,9,20.3,0.00,SILENT,IDLE-SILENT
800,2,0,0,9,76.3,0.00,SILENT,IDLE-SILENT
800,3,0,0,9,0.0,0.00,RECHARGING,CRIT(0%),SILENT,IDLE-SILENT
800,4,0,0,9,95.6,0.00,SILENT,IDLE-SILENT
801,0,0,0,9,2.3,0.00,CRIT(2%),SILENT,IDLE-SILENT
801,1,0,0,9,20.2,0.00,SILENT,IDLE-SILENT
801,2,0,0,9,76.2,0.00,SILENT,IDLE-SILENT
801,3,0,0,9,0.0,0.00,RECHARGING,CRIT(0%),SILENT,IDLE-SILENT
801,4,0,0,9,95.5,0.00,SILENT,IDLE-SILENT
802,0,0,0,9,2.2,0.00,CRIT(2%),SILENT,IDLE-SILENT
802,1,0,0,9,20.1,0.00,SILENT,IDLE-SILENT
802,2,0,0,9,76.1,0.00,SILENT,IDLE-SILENT
802,3,0,0,9,0.0,0.00,RECHARGING,CRIT(0%),SILENT,IDLE-SILENT
802,4,0,0,9,95.4,0.00,SILENT,IDLE-SILENT
803,0,0,0,9,2.1,0.00,CRIT(2%),SILENT,IDLE-SILENT
803,1,0,0,9,20.0,0.00,CRIT(20%),SILENT,IDLE-SILENT
803,2,0,0,9,76.0,0.00,SILENT,IDLE-SILENT
803,3,0,0,9,0.0,0.00,RECHARGING,CRIT(0%),SILENT,IDLE-SILENT
803,4,0,0,9,95.3,0.00,SILENT,IDLE-SILENT
804,0,0,0,9,2.0,0.00,CRIT(2%),SILENT,IDLE-SILENT
804,1,0,0,9,19.9,0.00,CRIT(20%),SILENT,IDLE-SILENT
804,2,0,0,9,75.9,0.00,SILENT,IDLE-SILENT
804,3,0,0,9,0.0,0.00,RECHARGING,CRIT(0%),SILENT,IDLE-SILENT
804,4,0,0,9,95.2,0.00,SILENT,IDLE-SILENT
805,0,0,0,9,1.9,0.00,CRIT(2%),SILENT,IDLE-SILENT
805,1,0,0,9,19.8,0.00,CRIT(20%),SILENT,IDLE-SILENT
805,2,0,0,9,75.8,0.00,SILENT,IDLE-SILENT
805,3,0,0,9,0.0,0.00,RECHARGING,CRIT(0%),SILENT,IDLE-SILENT
805,4,0,0,9,95.1,0.00,SILENT,IDLE-SILENT
806,0,0,0,9,1.8,0.00,CRIT(2%),SILENT,IDLE-SILENT
806,1,0,0,9,19.7,0.00,CRIT(20%),SILENT,IDLE-SILENT
806,2,0,0,9,75.7,0.00,SILENT,IDLE-SILENT
806,3,0,0,9,0.0,0.00,RECHARGING,CRIT(0%),SILENT,IDLE-SILENT
806,4,0,0,9,95.0,0.00,SILENT,IDLE-SILENT
807,0,0,0,9,1.7,0.00,CRIT(2%),SILENT,IDLE-SILENT
807,1,0,0,9,19.6,0.00,CRIT(20%),SILENT,IDLE-SILENT
807,2,0,0,9,75.6,0.00,SILENT,IDLE-SILENT
807,3,0,0,9,0.0,0.00,RECHARGING,CRIT(0%),SILENT,IDLE-SILENT
807,4,0,0,9,94.9,0.00,SILENT,IDLE-SILENT
808,0,0,0,9,1.6,0.00,CRIT(2%),SILENT,IDLE-SILENT
808,1,0,0,9,19.5,0.00,CRIT(19%),SILENT,IDLE-SILENT
808,2,0,0,9,75.5,0.00,SILENT,IDLE-SILENT
808,3,0,0,9,0.0,0.00,RECHARGING,CRIT(0%),SILENT,IDLE-SILENT
808,4,0,0,9,94.8,0.00,SILENT,IDLE-SILENT
809,0,0,0,9,1.5,0.00,CRIT(1%),SILENT,IDLE-SILENT
809,1,0,0,9,19.4,0.00,CRIT(19%),SILENT,IDLE-SILENT
809,2,0,0,9,75.4,0.00,SILENT,IDLE-SILENT
809,3,0,0,9,0.0,0.00,RECHARGING,CRIT(0%),SILENT,IDLE-SILENT
809,4,0,0,9,94.7,0.00,SILENT,IDLE-SILENT
810,0,0,0,9,1.4,0.00,CRIT(1%),SILENT,IDLE-SILENT
810,1,0,0,9,19.3,0.00,CRIT(19%),SILENT,IDLE-SILENT
810,2,0,0,9,75.3,0.00,SILENT,IDLE-SILENT
810,3,0,0,9,0.0,0.00,RECHARGING,CRIT(0%),SILENT,IDLE-SILENT
810,4,0,0,9,94.6,0.00,SILENT,IDLE-SILENT
811,0,0,0,9,1.3,0.00,CRIT(1%),SILENT,IDLE-SILENT
811,1,0,0,9,19.2,0.00,CRIT(19%),SILENT,IDLE-SILENT
811,2,0,0,9,75.2,0.00,SILENT,IDLE-SILENT
811,3,0,0,9,0.0,0.00,RECHARGING,CRIT(0%),SILENT,IDLE-SILENT
811,4,0,0,9,94.5,0.00,SILENT,IDLE-SILENT
812,0,0,0,9,1.2,0.00,CRIT(1%),SILENT,IDLE-SILENT
812,1,0,0,9,19.1,0.00,CRIT(19%),SILENT,IDLE-SILENT
812,2,0,0,9,75.1,0.00,SILENT,IDLE-SILENT
812,3,0,0,9,0.0,0.00,RECHARGING,CRIT(0%),SILENT,IDLE-SILENT
812,4,0,0,9,94.4,0.00,SILENT,IDLE-SILENT
813,0,0,0,9,1.1,0.00,CRIT(1%),SILENT,IDLE-SILENT
813,1,0,0,9,19.0,0.00,CRIT(19%),SILENT,IDLE-SILENT
813,2,0,0,9,75.0,0.00,SILENT,IDLE-SILENT
813,3,0,0,9,0.0,0.00,RECHARGING,CRIT(0%),SILENT,IDLE-SILENT
813,4,0,0,9,94.3,0.00,SILENT,IDLE-SILENT
814,0,0,0,9,1.0,0.00,CRIT(1%),SILENT,IDLE-SILENT
814,1,0,0,9,18.9,0.00,CRIT(19%),SILENT,IDLE-SILENT
814,2,0,0,9,74.9,0.00,SILENT,IDLE-SILENT
814,3,0,0,9,0.0,0.00,RECHARGING,CRIT(0%),SILENT,IDLE-SILENT
814,4,0,0,9,94.2,0.00,SILENT,IDLE-SILENT
815,0,0,0,9,0.9,0.00,CRIT(1%),SILENT,IDLE-SILENT
815,1,0,0,9,18.8,0.00,CRIT(19%),SILENT,IDLE-SILENT
815,2,0,0,9,74.8,0.00,SILENT,IDLE-SILENT
815,3,0,0,9,0.0,0.00,RECHARGING,CRIT(0%),SILENT,IDLE-SILENT
815,4,0,0,9,94.1,0.00,SILENT,IDLE-SILENT
816,0,0,0,9,0.9,0.00,CRIT(1%),SILENT,IDLE-SILENT
816,1,0,0,9,18.7,0.00,CRIT(19%),SILENT,IDLE-SILENT
816,2,0,0,9,74.7,0.00,SILENT,IDLE-SILENT
816,3,0,0,9,0.0,0.00,RECHARGING,CRIT(0%),SILENT,IDLE-SILENT
816,4,0,0,9,94.0,0.00,SILENT,IDLE-SILENT
817,0,0,0,9,0.9,0.00,CRIT(1%),SILENT,IDLE-SILENT
817,1,0,0,9,18.6,0.00,CRIT(19%),SILENT,IDLE-SILENT
817,2,0,0,9,74.6,0.00,SILENT,IDLE-SILENT
817,3,0,0,9,0.0,0.00,RECHARGING,CRIT(0%),SILENT,IDLE-SILENT
817,4,0,0,9,93.9,0.00,SILENT,IDLE-SILENT
818,0,0,0,9,0.9,0.00,CRIT(1%),SILENT,IDLE-SILENT
818,1,0,0,9,18.5,0.00,CRIT(18%),SILENT,IDLE-SILENT
818,2,0,0,9,74.5,0.00,SILENT,IDLE-SILENT
818,3,0,0,9,0.0,0.00,RECHARGING,CRIT(0%),SILENT,IDLE-SILENT
818,4,0,0,9,93.8,0.00,SILENT,IDLE-SILENT
819,0,0,0,9,0.9,0.00,CRIT(1%),SILENT,IDLE-SILENT
819,1,0,0,9,18.4,0.00,CRIT(18%),SILENT,IDLE-SILENT
819,2,0,0,9,74.4,0.00,SILENT,IDLE-SILENT
819,3,0,0,9,0.0,0.00,RECHARGING,CRIT(0%),SILENT,IDLE-SILENT
819,4,0,0,9,93.7,0.00,SILENT,IDLE-SILENT
820,0,0,0,9,0.9,0.00,CRIT(1%),SILENT,IDLE-SILENT
820,1,0,0,9,18.3,0.00,CRIT(18%),SILENT,IDLE-SILENT
820,2,0,0,9,74.3,0.00,SILENT,IDLE-SILENT
820,3,0,0,9,0.0,0.00,RECHARGING,CRIT(0%),SILENT,IDLE-SILENT
820,4,0,0,9,93.6,0.00,SILENT,IDLE-SILENT
821,0,0,0,9,0.9,0.00,CRIT(1%),SILENT,IDLE-SILENT
821,1,0,0,9,18.2,0.00,CRIT(18%),SILENT,IDLE-SILENT
821,2,0,0,9,74.2,0.00,SILENT,IDLE-SILENT
821,3,0,0,9,100.0,0.00,SILENT,IDLE-SILENT
821,4,0,0,9,93.5,0.00,SILENT,IDLE-SILENT
822,0,0,0,9,0.9,0.00,CRIT(1%),SILENT,IDLE-SILENT
822,1,0,0,9,18.1,0.00,CRIT(18%),SILENT,IDLE-SILENT
822,2,0,0,9,74.1,0.00,SILENT,IDLE-SILENT
822,3,0,0,9,99.9,0.00,SILENT,IDLE-SILENT
822,4,0,0,9,93.4,0.00,SILENT,IDLE-SILENT
823,0,0,0,9,0.9,0.00,CRIT(1%),SILENT,IDLE-SILENT
823,1,0,0,9,18.0,0.00,CRIT(18%),SILENT,IDLE-SILENT
823,2,0,0,9,74.0,0.00,SILENT,IDLE-SILENT
823,3,0,0,9,99.8,0.00,SILENT,IDLE-SILENT
823,4,0,0,9,93.3,0.00,SILENT,IDLE-SILENT
824,0,0,0,9,0.9,0.00,CRIT(1%),SILENT,IDLE-SILENT
824,1,0,0,9,17.9,0.00,CRIT(18%),SILENT,IDLE-SILENT
824,2,0,0,9,73.9,0.00,SILENT,IDLE-SILENT
824,3,0,0,9,99.7,0.00,SILENT,IDLE-SILENT
824,4,0,0,9,93.2,0.00,SILENT,IDLE-SILENT
825,0,0,0,9,0.9,0.00,CRIT(1%),SILENT,IDLE-SILENT
825,1,0,0,9,17.8,0.00,CRIT(18%),SILENT,IDLE-SILENT
825,2,0,0,9,73.8,0.00,SILENT,IDLE-SILENT
825,3,0,0,9,99.6,0.00,SILENT,IDLE-SILENT
825,4,0,0,9,93.1,0.00,SILENT,IDLE-SILENT
826,0,0,0,9,0.9,0.00,CRIT(1%),SILENT,IDLE-SILENT
826,1,0,0,9,17.7,0.00,CRIT(18%),SILENT,IDLE-SILENT
826,2,0,0,9,73.7,0.00,SILENT,IDLE-SILENT
826,3,0,0,9,99.5,0.00,SILENT,IDLE-SILENT
826,4,0,0,9,93.0,0.00,SILENT,IDLE-SILENT
827,0,0,0,9,0.9,0.00,CRIT(1%),SILENT,IDLE-SILENT
827,1,0,0,9,17.6,0.00,CRIT(18%),SILENT,IDLE-SILENT
827,2,0,0,9,73.6,0.00,SILENT,IDLE-SILENT
827,3,0,0,9,99.4,0.00,SILENT,IDLE-SILENT
827,4,0,0,9,92.9,0.00,SILENT,IDLE-SILENT
828,0,0,0,9,0.9,0.00,CRIT(1%),SILENT,IDLE-SILENT
828,1,0,0,9,17.5,0.00,CRIT(17%),SILENT,IDLE-SILENT
828,2,0,0,9,73.5,0.00,SILENT,IDLE-SILENT
828,3,0,0,9,99.3,0.00,SILENT,IDLE-SILENT
828,4,0,0,9,92.8,0.00,SILENT,IDLE-SILENT
829,0,0,0,9,0.9,0.00,CRIT(1%),SILENT,IDLE-SILENT
829,1,0,0,9,17.4,0.00,CRIT(17%),SILENT,IDLE-SILENT
829,2,0,0,9,73.4,0.00,SILENT,IDLE-SILENT
829,3,0,0,9,99.2,0.00,SILENT,IDLE-SILENT
829,4,0,0,9,92.7,0.00,SILENT,IDLE-SILENT
830,0,0,0,9,0.9,0.00,CRIT(1%),SILENT,IDLE-SILENT
830,1,0,0,9,17.3,0.00,CRIT(17%),SILENT,IDLE-SILENT
830,2,0,0,9,73.3,0.00,SILENT,IDLE-SILENT
830,3,0,0,9,99.1,0.00,SILENT,IDLE-SILENT
830,4,0,0,9,92.6,0.00,SILENT,IDLE-SILENT
831,0,0,0,9,0.9,0.00,CRIT(1%),SILENT,IDLE-SILENT
831,1,0,0,9,17.2,0.00,CRIT(17%),SILENT,IDLE-SILENT
831,2,0,0,9,73.2,0.00,SILENT,IDLE-SILENT
831,3,0,0,9,99.0,0.00,SILENT,IDLE-SILENT
831,4,0,0,9,92.5,0.00,SILENT,IDLE-SILENT
832,0,0,0,9,0.9,0.00,CRIT(1%),SILENT,IDLE-SILENT
832,1,0,0,9,17.1,0.00,CRIT(17%),SILENT,IDLE-SILENT
832,2,0,0,9,73.1,0.00,SILENT,IDLE-SILENT
832,3,0,0,9,98.9,0.00,SILENT,IDLE-SILENT
832,4,0,0,9,92.4,0.00,SILENT,IDLE-SILENT
833,0,0,0,9,0.9,0.00,CRIT(1%),SILENT,IDLE-SILENT
833,1,0,0,9,17.0,0.00,CRIT(17%),SILENT,IDLE-SILENT
833,2,0,0,9,73.0,0.00,SILENT,IDLE-SILENT
833,3,0,0,9,98.8,0.00,SILENT,IDLE-SILENT
833,4,0,0,9,92.3,0.00,SILENT,IDLE-SILENT
834,0,0,0,9,0.9,0.00,CRIT(1%),SILENT,IDLE-SILENT
834,1,0,0,9,16.9,0.00,CRIT(17%),SILENT,IDLE-SILENT
834,2,0,0,9,72.9,0.00,SILENT,IDLE-SILENT
834,3,0,0,9,98.7,0.00,SILENT,IDLE-SILENT
834,4,0,0,9,92.2,0.00,SILENT,IDLE-SILENT
835,0,0,0,9,0.9,0.00,CRIT(1%),SILENT,IDLE-SILENT
835,1,0,0,9,16.8,0.00,CRIT(17%),SILENT,IDLE-SILENT
835,2,0,0,9,72.8,0.00,SILENT,IDLE-SILENT
835,3,0,0,9,98.6,0.00,SILENT,IDLE-SILENT
835,4,0,0,9,92.1,0.00,SILENT,IDLE-SILENT
836,0,0,0,9,0.9,0.00,CRIT(1%),SILENT,IDLE-SILENT
836,1,0,0,9,16.7,0.00,CRIT(17%),SILENT,IDLE-SILENT
836,2,0,0,9,72.7,0.00,SILENT,IDLE-SILENT
836,3,0,0,9,98.5,0.00,SILENT,IDLE-SILENT
836,4,0,0,9,92.0,0.00,SILENT,IDLE-SILENT
837,0,0,0,9,0.9,0.00,CRIT(1%),SILENT,IDLE-SILENT
837,1,0,0,9,16.6,0.00,CRIT(17%),SILENT,IDLE-SILENT
837,2,0,0,9,72.6,0.00,SILENT,IDLE-SILENT
837,3,0,0,9,98.4,0.00,SILENT,IDLE-SILENT
837,4,0,0,9,91.9,0.00,SILENT,IDLE-SILENT
838,0,0,0,9,0.9,0.00,CRIT(1%),SILENT,IDLE-SILENT
838,1,0,0,9,16.5,0.00,CRIT(16%),SILENT,IDLE-SILENT
838,2,0,0,9,72.5,0.00,SILENT,IDLE-SILENT
838,3,0,0,9,98.3,0.00,SILENT,IDLE-SILENT
838,4,0,0,9,91.8,0.00,SILENT,IDLE-SILENT
839,0,0,0,9,0.9,0.00,CRIT(1%),SILENT,IDLE-SILENT
839,1,0,0,9,16.4,0.00,CRIT(16%),SILENT,IDLE-SILENT
839,2,0,0,9,72.4,0.00,SILENT,IDLE-SILENT
839,3,0,0,9,98.2,0.00,SILENT,IDLE-SILENT
839,4,0,0,9,91.7,0.00,SILENT,IDLE-SILENT
840,0,0,0,9,0.9,0.00,CRIT(1%),SILENT,IDLE-SILENT
840,1,0,0,9,16.3,0.00,CRIT(16%),SILENT,IDLE-SILENT
840,2,0,0,9,72.3,0.00,SILENT,IDLE-SILENT
840,3,0,0,9,98.1,0.00,SILENT,IDLE-SILENT
840,4,0,0,9,91.6,0.00,SILENT,IDLE-SILENT
841,0,0,0,9,0.9,0.00,CRIT(1%),SILENT,IDLE-SILENT
841,1,0,0,9,16.2,0.00,CRIT(16%),SILENT,IDLE-SILENT
841,2,0,0,9,72.2,0.00,SILENT,IDLE-SILENT
841,3,0,0,9,98.0,0.00,SILENT,IDLE-SILENT
841,4,0,0,9,91.5,0.00,SILENT,IDLE-SILENT
842,0,0,0,9,0.9,0.00,CRIT(1%),SILENT,IDLE-SILENT
842,1,0,0,9,16.1,0.00,CRIT(16%),SILENT,IDLE-SILENT
842,2,0,0,9,72.1,0.00,SILENT,IDLE-SILENT
842,3,0,0,9,97.9,0.00,SILENT,IDLE-SILENT
842,4,0,0,9,91.4,0.00,SILENT,IDLE-SILENT
843,0,0,0,9,0.9,0.00,CRIT(1%),SILENT,IDLE-SILENT
843,1,0,0,9,16.0,0.00,CRIT(16%),SILENT,IDLE-SILENT
843,2,0,0,9,72.0,0.00,SILENT,IDLE-SILENT
843,3,0,0,9,97.8,0.00,SILENT,IDLE-SILENT
843,4,0,0,9,91.3,0.00,SILENT,IDLE-SILENT
844,0,0,0,9,0.9,0.00,CRIT(1%),SILENT,IDLE-SILENT
844,1,0,0,9,15.9,0.00,CRIT(16%),SILENT,IDLE-SILENT
844,2,0,0,9,71.9,0.00,SILENT,IDLE-SILENT
844,3,0,0,9,97.7,0.00,SILENT,IDLE-SILENT
844,4,0,0,9,91.2,0.00,SILENT,IDLE-SILENT
845,0,0,0,9,0.8,0.00,CRIT(1%),SILENT,IDLE-SILENT
845,1,0,0,9,15.8,0.00,CRIT(16%),SILENT,IDLE-SILENT
845,2,0,0,9,71.8,0.00,SILENT,IDLE-SILENT
845,3,0,0,9,97.6,0.00,SILENT,IDLE-SILENT
845,4,0,0,9,91.1,0.00,SILENT,IDLE-SILENT
846,0,0,0,9,0.7,0.00,CRIT(1%),SILENT,IDLE-SILENT
846,1,0,0,9,15.7,0.00,CRIT(16%),SILENT,IDLE-SILENT
846,2,0,0,9,71.7,0.00,SILENT,IDLE-SILENT
846,3,0,0,9,97.5,0.00,SILENT,IDLE-SILENT
846,4,0,0,9,91.0,0.00,SILENT,IDLE-SILENT
847,0,0,0,9,0.6,0.00,CRIT(1%),SILENT,IDLE-SILENT
847,1,0,0,9,15.6,0.00,CRIT(16%),SILENT,IDLE-SILENT
847,2,0,0,9,71.6,0.00,SILENT,IDLE-SILENT
847,3,0,0,9,97.4,0.00,SILENT,IDLE-SILENT
847,4,0,0,9,90.9,0.00,SILENT,IDLE-SILENT
848,0,0,0,9,0.5,0.00,CRIT(0%),SILENT,IDLE-SILENT
848,1,0,0,9,15.6,0.00,CRIT(16%),SILENT,IDLE-SILENT
848,2,0,0,9,71.5,0.00,SILENT,IDLE-SILENT
848,3,0,0,9,97.3,0.00,SILENT,IDLE-SILENT
848,4,0,0,9,90.8,0.00,SILENT,IDLE-SILENT
849,0,0,0,9,0.4,0.00,CRIT(0%),SILENT,IDLE-SILENT
849,1,0,0,9,15.6,0.00,CRIT(16%),SILENT,IDLE-SILENT
849,2,0,0,9,71.4,0.00,SILENT,IDLE-SILENT
849,3,0,0,9,97.2,0.00,SILENT,IDLE-SILENT
849,4,0,0,9,90.7,0.00,SILENT,IDLE-SILENT
850,0,0,0,9,0.3,0.00,CRIT(0%),SILENT,IDLE-SILENT
850,1,0,0,9,15.6,0.00,CRIT(16%),SILENT,IDLE-SILENT
850,2,0,0,9,71.3,0.00,SILENT,IDLE-SILENT
850,3,0,0,9,97.1,0.00,SILENT,IDLE-SILENT
850,4,0,0,9,90.6,0.00,SILENT,IDLE-SILENT
851,0,0,0,9,0.2,0.00,CRIT(0%),SILENT,IDLE-SILENT
851,1,0,0,9,15.6,0.00,CRIT(16%),SILENT,IDLE-SILENT
851,2,0,0,9,71.2,0.00,SILENT,IDLE-SILENT
851,3,0,0,9,97.0,0.00,SILENT,IDLE-SILENT
851,4,0,0,9,90.5,0.00,SILENT,IDLE-SILENT
852,0,0,0,9,0.1,0.00,CRIT(0%),SILENT,IDLE-SILENT
852,1,0,0,9,15.6,0.00,CRIT(16%),SILENT,IDLE-SILENT
852,2,0,0,9,71.1,0.00,SILENT,IDLE-SILENT
852,3,0,0,9,96.9,0.00,SILENT,IDLE-SILENT
852,4,0,0,9,90.4,0.00,SILENT,IDLE-SILENT
853,0,0,0,9,0.0,0.00,RECHARGING,CRIT(0%),SILENT,IDLE-SILENT
853,1,0,0,9,15.6,0.00,CRIT(16%),SILENT,IDLE-SILENT
853,2,0,0,9,71.0,0.00,SILENT,IDLE-SILENT
853,3,0,0,9,96.8,0.00,SILENT,IDLE-SILENT
853,4,0,0,9,90.3,0.00,SILENT,IDLE-SILENT
854,0,0,0,9,0.0,0.00,RECHARGING,CRIT(0%),SILENT,IDLE-SILENT
854,1,0,0,9,15.6,0.00,CRIT(16%),SILENT,IDLE-SILENT
854,2,0,0,9,70.9,0.00,SILENT,IDLE-SILENT
854,3,0,0,9,96.7,0.00,SILENT,IDLE-SILENT
854,4,0,0,9,90.2,0.00,SILENT,IDLE-SILENT
855,0,0,0,9,0.0,0.00,RECHARGING,CRIT(0%),SILENT,IDLE-SILENT
855,1,0,0,9,15.6,0.00,CRIT(16%),SILENT,IDLE-SILENT
855,2,0,0,9,70.8,0.00,SILENT,IDLE-SILENT
855,3,0,0,9,96.6,0.00,SILENT,IDLE-SILENT
855,4,0,0,9,90.1,0.00,SILENT,IDLE-SILENT
856,0,0,0,9,0.0,0.00,RECHARGING,CRIT(0%),SILENT,IDLE-SILENT
856,1,0,0,9,15.6,0.00,CRIT(16%),SILENT,IDLE-SILENT
856,2,0,0,9,70.7,0.00,SILENT,IDLE-SILENT
856,3,0,0,9,96.5,0.00,SILENT,IDLE-SILENT
856,4,0,0,9,90.0,0.00,SILENT,IDLE-SILENT
857,0,0,0,9,0.0,0.00,RECHARGING,CRIT(0%),SILENT,IDLE-SILENT
857,1,0,0,9,15.6,0.00,CRIT(16%),SILENT,IDLE-SILENT
857,2,0,0,9,70.6,0.00,SILENT,IDLE-SILENT
857,3,0,0,9,96.4,0.00,SILENT,IDLE-SILENT
857,4,0,0,9,89.9,0.00,SILENT,IDLE-SILENT
858,0,0,0,9,0.0,0.00,RECHARGING,CRIT(0%),SILENT,IDLE-SILENT
858,1,0,0,9,15.6,0.00,CRIT(16%),SILENT,IDLE-SILENT
858,2,0,0,9,70.6,0.00,SILENT,IDLE-SILENT
858,3,0,0,9,96.3,0.00,SILENT,IDLE-SILENT
858,4,0,0,9,89.8,0.00,SILENT,IDLE-SILENT
859,0,0,0,9,0.0,0.00,RECHARGING,CRIT(0%),SILENT,IDLE-SILENT
859,1,0,0,9,15.6,0.00,CRIT(16%),SILENT,IDLE-SILENT
859,2,0,0,9,70.6,0.00,SILENT,IDLE-SILENT
859,3,0,,,96.2,0.00,SILENT,IDLE-SILENT
859,4,0,0,9,89.7,0.00,SILENT,IDLE-SILENT
860,0,0,0,9,0.0,0.00,RECHARGING,CRIT(0%),SILENT,IDLE-SILENT
860,1,0,0,9,15.6,0.00,CRIT(16%),SILENT,IDLE-SILENT
860,2,0,0,9,70.6,0.00,SILENT,IDLE-SILENT
860,3,0,0,9,96.1,0.00,SILENT,IDLE-SILENT
860,4,0,0,9,89.6,0.00,SILENT,IDLE-SILENT
861,0,0,0,9,0.0,0.00,RECHARGING,CRIT(0%),SILENT,IDLE-SILENT
861,1,0,0,9,15.6,0.00,CRIT(16%),SILENT,IDLE-SILENT
861,2,0,0,9,70.6,0.00,SILENT,IDLE-SILENT
861,3,0,0,9,96.0,0.00,SILENT,IDLE-SILENT
861,4,0,0,9,89.5,0.00,SILENT,IDLE-SILENT
862,0,0,0,9,0.0,0.00,RECHARGING,CRIT(0%),SILENT,IDLE-SILENT
862,1,0,0,9,15.6,0.00,CRIT(16%),SILENT,IDLE-SILENT
862,2,0,0,9,70.6,0.00,SILENT,IDLE-SILENT
862,3,0,0,9,95.9,0.00,SILENT,IDLE-SILENT
862,4,0,0,9,89.4,0.00,SILENT,IDLE-SILENT
863,0,0,0,9,0.0,0.00,RECHARGING,CRIT(0%),SILENT,IDLE-SILENT
863,1,0,0,9,15.6,0.00,CRIT(16%),SILENT,IDLE-SILENT
863,2,0,0,9,70.6,0.00,SILENT,IDLE-SILENT
863,3,0,0,9,95.8,0.00,SILENT,IDLE-SILENT
863,4,0,0,9,89.3,0.00,SILENT,IDLE-SILENT
864,0,0,0,9,0.0,0.00,RECHARGING,CRIT(0%),SILENT,IDLE-SILENT
864,1,0,0,9,15.6,0.00,CRIT(16%),SILENT,IDLE-SILENT
864,2,0,0,9,70.6,0.00,SILENT,IDLE-SILENT
864,3,0,0,9,95.7,0.00,SILENT,IDLE-SILENT
864,4,0,0,9,89.2,0.00,SILENT,IDLE-SILENT
865,0,0,0,9,0.0,0.00,RECHARGING,CRIT(0%),SILENT,IDLE-SILENT
865,1,0,0,9,15.6,0.00,CRIT(16%),SILENT,IDLE-SILENT
865,2,0,0,9,70.6,0.00,SILENT,IDLE-SILENT
865,3,0,0,9,95.6,0.00,SILENT,IDLE-SILENT
865,4,0,0,9,89.1,0.00,SILENT,IDLE-SILENT
866,0,0,0,9,0.0,0.00,RECHARGING,CRIT(0%),SILENT,IDLE-SILENT
866,1,0,0,9,15.6,0.00,CRIT(16%),SILENT,IDLE-SILENT
866,2,0,0,9,70.6,0.00,SILENT,IDLE-SILENT
866,3,0,0,9,95.5,0.00,SILENT,IDLE-SILENT
866,4,0,0,9,89.0,0.00,SILENT,IDLE-SILENT
867,0,0,0,9,0.0,0.00,RECHARGING,CRIT(0%),SILENT,IDLE-SILENT
867,1,0,0,9,15.6,0.00,CRIT(16%),SILENT,IDLE-SILENT
867,2,0,0,9,70.6,0.00,SILENT,IDLE-SILENT
867,3,0,0,9,95.4,0.00,SILENT,IDLE-SILENT
867,4,0,0,9,88.9,0.00,SILENT,IDLE-SILENT
868,0,0,0,9,0.0,0.00,RECHARGING,CRIT(0%),SILENT,IDLE-SILENT
868,1,0,0,9,15.6,0.00,CRIT(16%),SILENT,IDLE-SILENT
868,2,0,0,9,70.6,0.00,SILENT,IDLE-SILENT
868,3,0,0,9,95.3,0.00,SILENT,IDLE-SILENT
868,4,0,0,9,88.8,0.00,SILENT,IDLE-SILENT
869,0,0,0,9,0.0,0.00,RECHARGING,CRIT(0%),SILENT,IDLE-SILENT
869,1,0,0,9,15.6,0.00,CRIT(16%),SILENT,IDLE-SILENT
869,2,0,0,9,70.6,0.00,SILENT,IDLE-SILENT
869,3,0,0,9,95.2,0.00,SILENT,IDLE-SILENT
869,4,0,0,9,88.7,0.00,SILENT,IDLE-SILENT
870,0,0,0,9,0.0,0.00,RECHARGING,CRIT(0%),SILENT,IDLE-SILENT
870,1,0,0,9,15.6,0.00,CRIT(16%),SILENT,IDLE-SILENT
870,2,0,0,9,70.6,0.00,SILENT,IDLE-SILENT
870,3,0,0,9,95.1,0.00,SILENT,IDLE-SILENT
870,4,0,0,9,88.6,0.00,SILENT,IDLE-SILENT
871,0,0,0,9,0.0,0.00,RECHARGING,CRIT(0%),SILENT,IDLE-SILENT
871,1,0,0,9,15.6,0.00,CRIT(16%),SILENT,IDLE-SILENT
871,2,0,0,9,70.6,0.00,SILENT,IDLE-SILENT
871,3,0,0,9,95.0,0.00,SILENT,IDLE-SILENT
871,4,0,0,9,88.5,0.00,SILENT,IDLE-SILENT
872,0,0,0,9,0.0,0.00,RECHARGING,CRIT(0%),SILENT,IDLE-SILENT
872,1,0,0,9,15.6,0.00,CRIT(16%),SILENT,IDLE-SILENT
872,2,0,0,9,70.6,0.00,SILENT,IDLE-SILENT
872,3,0,0,9,94.9,0.00,SILENT,IDLE-SILENT
872,4,0,0,9,88.4,0.00,SILENT,IDLE-SILENT
873,0,0,0,9,0.0,0.00,RECHARGING,CRIT(0%),SILENT,IDLE-SILENT
873,1,0,0,9,15.6,0.00,CRIT(16%),SILENT,IDLE-SILENT
873,2,0,0,9,70.6,0.00,SILENT,IDLE-SILENT
873,3,0,0,9,94.8,0.00,SILENT,IDLE-SILENT
873,4,0,0,9,88.3,0.00,SILENT,IDLE-SILENT
874,0,0,0,9,0.0,0.00,RECHARGING,CRIT(0%),SILENT,IDLE-SILENT
874,1,0,0,9,15.6,0.00,CRIT(16%),SILENT,IDLE-SILENT
874,2,0,0,9,70.6,0.00,SILENT,IDLE-SILENT
874,3,0,0,9,94.7,0.00,SILENT,IDLE-SILENT
874,4,0,0,9,88.2,0.00,SILENT,IDLE-SILENT
875,0,0,0,9,0.0,0.00,RECHARGING,CRIT(0%),SILENT,IDLE-SILENT
875,1,0,0,9,15.6,0.00,CRIT(16%),SILENT,IDLE-SILENT
875,2,0,0,9,70.6,0.00,SILENT,IDLE-SILENT
875,3,0,0,9,94.6,0.00,SILENT,IDLE-SILENT
875,4,0,0,9,88.1,0.00,SILENT,IDLE-SILENT
876,0,0,0,9,0.0,0.00,RECHARGING,CRIT(0%),SILENT,IDLE-SILENT
876,1,0,0,9,15.6,0.00,CRIT(16%),SILENT,IDLE-SILENT
876,2,0,0,9,70.6,0.00,SILENT,IDLE-SILENT
876,3,0,0,9,94.5,0.00,SILENT,IDLE-SILENT
876,4,0,0,9,88.0,0.00,SILENT,IDLE-SILENT
1,0,1,0,-1,48.0,5.83,OK
1,1,1,0,-1,49.3,5.00,OK
1,2,1,0,-1,63.4,8.33,OK
1,3,1,0,-1,65.1,3.33,OK
1,4,1,0,-1,56.5,6.67,OK
2,0,1,0,-1,47.9,7.50,OK
2,1,1,0,-1,49.2,5.83,OK
2,2,0,0,-1,63.3,8.33,OK
2,3,0,0,-1,65.0,3.33,OK
2,4,1,0,-1,56.4,9.17,OK
3,0,0,0,-1,47.8,7.50,OK
3,1,0,0,-1,49.1,5.83,OK
3,2,0,0,-1,63.2,8.33,OK
3,3,0,0,-1,64.9,3.33,OK
3,4,0,0,-1,56.3,9.17,OK
4,0,0,0,-1,47.7,7.50,OK
4,1,0,0,-1,49.0,5.83,OK
4,2,0,0,-1,63.1,8.33,OK
4,3,0,0,-1,64.8,3.33,OK
4,4,0,0,-1,56.2,9.17,OK
5,0,0,0,-1,47.6,7.50,OK
5,1,0,0,-1,48.9,5.83,OK
5,2,0,0,-1,63.0,8.33,OK
5,3,0,0,-1,64.7,3.33,OK
5,4,0,0,-1,56.1,9.17,OK
6,0,0,0,-1,47.5,7.50,OK
6,1,0,0,-1,48.8,5.83,OK
6,2,0,0,-1,62.9,8.33,OK
6,3,0,0,-1,64.6,3.33,OK
6,4,0,0,-1,56.0,9.17,OK
7,0,0,0,-1,47.4,7.50,OK
7,1,0,0,-1,48.7,5.83,OK
7,2,0,0,-1,62.8,8.33,OK
7,3,0,0,-1,64.5,3.33,OK
7,4,0,0,-1,55.9,9.17,OK
8,0,0,0,-1,47.3,7.50,OK
8,1,0,0,-1,48.6,5.83,OK
8,2,0,0,-1,62.7,8.33,OK
8,3,0,0,-1,64.4,3.33,OK
8,4,0,0,-1,55.8,9.17,OK
9,0,0,0,-1,47.2,7.50,OK
9,1,0,0,-1,48.5,5.83,OK
9,2,0,0,-1,62.6,8.33,OK
9,3,0,0,-1,64.3,3.33,OK
9,4,0,0,-1,55.7,9.17,OK
10,0,0,0,-1,47.1,7.50,OK
10,1,0,0,-1,48.4,5.83,OK
10,2,0,0,-1,62.5,8.33,OK
10,3,0,0,-1,64.2,3.33,OK
10,4,0,0,-1,55.6,9.17,OK
11,0,0,0,-1,47.0,7.50,OK
11,1,0,0,-1,48.3,5.83,OK
11,2,0,0,-1,62.4,8.33,OK
11,3,0,0,-1,64.1,3.33,OK
11,4,0,0,-1,55.5,9.17,OK
12,0,0,0,-1,46.9,7.50,OK
12,1,0,0,-1,48.2,5.83,OK
12,2,0,0,-1,62.3,8.33,OK
12,3,0,0,-1,64.0,3.33,OK
12,4,0,0,-1,55.4,9.17,OK
13,0,0,0,-1,46.8,7.50,OK
13,1,0,0,-1,48.1,5.83,OK
13,2,0,0,-1,62.2,8.33,OK
13,3,0,0,-1,63.9,3.33,OK
13,4,0,0,-1,55.3,9.17,OK
14,0,0,0,-1,46.7,7.50,OK
14,1,0,0,-1,48.0,5.83,OK
14,2,0,0,-1,62.1,8.33,OK
14,3,0,0,-1,63.8,3.33,OK
14,4,0,0,-1,55.2,9.17,OK
15,0,0,0,-1,46.6,7.50,OK
15,1,0,0,-1,47.9,5.83,OK
15,2,0,0,-1,62.0,8.33,OK
15,3,0,0,-1,63.7,3.33,OK
15,4,0,0,-1,55.1,9.17,OK
16,0,0,0,-1,46.5,7.50,OK
16,1,0,0,-1,47.8,5.83,OK
16,2,0,0,-1,61.9,8.33,OK
16,3,0,0,-1,63.6,3.33,OK
16,4,0,0,-1,55.0,9.17,OK
17,0,0,0,-1,46.4,7.50,OK
17,1,0,0,-1,47.7,5.83,OK
17,2,0,0,-1,61.8,8.33,OK
17,3,0,0,-1,63.5,3.33,OK
17,4,0,0,-1,54.9,9.17,OK
18,0,0,0,-1,46.3,7.50,OK
18,1,0,0,-1,47.6,5.83,OK
18,2,0,0,-1,61.7,8.33,OK
18,3,0,0,-1,63.4,3.33,OK
18,4,0,0,-1,54.8,9.17,OK
19,0,0,0,-1,46.2,7.50,OK
19,1,0,0,-1,47.5,5.83,OK
19,2,0,0,-1,61.6,8.33,OK
19,3,0,0,-1,63.3,3.33,OK
19,4,0,0,-1,54.7,9.17,OK
20,0,0,0,-1,46.1,7.50,OK
20,1,0,0,-1,47.4,5.83,OK
20,2,0,0,-1,61.5,8.33,OK
20,3,0,0,-1,63.2,3.33,OK
20,4,0,0,-1,54.6,9.17,OK
21,0,0,0,-1,46.0,7.50,OK
21,1,0,0,-1,47.3,5.83,OK
21,2,0,0,-1,61.4,8.33,OK
21,3,0,0,-1,63.1,3.33,OK
21,4,0,0,-1,54.5,9.17,OK
22,0,0,0,-1,45.9,7.50,OK
22,1,0,0,-1,47.2,5.83,OK
22,2,0,0,-1,61.3,8.33,OK
22,3,0,0,-1,63.0,3.33,OK
22,4,0,0,-1,54.4,9.17,OK
23,0,0,0,-1,45.8,7.50,OK
23,1,0,0,-1,47.1,5.83,OK
23,2,0,0,-1,61.2,8.33,OK
23,3,0,0,-1,62.9,3.33,OK
23,4,0,0,-1,54.3,9.17,OK
24,0,0,0,-1,45.7,7.50,OK
24,1,0,0,-1,47.0,5.83,OK
24,2,0,0,-1,61.1,8.33,OK
24,3,0,0,-1,62.8,3.33,OK
24,4,0,0,-1,54.2,9.17,OK
25,0,0,0,-1,45.6,7.50,OK
25,1,0,0,-1,46.9,5.83,OK
25,2,0,0,-1,61.0,8.33,OK
25,3,0,0,-1,62.7,3.33,OK
25,4,0,0,-1,54.1,9.17,OK
26,0,0,0,-1,45.5,7.50,OK
26,1,0,0,-1,46.8,5.83,OK
26,2,0,0,-1,60.9,8.33,OK
26,3,0,0,-1,62.6,3.33,OK
26,4,0,0,-1,54.0,9.17,OK
27,0,0,0,-1,45.4,7.50,OK
27,1,0,0,-1,46.7,5.83,OK
27,2,0,0,-1,60.8,8.33,OK
27,3,0,0,-1,62.5,3.33,OK
27,4,0,0,-1,53.9,9.17,OK
28,0,0,0,-1,45.3,7.50,OK
28,1,0,0,-1,46.6,5.83,OK
28,2,0,0,-1,60.7,8.33,OK
28,3,0,0,-1,62.4,3.33,OK
28,4,0,0,-1,53.8,9.17,OK
29,0,0,0,-1,45.2,7.50,OK
29,1,0,0,-1,46.5,5.83,OK
29,2,0,0,-1,60.6,8.33,OK
29,3,0,0,-1,62.3,3.33,OK
29,4,0,0,-1,53.7,9.17,OK
30,0,0,0,10,45.1,7.50,OK
30,1,0,0,10,46.4,5.83,OK
30,2,0,0,10,60.5,8.33,OK
30,3,0,0,10,62.2,3.33,OK
30,4,0,0,10,53.6,9.17,OK
31,0,0,0,9,45.0,7.50,OK
31,1,0,0,9,46.3,5.83,OK
31,2,0,0,9,60.4,8.33,SILENT
31,3,0,0,9,62.1,3.33,SILENT
31,4,0,0,9,53.5,9.17,OK
32,0,0,0,9,44.9,7.50,SILENT
32,1,1,0,9,46.2,10.00,OK
32,2,0,0,9,60.3,8.33,SILENT
32,3,1,0,9,62.0,3.33,OK
32,4,0,0,9,53.4,9.17,SILENT
33,0,0,0,9,44.8,7.50,SILENT
33,1,0,0,9,46.1,10.00,OK
33,2,0,0,9,60.2,8.33,SILENT
33,3,0,0,9,61.9,3.33,OK
33,4,0,0,9,53.3,9.17,SILENT
34,0,0,0,9,44.7,7.50,SILENT
34,1,0,0,9,46.0,10.00,OK
34,2,0,0,9,60.1,8.33,SILENT
34,3,0,0,9,61.8,3.33,OK
34,4,0,0,9,53.2,9.17,SILENT
35,0,0,0,9,44.6,7.50,SILENT
35,1,0,0,9,45.9,10.00,OK
35,2,0,0,9,60.0,8.33,SILENT
35,3,0,0,9,61.7,3.33,OK
35,4,0,0,9,53.1,9.17,SILENT
36,0,0,0,9,44.5,7.50,SILENT
36,1,0,0,9,45.8,10.00,OK
36,2,0,0,9,59.9,8.33,SILENT
36,3,0,0,9,61.6,3.33,OK
36,4,0,0,9,53.0,9.17,SILENT
37,0,0,0,9,44.4,7.50,SILENT
37,1,0,0,9,45.7,10.00,OK
37,2,0,0,9,59.8,8.33,SILENT
37,3,0,0,9,61.5,3.33,OK
37,4,0,0,9,52.9,9.17,SILENT
38,0,0,0,9,44.3,7.50,SILENT
38,1,0,0,9,45.6,10.00,OK
38,2,0,0,9,59.7,8.33,SILENT
38,3,0,0,9,61.4,3.33,OK
38,4,0,0,9,52.8,9.17,SILENT
39,0,0,0,9,44.2,7.50,SILENT
39,1,0,0,9,45.5,10.00,OK
39,2,0,0,9,59.6,8.33,SILENT
39,3,0,0,9,61.3,3.33,OK
39,4,0,0,9,52.7,9.17,SILENT
40,0,0,0,9,44.1,7.50,SILENT
40,1,0,0,9,45.4,10.00,OK
40,2,0,0,9,59.5,8.33,SILENT
40,3,0,0,9,61.2,3.33,OK
40,4,0,0,9,52.6,9.17,SILENT
41,0,0,0,9,44.0,7.50,SILENT
41,1,0,0,9,45.3,10.00,OK
41,2,0,0,9,59.4,8.33,SILENT
41,3,0,0,9,61.1,3.33,OK
41,4,0,0,9,52.5,9.17,SILENT
42,0,0,0,9,43.9,7.50,SILENT
42,1,0,0,9,45.2,10.00,OK
42,2,0,0,9,59.3,8.33,SILENT
42,3,0,0,9,61.0,3.33,OK
42,4,0,0,9,52.4,9.17,SILENT
43,0,0,0,9,43.8,7.50,SILENT
43,1,0,0,9,45.1,10.00,OK
43,2,0,0,9,59.2,8.33,SILENT
43,3,0,0,9,60.9,3.33,OK
43,4,0,0,9,52.3,9.17,SILENT
44,0,0,0,9,43.7,7.50,SILENT
44,1,0,0,9,45.0,10.00,OK
44,2,0,0,9,59.1,8.33,SILENT
44,3,0,0,9,60.8,3.33,OK
44,4,0,0,9,52.2,9.17,SILENT
45,0,0,0,9,43.6,7.50,SILENT
45,1,0,0,9,44.9,10.00,OK
45,2,0,0,9,59.0,8.33,SILENT
45,3,0,0,9,60.7,3.33,OK
45,4,0,0,9,52.1,9.17,SILENT
46,0,0,0,9,43.5,7.50,SILENT
46,1,0,0,9,44.8,10.00,OK
46,2,0,0,9,58.9,8.33,SILENT
46,3,0,0,9,60.6,3.33,OK
46,4,0,0,9,52.0,9.17,SILENT
47,0,0,0,9,43.4,7.50,SILENT
47,1,0,0,9,44.7,10.00,OK
47,2,0,0,9,58.8,8.33,SILENT
47,3,0,0,9,60.5,3.33,OK
47,4,0,0,9,51.9,9.17,SILENT
48,0,0,0,9,43.3,7.50,SILENT
48,1,0,0,9,44.6,10.00,OK
48,2,0,0,9,58.7,8.33,SILENT
48,3,0,0,9,60.4,3.33,OK
48,4,0,0,9,51.8,9.17,SILENT
49,0,0,0,9,43.2,7.50,SILENT
49,1,0,0,9,44.5,10.00,OK
49,2,0,0,9,58.6,8.33,SILENT
49,3,0,0,9,60.3,3.33,OK
49,4,0,0,9,51.7,9.17,SILENT
50,0,0,0,9,43.1,7.50,SILENT
50,1,0,0,9,44.4,10.00,OK
50,2,0,0,9,58.5,8.33,SILENT
50,3,0,0,9,60.2,3.33,OK
50,4,0,0,9,51.6,9.17,SILENT
51,0,0,0,9,43.0,7.50,SILENT
51,1,0,0,9,44.3,10.00,OK
51,2,0,0,9,58.4,8.33,SILENT
51,3,0,0,9,60.1,3.33,OK
51,4,0,0,9,51.5,9.17,SILENT
52,0,0,0,9,42.9,7.50,SILENT
52,1,0,0,9,44.2,10.00,OK
52,2,0,0,9,58.3,8.33,SILENT
52,3,0,0,9,60.0,3.33,OK
52,4,0,0,9,51.4,9.17,SILENT
53,0,0,0,9,42.8,7.50,SILENT
53,1,0,0,9,44.1,10.00,OK
53,2,0,0,9,58.2,8.33,SILENT
53,3,0,0,9,59.9,3.33,OK
53,4,0,0,9,51.3,9.17,SILENT
54,0,0,0,9,42.7,7.50,SILENT
54,1,0,0,9,44.0,10.00,OK
54,2,0,0,9,58.1,8.33,SILENT
54,3,0,0,9,59.8,3.33,OK
54,4,0,0,9,51.2,9.17,SILENT
55,0,0,0,9,42.6,7.50,SILENT
55,1,0,0,9,43.9,10.00,OK
55,2,0,0,9,58.0,8.33,SILENT
55,3,0,0,9,59.7,3.33,OK
55,4,0,0,9,51.1,9.17,SILENT
56,0,0,0,9,42.5,7.50,SILENT
56,1,0,0,9,43.8,10.00,OK
56,2,0,0,9,57.9,8.33,SILENT
56,3,0,0,9,59.6,3.33,OK
56,4,0,0,9,51.0,9.17,SILENT
57,0,0,0,9,42.4,7.50,SILENT
57,1,0,0,9,43.7,10.00,OK
57,2,0,0,9,57.8,8.33,SILENT
57,3,0,0,9,59.5,3.33,OK
57,4,0,0,9,50.9,9.17,SILENT
58,0,0,0,9,42.3,7.50,SILENT
58,1,0,0,9,43.6,10.00,OK
58,2,0,0,9,57.7,8.33,SILENT
58,3,0,0,9,59.4,3.33,OK
58,4,0,0,9,50.8,9.17,SILENT
59,0,0,0,9,42.2,7.50,SILENT
59,1,0,0,9,43.5,10.00,OK
59,2,0,0,9,57.6,8.33,SILENT
59,3,0,0,9,59.3,3.33,OK
59,4,0,0,9,50.7,9.17,SILENT
60,0,0,0,9,42.1,7.50,SILENT
60,1,0,0,9,43.4,10.00,OK
60,2,0,0,9,57.5,8.33,SILENT
60,3,0,0,9,59.2,3.33,OK
60,4,0,0,9,50.6,9.17,SILENT
61,0,0,0,9,42.0,7.50,SILENT
61,1,0,0,9,43.3,10.00,OK
61,2,0,0,9,57.4,8.33,SILENT
61,3,0,0,9,59.1,3.33,OK
61,4,0,0,9,50.5,9.17,SILENT
62,0,0,0,9,41.9,7.50,SILENT
62,1,0,0,9,43.2,10.00,SILENT
62,2,0,0,9,57.3,8.33,SILENT
62,3,0,0,9,59.0,3.33,SILENT
62,4,0,0,9,50.4,9.17,SILENT
63,0,0,0,9,41.8,7.50,SILENT
63,1,0,0,9,43.1,10.00,SILENT
63,2,0,0,9,57.2,8.33,SILENT
63,3,0,0,9,58.9,3.33,SILENT
63,4,0,0,9,50.3,9.17,SILENT
64,0,0,0,9,41.7,7.50,SILENT
64,1,0,0,9,43.0,10.00,SILENT
64,2,0,0,9,57.1,8.33,SILENT
64,3,0,0,9,58.8,3.33,SILENT
64,4,0,0,9,50.2,9.17,SILENT
65,0,0,0,9,41.6,7.50,SILENT
65,1,0,0,9,42.9,10.00,SILENT
65,2,0,0,9,57.0,8.33,SILENT
65,3,0,0,9,58.7,3.33,SILENT
65,4,0,0,9,50.1,9.17,SILENT
66,0,0,0,9,41.5,7.50,SILENT
66,1,0,0,9,42.8,10.00,SILENT
66,2,0,0,9,56.9,8.33,SILENT
66,3,0,0,9,58.6,3.33,SILENT
66,4,0,0,9,50.0,9.17,SILENT
67,0,0,0,9,41.4,7.50,SILENT
67,1,0,0,9,42.7,10.00,SILENT
67,2,0,0,9,56.8,8.33,SILENT
67,3,0,0,9,58.5,3.33,SILENT
67,4,0,0,9,49.9,9.17,SILENT
68,0,0,0,9,41.3,7.50,SILENT
68,1,0,0,9,42.6,10.00,SILENT
68,2,0,0,9,56.7,8.33,SILENT
68,3,0,0,9,58.4,3.33,SILENT
68,4,0,0,9,49.8,9.17,SILENT
69,0,0,0,9,41.2,7.50,SILENT
69,1,0,0,9,42.5,10.00,SILENT
69,2,0,0,9,56.6,8.33,SILENT
69,3,0,0,9,58.3,3.33,SILENT
69,4,0,0,9,49.7,9.17,SILENT
70,0,0,0,9,41.1,7.50,SILENT
70,1,0,0,9,42.4,10.00,SILENT
70,2,0,0,9,56.5,8.33,SILENT
70,3,0,0,9,58.2,3.33,SILENT
70,4,0,0,9,49.6,9.17,SILENT
71,0,0,0,9,41.0,7.50,SILENT
71,1,0,0,9,42.3,10.00,SILENT
71,2,0,0,9,56.4,8.33,SILENT
71,3,0,0,9,58.1,3.33,SILENT
71,4,0,0,9,49.5,9.17,SILENT
72,0,0,0,9,40.9,7.50,SILENT
72,1,0,0,9,42.2,10.00,SILENT
72,2,0,0,9,56.3,8.33,SILENT
72,3,0,0,9,58.0,3.33,SILENT
72,4,0,0,9,49.4,9.17,SILENT
73,0,0,0,9,40.8,7.50,SILENT
73,1,0,0,9,42.1,10.00,SILENT
73,2,0,0,9,56.2,8.33,SILENT
73,3,0,0,9,57.9,3.33,SILENT
73,4,0,0,9,49.3,9.17,SILENT
74,0,0,0,9,40.7,7.50,SILENT
74,1,0,0,9,42.0,10.00,SILENT
74,2,0,0,9,56.1,8.33,SILENT
74,3,0,0,9,57.8,3.33,SILENT
74,4,0,0,9,49.2,9.17,SILENT
75,0,0,0,9,40.6,7.50,SILENT
75,1,0,0,9,41.9,10.00,SILENT
75,2,0,0,9,56.0,8.33,SILENT
75,3,0,0,9,57.7,3.33,SILENT
75,4,0,0,9,49.1,9.17,SILENT
76,0,0,0,9,40.5,7.50,SILENT
76,1,0,0,9,41.8,10.00,SILENT
76,2,0,0,9,55.9,8.33,SILENT
76,3,0,0,9,57.6,3.33,SILENT
76,4,0,0,9,49.0,9.17,SILENT
77,0,0,0,9,40.4,7.50,SILENT
77,1,0,0,9,41.7,10.00,SILENT
77,2,0,0,9,55.8,8.33,SILENT
77,3,0,0,9,57.5,3.33,SILENT
77,4,0,0,9,48.9,9.17,SILENT
78,0,0,0,9,40.3,7.50,SILENT
78,1,0,0,9,41.6,10.00,SILENT
78,2,0,0,9,55.7,8.33,SILENT
78,3,0,0,9,57.4,3.33,SILENT
78,4,0,0,9,48.8,9.17,SILENT
79,0,0,0,9,40.2,7.50,SILENT
79,1,0,0,9,41.5,10.00,SILENT
79,2,0,0,9,55.6,8.33,SILENT
79,3,0,0,9,57.3,3.33,SILENT
79,4,0,0,9,48.7,9.17,SILENT
80,0,0,0,9,40.1,7.50,SILENT
80,1,0,0,9,41.4,10.00,SILENT
80,2,0,0,9,55.5,8.33,SILENT
80,3,0,0,9,57.2,3.33,SILENT
80,4,0,0,9,48.6,9.17,SILENT
81,0,0,0,9,40.0,7.50,SILENT
81,1,0,0,9,41.3,10.00,SILENT
81,2,0,0,9,55.4,8.33,SILENT
81,3,0,0,9,57.1,3.33,SILENT
81,4,0,0,9,48.5,9.17,SILENT
82,0,0,0,9,39.9,7.50,SILENT
82,1,0,0,9,41.2,10.00,SILENT
82,2,0,0,9,55.3,8.33,SILENT
82,3,0,0,9,57.0,3.33,SILENT
82,4,0,0,9,48.4,9.17,SILENT
83,0,0,0,9,39.8,7.50,SILENT
83,1,0,0,9,41.1,10.00,SILENT
83,2,0,0,9,55.2,8.33,SILENT
83,3,0,0,9,56.9,3.33,SILENT
83,4,0,0,9,48.3,9.17,SILENT
84,0,0,0,9,39.7,7.50,SILENT
84,1,0,0,9,41.0,10.00,SILENT
84,2,0,0,9,55.1,8.33,SILENT
84,3,0,0,9,56.8,3.33,SILENT
84,4,0,0,9,48.2,9.17,SILENT
85,0,0,0,9,39.6,7.50,SILENT
85,1,0,0,9,40.9,10.00,SILENT
85,2,0,0,9,55.0,8.33,SILENT
85,3,0,0,9,56.7,3.33,SILENT
85,4,0,0,9,48.1,9.17,SILENT
86,0,0,0,9,39.5,7.50,SILENT
86,1,0,0,9,40.8,10.00,SILENT
86,2,0,0,9,54.9,8.33,SILENT
86,3,0,0,9,56.6,3.33,SILENT
86,4,0,0,9,48.0,9.17,SILENT
87,0,0,0,9,39.4,7.50,SILENT
87,1,0,0,9,40.7,10.00,SILENT
87,2,0,0,9,54.8,8.33,SILENT
87,3,0,0,9,56.5,3.33,SILENT
87,4,0,0,9,47.9,9.17,SILENT
88,0,0,0,9,39.3,7.50,SILENT
88,1,0,0,9,40.6,10.00,SILENT
88,2,0,0,9,54.7,8.33,SILENT
88,3,0,0,9,56.4,3.33,SILENT
88,4,0,0,9,47.8,9.17,SILENT
89,0,0,0,9,39.2,7.50,SILENT
89,1,0,0,9,40.5,10.00,SILENT
89,2,0,0,9,54.6,8.33,SILENT
89,3,0,0,9,56.3,3.33,SILENT
89,4,0,0,9,47.7,9.17,SILENT
90,0,0,0,9,39.1,7.50,SILENT
90,1,0,0,9,40.4,10.00,SILENT
90,2,0,0,9,54.5,8.33,SILENT
90,3,0,0,9,56.2,3.33,SILENT
90,4,0,0,9,47.6,9.17,SILENT
91,0,0,0,9,39.0,7.50,SILENT
91,1,0,0,9,40.3,10.00,SILENT
91,2,0,0,9,54.4,8.33,SILENT
91,3,0,0,9,56.1,3.33,SILENT
91,4,0,0,9,47.5,9.17,SILENT
92,0,0,0,9,38.9,7.50,SILENT
92,1,0,0,9,40.2,10.00,SILENT
92,2,0,0,9,54.3,8.33,SILENT
92,3,0,0,9,56.0,3.33,SILENT
92,4,0,0,9,47.4,9.17,SILENT
93,0,0,0,9,38.8,7.50,SILENT
93,1,0,0,9,40.1,10.00,SILENT
93,2,0,0,9,54.2,8.33,SILENT
93,3,0,0,9,55.9,3.33,SILENT
93,4,0,0,9,47.3,9.17,SILENT
94,0,0,0,9,38.7,7.50,SILENT
94,1,0,0,9,40.0,10.00,SILENT
94,2,0,0,9,54.1,8.33,SILENT
94,3,0,0,9,55.8,3.33,SILENT
94,4,0,0,9,47.2,9.17,SILENT
95,0,0,0,9,38.6,7.50,SILENT
95,1,0,0,9,39.9,10.00,SILENT
95,2,0,0,9,54.0,8.33,SILENT
95,3,0,0,9,55.7,3.33,SILENT
95,4,0,0,9,47.1,9.17,SILENT
96,0,0,0,9,38.5,7.50,SILENT
96,1,0,0,9,39.8,10.00,SILENT
96,2,0,0,9,53.9,8.33,SILENT
96,3,0,0,9,55.6,3.33,SILENT
96,4,0,0,9,47.0,9.17,SILENT
97,0,0,0,9,38.4,7.50,SILENT
97,1,0,0,9,39.7,10.00,SILENT
97,2,0,0,9,53.8,8.33,SILENT
97,3,0,0,9,55.5,3.33,SILENT
97,4,0,0,9,46.9,9.17,SILENT
98,0,0,0,9,38.3,7.50,SILENT
98,1,0,0,9,39.6,10.00,SILENT
98,2,0,0,9,53.7,8.33,SILENT
98,3,0,0,9,55.4,3.33,SILENT
98,4,0,0,9,46.8,9.17,SILENT
99,0,0,0,9,38.2,7.50,SILENT
99,1,0,0,9,39.5,10.00,SILENT
99,2,0,0,9,53.6,8.33,SILENT
99,3,0,0,9,55.3,3.33,SILENT
99,4,0,0,9,46.7,9.17,SILENT
100,0,0,0,9,38.1,7.50,SILENT
100,1,0,0,9,39.4,10.00,SILENT
100,2,0,0,9,53.5,8.33,SILENT
100,3,0,0,9,55.2,3.33,SILENT
100,4,0,0,9,46.6,9.17,SILENT
101,0,0,0,9,38.0,7.50,SILENT
101,1,0,0,9,39.3,10.00,SILENT
101,2,0,0,9,53.4,8.33,SILENT
101,3,0,0,9,55.1,3.33,SILENT
101,4,0,0,9,46.5,9.17,SILENT
102,0,0,0,9,37.9,7.50,SILENT
102,1,0,0,9,39.2,10.00,SILENT
102,2,0,0,9,53.3,8.33,SILENT
102,3,0,0,9,55.0,3.33,SILENT
102,4,0,0,9,46.4,9.17,SILENT
103,0,0,0,9,37.8,7.50,SILENT
103,1,0,0,9,39.1,10.00,SILENT
103,2,0,0,9,53.2,8.33,SILENT
103,3,0,0,9,54.9,3.33,SILENT
103,4,0,0,9,46.3,9.17,SILENT
104,0,0,0,9,37.7,7.50,SILENT
104,1,0,0,9,39.0,10.00,SILENT
104,2,0,0,9,53.1,8.33,SILENT
104,3,0,0,9,54.8,3.33,SILENT
104,4,0,0,9,46.2,9.17,SILENT
105,0,0,0,9,37.6,7.50,SILENT
105,1,0,0,9,38.9,10.00,SILENT
105,2,0,0,9,53.0,8.33,SILENT
105,3,0,0,9,54.7,3.33,SILENT
105,4,0,0,9,46.1,9.17,SILENT
106,0,0,0,9,37.5,7.50,SILENT
106,1,0,0,9,38.8,10.00,SILENT
106,2,0,0,9,52.9,8.33,SILENT
106,3,0,0,9,54.6,3.33,SILENT
106,4,0,0,9,46.0,9.17,SILENT
107,0,0,0,9,37.4,7.50,SILENT
107,1,0,0,9,38.7,10.00,SILENT
107,2,0,0,9,52.8,8.33,SILENT
107,3,0,0,9,54.5,3.33,SILENT
107,4,0,0,9,45.9,9.17,SILENT
108,0,0,0,9,37.3,7.50,SILENT
108,1,0,0,9,38.6,10.00,SILENT
108,2,0,0,9,52.7,8.33,SILENT
108,3,0,0,9,54.4,3.33,SILENT
108,4,0,0,9,45.8,9.17,SILENT
109,0,0,0,9,37.2,7.50,SILENT
109,1,0,0,9,38.5,10.00,SILENT
109,2,0,0,9,52.6,8.33,SILENT
109,3,0,0,9,54.3,3.33,SILENT
109,4,0,0,9,45.7,9.17,SILENT
110,0,0,0,9,37.1,7.50,SILENT
110,1,0,0,9,38.4,10.00,SILENT
110,2,0,0,9,52.5,8.33,SILENT
110,3,0,0,9,54.2,3.33,SILENT
110,4,0,0,9,45.6,9.17,SILENT
111,0,0,0,9,37.0,7.50,SILENT
111,1,0,0,9,38.3,10.00,SILENT
111,2,0,0,9,52.4,8.33,SILENT
111,3,0,0,9,54.1,3.33,SILENT
111,4,0,0,9,45.5,9.17,SILENT
112,0,0,0,9,36.9,7.50,SILENT
112,1,0,0,9,38.2,10.00,SILENT
112,2,0,0,9,52.3,8.33,SILENT
112,3,0,0,9,54.0,3.33,SILENT
112,4,0,0,9,45.4,9.17,SILENT
113,0,0,0,9,36.8,7.50,SILENT
113,1,0,0,9,38.1,10.00,SILENT
113,2,0,0,9,52.2,8.33,SILENT
113,3,0,0,9,53.9,3.33,SILENT
113,4,0,0,9,45.3,9.17,SILENT
114,0,0,0,9,36.7,7.50,SILENT
114,1,0,0,9,38.0,10.00,SILENT
114,2,0,0,9,52.1,8.33,SILENT
114,3,0,0,9,53.8,3.33,SILENT
114,4,0,0,9,45.2,9.17,SILENT
115,0,0,0,9,36.6,7.50,SILENT
115,1,0,0,9,37.9,10.00,SILENT
115,2,0,0,9,52.0,8.33,SILENT
115,3,0,0,9,53.7,3.33,SILENT
115,4,0,0,9,45.1,9.17,SILENT
116,0,0,0,9,36.5,7.50,SILENT
116,1,0,0,9,37.8,10.00,SILENT
116,2,0,0,9,51.9,8.33,SILENT
116,3,0,0,9,53.6,3.33,SILENT
116,4,0,0,9,45.0,9.17,SILENT
117,0,0,0,9,36.4,7.50,SILENT
117,1,0,0,9,37.7,10.00,SILENT
117,2,0,0,9,51.8,8.33,SILENT
117,3,0,0,9,53.5,3.33,SILENT
117,4,0,0,9,44.9,9.17,SILENT
118,0,0,0,9,36.3,7.50,SILENT
118,1,0,0,9,37.6,10.00,SILENT
118,2,0,0,9,51.7,8.33,SILENT
118,3,0,0,9,53.4,3.33,SILENT
118,4,0,0,9,44.8,9.17,SILENT
119,0,0,0,9,36.2,7.50,SILENT
119,1,0,0,9,37.5,10.00,SILENT
119,2,0,0,9,51.6,8.33,SILENT
119,3,0,0,9,53.3,3.33,SILENT
119,4,0,0,9,44.7,9.17,SILENT
120,0,0,0,9,36.1,7.50,SILENT
120,1,0,0,9,37.4,10.00,SILENT
120,2,0,0,9,51.5,8.33,SILENT
120,3,0,0,9,53.2,3.33,SILENT
120,4,0,0,9,44.6,9.17,SILENT
121,0,0,0,9,36.0,7.50,SILENT
121,1,0,0,9,37.3,10.00,SILENT
121,2,0,0,9,51.4,8.33,SILENT
121,3,0,0,9,53.1,3.33,SILENT
121,4,0,0,9,44.5,9.17,SILENT
122,0,0,0,9,35.9,7.50,SILENT
122,1,0,0,9,37.2,10.00,SILENT
122,2,0,0,9,51.3,8.33,SILENT
122,3,0,0,9,53.0,3.33,SILENT
122,4,0,0,9,44.4,9.17,SILENT
123,0,0,0,9,35.8,7.50,SILENT
123,1,0,0,9,37.1,10.00,SILENT
123,2,0,0,9,51.2,8.33,SILENT
123,3,0,0,9,52.9,3.33,SILENT
123,4,0,0,9,44.3,9.17,SILENT
124,0,0,0,9,35.7,7.50,SILENT
124,1,0,0,9,37.0,10.00,SILENT
124,2,0,0,9,51.1,8.33,SILENT
124,3,0,0,9,52.8,3.33,SILENT
124,4,0,0,9,44.2,9.17,SILENT
125,0,0,0,9,35.6,7.50,SILENT
125,1,0,0,9,36.9,10.00,SILENT
125,2,0,0,9,51.0,8.33,SILENT
125,3,0,0,9,52.7,3.33,SILENT
125,4,0,0,9,44.1,9.17,SILENT
126,0,0,0,9,35.5,7.50,SILENT
126,1,0,0,9,36.8,10.00,SILENT
126,2,0,0,9,50.9,8.33,SILENT
126,3,0,0,9,52.6,3.33,SILENT
126,4,0,0,9,44.0,9.17,SILENT
127,0,0,0,9,35.4,7.50,SILENT
127,1,0,0,9,36.7,10.00,SILENT
127,2,0,0,9,50.8,8.33,SILENT
127,3,0,0,9,52.5,3.33,SILENT
127,4,0,0,9,43.9,9.17,SILENT
128,0,0,0,9,35.3,7.50,SILENT
128,1,0,0,9,36.6,10.00,SILENT
128,2,0,0,9,50.7,8.33,SILENT
128,3,0,0,9,52.4,3.33,SILENT
128,4,0,0,9,43.8,9.17,SILENT
129,0,0,0,9,35.2,7.50,SILENT
129,1,0,0,9,36.5,10.00,SILENT
129,2,0,0,9,50.6,8.33,SILENT
129,3,0,0,9,52.3,3.33,SILENT
129,4,0,0,9,43.7,9.17,SILENT
130,0,0,0,9,35.1,7.50,SILENT
130,1,0,0,9,36.4,10.00,SILENT
130,2,0,0,9,50.5,8.33,SILENT
130,3,0,0,9,52.2,3.33,SILENT
130,4,0,0,9,43.6,9.17,SILENT
131,0,0,0,9,35.0,7.50,SILENT
131,1,0,0,9,36.3,10.00,SILENT
131,2,0,0,9,50.4,8.33,SILENT
131,3,0,0,9,52.1,3.33,SILENT
131,4,0,0,9,43.5,9.17,SILENT
132,0,0,0,9,34.9,7.50,SILENT
132,1,0,0,9,36.2,10.00,SILENT
132,2,0,0,9,50.3,8.33,SILENT
132,3,0,0,9,52.0,3.33,SILENT
132,4,0,0,9,43.4,9.17,SILENT
133,0,0,0,9,34.8,7.50,SILENT
133,1,0,0,9,36.1,10.00,SILENT
133,2,0,0,9,50.2,8.33,SILENT
133,3,0,0,9,51.9,3.33,SILENT
133,4,0,0,9,43.3,9.17,SILENT
134,0,0,0,9,34.7,7.50,SILENT
134,1,0,0,9,36.0,10.00,SILENT
134,2,0,0,9,50.1,8.33,SILENT
134,3,0,0,9,51.8,3.33,SILENT
134,4,0,0,9,43.2,9.17,SILENT
135,0,0,0,9,34.6,7.50,SILENT
135,1,0,0,9,35.9,10.00,SILENT
135,2,0,0,9,50.0,8.33,SILENT
135,3,0,0,9,51.7,3.33,SILENT
135,4,0,0,9,43.1,9.17,SILENT
136,0,0,0,9,34.5,7.50,SILENT
136,1,0,0,9,35.8,10.00,SILENT
136,2,0,0,9,49.9,8.33,SILENT
136,3,0,0,9,51.6,3.33,SILENT
136,4,0,0,9,43.0,9.17,SILENT
137,0,0,0,9,34.4,7.50,SILENT
137,1,0,0,9,35.7,10.00,SILENT
137,2,0,0,9,49.8,8.33,SILENT
137,3,0,0,9,51.5,3.33,SILENT
137,4,0,0,9,42.9,9.17,SILENT
138,0,0,0,9,34.3,7.50,SILENT
138,1,0,0,9,35.6,10.00,SILENT
138,2,0,0,9,49.7,8.33,SILENT
138,3,0,0,9,51.4,3.33,SILENT
138,4,0,0,9,42.8,9.17,SILENT
139,0,0,0,9,34.2,7.50,SILENT
139,1,0,0,9,35.5,10.00,SILENT
139,2,0,0,9,49.6,8.33,SILENT
139,3,0,0,9,51.3,3.33,SILENT
139,4,0,0,9,42.7,9.17,SILENT
140,0,0,0,9,34.1,7.50,SILENT
140,1,0,0,9,35.4,10.00,SILENT
140,2,0,0,9,49.5,8.33,SILENT
140,3,0,0,9,51.2,3.33,SILENT
140,4,0,0,9,42.6,9.17,SILENT
141,0,0,0,9,34.0,7.50,SILENT
141,1,0,0,9,35.3,10.00,SILENT
141,2,0,0,9,49.4,8.33,SILENT
141,3,0,0,9,51.1,3.33,SILENT
141,4,0,0,9,42.5,9.17,SILENT
142,0,0,0,9,33.9,7.50,SILENT
142,1,0,0,9,35.2,10.00,SILENT
142,2,0,0,9,49.3,8.33,SILENT
142,3,0,0,9,51.0,3.33,SILENT
142,4,0,0,9,42.4,9.17,SILENT
143,0,0,0,9,33.8,7.50,SILENT
143,1,0,0,9,35.1,10.00,SILENT
143,2,0,0,9,49.2,8.33,SILENT
143,3,0,0,9,50.9,3.33,SILENT
143,4,0,0,9,42.3,9.17,SILENT
144,0,0,0,9,33.7,7.50,SILENT
144,1,0,0,9,35.0,10.00,SILENT
144,2,0,0,9,49.1,8.33,SILENT
144,3,0,0,9,50.8,3.33,SILENT
144,4,0,0,9,42.2,9.17,SILENT
145,0,0,0,9,33.6,7.50,SILENT
145,1,0,0,9,34.9,10.00,SILENT
145,2,0,0,9,49.0,8.33,SILENT
145,3,0,0,9,50.7,3.33,SILENT
145,4,0,0,9,42.1,9.17,SILENT
146,0,0,0,9,33.5,7.50,SILENT
146,1,0,0,9,34.8,10.00,SILENT
146,2,0,0,9,48.9,8.33,SILENT
146,3,0,0,9,50.6,3.33,SILENT
146,4,0,0,9,42.0,9.17,SILENT
147,0,0,0,9,33.4,7.50,SILENT
147,1,0,0,9,34.7,10.00,SILENT
147,2,0,0,9,48.8,8.33,SILENT
147,3,0,0,9,50.5,3.33,SILENT
147,4,0,0,9,41.9,9.17,SILENT
148,0,0,0,9,33.3,7.50,SILENT
148,1,0,0,9,34.6,10.00,SILENT
148,2,0,0,9,48.7,8.33,SILENT
148,3,0,0,9,50.4,3.33,SILENT
148,4,0,0,9,41.8,9.17,SILENT
149,0,0,0,9,33.2,7.50,SILENT
149,1,0,0,9,34.5,10.00,SILENT
149,2,0,0,9,48.6,8.33,SILENT
149,3,0,0,9,50.3,3.33,SILENT
149,4,0,0,9,41.7,9.17,SILENT
150,0,0,0,9,33.1,7.50,SILENT
150,1,0,0,9,34.4,10.00,SILENT
150,2,0,0,9,48.5,8.33,SILENT
150,3,0,0,9,50.2,3.33,SILENT
150,4,0,0,9,41.6,9.17,SILENT
151,0,0,0,9,33.0,7.50,SILENT
151,1,0,0,9,34.3,10.00,SILENT
151,2,0,0,9,48.4,8.33,SILENT
151,3,0,0,9,50.1,3.33,SILENT
151,4,0,0,9,41.5,9.17,SILENT
152,0,0,0,9,32.9,7.50,SILENT
152,1,0,0,9,34.2,10.00,SILENT
152,2,0,0,9,48.3,8.33,SILENT
152,3,0,0,9,50.0,3.33,SILENT
152,4,0,0,9,41.4,9.17,SILENT
153,0,0,0,9,32.8,7.50,SILENT
153,1,0,0,9,34.1,10.00,SILENT
153,2,0,0,9,48.2,8.33,SILENT
153,3,0,0,9,49.9,3.33,SILENT
153,4,0,0,9,41.3,9.17,SILENT
154,0,0,0,9,32.7,7.50,SILENT
154,1,0,0,9,34.0,10.00,SILENT
154,2,0,0,9,48.1,8.33,SILENT
154,3,0,0,9,49.8,3.33,SILENT
154,4,0,0,9,41.2,9.17,SILENT
155,0,0,0,9,32.6,7.50,SILENT
155,1,0,0,9,33.9,10.00,SILENT
155,2,0,0,9,48.0,8.33,SILENT
155,3,0,0,9,49.7,3.33,SILENT
155,4,0,0,9,41.1,9.17,SILENT
156,0,0,0,9,32.5,7.50,SILENT
156,1,0,0,9,33.8,10.00,SILENT
156,2,0,0,9,47.9,8.33,SILENT
156,3,0,0,9,49.6,3.33,SILENT
156,4,0,0,9,41.0,9.17,SILENT
157,0,0,0,9,32.4,7.50,SILENT
157,1,0,0,9,33.7,10.00,SILENT
157,2,0,0,9,47.8,8.33,SILENT
157,3,0,0,9,49.5,3.33,SILENT
157,4,0,0,9,40.9,9.17,SILENT
158,0,0,0,9,32.3,7.50,SILENT
158,1,0,0,9,33.6,10.00,SILENT
158,2,0,0,9,47.7,8.33,SILENT
158,3,0,0,9,49.4,3.33,SILENT
158,4,0,0,9,40.8,9.17,SILENT
159,0,0,0,9,32.2,7.50,SILENT
159,1,0,0,9,33.5,10.00,SILENT
159,2,0,0,9,47.6,8.33,SILENT
159,3,0,0,9,49.3,3.33,SILENT
159,4,0,0,9,40.7,9.17,SILENT
160,0,0,0,9,32.1,7.50,SILENT
160,1,0,0,9,33.4,10.00,SILENT
160,2,0,0,9,47.5,8.33,SILENT
160,3,0,0,9,49.2,3.33,SILENT
160,4,0,0,9,40.6,9.17,SILENT
161,0,0,0,9,32.0,7.50,SILENT
161,1,0,0,9,33.3,10.00,SILENT
161,2,0,0,9,47.4,8.33,SILENT
161,3,0,0,9,49.1,3.33,SILENT
161,4,0,0,9,40.5,9.17,SILENT
162,0,0,0,9,31.9,7.50,SILENT
162,1,0,0,9,33.2,10.00,SILENT
162,2,0,0,9,47.3,8.33,SILENT
162,3,0,0,9,49.0,3.33,SILENT
162,4,0,0,9,40.4,9.17,SILENT
163,0,0,0,9,31.8,7.50,SILENT
163,1,0,0,9,33.1,10.00,SILENT
163,2,0,0,9,47.2,8.33,SILENT
163,3,0,0,9,48.9,3.33,SILENT
163,4,0,0,9,40.3,9.17,SILENT
164,0,0,0,9,31.7,7.50,SILENT
164,1,0,0,9,33.0,10.00,SILENT
164,2,0,0,9,47.1,8.33,SILENT
164,3,0,0,9,48.8,3.33,SILENT
164,4,0,0,9,40.2,9.17,SILENT
165,0,0,0,9,31.6,7.50,SILENT
165,1,0,0,9,32.9,10.00,SILENT
165,2,0,0,9,47.0,8.33,SILENT
165,3,0,0,9,48.7,3.33,SILENT
165,4,0,0,9,40.1,9.17,SILENT
166,0,0,0,9,31.5,7.50,SILENT
166,1,0,0,9,32.8,10.00,SILENT
166,2,0,0,9,46.9,8.33,SILENT
166,3,0,0,9,48.6,3.33,SILENT
166,4,0,0,9,40.0,9.17,SILENT
167,0,0,0,9,31.4,7.50,SILENT
167,1,0,0,9,32.7,10.00,SILENT
167,2,0,0,9,46.8,8.33,SILENT
167,3,0,0,9,48.5,3.33,SILENT
167,4,0,0,9,39.9,9.17,SILENT
168,0,0,0,9,31.3,7.50,SILENT
168,1,0,0,9,32.6,10.00,SILENT
168,2,0,0,9,46.7,8.33,SILENT
168,3,0,0,9,48.4,3.33,SILENT
168,4,0,0,9,39.8,9.17,SILENT
169,0,0,0,9,31.2,7.50,SILENT
169,1,0,0,9,32.5,10.00,SILENT
169,2,0,0,9,46.6,8.33,SILENT
169,3,0,0,9,48.3,3.33,SILENT
169,4,0,0,9,39.7,9.17,SILENT
170,0,0,0,9,31.1,7.50,SILENT
170,1,0,0,9,32.4,10.00,SILENT
170,2,0,0,9,46.5,8.33,SILENT
170,3,0,0,9,48.2,3.33,SILENT
170,4,0,0,9,39.6,9.17,SILENT
171,0,0,0,9,31.0,7.50,SILENT
171,1,0,0,9,32.3,10.00,SILENT
171,2,0,0,9,46.4,8.33,SILENT
171,3,0,0,9,48.1,3.33,SILENT
171,4,0,0,9,39.5,9.17,SILENT
172,0,0,0,9,30.9,7.50,SILENT
172,1,0,0,9,32.2,10.00,SILENT
172,2,0,0,9,46.3,8.33,SILENT
172,3,0,0,9,48.0,3.33,SILENT
172,4,0,0,9,39.4,9.17,SILENT
173,0,0,0,9,30.8,7.50,SILENT
173,1,0,0,9,32.1,10.00,SILENT
173,2,0,0,9,46.2,8.33,SILENT
173,3,0,0,9,47.9,3.33,SILENT
173,4,0,0,9,39.3,9.17,SILENT
174,0,0,0,9,30.7,7.50,SILENT
174,1,0,0,9,32.0,10.00,SILENT
174,2,0,0,9,46.1,8.33,SILENT
174,3,0,0,9,47.8,3.33,SILENT
174,4,0,0,9,39.2,9.17,SILENT
175,0,0,0,9,30.6,7.50,SILENT
175,1,0,0,9,31.9,10.00,SILENT
175,2,0,0,9,46.0,8.33,SILENT
175,3,0,0,9,47.7,3.33,SILENT
175,4,0,0,9,39.1,9.17,SILENT
176,0,0,0,9,30.5,7.50,SILENT
176,1,0,0,9,31.8,10.00,SILENT
176,2,0,0,9,45.9,8.33,SILENT
176,3,0,0,9,47.6,3.33,SILENT
176,4,0,0,9,39.0,9.17,SILENT
177,0,0,0,9,30.4,7.50,SILENT
177,1,0,0,9,31.7,10.00,SILENT
177,2,0,0,9,45.8,8.33,SILENT
177,3,0,0,9,47.5,3.33,SILENT
177,4,0,0,9,38.9,9.17,SILENT
178,0,0,0,9,30.3,7.50,SILENT
178,1,0,0,9,31.6,10.00,SILENT
178,2,0,0,9,45.7,8.33,SILENT
178,3,0,0,9,47.4,3.33,SILENT
178,4,0,0,9,38.8,9.17,SILENT
179,0,0,0,9,30.2,7.50,SILENT
179,1,0,0,9,31.5,10.00,SILENT
179,2,0,0,9,45.6,8.33,SILENT
179,3,0,0,9,47.3,3.33,SILENT
179,4,0,0,9,38.7,9.17,SILENT
180,0,0,0,9,30.1,7.50,SILENT
180,1,0,0,9,31.4,10.00,SILENT
180,2,0,0,9,45.5,8.33,SILENT
180,3,0,0,9,47.2,3.33,SILENT
180,4,0,0,9,38.6,9.17,SILENT
181,0,0,0,9,30.0,7.50,SILENT
181,1,0,0,9,31.3,10.00,SILENT
181,2,0,0,9,45.4,8.33,SILENT
181,3,0,0,9,47.1,3.33,SILENT
181,4,0,0,9,38.5,9.17,SILENT
182,0,0,0,9,29.9,7.50,SILENT
182,1,0,0,9,31.2,10.00,SILENT
182,2,0,0,9,45.3,8.33,SILENT
182,3,0,0,9,47.0,3.33,SILENT
182,4,0,0,9,38.4,9.17,SILENT
183,0,0,0,9,29.8,7.50,SILENT
183,1,0,0,9,31.1,10.00,SILENT
183,2,0,0,9,45.2,8.33,SILENT
183,3,0,0,9,46.9,3.33,SILENT
183,4,0,0,9,38.3,9.17,SILENT
184,0,0,0,9,29.7,7.50,SILENT
184,1,0,0,9,31.0,10.00,SILENT
184,2,0,0,9,45.1,8.33,SILENT
184,3,0,0,9,46.8,3.33,SILENT
184,4,0,0,9,38.2,9.17,SILENT
185,0,0,0,9,29.6,7.50,SILENT
185,1,0,0,9,30.9,10.00,SILENT
185,2,0,0,9,45.0,8.33,SILENT
185,3,0,0,9,46.7,3.33,SILENT
185,4,0,0,9,38.1,9.17,SILENT
186,0,0,0,9,29.5,7.50,SILENT
186,1,0,0,9,30.8,10.00,SILENT
186,2,0,0,9,44.9,8.33,SILENT
186,3,0,0,9,46.6,3.33,SILENT
186,4,0,0,9,38.0,9.17,SILENT
187,0,0,0,9,29.4,7.50,SILENT
187,1,0,0,9,30.7,10.00,SILENT
187,2,0,0,9,44.8,8.33,SILENT
187,3,0,0,9,46.5,3.33,SILENT
187,4,0,0,9,37.9,9.17,SILENT
188,0,0,0,9,29.3,7.50,SILENT
188,1,0,0,9,30.6,10.00,SILENT
188,2,0,0,9,44.7,8.33,SILENT
188,3,0,0,9,46.4,3.33,SILENT
188,4,0,0,9,37.8,9.17,SILENT
189,0,0,0,9,29.2,7.50,SILENT
189,1,0,0,9,30.5,10.00,SILENT
189,2,0,0,9,44.6,8.33,SILENT
189,3,0,0,9,46.3,3.33,SILENT
189,4,0,0,9,37.7,9.17,SILENT
190,0,0,0,9,29.1,7.50,SILENT
190,1,0,0,9,30.4,10.00,SILENT
190,2,0,0,9,44.5,8.33,SILENT
190,3,0,0,9,46.2,3.33,SILENT
190,4,0,0,9,37.6,9.17,SILENT
191,0,0,0,9,29.0,7.50,SILENT
191,1,0,0,9,30.3,10.00,SILENT
191,2,0,0,9,44.4,8.33,SILENT
191,3,0,0,9,46.1,3.33,SILENT
191,4,0,0,9,37.5,9.17,SILENT
192,0,0,0,9,28.9,7.50,SILENT
192,1,0,0,9,30.2,10.00,SILENT
192,2,0,0,9,44.3,8.33,SILENT
192,3,0,0,9,46.0,3.33,SILENT
192,4,0,0,9,37.4,9.17,SILENT
193,0,0,0,9,28.8,7.50,SILENT
193,1,0,0,9,30.1,10.00,SILENT
193,2,0,0,9,44.2,8.33,SILENT
193,3,0,0,9,45.9,3.33,SILENT
193,4,0,0,9,37.3,9.17,SILENT
194,0,0,0,9,28.7,7.50,SILENT
194,1,0,0,9,30.0,10.00,SILENT
194,2,0,0,9,44.1,8.33,SILENT
194,3,0,0,9,45.8,3.33,SILENT
194,4,0,0,9,37.2,9.17,SILENT
195,0,0,0,9,28.6,7.50,SILENT
195,1,0,0,9,29.9,10.00,SILENT
195,2,0,0,9,44.0,8.33,SILENT
195,3,0,0,9,45.7,3.33,SILENT
195,4,0,0,9,37.1,9.17,SILENT
196,0,0,0,9,28.5,7.50,SILENT
196,1,0,0,9,29.8,10.00,SILENT
196,2,0,0,9,43.9,8.33,SILENT
196,3,0,0,9,45.6,3.33,SILENT
196,4,0,0,9,37.0,9.17,SILENT
197,0,0,0,9,28.4,7.50,SILENT
197,1,0,0,9,29.7,10.00,SILENT
197,2,0,0,9,43.8,8.33,SILENT
197,3,0,0,9,45.5,3.33,SILENT
197,4,0,0,9,36.9,9.17,SILENT
198,0,0,0,9,28.3,7.50,SILENT
198,1,0,0,9,29.6,10.00,SILENT
198,2,0,0,9,43.7,8.33,SILENT
198,3,0,0,9,45.4,3.33,SILENT
198,4,0,0,9,36.8,9.17,SILENT
199,0,0,0,9,28.2,7.50,SILENT
199,1,0,0,9,29.5,10.00,SILENT
199,2,0,0,9,43.6,8.33,SILENT
199,3,0,0,9,45.3,3.33,SILENT
199,4,0,0,9,36.7,9.17,SILENT
200,0,0,0,9,28.1,7.50,SILENT
200,1,0,0,9,29.4,10.00,SILENT
200,2,0,0,9,43.5,8.33,SILENT
200,3,0,0,9,45.2,3.33,SILENT
200,4,0,0,9,36.6,9.17,SILENT
201,0,0,0,9,28.0,7.50,SILENT
201,1,0,0,9,29.3,10.00,SILENT
201,2,0,0,9,43.4,8.33,SILENT
201,3,0,0,9,45.1,3.33,SILENT
201,4,0,0,9,36.5,9.17,SILENT
202,0,0,0,9,27.9,7.50,SILENT
202,1,0,0,9,29.2,10.00,SILENT
202,2,0,0,9,43.3,8.33,SILENT
202,3,0,0,9,45.0,3.33,SILENT
202,4,0,0,9,36.4,9.17,SILENT
203,0,0,0,9,27.8,7.50,SILENT
203,1,0,0,9,29.1,10.00,SILENT
203,2,0,0,9,43.2,8.33,SILENT
203,3,0,0,9,44.9,3.33,SILENT
203,4,0,0,9,36.3,9.17,SILENT
204,0,0,0,9,27.7,7.50,SILENT
204,1,0,0,9,29.0,10.00,SILENT
204,2,0,0,9,43.1,8.33,SILENT
204,3,0,0,9,44.8,3.33,SILENT
204,4,0,0,9,36.2,9.17,SILENT
205,0,0,0,9,27.6,7.50,SILENT
205,1,0,0,9,28.9,10.00,SILENT
205,2,0,0,9,43.0,8.33,SILENT
205,3,0,0,9,44.7,3.33,SILENT
205,4,0,0,9,36.1,9.17,SILENT
206,0,0,0,9,27.5,7.50,SILENT
206,1,0,0,9,28.8,10.00,SILENT
206,2,0,0,9,42.9,8.33,SILENT
206,3,0,0,9,44.6,3.33,SILENT
206,4,0,0,9,36.0,9.17,SILENT
207,0,0,0,9,27.4,7.50,SILENT
207,1,0,0,9,28.7,10.00,SILENT
207,2,0,0,9,42.8,8.33,SILENT
207,3,0,0,9,44.5,3.33,SILENT
207,4,0,0,9,35.9,9.17,SILENT
208,0,0,0,9,27.3,7.50,SILENT
208,1,0,0,9,28.6,10.00,SILENT
208,2,0,0,9,42.7,8.33,SILENT
208,3,0,0,9,44.4,3.33,SILENT
208,4,0,0,9,35.8,9.17,SILENT
209,0,0,0,9,27.2,7.50,SILENT
209,1,0,0,9,28.5,10.00,SILENT
209,2,0,0,9,42.6,8.33,SILENT
209,3,0,0,9,44.3,3.33,SILENT
209,4,0,0,9,35.7,9.17,SILENT
210,0,0,0,9,27.1,7.50,SILENT
210,1,0,0,9,28.4,10.00,SILENT
210,2,0,0,9,42.5,8.33,SILENT
210,3,0,0,9,44.2,3.33,SILENT
210,4,0,0,9,35.6,9.17,SILENT
211,0,0,0,9,27.0,7.50,SILENT
211,1,0,0,9,28.3,10.00,SILENT
211,2,0,0,9,42.4,8.33,SILENT
211,3,0,0,9,44.1,3.33,SILENT
211,4,0,0,9,35.5,9.17,SILENT
212,0,0,0,9,26.9,7.50,SILENT
212,1,0,0,9,28.2,10.00,SILENT
212,2,0,0,9,42.3,8.33,SILENT
212,3,0,0,9,44.0,3.33,SILENT
212,4,0,0,9,35.4,9.17,SILENT
213,0,0,0,9,26.8,7.50,SILENT
213,1,0,0,9,28.1,10.00,SILENT
213,2,0,0,9,42.2,8.33,SILENT
213,3,0,0,9,43.9,3.33,SILENT
213,4,0,0,9,35.3,9.17,SILENT
214,0,0,0,9,26.7,7.50,SILENT
214,1,0,0,9,28.0,10.00,SILENT
214,2,0,0,9,42.1,8.33,SILENT
214,3,0,0,9,43.8,3.33,SILENT
214,4,0,0,9,35.2,9.17,SILENT
215,0,0,0,9,26.6,7.50,SILENT
215,1,0,0,9,27.9,10.00,SILENT
215,2,0,0,9,42.0,8.33,SILENT
215,3,0,0,9,43.7,3.33,SILENT
215,4,0,0,9,35.1,9.17,SILENT
216,0,0,0,9,26.5,7.50,SILENT
216,1,0,0,9,27.8,10.00,SILENT
216,2,0,0,9,41.9,8.33,SILENT
216,3,0,0,9,43.6,3.33,SILENT
216,4,0,0,9,35.0,9.17,SILENT
217,0,0,0,9,26.4,7.50,SILENT
217,1,0,0,9,27.7,10.00,SILENT
217,2,0,0,9,41.8,8.33,SILENT
217,3,0,0,9,43.5,3.33,SILENT
217,4,0,0,9,34.9,9.17,SILENT
218,0,0,0,9,26.3,7.50,SILENT
218,1,0,0,9,27.6,10.00,SILENT
218,2,0,0,9,41.7,8.33,SILENT
218,3,0,0,9,43.4,3.33,SILENT
218,4,0,0,9,34.8,9.17,SILENT
219,0,0,0,9,26.2,7.50,SILENT
219,1,0,0,9,27.5,10.00,SILENT
219,2,0,0,9,41.6,8.33,SILENT
219,3,0,0,9,43.3,3.33,SILENT
219,4,0,0,9,34.7,9.17,SILENT
220,0,0,0,9,26.1,7.50,SILENT
220,1,0,0,9,27.4,10.00,SILENT
220,2,0,0,9,41.5,8.33,SILENT
220,3,0,0,9,43.2,3.33,SILENT
220,4,0,0,9,34.6,9.17,SILENT
221,0,0,0,9,26.0,7.50,SILENT
221,1,0,0,9,27.3,10.00,SILENT
221,2,0,0,9,41.4,8.33,SILENT
221,3,0,0,9,43.1,3.33,SILENT
221,4,0,0,9,34.5,9.17,SILENT
222,0,0,0,9,25.9,7.50,SILENT
222,1,0,0,9,27.2,10.00,SILENT
222,2,0,0,9,41.3,8.33,SILENT
222,3,0,0,9,43.0,3.33,SILENT
222,4,0,0,9,34.4,9.17,SILENT
223,0,0,0,9,25.8,7.50,SILENT
223,1,0,0,9,27.1,10.00,SILENT
223,2,0,0,9,41.2,8.33,SILENT
223,3,0,0,9,42.9,3.33,SILENT
223,4,0,0,9,34.3,9.17,SILENT
224,0,0,0,9,25.7,7.50,SILENT
224,1,0,0,9,27.0,10.00,SILENT
224,2,0,0,9,41.1,8.33,SILENT
224,3,0,0,9,42.8,3.33,SILENT
224,4,0,0,9,34.2,9.17,SILENT
225,0,0,0,9,25.6,7.50,SILENT
225,1,0,0,9,26.9,10.00,SILENT
225,2,0,0,9,41.0,8.33,SILENT
225,3,0,0,9,42.7,3.33,SILENT
225,4,0,0,9,34.1,9.17,SILENT
226,0,0,0,9,25.5,7.50,SILENT
226,1,0,0,9,26.8,10.00,SILENT
226,2,0,0,9,40.9,8.33,SILENT
226,3,0,0,9,42.6,3.33,SILENT
226,4,0,0,9,34.0,9.17,SILENT
227,0,0,0,9,25.4,7.50,SILENT
227,1,0,0,9,26.7,10.00,SILENT
227,2,0,0,9,40.8,8.33,SILENT
227,3,0,0,9,42.5,3.33,SILENT
227,4,0,0,9,33.9,9.17,SILENT
228,0,0,0,9,25.3,7.50,SILENT
228,1,0,0,9,26.6,10.00,SILENT
228,2,0,0,9,40.7,8.33,SILENT
228,3,0,0,9,42.4,3.33,SILENT
228,4,0,0,9,33.8,9.17,SILENT
229,0,0,0,9,25.2,7.50,SILENT
229,1,0,0,9,26.5,10.00,SILENT
229,2,0,0,9,40.6,8.33,SILENT
229,3,0,0,9,42.3,3.33,SILENT
229,4,0,0,9,33.7,9.17,SILENT
230,0,0,0,9,25.1,7.50,SILENT
230,1,0,0,9,26.4,10.00,SILENT
230,2,0,0,9,40.5,8.33,SILENT
230,3,0,0,9,42.2,3.33,SILENT
230,4,0,0,9,33.6,9.17,SILENT
231,0,0,0,9,25.0,7.50,SILENT
231,1,0,0,9,26.3,10.00,SILENT
231,2,0,0,9,40.4,8.33,SILENT
231,3,0,0,9,42.1,3.33,SILENT
231,4,0,0,9,33.5,9.17,SILENT
232,0,0,0,9,24.9,7.50,SILENT
232,1,0,0,9,26.2,10.00,SILENT
232,2,0,0,9,40.3,8.33,SILENT
232,3,0,0,9,42.0,3.33,SILENT
232,4,0,0,9,33.4,9.17,SILENT
233,0,0,0,9,24.8,7.50,SILENT
233,1,0,0,9,26.1,10.00,SILENT
233,2,0,0,9,40.2,8.33,SILENT
233,3,0,0,9,41.9,3.33,SILENT
233,4,0,0,9,33.3,9.17,SILENT
234,0,0,0,9,24.7,7.50,SILENT
234,1,0,0,9,26.0,10.00,SILENT
234,2,0,0,9,40.1,8.33,SILENT
234,3,0,0,9,41.8,3.33,SILENT
234,4,0,0,9,33.2,9.17,SILENT
235,0,0,0,9,24.6,7.50,SILENT
235,1,0,0,9,25.9,10.00,SILENT
235,2,0,0,9,40.0,8.33,SILENT
235,3,0,0,9,41.7,3.33,SILENT
235,4,0,0,9,33.1,9.17,SILENT
236,0,0,0,9,24.5,7.50,SILENT
236,1,0,0,9,25.8,10.00,SILENT
236,2,0,0,9,39.9,8.33,SILENT
236,3,0,0,9,41.6,3.33,SILENT
236,4,0,0,9,33.0,9.17,SILENT
237,0,0,0,9,24.4,7.50,SILENT
237,1,0,0,9,25.7,10.00,SILENT
237,2,0,0,9,39.8,8.33,SILENT
237,3,0,0,9,41.5,3.33,SILENT
237,4,0,0,9,32.9,9.17,SILENT
238,0,0,0,9,24.3,7.50,SILENT
238,1,0,0,9,25.6,10.00,SILENT
238,2,0,0,9,39.7,8.33,SILENT
238,3,0,0,9,41.4,3.33,SILENT
238,4,0,0,9,32.8,9.17,SILENT
239,0,0,0,9,24.2,7.50,SILENT
239,1,0,0,9,25.5,10.00,SILENT
239,2,0,0,9,39.6,8.33,SILENT
239,3,0,0,9,41.3,3.33,SILENT
239,4,0,0,9,32.7,9.17,SILENT
240,0,0,0,9,24.1,7.50,SILENT
240,1,0,0,9,25.4,10.00,SILENT
240,2,0,0,9,39.5,8.33,SILENT
240,3,0,0,9,41.2,3.33,SILENT
240,4,0,0,9,32.6,9.17,SILENT
241,0,0,0,9,24.0,7.50,SILENT
241,1,0,0,9,25.3,10.00,SILENT
241,2,0,0,9,39.4,8.33,SILENT
241,3,0,0,9,41.1,3.33,SILENT
241,4,0,0,9,32.5,9.17,SILENT
242,0,0,0,9,23.9,7.50,SILENT
242,1,0,0,9,25.2,10.00,SILENT
242,2,0,0,9,39.3,8.33,SILENT
242,3,0,0,9,41.0,3.33,SILENT
242,4,0,0,9,32.4,9.17,SILENT
243,0,0,0,9,23.8,7.50,SILENT
243,1,0,0,9,25.1,10.00,SILENT
243,2,0,0,9,39.2,8.33,SILENT
243,3,0,0,9,40.9,3.33,SILENT
243,4,0,0,9,32.3,9.17,SILENT
244,0,0,0,9,23.7,7.50,SILENT
244,1,0,0,9,25.0,10.00,SILENT
244,2,0,0,9,39.1,8.33,SILENT
244,3,0,0,9,40.8,3.33,SILENT
244,4,0,0,9,32.2,9.17,SILENT
245,0,0,0,9,23.6,7.50,SILENT
245,1,0,0,9,24.9,10.00,SILENT
245,2,0,0,9,39.0,8.33,SILENT
245,3,0,0,9,40.7,3.33,SILENT
245,4,0,0,9,32.1,9.17,SILENT
246,0,0,0,9,23.5,7.50,SILENT
246,1,0,0,9,24.8,10.00,SILENT
246,2,0,0,9,38.9,8.33,SILENT
246,3,0,0,9,40.6,3.33,SILENT
246,4,0,0,9,32.0,9.17,SILENT
247,0,0,0,9,23.4,7.50,SILENT
247,1,0,0,9,24.7,10.00,SILENT
247,2,0,0,9,38.8,8.33,SILENT
247,3,0,0,9,40.5,3.33,SILENT
247,4,0,0,9,31.9,9.17,SILENT
248,0,0,0,9,23.3,7.50,SILENT
248,1,0,0,9,24.6,10.00,SILENT
248,2,0,0,9,38.7,8.33,SILENT
248,3,0,0,9,40.4,3.33,SILENT
248,4,0,0,9,31.8,9.17,SILENT
249,0,0,0,9,23.2,7.50,SILENT
249,1,0,0,9,24.5,10.00,SILENT
249,2,0,0,9,38.6,8.33,SILENT
249,3,0,0,9,40.3,3.33,SILENT
249,4,0,0,9,31.7,9.17,SILENT
250,0,0,0,9,23.1,7.50,SILENT
250,1,0,0,9,24.4,10.00,SILENT
250,2,0,0,9,38.5,8.33,SILENT
250,3,0,0,9,40.2,3.33,SILENT
250,4,0,0,9,31.6,9.17,SILENT
251,0,0,0,9,23.0,7.50,SILENT
251,1,0,0,9,24.3,10.00,SILENT
251,2,0,0,9,38.4,8.33,SILENT
251,3,0,0,9,40.1,3.33,SILENT
251,4,0,0,9,31.5,9.17,SILENT
252,0,0,0,9,22.9,7.50,SILENT
252,1,0,0,9,24.2,10.00,SILENT
252,2,0,0,9,38.3,8.33,SILENT
252,3,0,0,9,40.0,3.33,SILENT
252,4,0,0,9,31.4,9.17,SILENT
253,0,0,0,9,22.8,7.50,SILENT
253,1,0,0,9,24.1,10.00,SILENT
253,2,0,0,9,38.2,8.33,SILENT
253,3,0,0,9,39.9,3.33,SILENT
253,4,0,0,9,31.3,9.17,SILENT
254,0,0,0,9,22.7,7.50,SILENT
254,1,0,0,9,24.0,10.00,SILENT
254,2,0,0,9,38.1,8.33,SILENT
254,3,0,0,9,39.8,3.33,SILENT
254,4,0,0,9,31.2,9.17,SILENT
255,0,0,0,9,22.6,7.50,SILENT
255,1,0,0,9,23.9,10.00,SILENT
255,2,0,0,9,38.0,8.33,SILENT
255,3,0,0,9,39.7,3.33,SILENT
255,4,0,0,9,31.1,9.17,SILENT
256,0,0,0,9,22.5,7.50,SILENT
256,1,0,0,9,23.8,10.00,SILENT
256,2,0,0,9,37.9,8.33,SILENT
256,3,0,0,9,39.6,3.33,SILENT
256,4,0,0,9,31.0,9.17,SILENT
257,0,0,0,9,22.4,7.50,SILENT
257,1,0,0,9,23.7,10.00,SILENT
257,2,0,0,9,37.8,8.33,SILENT
257,3,0,0,9,39.5,3.33,SILENT
257,4,0,0,9,30.9,9.17,SILENT
258,0,0,0,9,22.3,7.50,SILENT
258,1,0,0,9,23.6,10.00,SILENT
258,2,0,0,9,37.7,8.33,SILENT
258,3,0,0,9,39.4,3.33,SILENT
258,4,0,0,9,30.8,9.17,SILENT
259,0,0,0,9,22.2,7.50,SILENT
259,1,0,0,9,23.5,10.00,SILENT
259,2,0,0,9,37.6,8.33,SILENT
259,3,0,0,9,39.3,3.33,SILENT
259,4,0,0,9,30.7,9.17,SILENT
260,0,0,0,9,22.1,7.50,SILENT
260,1,0,0,9,23.4,10.00,SILENT
260,2,0,0,9,37.5,8.33,SILENT
260,3,0,0,9,39.2,3.33,SILENT
260,4,0,0,9,30.6,9.17,SILENT
261,0,0,0,9,22.0,7.50,SILENT
261,1,0,0,9,23.3,10.00,SILENT
261,2,0,0,9,37.4,8.33,SILENT
261,3,0,0,9,39.1,3.33,SILENT
261,4,0,0,9,30.5,9.17,SILENT
262,0,0,0,9,21.9,7.50,SILENT
262,1,0,0,9,23.2,10.00,SILENT
262,2,0,0,9,37.3,8.33,SILENT
262,3,0,0,9,39.0,3.33,SILENT
262,4,0,0,9,30.4,9.17,SILENT
263,0,0,0,9,21.8,7.50,SILENT
263,1,0,0,9,23.1,10.00,SILENT
263,2,0,0,9,37.2,8.33,SILENT
263,3,0,0,9,38.9,3.33,SILENT
263,4,0,0,9,30.3,9.17,SILENT
264,0,0,0,9,21.7,7.50,SILENT
264,1,0,0,9,23.0,10.00,SILENT
264,2,0,0,9,37.1,8.33,SILENT
264,3,0,0,9,38.8,3.33,SILENT
264,4,0,0,9,30.2,9.17,SILENT
265,0,0,0,9,21.6,7.50,SILENT
265,1,0,0,9,22.9,10.00,SILENT
265,2,0,0,9,37.0,8.33,SILENT
265,3,0,0,9,38.7,3.33,SILENT
265,4,0,0,9,30.1,9.17,SILENT
266,0,0,0,9,21.5,7.50,SILENT
266,1,0,0,9,22.8,10.00,SILENT
266,2,0,0,9,36.9,8.33,SILENT
266,3,0,0,9,38.6,3.33,SILENT
266,4,0,0,9,30.0,9.17,SILENT
267,0,0,0,9,21.4,7.50,SILENT
267,1,0,0,9,22.7,10.00,SILENT
267,2,0,0,9,36.8,8.33,SILENT
267,3,0,0,9,38.5,3.33,SILENT
267,4,0,0,9,29.9,9.17,SILENT
268,0,0,0,9,21.3,7.50,SILENT
268,1,0,0,9,22.6,10.00,SILENT
268,2,0,0,9,36.7,8.33,SILENT
268,3,0,0,9,38.4,3.33,SILENT
268,4,0,0,9,29.8,9.17,SILENT
269,0,0,0,9,21.2,7.50,SILENT
269,1,0,0,9,22.5,10.00,SILENT
269,2,0,0,9,36.6,8.33,SILENT
269,3,0,0,9,38.3,3.33,SILENT
269,4,0,0,9,29.7,9.17,SILENT
270,0,0,0,9,21.1,7.50,SILENT
270,1,0,0,9,22.4,10.00,SILENT
270,2,0,0,9,36.5,8.33,SILENT
270,3,0,0,9,38.2,3.33,SILENT
270,4,0,0,9,29.6,9.17,SILENT
271,0,0,0,9,21.0,7.50,SILENT
271,1,0,0,9,22.3,10.00,SILENT
271,2,0,0,9,36.4,8.33,SILENT
271,3,0,0,9,38.1,3.33,SILENT
271,4,0,0,9,29.5,9.17,SILENT
272,0,0,0,9,20.9,7.50,SILENT
272,1,0,0,9,22.2,10.00,SILENT
272,2,0,0,9,36.3,8.33,SILENT
272,3,0,0,9,38.0,3.33,SILENT
272,4,0,0,9,29.4,9.17,SILENT
273,0,0,0,9,20.8,7.50,SILENT
273,1,0,0,9,22.1,10.00,SILENT
273,2,0,0,9,36.2,8.33,SILENT
273,3,0,0,9,37.9,3.33,SILENT
273,4,0,0,9,29.3,9.17,SILENT
274,0,0,0,9,20.7,7.50,SILENT
274,1,0,0,9,22.0,10.00,SILENT
274,2,0,0,9,36.1,8.33,SILENT
274,3,0,0,9,37.8,3.33,SILENT
274,4,0,0,9,29.2,9.17,SILENT
275,0,0,0,9,20.6,7.50,SILENT
275,1,0,0,9,21.9,10.00,SILENT
275,2,0,0,9,36.0,8.33,SILENT
275,3,0,0,9,37.7,3.33,SILENT
275,4,0,0,9,29.1,9.17,SILENT
276,0,0,0,9,20.5,7.50,SILENT
276,1,0,0,9,21.8,10.00,SILENT
276,2,0,0,9,35.9,8.33,SILENT
276,3,0,0,9,37.6,3.33,SILENT
276,4,0,0,9,29.0,9.17,SILENT
277,0,0,0,9,20.4,7.50,SILENT
277,1,0,0,9,21.7,10.00,SILENT
277,2,0,0,9,35.8,8.33,SILENT
277,3,0,0,9,37.5,3.33,SILENT
277,4,0,0,9,28.9,9.17,SILENT
278,0,0,0,9,20.3,7.50,SILENT
278,1,0,0,9,21.6,10.00,SILENT
278,2,0,0,9,35.7,8.33,SILENT
278,3,0,0,9,37.4,3.33,SILENT
278,4,0,0,9,28.8,9.17,SILENT
279,0,0,0,9,20.2,7.50,SILENT
279,1,0,0,9,21.5,10.00,SILENT
279,2,0,0,9,35.6,8.33,SILENT
279,3,0,0,9,37.3,3.33,SILENT
279,4,0,0,9,28.7,9.17,SILENT
280,0,0,0,9,20.1,7.50,SILENT
280,1,0,0,9,21.4,10.00,SILENT
280,2,0,0,9,35.5,8.33,SILENT
280,3,0,0,9,37.2,3.33,SILENT
280,4,0,0,9,28.6,9.17,SILENT
281,0,0,0,9,20.0,7.50,CRIT(20%),SILENT
281,1,0,0,9,21.3,10.00,SILENT
281,2,0,0,9,35.4,8.33,SILENT
281,3,0,0,9,37.1,3.33,SILENT
281,4,0,0,9,28.5,9.17,SILENT
282,0,0,0,9,19.9,7.50,CRIT(20%),SILENT
282,1,0,0,9,21.2,10.00,SILENT
282,2,0,0,9,35.3,8.33,SILENT
282,3,0,0,9,37.0,3.33,SILENT
282,4,0,0,9,28.4,9.17,SILENT
283,0,0,0,9,19.8,7.50,CRIT(20%),SILENT
283,1,0,0,9,21.1,10.00,SILENT
283,2,0,0,9,35.2,8.33,SILENT
283,3,0,0,9,36.9,3.33,SILENT
283,4,0,0,9,28.3,9.17,SILENT
284,0,0,0,9,19.7,7.50,CRIT(20%),SILENT
284,1,0,0,9,21.0,10.00,SILENT
284,2,0,0,9,35.1,8.33,SILENT
284,3,0,0,9,36.8,3.33,SILENT
284,4,0,0,9,28.2,9.17,SILENT
285,0,0,0,9,19.6,7.50,CRIT(20%),SILENT
285,1,0,0,9,20.9,10.00,SILENT
285,2,0,0,9,35.0,8.33,SILENT
285,3,0,0,9,36.7,3.33,SILENT
285,4,0,0,9,28.1,9.17,SILENT
286,0,0,0,9,19.5,7.50,CRIT(19%),SILENT
286,1,0,0,9,20.8,10.00,SILENT
286,2,0,0,9,34.9,8.33,SILENT
286,3,0,0,9,36.6,3.33,SILENT
286,4,0,0,9,28.0,9.17,SILENT
287,0,0,0,9,19.4,7.50,CRIT(19%),SILENT
287,1,0,0,9,20.7,10.00,SILENT
287,2,0,0,9,34.8,8.33,SILENT
287,3,0,0,9,36.5,3.33,SILENT
287,4,0,0,9,27.9,9.17,SILENT
288,0,0,0,9,19.3,7.50,CRIT(19%),SILENT
288,1,0,0,9,20.6,10.00,SILENT
288,2,0,0,9,34.7,8.33,SILENT
288,3,0,0,9,36.4,3.33,SILENT
288,4,0,0,9,27.8,9.17,SILENT
289,0,0,0,9,19.2,7.50,CRIT(19%),SILENT
289,1,0,0,9,20.5,10.00,SILENT
289,2,0,0,9,34.6,8.33,SILENT
289,3,0,0,9,36.3,3.33,SILENT
289,4,0,0,9,27.7,9.17,SILENT
290,0,0,0,9,19.1,7.50,CRIT(19%),SILENT
290,1,0,0,9,20.4,10.00,SILENT
290,2,0,0,9,34.5,8.33,SILENT
290,3,0,0,9,36.2,3.33,SILENT
290,4,0,0,9,27.6,9.17,SILENT
291,0,0,0,9,19.0,7.50,CRIT(19%),SILENT
291,1,0,0,9,20.3,10.00,SILENT
291,2,0,0,9,34.4,8.33,SILENT
291,3,0,0,9,36.1,3.33,SILENT
291,4,0,0,9,27.5,9.17,SILENT
292,0,0,0,9,18.9,7.50,CRIT(19%),SILENT
292,1,0,0,9,20.2,10.00,SILENT
292,2,0,0,9,34.3,8.33,SILENT
292,3,0,0,9,36.0,3.33,SILENT
292,4,0,0,9,27.4,9.17,SILENT
293,0,0,0,9,18.8,7.50,CRIT(19%),SILENT
293,1,0,0,9,20.1,10.00,SILENT
293,2,0,0,9,34.2,8.33,SILENT
293,3,0,0,9,35.9,3.33,SILENT
293,4,0,0,9,27.3,9.17,SILENT
294,0,0,0,9,18.7,7.50,CRIT(19%),SILENT
294,1,0,0,9,20.0,10.00,SILENT
294,2,0,0,9,34.1,8.33,SILENT
294,3,0,0,9,35.8,3.33,SILENT
294,4,0,0,9,27.2,9.17,SILENT
295,0,0,0,9,18.6,7.50,CRIT(19%),SILENT
295,1,0,0,9,19.9,10.00,CRIT(20%),SILENT
295,2,0,0,9,34.0,8.33,SILENT
295,3,0,0,9,35.7,3.33,SILENT
295,4,0,0,9,27.1,9.17,SILENT
296,0,0,0,9,18.5,7.50,CRIT(18%),SILENT
296,1,0,0,9,19.8,10.00,CRIT(20%),SILENT
296,2,0,0,9,33.9,8.33,SILENT
296,3,0,0,9,35.6,3.33,SILENT
296,4,0,0,9,27.0,9.17,SILENT
297,0,0,0,9,18.4,7.50,CRIT(18%),SILENT
297,1,0,0,9,19.7,10.00,CRIT(20%),SILENT
297,2,0,0,9,33.8,8.33,SILENT
297,3,0,0,9,35.5,3.33,SILENT
297,4,0,0,9,26.9,9.17,SILENT
298,0,0,0,9,18.3,7.50,CRIT(18%),SILENT
298,1,0,0,9,19.6,10.00,CRIT(20%),SILENT
298,2,0,0,9,33.7,8.33,SILENT
298,3,0,0,9,35.4,3.33,SILENT
298,4,0,0,9,26.8,9.17,SILENT
299,0,0,0,9,18.2,7.50,CRIT(18%),SILENT
299,1,0,0,9,19.5,10.00,CRIT(20%),SILENT
299,2,0,0,9,33.6,8.33,SILENT
299,3,0,0,9,35.3,3.33,SILENT
299,4,0,0,9,26.7,9.17,SILENT
300,0,0,0,9,18.1,7.50,CRIT(18%),SILENT
300,1,0,0,9,19.4,10.00,CRIT(19%),SILENT
300,2,0,0,9,33.5,8.33,SILENT
300,3,0,0,9,35.2,3.33,SILENT
300,4,0,0,9,26.6,9.17,SILENT
301,0,0,0,9,18.0,7.50,CRIT(18%),SILENT
301,1,0,0,9,19.3,10.00,CRIT(19%),SILENT
301,2,0,0,9,33.4,8.33,SILENT
301,3,0,0,9,35.1,3.33,SILENT
301,4,0,0,9,26.5,9.17,SILENT
302,0,0,0,9,17.9,7.50,CRIT(18%),SILENT
302,1,0,0,9,19.2,10.00,CRIT(19%),SILENT
302,2,0,0,9,33.3,8.33,SILENT
302,3,0,0,9,35.0,3.33,SILENT
302,4,0,0,9,26.4,9.17,SILENT
303,0,0,0,9,17.8,7.50,CRIT(18%),SILENT
303,1,0,0,9,19.1,10.00,CRIT(19%),SILENT
303,2,0,0,9,33.2,8.33,SILENT
303,3,0,0,9,34.9,3.33,SILENT
303,4,0,0,9,26.3,9.17,SILENT
304,0,0,0,9,17.7,7.50,CRIT(18%),SILENT
304,1,0,0,9,19.0,10.00,CRIT(19%),SILENT
304,2,0,0,9,33.1,8.33,SILENT
304,3,0,0,9,34.8,3.33,SILENT
304,4,0,0,9,26.2,9.17,SILENT
305,0,0,0,9,17.6,7.50,CRIT(18%),SILENT
305,1,0,0,9,18.9,10.00,CRIT(19%),SILENT
305,2,0,0,9,33.0,8.33,SILENT
305,3,0,0,9,34.7,3.33,SILENT
305,4,0,0,9,26.1,9.17,SILENT
306,0,0,0,9,17.5,7.50,CRIT(17%),SILENT
306,1,0,0,9,18.8,10.00,CRIT(19%),SILENT
306,2,0,0,9,32.9,8.33,SILENT
306,3,0,0,9,34.6,3.33,SILENT
306,4,0,0,9,26.0,9.17,SILENT
307,0,0,0,9,17.4,7.50,CRIT(17%),SILENT
307,1,0,0,9,18.7,10.00,CRIT(19%),SILENT
307,2,0,0,9,32.8,8.33,SILENT
307,3,0,0,9,34.5,3.33,SILENT
307,4,0,0,9,25.9,9.17,SILENT
308,0,0,0,9,17.3,7.50,CRIT(17%),SILENT
308,1,0,0,9,18.6,10.00,CRIT(19%),SILENT
308,2,0,0,9,32.7,8.33,SILENT
308,3,0,0,9,34.4,3.33,SILENT
308,4,0,0,9,25.8,9.17,SILENT
309,0,0,0,9,17.2,7.50,CRIT(17%),SILENT
309,1,0,0,9,18.5,10.00,CRIT(19%),SILENT
309,2,0,0,9,32.6,8.33,SILENT
309,3,0,0,9,34.3,3.33,SILENT
309,4,0,0,9,25.7,9.17,SILENT
310,0,0,0,9,17.1,7.50,CRIT(17%),SILENT
310,1,0,0,9,18.4,10.00,CRIT(18%),SILENT
310,2,0,0,9,32.5,8.33,SILENT
310,3,0,0,9,34.2,3.33,SILENT
310,4,0,0,9,25.6,9.17,SILENT
311,0,0,0,9,17.0,7.50,CRIT(17%),SILENT
311,1,0,0,9,18.3,10.00,CRIT(18%),SILENT
311,2,0,0,9,32.4,8.33,SILENT
311,3,0,0,9,34.1,3.33,SILENT
311,4,0,0,9,25.5,9.17,SILENT
312,0,0,0,9,16.9,7.50,CRIT(17%),SILENT
312,1,0,0,9,18.2,10.00,CRIT(18%),SILENT
312,2,0,0,9,32.3,8.33,SILENT
312,3,0,0,9,34.0,3.33,SILENT
312,4,0,0,9,25.4,9.17,SILENT
313,0,0,0,9,16.8,7.50,CRIT(17%),SILENT
313,1,0,0,9,18.1,10.00,CRIT(18%),SILENT
313,2,0,0,9,32.2,8.33,SILENT
313,3,0,0,9,33.9,3.33,SILENT
313,4,0,0,9,25.3,9.17,SILENT
314,0,0,0,9,16.7,7.50,CRIT(17%),SILENT
314,1,0,0,9,18.0,10.00,CRIT(18%),SILENT
314,2,0,0,9,32.1,8.33,SILENT
314,3,0,0,9,33.8,3.33,SILENT
314,4,0,0,9,25.2,9.17,SILENT
315,0,0,0,9,16.6,7.50,CRIT(17%),SILENT
315,1,0,0,9,17.9,10.00,CRIT(18%),SILENT
315,2,0,0,9,32.0,8.33,SILENT
315,3,0,0,9,33.7,3.33,SILENT
315,4,0,0,9,25.1,9.17,SILENT
316,0,0,0,9,16.5,7.50,CRIT(16%),SILENT
316,1,0,0,9,17.8,10.00,CRIT(18%),SILENT
316,2,0,0,9,31.9,8.33,SILENT
316,3,0,0,9,33.6,3.33,SILENT
316,4,0,0,9,25.0,9.17,SILENT
317,0,0,0,9,16.4,7.50,CRIT(16%),SILENT
317,1,0,0,9,17.7,10.00,CRIT(18%),SILENT
317,2,0,0,9,31.8,8.33,SILENT
317,3,0,0,9,33.5,3.33,SILENT
317,4,0,0,9,24.9,9.17,SILENT
318,0,0,0,9,16.3,7.50,CRIT(16%),SILENT
318,1,0,0,9,17.6,10.00,CRIT(18%),SILENT
318,2,0,0,9,31.7,8.33,SILENT
318,3,0,0,9,33.4,3.33,SILENT
318,4,0,0,9,24.8,9.17,SILENT
319,0,0,0,9,16.2,7.50,CRIT(16%),SILENT
319,1,0,0,9,17.6,10.00,CRIT(18%),SILENT
319,2,0,0,9,31.6,8.33,SILENT
319,3,0,0,9,33.3,3.33,SILENT
319,4,0,0,9,24.7,9.17,SILENT
320,0,0,0,9,16.1,7.50,CRIT(16%),SILENT
320,1,0,0,9,17.6,10.00,CRIT(18%),SILENT
320,2,0,0,9,31.5,8.33,SILENT
320,3,0,0,9,33.2,3.33,SILENT
320,4,0,0,9,24.6,9.17,SILENT
321,0,0,0,9,16.0,7.50,CRIT(16%),SILENT
321,1,0,0,9,17.6,10.00,CRIT(18%),SILENT
321,2,0,0,9,31.4,8.33,SILENT
321,3,0,0,9,33.1,3.33,SILENT
321,4,0,0,9,24.5,9.17,SILENT
322,0,0,0,9,15.9,7.50,CRIT(16%),SILENT
322,1,0,0,9,17.6,10.00,CRIT(18%),SILENT
322,2,0,0,9,31.3,8.33,SILENT
322,3,0,0,9,33.0,3.33,SILENT
322,4,0,0,9,24.4,9.17,SILENT
323,0,0,0,9,15.8,7.50,CRIT(16%),SILENT
323,1,0,0,9,17.6,10.00,CRIT(18%),SILENT
323,2,0,0,9,31.2,8.33,SILENT
323,3,0,0,9,32.9,3.33,SILENT
323,4,0,0,9,24.3,9.17,SILENT
324,0,0,0,9,15.7,7.50,CRIT(16%),SILENT
324,1,0,0,9,17.6,10.00,CRIT(18%),SILENT
324,2,0,0,9,31.1,8.33,SILENT
324,3,0,0,9,32.8,3.33,SILENT
324,4,0,0,9,24.2,9.17,SILENT
325,0,0,0,9,15.6,7.50,CRIT(16%),SILENT
325,1,0,0,9,17.6,10.00,CRIT(18%),SILENT
325,2,0,0,9,31.0,8.33,SILENT
325,3,0,0,9,32.7,3.33,SILENT
325,4,0,0,9,24.1,9.17,SILENT
326,0,0,0,9,15.5,7.50,CRIT(15%),SILENT
326,1,0,0,9,17.6,10.00,CRIT(18%),SILENT
326,2,0,0,9,30.9,8.33,SILENT
326,3,0,0,9,32.6,3.33,SILENT
326,4,0,0,9,24.0,9.17,SILENT
327,0,0,0,9,15.4,7.50,CRIT(15%),SILENT
327,1,0,0,9,17.6,10.00,CRIT(18%),SILENT
327,2,0,0,9,30.8,8.33,SILENT
327,3,0,0,9,32.5,3.33,SILENT
327,4,0,0,9,23.9,9.17,SILENT
328,0,0,0,9,15.3,7.50,CRIT(15%),SILENT
328,1,0,0,9,17.6,10.00,CRIT(18%),SILENT
328,2,0,0,9,30.7,8.33,SILENT
328,3,0,0,9,32.4,3.33,SILENT
328,4,0,0,9,23.8,9.17,SILENT
329,0,0,0,9,15.2,7.50,CRIT(15%),SILENT
329,1,0,0,9,17.6,10.00,CRIT(18%),SILENT
329,2,0,0,9,30.6,8.33,SILENT
329,3,0,0,9,32.3,3.33,SILENT
329,4,0,0,9,23.7,9.17,SILENT
330,0,0,0,9,15.1,7.50,CRIT(15%),SILENT
330,1,0,0,9,17.6,10.00,CRIT(18%),SILENT
330,2,0,0,9,30.5,8.33,SILENT
330,3,0,0,9,32.2,3.33,SILENT
330,4,0,0,9,23.6,9.17,SILENT
331,0,0,0,9,15.0,7.50,CRIT(15%),SILENT
331,1,0,0,9,17.6,10.00,CRIT(18%),SILENT
331,2,0,0,9,30.4,8.33,SILENT
331,3,0,0,9,32.1,3.33,SILENT
331,4,0,0,9,23.5,9.17,SILENT
332,0,0,0,9,14.9,7.50,CRIT(15%),SILENT
332,1,0,0,9,17.6,10.00,CRIT(18%),SILENT
332,2,0,0,9,30.3,8.33,SILENT
332,3,0,0,9,32.0,3.33,SILENT
332,4,0,0,9,23.4,9.17,SILENT
333,0,0,0,9,14.8,7.50,CRIT(15%),SILENT
333,1,0,0,9,17.6,10.00,CRIT(18%),SILENT
333,2,0,0,9,30.2,8.33,SILENT
333,3,0,0,9,31.9,3.33,SILENT
333,4,0,0,9,23.3,9.17,SILENT
334,0,0,0,9,14.7,7.50,CRIT(15%),SILENT
334,1,0,0,9,17.6,10.00,CRIT(18%),SILENT
334,2,0,0,9,30.1,8.33,SILENT
334,3,0,0,9,31.8,3.33,SILENT
334,4,0,0,9,23.2,9.17,SILENT
335,0,0,0,9,14.6,7.50,CRIT(15%),SILENT
335,1,0,0,9,17.6,10.00,CRIT(18%),SILENT
335,2,0,0,9,30.0,8.33,SILENT
335,3,0,0,9,31.7,3.33,SILENT
335,4,0,0,9,23.1,9.17,SILENT
336,0,0,0,9,14.5,7.50,CRIT(14%),SILENT
336,1,0,0,9,17.6,10.00,CRIT(18%),SILENT
336,2,0,0,9,29.9,8.33,SILENT
336,3,0,0,9,31.6,3.33,SILENT
336,4,0,0,9,23.0,9.17,SILENT
337,0,0,0,9,14.4,7.50,CRIT(14%),SILENT
337,1,0,0,9,17.6,10.00,CRIT(18%),SILENT
337,2,0,0,9,29.8,8.33,SILENT
337,3,0,0,9,31.5,3.33,SILENT
337,4,0,0,9,22.9,9.17,SILENT
338,0,0,0,9,14.3,7.50,CRIT(14%),SILENT
338,1,0,0,9,17.6,10.00,CRIT(18%),SILENT
338,2,0,0,9,29.7,8.33,SILENT
338,3,0,0,9,31.4,3.33,SILENT
338,4,0,0,9,22.8,9.17,SILENT
339,0,0,0,9,14.2,7.50,CRIT(14%),SILENT
339,1,0,0,9,17.6,10.00,CRIT(18%),SILENT
339,2,0,0,9,29.6,8.33,SILENT
339,3,0,0,9,31.3,3.33,SILENT
339,4,0,0,9,22.7,9.17,SILENT
340,0,0,0,9,14.1,7.50,CRIT(14%),SILENT
340,1,0,0,9,17.6,10.00,CRIT(18%),SILENT
340,2,0,0,9,29.5,8.33,SILENT
340,3,0,0,9,31.2,3.33,SILENT
340,4,0,0,9,22.6,9.17,SILENT
341,0,0,0,9,14.0,7.50,CRIT(14%),SILENT
341,1,0,0,9,17.6,10.00,CRIT(18%),SILENT
341,2,0,0,9,29.4,8.33,SILENT
341,3,0,0,9,31.2,3.33,SILENT
341,4,0,0,9,22.5,9.17,SILENT
342,0,0,0,9,13.9,7.50,CRIT(14%),SILENT
342,1,0,0,9,17.6,10.00,CRIT(18%),SILENT
342,2,0,0,9,29.3,8.33,SILENT
342,3,0,0,9,31.2,3.33,SILENT
342,4,0,0,9,22.4,9.17,SILENT
343,0,0,0,9,13.8,7.50,CRIT(14%),SILENT
343,1,0,0,9,17.6,10.00,CRIT(18%),SILENT
343,2,0,0,9,29.2,8.33,SILENT
343,3,0,0,9,31.2,3.33,SILENT
343,4,0,0,9,22.3,9.17,SILENT
344,0,0,0,9,13.7,7.50,CRIT(14%),SILENT
344,1,0,0,9,17.6,10.00,CRIT(18%),SILENT
344,2,0,0,9,29.1,8.33,SILENT
344,3,0,0,9,31.2,3.33,SILENT
344,4,0,0,9,22.2,9.17,SILENT
345,0,0,0,9,13.6,7.50,CRIT(14%),SILENT
345,1,0,0,9,17.6,10.00,CRIT(18%),SILENT
345,2,0,0,9,29.0,8.33,SILENT
345,3,0,0,9,31.2,3.33,SILENT
345,4,0,0,9,22.1,9.17,SILENT
346,0,0,0,9,13.5,7.50,CRIT(13%),SILENT
346,1,0,0,9,17.6,10.00,CRIT(18%),SILENT
346,2,0,0,9,28.9,8.33,SILENT
346,3,0,0,9,31.2,3.33,SILENT
346,4,0,0,9,22.0,9.17,SILENT
347,0,0,0,9,13.4,7.50,CRIT(13%),SILENT
347,1,0,0,9,17.6,10.00,CRIT(18%),SILENT
347,2,0,0,9,28.8,8.33,SILENT
347,3,0,0,9,31.2,3.33,SILENT
347,4,0,0,9,21.9,9.17,SILENT
348,0,0,0,9,13.3,7.50,CRIT(13%),SILENT
348,1,0,0,9,17.5,10.00,CRIT(18%),SILENT
348,2,0,0,9,28.7,8.33,SILENT
348,3,0,0,9,31.2,3.33,SILENT
348,4,0,0,9,21.8,9.17,SILENT
349,0,0,0,9,13.2,7.50,CRIT(13%),SILENT
349,1,0,0,9,17.4,10.00,CRIT(17%),SILENT
349,2,0,0,9,28.6,8.33,SILENT
349,3,0,0,9,31.2,3.33,SILENT
349,4,0,0,9,21.7,9.17,SILENT
350,0,0,0,9,13.1,7.50,CRIT(13%),SILENT
350,1,0,0,9,17.3,10.00,CRIT(17%),SILENT
350,2,0,0,9,28.5,8.33,SILENT
350,3,0,0,9,31.2,3.33,SILENT
350,4,0,0,9,21.6,9.17,SILENT
351,0,0,0,9,13.0,7.50,CRIT(13%),SILENT
351,1,0,0,9,17.2,10.00,CRIT(17%),SILENT
351,2,0,0,9,28.4,8.33,SILENT
351,3,0,0,9,31.2,3.33,SILENT
351,4,0,0,9,21.5,9.17,SILENT
352,0,0,0,9,12.9,7.50,CRIT(13%),SILENT
352,1,0,0,9,17.1,10.00,CRIT(17%),SILENT
352,2,0,0,9,28.3,8.33,SILENT
352,3,0,0,9,31.2,3.33,SILENT
352,4,0,0,9,21.4,9.17,SILENT
353,0,0,0,9,12.8,7.50,CRIT(13%),SILENT
353,1,0,0,9,17.0,10.00,CRIT(17%),SILENT
353,2,0,0,9,28.2,8.33,SILENT
353,3,0,0,9,31.2,3.33,SILENT
353,4,0,0,9,21.3,9.17,SILENT
354,0,0,0,9,12.7,7.50,CRIT(13%),SILENT
354,1,0,0,9,16.9,10.00,CRIT(17%),SILENT
354,2,0,0,9,28.1,8.33,SILENT
354,3,0,0,9,31.2,3.33,SILENT
354,4,0,0,9,21.2,9.17,SILENT
355,0,0,0,9,12.6,7.50,CRIT(13%),SILENT
355,1,0,0,9,16.8,10.00,CRIT(17%),SILENT
355,2,0,0,9,28.0,8.33,SILENT
355,3,0,0,9,31.2,3.33,SILENT
355,4,0,0,9,21.1,9.17,SILENT
356,0,0,0,9,12.5,7.50,CRIT(12%),SILENT
356,1,0,0,9,16.7,10.00,CRIT(17%),SILENT
356,2,0,0,9,27.9,8.33,SILENT
356,3,0,0,9,31.2,3.33,SILENT
356,4,0,0,9,21.0,9.17,SILENT
357,0,0,0,9,12.4,7.50,CRIT(12%),SILENT
357,1,0,0,9,16.6,10.00,CRIT(17%),SILENT
357,2,0,0,9,27.8,8.33,SILENT
357,3,0,0,9,31.2,3.33,SILENT
357,4,0,0,9,20.9,9.17,SILENT
358,0,0,0,9,12.3,7.50,CRIT(12%),SILENT
358,1,0,0,9,16.5,10.00,CRIT(17%),SILENT
358,2,0,0,9,27.7,8.33,SILENT
358,3,0,0,9,31.2,3.33,SILENT
358,4,0,0,9,20.8,9.17,SILENT
359,0,0,0,9,12.2,7.50,CRIT(12%),SILENT
359,1,0,0,9,16.4,10.00,CRIT(16%),SILENT
359,2,0,0,9,27.6,8.33,SILENT
359,3,0,0,9,31.2,3.33,SILENT
359,4,0,0,9,20.7,9.17,SILENT
360,0,0,0,9,12.1,7.50,CRIT(12%),SILENT
360,1,0,0,9,16.3,10.00,CRIT(16%),SILENT
360,2,0,0,9,27.5,8.33,SILENT
360,3,0,0,9,31.2,3.33,SILENT
360,4,0,0,9,20.6,9.17,SILENT
361,0,0,0,9,12.0,7.50,CRIT(12%),SILENT
361,1,0,0,9,16.2,10.00,CRIT(16%),SILENT
361,2,0,0,9,27.4,8.33,SILENT
361,3,0,0,9,31.2,3.33,SILENT
361,4,0,0,9,20.5,9.17,SILENT
362,0,0,0,9,11.9,7.50,CRIT(12%),SILENT
362,1,0,0,9,16.1,10.00,CRIT(16%),SILENT
362,2,0,0,9,27.3,8.33,SILENT
362,3,0,0,9,31.2,3.33,SILENT
362,4,0,0,9,20.4,9.17,SILENT
363,0,0,0,9,11.8,7.50,CRIT(12%),SILENT
363,1,0,0,9,16.0,10.00,CRIT(16%),SILENT
363,2,0,0,9,27.2,8.33,SILENT
363,3,0,0,9,31.2,3.33,SILENT
363,4,0,0,9,20.3,9.17,SILENT
364,0,0,0,9,11.7,7.50,CRIT(12%),SILENT
364,1,0,0,9,15.9,10.00,CRIT(16%),SILENT
364,2,0,0,9,27.1,8.33,SILENT
364,3,0,0,9,31.2,3.33,SILENT
364,4,0,0,9,20.2,9.17,SILENT
365,0,0,0,9,11.6,7.50,CRIT(12%),SILENT
365,1,0,0,9,15.8,10.00,CRIT(16%),SILENT
365,2,0,0,9,27.0,8.33,SILENT
365,3,0,0,9,31.2,3.33,SILENT
365,4,0,0,9,20.1,9.17,SILENT
366,0,0,0,9,11.5,7.50,CRIT(11%),SILENT
366,1,0,0,9,15.7,10.00,CRIT(16%),SILENT
366,2,0,0,9,26.9,8.33,SILENT
366,3,0,0,9,31.2,3.33,SILENT
366,4,0,0,9,20.0,9.17,SILENT
367,0,0,0,9,11.4,7.50,CRIT(11%),SILENT
367,1,0,0,9,15.6,10.00,CRIT(16%),SILENT
367,2,0,0,9,26.8,8.33,SILENT
367,3,0,0,9,31.2,3.33,SILENT
367,4,0,0,9,19.9,9.17,CRIT(20%),SILENT
368,0,0,0,9,11.3,7.50,CRIT(11%),SILENT
368,1,0,0,9,15.5,10.00,CRIT(16%),SILENT
368,2,0,0,9,26.7,8.33,SILENT
368,3,0,0,9,31.2,3.33,SILENT
368,4,0,0,9,19.8,9.17,CRIT(20%),SILENT
369,0,0,0,9,11.2,7.50,CRIT(11%),SILENT
369,1,0,0,9,15.4,10.00,CRIT(15%),SILENT
369,2,0,0,9,26.6,8.33,SILENT
369,3,0,0,9,31.2,3.33,SILENT
369,4,0,0,9,19.7,9.17,CRIT(20%),SILENT
370,0,0,0,9,11.1,7.50,CRIT(11%),SILENT
370,1,0,0,9,15.3,10.00,CRIT(15%),SILENT
370,2,0,0,9,26.5,8.33,SILENT
370,3,0,0,9,31.1,3.33,SILENT
370,4,0,0,9,19.6,9.17,CRIT(20%),SILENT
371,0,0,0,9,11.0,7.50,CRIT(11%),SILENT
371,1,0,0,9,15.2,10.00,CRIT(15%),SILENT
371,2,0,0,9,26.4,8.33,SILENT
371,3,0,0,9,31.0,3.33,SILENT
371,4,0,0,9,19.5,9.17,CRIT(20%),SILENT
372,0,0,0,9,10.9,7.50,CRIT(11%),SILENT
372,1,0,0,9,15.1,10.00,CRIT(15%),SILENT
372,2,0,0,9,26.3,8.33,SILENT
372,3,0,0,9,30.9,3.33,SILENT
372,4,0,0,9,19.4,9.17,CRIT(19%),SILENT
373,0,0,0,9,10.8,7.50,CRIT(11%),SILENT
373,1,0,0,9,15.0,10.00,CRIT(15%),SILENT
373,2,0,0,9,26.2,8.33,SILENT
373,3,0,0,9,30.8,3.33,SILENT
373,4,0,0,9,19.3,9.17,CRIT(19%),SILENT
374,0,0,0,9,10.7,7.50,CRIT(11%),SILENT
374,1,0,0,9,14.9,10.00,CRIT(15%),SILENT
374,2,0,0,9,26.1,8.33,SILENT
374,3,0,0,9,30.7,3.33,SILENT
374,4,0,0,9,19.2,9.17,CRIT(19%),SILENT
375,0,0,0,9,10.6,7.50,CRIT(11%),SILENT
375,1,0,0,9,14.8,10.00,CRIT(15%),SILENT
375,2,0,0,9,26.0,8.33,SILENT
375,3,0,0,9,30.6,3.33,SILENT
375,4,0,0,9,19.1,9.17,CRIT(19%),SILENT
376,0,0,0,9,10.5,7.50,CRIT(10%),SILENT
376,1,0,0,9,14.7,10.00,CRIT(15%),SILENT
376,2,0,0,9,25.9,8.33,SILENT
376,3,0,0,9,30.5,3.33,SILENT
376,4,0,0,9,19.0,9.17,CRIT(19%),SILENT
377,0,0,0,9,10.4,7.50,CRIT(10%),SILENT
377,1,0,0,9,14.6,10.00,CRIT(15%),SILENT
377,2,0,0,9,25.8,8.33,SILENT
377,3,0,0,9,30.4,3.33,SILENT
377,4,0,0,9,18.9,9.17,CRIT(19%),SILENT
378,0,0,0,9,10.3,7.50,CRIT(10%),SILENT
378,1,0,0,9,14.5,10.00,CRIT(15%),SILENT
378,2,0,0,9,25.7,8.33,SILENT
378,3,0,0,9,30.3,3.33,SILENT
378,4,0,0,9,18.8,9.17,CRIT(19%),SILENT
379,0,0,0,9,10.2,7.50,CRIT(10%),SILENT
379,1,0,0,9,14.4,10.00,CRIT(14%),SILENT
379,2,0,0,9,25.6,8.33,SILENT
379,3,0,0,9,30.2,3.33,SILENT
379,4,0,0,9,18.7,9.17,CRIT(19%),SILENT
380,0,0,0,9,10.1,7.50,CRIT(10%),SILENT
380,1,0,0,9,14.3,10.00,CRIT(14%),SILENT
380,2,0,0,9,25.5,8.33,SILENT
380,3,0,0,9,30.1,3.33,SILENT
380,4,0,0,9,18.6,9.17,CRIT(19%),SILENT
381,0,0,0,9,10.0,7.50,CRIT(10%),SILENT
381,1,0,0,9,14.2,10.00,CRIT(14%),SILENT
381,2,0,0,9,25.4,8.33,SILENT
381,3,0,0,9,30.0,3.33,SILENT
381,4,0,0,9,18.5,9.17,CRIT(19%),SILENT
382,0,0,0,9,9.9,7.50,CRIT(10%),SILENT
382,1,0,0,9,14.1,10.00,CRIT(14%),SILENT
382,2,0,0,9,25.3,8.33,SILENT
382,3,0,0,9,29.9,3.33,SILENT
382,4,0,0,9,18.4,9.17,CRIT(18%),SILENT
383,0,0,0,9,9.8,7.50,CRIT(10%),SILENT
383,1,0,0,9,14.0,10.00,CRIT(14%),SILENT
383,2,0,0,9,25.2,8.33,SILENT
383,3,0,0,9,29.8,3.33,SILENT
383,4,0,0,9,18.3,9.17,CRIT(18%),SILENT
384,0,0,0,9,9.7,7.50,CRIT(10%),SILENT
384,1,0,0,9,13.9,10.00,CRIT(14%),SILENT
384,2,0,0,9,25.1,8.33,SILENT
384,3,0,0,9,29.7,3.33,SILENT
384,4,0,0,9,18.2,9.17,CRIT(18%),SILENT
385,0,0,0,9,9.6,7.50,CRIT(10%),SILENT
385,1,0,0,9,13.8,10.00,CRIT(14%),SILENT
385,2,0,0,9,25.0,8.33,SILENT
385,3,0,0,9,29.6,3.33,SILENT
385,4,0,0,9,18.1,9.17,CRIT(18%),SILENT
386,0,0,0,9,9.5,7.50,CRIT(9%),SILENT
386,1,0,0,9,13.7,10.00,CRIT(14%),SILENT
386,2,0,0,9,24.9,8.33,SILENT
386,3,0,0,9,29.5,3.33,SILENT
386,4,0,0,9,18.0,9.17,CRIT(18%),SILENT
387,0,0,0,9,9.4,7.50,CRIT(9%),SILENT
387,1,0,0,9,13.6,10.00,CRIT(14%),SILENT
387,2,0,0,9,24.8,8.33,SILENT
387,3,0,0,9,29.4,3.33,SILENT
387,4,0,0,9,17.9,9.17,CRIT(18%),SILENT
388,0,0,0,9,9.3,7.50,CRIT(9%),SILENT
388,1,0,0,9,13.5,10.00,CRIT(14%),SILENT
388,2,0,0,9,24.7,8.33,SILENT
388,3,0,0,9,29.3,3.33,SILENT
388,4,0,0,9,17.8,9.17,CRIT(18%),SILENT
389,0,0,0,9,9.2,7.50,CRIT(9%),SILENT
389,1,0,0,9,13.4,10.00,CRIT(13%),SILENT
389,2,0,0,9,24.6,8.33,SILENT
389,3,0,0,9,29.2,3.33,SILENT
389,4,0,0,9,17.7,9.17,CRIT(18%),SILENT
390,0,0,0,9,9.1,7.50,CRIT(9%),SILENT
390,1,0,0,9,13.3,10.00,CRIT(13%),SILENT
390,2,0,0,9,24.5,8.33,SILENT
390,3,0,0,9,29.1,3.33,SILENT
390,4,0,0,9,17.6,9.17,CRIT(18%),SILENT
391,0,0,0,9,9.0,7.50,CRIT(9%),SILENT
391,1,0,0,9,13.2,10.00,CRIT(13%),SILENT
391,2,0,0,9,24.4,8.33,SILENT
391,3,0,0,9,29.0,3.33,SILENT
391,4,0,0,9,17.5,9.17,CRIT(18%),SILENT
392,0,0,0,9,8.9,7.50,CRIT(9%),SILENT
392,1,0,0,9,13.1,10.00,CRIT(13%),SILENT
392,2,0,0,9,24.3,8.33,SILENT
392,3,0,0,9,28.9,3.33,SILENT
392,4,0,0,9,17.4,9.17,CRIT(17%),SILENT
393,0,0,0,9,8.8,7.50,CRIT(9%),SILENT
393,1,0,0,9,13.0,10.00,CRIT(13%),SILENT
393,2,0,0,9,24.2,8.33,SILENT
393,3,0,0,9,28.8,3.33,SILENT
393,4,0,0,9,17.3,9.17,CRIT(17%),SILENT
394,0,0,0,9,8.7,7.50,CRIT(9%),SILENT
394,1,0,0,9,12.9,10.00,CRIT(13%),SILENT
394,2,0,0,9,24.1,8.33,SILENT
394,3,0,0,9,28.7,3.33,SILENT
394,4,0,0,9,17.2,9.17,CRIT(17%),SILENT
395,0,0,0,9,8.7,7.50,CRIT(9%),SILENT
395,1,0,0,9,12.8,10.00,CRIT(13%),SILENT
395,2,0,0,9,24.0,8.33,SILENT
395,3,0,0,9,28.6,3.33,SILENT
395,4,0,0,9,17.1,9.17,CRIT(17%),SILENT
396,0,0,0,9,8.7,7.50,CRIT(9%),SILENT
396,1,0,0,9,12.7,10.00,CRIT(13%),SILENT
396,2,0,0,9,23.9,8.33,SILENT
396,3,0,0,9,28.5,3.33,SILENT
396,4,0,0,9,17.0,9.17,CRIT(17%),SILENT
397,0,0,0,9,8.7,7.50,CRIT(9%),SILENT
397,1,0,0,9,12.6,10.00,CRIT(13%),SILENT
397,2,0,0,9,23.8,8.33,SILENT
397,3,0,0,9,28.4,3.33,SILENT
397,4,0,0,9,16.9,9.17,CRIT(17%),SILENT
398,0,0,0,9,8.7,7.50,CRIT(9%),SILENT
398,1,0,0,9,12.5,10.00,CRIT(13%),SILENT
398,2,0,0,9,23.7,8.33,SILENT
398,3,0,0,9,28.3,3.33,SILENT
398,4,0,0,9,16.8,9.17,CRIT(17%),SILENT
399,0,0,0,9,8.7,7.50,CRIT(9%),SILENT
399,1,0,0,9,12.4,10.00,CRIT(12%),SILENT
399,2,0,0,9,23.6,8.33,SILENT
399,3,0,0,9,28.2,3.33,SILENT
399,4,0,0,9,16.7,9.17,CRIT(17%),SILENT
400,0,0,0,9,8.7,7.50,CRIT(9%),SILENT
400,1,0,0,9,12.3,10.00,CRIT(12%),SILENT
400,2,0,0,9,23.5,8.33,SILENT
400,3,0,0,9,28.1,3.33,SILENT
400,4,0,0,9,16.6,9.17,CRIT(17%),SILENT
401,0,0,0,9,8.7,7.50,CRIT(9%),SILENT
401,1,0,0,9,12.2,10.00,CRIT(12%),SILENT
401,2,0,0,9,23.4,8.33,SILENT
401,3,0,0,9,28.0,3.33,SILENT
401,4,0,0,9,16.5,9.17,CRIT(17%),SILENT
402,0,0,0,9,8.7,7.50,CRIT(9%),SILENT
402,1,0,0,9,12.1,10.00,CRIT(12%),SILENT
402,2,0,0,9,23.3,8.33,SILENT
402,3,0,0,9,27.9,3.33,SILENT
402,4,0,0,9,16.4,9.17,CRIT(16%),SILENT
403,0,0,0,9,8.7,7.50,CRIT(9%),SILENT
403,1,0,0,9,12.0,10.00,CRIT(12%),SILENT
403,2,0,0,9,23.2,8.33,SILENT
403,3,0,0,9,27.8,3.33,SILENT
403,4,0,0,9,16.3,9.17,CRIT(16%),SILENT
404,0,0,0,9,8.7,7.50,CRIT(9%),SILENT
404,1,0,0,9,11.9,10.00,CRIT(12%),SILENT
404,2,0,0,9,23.1,8.33,SILENT
404,3,0,0,9,27.7,3.33,SILENT
404,4,0,0,9,16.2,9.17,CRIT(16%),SILENT
405,0,0,0,9,8.7,7.50,CRIT(9%),SILENT
405,1,0,0,9,11.8,10.00,CRIT(12%),SILENT
405,2,0,0,9,23.1,8.33,SILENT
405,3,0,0,9,27.6,3.33,SILENT
405,4,0,0,9,16.1,9.17,CRIT(16%),SILENT
406,0,0,0,9,8.7,7.50,CRIT(9%),SILENT
406,1,0,0,9,11.7,10.00,CRIT(12%),SILENT
406,2,0,0,9,23.1,8.33,SILENT
406,3,0,0,9,27.5,3.33,SILENT
406,4,0,0,9,16.0,9.17,CRIT(16%),SILENT
407,0,0,0,9,8.7,7.50,CRIT(9%),SILENT
407,1,0,0,9,11.6,10.00,CRIT(12%),SILENT
407,2,0,0,9,23.1,8.33,SILENT
407,3,0,0,9,27.4,3.33,SILENT
407,4,0,0,9,15.9,9.17,CRIT(16%),SILENT
408,0,0,0,9,8.7,7.50,CRIT(9%),SILENT
408,1,0,0,9,11.5,10.00,CRIT(12%),SILENT
408,2,0,0,9,23.1,8.33,SILENT
408,3,0,0,9,27.3,3.33,SILENT
408,4,0,0,9,15.8,9.17,CRIT(16%),SILENT
409,0,0,0,9,8.7,7.50,CRIT(9%),SILENT
409,1,0,0,9,11.4,10.00,CRIT(11%),SILENT
409,2,0,0,9,23.1,8.33,SILENT
409,3,0,0,9,27.2,3.33,SILENT
409,4,0,0,9,15.7,9.17,CRIT(16%),SILENT
410,0,0,0,9,8.7,7.50,CRIT(9%),SILENT
410,1,0,0,9,11.3,10.00,CRIT(11%),SILENT
410,2,0,0,9,23.1,8.33,SILENT
410,3,0,0,9,27.1,3.33,SILENT
410,4,0,0,9,15.6,9.17,CRIT(16%),SILENT
411,0,0,0,9,8.7,7.50,CRIT(9%),SILENT
411,1,0,0,9,11.2,10.00,CRIT(11%),SILENT
411,2,0,0,9,23.1,8.33,SILENT
411,3,0,0,9,27.0,3.33,SILENT
411,4,0,0,9,15.5,9.17,CRIT(16%),SILENT
412,0,0,0,9,8.7,7.50,CRIT(9%),SILENT
412,1,0,0,9,11.1,10.00,CRIT(11%),SILENT
412,2,0,0,9,23.1,8.33,SILENT
412,3,0,0,9,26.9,3.33,SILENT
412,4,0,0,9,15.4,9.17,CRIT(15%),SILENT
413,0,0,0,9,8.7,7.50,CRIT(9%),SILENT
413,1,0,0,9,11.0,10.00,CRIT(11%),SILENT
413,2,0,0,9,23.1,8.33,SILENT
413,3,0,0,9,26.8,3.33,SILENT
413,4,0,0,9,15.3,9.17,CRIT(15%),SILENT
414,0,0,0,9,8.7,7.50,CRIT(9%),SILENT
414,1,0,0,9,10.9,10.00,CRIT(11%),SILENT
414,2,0,0,9,23.1,8.33,SILENT
414,3,0,0,9,26.7,3.33,SILENT
414,4,0,0,9,15.3,9.17,CRIT(15%),SILENT
415,0,0,0,9,8.7,7.50,CRIT(9%),SILENT
415,1,0,0,9,10.8,10.00,CRIT(11%),SILENT
415,2,0,0,9,23.1,8.33,SILENT
415,3,0,0,9,26.6,3.33,SILENT
415,4,0,0,9,15.3,9.17,CRIT(15%),SILENT
416,0,0,0,9,8.7,7.50,CRIT(9%),SILENT
416,1,0,0,9,10.7,10.00,CRIT(11%),SILENT
416,2,0,0,9,23.1,8.33,SILENT
416,3,0,0,9,26.5,3.33,SILENT
416,4,0,0,9,15.3,9.17,CRIT(15%),SILENT
417,0,0,0,9,8.7,7.50,CRIT(9%),SILENT
417,1,0,0,9,10.6,10.00,CRIT(11%),SILENT
417,2,0,0,9,23.1,8.33,SILENT
417,3,0,0,9,26.4,3.33,SILENT
417,4,0,0,9,15.3,9.17,CRIT(15%),SILENT
418,0,0,0,9,8.7,7.50,CRIT(9%),SILENT
418,1,0,0,9,10.5,10.00,CRIT(11%),SILENT
418,2,0,0,9,23.1,8.33,SILENT
418,3,0,0,9,26.3,3.33,SILENT
418,4,0,0,9,15.3,9.17,CRIT(15%),SILENT
419,0,0,0,9,8.7,7.50,CRIT(9%),SILENT
419,1,0,0,9,10.4,10.00,CRIT(10%),SILENT
419,2,0,0,9,23.1,8.33,SILENT
419,3,0,0,9,26.2,3.33,SILENT
419,4,0,0,9,15.3,9.17,CRIT(15%),SILENT
420,0,0,0,9,8.7,7.50,CRIT(9%),SILENT
420,1,0,0,9,10.3,10.00,CRIT(10%),SILENT
420,2,0,0,9,23.1,8.33,SILENT
420,3,0,0,9,26.1,3.33,SILENT
420,4,0,0,9,15.3,9.17,CRIT(15%),SILENT
421,0,0,0,9,8.7,7.50,CRIT(9%),SILENT
421,1,0,0,9,10.2,10.00,CRIT(10%),SILENT
421,2,0,0,9,23.1,8.33,SILENT
421,3,0,0,9,26.0,3.33,SILENT
421,4,0,0,9,15.3,9.17,CRIT(15%),SILENT
422,0,0,0,9,8.7,7.50,CRIT(9%),SILENT
422,1,0,0,9,10.1,10.00,CRIT(10%),SILENT
422,2,0,0,9,23.1,8.33,SILENT
422,3,0,0,9,25.9,3.33,SILENT
422,4,0,0,9,15.3,9.17,CRIT(15%),SILENT
423,0,0,0,9,8.7,7.50,CRIT(9%),SILENT
423,1,0,0,9,10.0,10.00,CRIT(10%),SILENT
423,2,0,0,9,23.1,8.33,SILENT
423,3,0,0,9,25.8,3.33,SILENT
423,4,0,0,9,15.3,9.17,CRIT(15%),SILENT
424,0,0,0,9,8.6,7.50,CRIT(9%),SILENT
424,1,0,0,9,9.9,10.00,CRIT(10%),SILENT
424,2,0,0,9,23.1,8.33,SILENT
424,3,0,0,9,25.7,3.33,SILENT
424,4,0,0,9,15.3,9.17,CRIT(15%),SILENT
425,0,0,0,9,8.5,7.50,CRIT(8%),SILENT
425,1,0,0,9,9.8,10.00,CRIT(10%),SILENT
425,2,0,0,9,23.1,8.33,SILENT
425,3,0,0,9,25.6,3.33,SILENT
425,4,0,0,9,15.3,9.17,CRIT(15%),SILENT
426,0,0,0,9,8.4,7.50,CRIT(8%),SILENT
426,1,0,0,9,9.7,10.00,CRIT(10%),SILENT
426,2,0,0,9,23.1,8.33,SILENT
426,3,0,0,9,25.5,3.33,SILENT
426,4,0,0,9,15.3,9.17,CRIT(15%),SILENT
427,0,0,0,9,8.3,7.50,CRIT(8%),SILENT
427,1,0,0,9,9.6,10.00,CRIT(10%),SILENT
427,2,0,0,9,23.1,8.33,SILENT
427,3,0,0,9,25.4,3.33,SILENT
427,4,0,0,9,15.3,9.17,CRIT(15%),SILENT
428,0,0,0,9,8.2,7.50,CRIT(8%),SILENT
428,1,0,0,9,9.5,10.00,CRIT(10%),SILENT
428,2,0,0,9,23.1,8.33,SILENT
428,3,0,0,9,25.3,3.33,SILENT
428,4,0,0,9,15.3,9.17,CRIT(15%),SILENT
429,0,0,0,9,8.1,7.50,CRIT(8%),SILENT
429,1,0,0,9,9.4,10.00,CRIT(9%),SILENT
429,2,0,0,9,23.1,8.33,SILENT
429,3,0,0,9,25.2,3.33,SILENT
429,4,0,0,9,15.3,9.17,CRIT(15%),SILENT
430,0,0,0,9,8.0,7.50,CRIT(8%),SILENT
430,1,0,0,9,9.3,10.00,CRIT(9%),SILENT
430,2,0,0,9,23.1,8.33,SILENT
430,3,0,0,9,25.1,3.33,SILENT
430,4,0,0,9,15.3,9.17,CRIT(15%),SILENT
431,0,0,0,9,7.9,7.50,CRIT(8%),SILENT
431,1,0,0,9,9.2,10.00,CRIT(9%),SILENT
431,2,0,0,9,23.1,8.33,SILENT
431,3,0,0,9,25.0,3.33,SILENT
431,4,0,0,9,15.3,9.17,CRIT(15%),SILENT
432,0,0,0,9,7.8,7.50,CRIT(8%),SILENT
432,1,0,0,9,9.1,10.00,CRIT(9%),SILENT
432,2,0,0,9,23.1,8.33,SILENT
432,3,0,0,9,24.9,3.33,SILENT
432,4,0,0,9,15.3,9.17,CRIT(15%),SILENT
433,0,0,0,9,7.7,7.50,CRIT(8%),SILENT
433,1,0,0,9,9.0,10.00,CRIT(9%),SILENT
433,2,0,0,9,23.1,8.33,SILENT
433,3,0,0,9,24.8,3.33,SILENT
433,4,0,0,9,15.3,9.17,CRIT(15%),SILENT
434,0,0,0,9,7.6,7.50,CRIT(8%),SILENT
434,1,0,0,9,8.9,10.00,CRIT(9%),SILENT
434,2,0,0,9,23.0,8.33,SILENT
434,3,0,0,9,24.7,3.33,SILENT
434,4,0,0,9,15.3,9.17,CRIT(15%),SILENT
435,0,0,0,9,7.5,7.50,CRIT(7%),SILENT
435,1,0,0,9,8.8,10.00,CRIT(9%),SILENT
435,2,0,0,9,22.9,8.33,SILENT
435,3,0,0,9,24.6,3.33,SILENT
435,4,0,0,9,15.3,9.17,CRIT(15%),SILENT
436,0,0,0,9,7.4,7.50,CRIT(7%),SILENT
436,1,0,0,9,8.7,10.00,CRIT(9%),SILENT
436,2,0,0,9,22.8,8.33,SILENT
436,3,0,0,9,24.5,3.33,SILENT
436,4,0,0,9,15.3,9.17,CRIT(15%),SILENT
437,0,0,0,9,7.3,7.50,CRIT(7%),SILENT
437,1,0,0,9,8.6,10.00,CRIT(9%),SILENT
437,2,0,0,9,22.7,8.33,SILENT
437,3,0,0,9,24.4,3.33,SILENT
437,4,0,0,9,15.3,9.17,CRIT(15%),SILENT
438,0,0,0,9,7.2,7.50,CRIT(7%),SILENT
438,1,0,0,9,8.5,10.00,CRIT(9%),SILENT
438,2,0,0,9,22.6,8.33,SILENT
438,3,0,0,9,24.3,3.33,SILENT
438,4,0,0,9,15.3,9.17,CRIT(15%),SILENT
439,0,0,0,9,7.1,7.50,CRIT(7%),SILENT
439,1,0,0,9,8.4,10.00,CRIT(8%),SILENT
439,2,0,0,9,22.5,8.33,SILENT
439,3,0,0,9,24.2,3.33,SILENT
439,4,0,0,9,15.3,9.17,CRIT(15%),SILENT
440,0,0,0,9,7.0,7.50,CRIT(7%),SILENT
440,1,0,0,9,8.3,10.00,CRIT(8%),SILENT
440,2,0,0,9,22.4,8.33,SILENT
440,3,0,0,9,24.1,3.33,SILENT
440,4,0,0,9,15.3,9.17,CRIT(15%),SILENT
441,0,0,0,9,6.9,7.50,CRIT(7%),SILENT
441,1,0,0,9,8.2,10.00,CRIT(8%),SILENT
441,2,0,0,9,22.3,8.33,SILENT
441,3,0,0,9,24.0,3.33,SILENT
441,4,0,0,9,15.3,9.17,CRIT(15%),SILENT
442,0,0,0,9,6.8,7.50,CRIT(7%),SILENT
442,1,0,0,9,8.1,10.00,CRIT(8%),SILENT
442,2,0,0,9,22.2,8.33,SILENT
442,3,0,0,9,23.9,3.33,SILENT
442,4,0,0,9,15.3,9.17,CRIT(15%),SILENT
443,0,0,0,9,6.7,7.50,CRIT(7%),SILENT
443,1,0,0,9,8.0,10.00,CRIT(8%),SILENT
443,2,0,0,9,22.1,8.33,SILENT
443,3,0,0,9,23.8,3.33,SILENT
443,4,0,0,9,15.2,9.17,CRIT(15%),SILENT
444,0,0,0,9,6.6,7.50,CRIT(7%),SILENT
444,1,0,0,9,7.9,10.00,CRIT(8%),SILENT
444,2,0,0,9,22.0,8.33,SILENT
444,3,0,0,9,23.7,3.33,SILENT
444,4,0,0,9,15.1,9.17,CRIT(15%),SILENT
445,0,0,0,9,6.5,7.50,CRIT(6%),SILENT
445,1,0,0,9,7.8,10.00,CRIT(8%),SILENT
445,2,0,0,9,21.9,8.33,SILENT
445,3,0,0,9,23.6,3.33,SILENT
445,4,0,0,9,15.0,9.17,CRIT(15%),SILENT
446,0,0,0,9,6.4,7.50,CRIT(6%),SILENT
446,1,0,0,9,7.7,10.00,CRIT(8%),SILENT
446,2,0,0,9,21.8,8.33,SILENT
446,3,0,0,9,23.5,3.33,SILENT
446,4,0,0,9,14.9,9.17,CRIT(15%),SILENT
447,0,0,0,9,6.3,7.50,CRIT(6%),SILENT
447,1,0,0,9,7.6,10.00,CRIT(8%),SILENT
447,2,0,0,9,21.7,8.33,SILENT
447,3,0,0,9,23.4,3.33,SILENT
447,4,0,0,9,14.8,9.17,CRIT(15%),SILENT
448,0,0,0,9,6.2,7.50,CRIT(6%),SILENT
448,1,0,0,9,7.5,10.00,CRIT(8%),SILENT
448,2,0,0,9,21.6,8.33,SILENT
448,3,0,0,9,23.3,3.33,SILENT
448,4,0,0,9,14.7,9.17,CRIT(15%),SILENT
449,0,0,0,9,6.1,7.50,CRIT(6%),SILENT
449,1,0,0,9,7.4,10.00,CRIT(7%),SILENT
449,2,0,0,9,21.5,8.33,SILENT
449,3,0,0,9,23.2,3.33,SILENT
449,4,0,0,9,14.6,9.17,CRIT(15%),SILENT
450,0,0,0,9,6.0,7.50,CRIT(6%),SILENT
450,1,0,0,9,7.3,10.00,CRIT(7%),SILENT
450,2,0,0,9,21.4,8.33,SILENT
450,3,0,0,9,23.1,3.33,SILENT
450,4,0,0,9,14.5,9.17,CRIT(15%),SILENT
451,0,0,0,9,5.9,7.50,CRIT(6%),SILENT
451,1,0,0,9,7.2,10.00,CRIT(7%),SILENT
451,2,0,0,9,21.3,8.33,SILENT
451,3,0,0,9,23.0,3.33,SILENT
451,4,0,0,9,14.4,9.17,CRIT(14%),SILENT
452,0,0,0,9,5.8,7.50,CRIT(6%),SILENT
452,1,0,0,9,7.1,10.00,CRIT(7%),SILENT
452,2,0,0,9,21.2,8.33,SILENT
452,3,0,0,9,22.9,3.33,SILENT
452,4,0,0,9,14.3,9.17,CRIT(14%),SILENT
453,0,0,0,9,5.7,7.50,CRIT(6%),SILENT
453,1,0,0,9,7.0,10.00,CRIT(7%),SILENT
453,2,0,0,9,21.1,8.33,SILENT
453,3,0,0,9,22.8,3.33,SILENT
453,4,0,0,9,14.2,9.17,CRIT(14%),SILENT
454,0,0,0,9,5.6,7.50,CRIT(6%),SILENT
454,1,0,0,9,6.9,10.00,CRIT(7%),SILENT
454,2,0,0,9,21.0,8.33,SILENT
454,3,0,0,9,22.7,3.33,SILENT
454,4,0,0,9,14.1,9.17,CRIT(14%),SILENT
455,0,0,0,9,5.5,7.50,CRIT(5%),SILENT
455,1,0,0,9,6.8,10.00,CRIT(7%),SILENT
455,2,0,0,9,20.9,8.33,SILENT
455,3,0,0,9,22.6,3.33,SILENT
455,4,0,0,9,14.0,9.17,CRIT(14%),SILENT
456,0,0,0,9,5.4,7.50,CRIT(5%),SILENT
456,1,0,0,9,6.7,10.00,CRIT(7%),SILENT
456,2,0,0,9,20.8,8.33,SILENT
456,3,0,0,9,22.5,3.33,SILENT
456,4,0,0,9,13.9,9.17,CRIT(14%),SILENT
457,0,0,0,9,5.3,7.50,CRIT(5%),SILENT
457,1,0,0,9,6.6,10.00,CRIT(7%),SILENT
457,2,0,0,9,20.7,8.33,SILENT
457,3,0,0,9,22.4,3.33,SILENT
457,4,0,0,9,13.8,9.17,CRIT(14%),SILENT
458,0,0,0,9,5.2,7.50,CRIT(5%),SILENT
458,1,0,0,9,6.5,10.00,CRIT(7%),SILENT
458,2,0,0,9,20.6,8.33,SILENT
458,3,0,0,9,22.3,3.33,SILENT
458,4,0,0,9,13.7,9.17,CRIT(14%),SILENT
459,0,0,0,9,5.1,7.50,CRIT(5%),SILENT
459,1,0,0,9,6.4,10.00,CRIT(6%),SILENT
459,2,0,0,9,20.5,8.33,SILENT
459,3,0,0,9,22.2,3.33,SILENT
459,4,0,0,9,13.6,9.17,CRIT(14%),SILENT
460,0,0,0,9,5.0,7.50,CRIT(5%),SILENT
460,1,0,0,9,6.3,10.00,CRIT(6%),SILENT
460,2,0,0,9,20.4,8.33,SILENT
460,3,0,0,9,22.1,3.33,SILENT
460,4,0,0,9,13.5,9.17,CRIT(14%),SILENT
461,0,0,0,9,4.9,7.50,CRIT(5%),SILENT
461,1,0,0,9,6.2,10.00,CRIT(6%),SILENT
461,2,0,0,9,20.3,8.33,SILENT
461,3,0,0,9,22.0,3.33,SILENT
461,4,0,0,9,13.4,9.17,CRIT(13%),SILENT
462,0,0,0,9,4.8,7.50,CRIT(5%),SILENT
462,1,0,0,9,6.1,10.00,CRIT(6%),SILENT
462,2,0,0,9,20.2,8.33,SILENT
462,3,0,0,9,21.9,3.33,SILENT
462,4,0,0,9,13.3,9.17,CRIT(13%),SILENT
463,0,0,0,9,4.7,7.50,CRIT(5%),SILENT
463,1,0,0,9,6.0,10.00,CRIT(6%),SILENT
463,2,0,0,9,20.1,8.33,SILENT
463,3,0,0,9,21.8,3.33,SILENT
463,4,0,0,9,13.2,9.17,CRIT(13%),SILENT
464,0,0,0,9,4.6,7.50,CRIT(5%),SILENT
464,1,0,0,9,5.9,10.00,CRIT(6%),SILENT
464,2,0,0,9,20.0,8.33,SILENT
464,3,0,0,9,21.7,3.33,SILENT
464,4,0,0,9,13.1,9.17,CRIT(13%),SILENT
465,0,0,0,9,4.5,7.50,CRIT(4%),SILENT
465,1,0,0,9,5.8,10.00,CRIT(6%),SILENT
465,2,0,0,9,19.9,8.33,CRIT(20%),SILENT
465,3,0,0,9,21.6,3.33,SILENT
465,4,0,0,9,13.0,9.17,CRIT(13%),SILENT
466,0,0,0,9,4.4,7.50,CRIT(4%),SILENT
466,1,0,0,9,5.7,10.00,CRIT(6%),SILENT
466,2,0,0,9,19.8,8.33,CRIT(20%),SILENT
466,3,0,0,9,21.5,3.33,SILENT
466,4,0,0,9,12.9,9.17,CRIT(13%),SILENT
467,0,0,0,9,4.3,7.50,CRIT(4%),SILENT
467,1,0,0,9,5.6,10.00,CRIT(6%),SILENT
467,2,0,0,9,19.7,8.33,CRIT(20%),SILENT
467,3,0,0,9,21.4,3.33,SILENT
467,4,0,0,9,12.8,9.17,CRIT(13%),SILENT
468,0,0,0,9,4.2,7.50,CRIT(4%),SILENT
468,1,0,0,9,5.5,10.00,CRIT(6%),SILENT
468,2,0,0,9,19.6,8.33,CRIT(20%),SILENT
468,3,0,0,9,21.3,3.33,SILENT
468,4,0,0,9,12.7,9.17,CRIT(13%),SILENT
469,0,0,0,9,4.1,7.50,CRIT(4%),SILENT
469,1,0,0,9,5.4,10.00,CRIT(5%),SILENT
469,2,0,0,9,19.5,8.33,CRIT(20%),SILENT
469,3,0,0,9,21.2,3.33,SILENT
469,4,0,0,9,12.6,9.17,CRIT(13%),SILENT
470,0,0,0,9,4.0,7.50,CRIT(4%),SILENT
470,1,0,0,9,5.3,10.00,CRIT(5%),SILENT
470,2,0,0,9,19.4,8.33,CRIT(19%),SILENT
470,3,0,0,9,21.1,3.33,SILENT
470,4,0,0,9,12.5,9.17,CRIT(13%),SILENT
471,0,0,0,9,3.9,7.50,CRIT(4%),SILENT
471,1,0,0,9,5.2,10.00,CRIT(5%),SILENT
471,2,0,0,9,19.3,8.33,CRIT(19%),SILENT
471,3,0,0,9,21.0,3.33,SILENT
471,4,0,0,9,12.4,9.17,CRIT(12%),SILENT
472,0,0,0,9,3.8,7.50,CRIT(4%),SILENT
472,1,0,0,9,5.1,10.00,CRIT(5%),SILENT
472,2,0,0,9,19.2,8.33,CRIT(19%),SILENT
472,3,0,0,9,20.9,3.33,SILENT
472,4,0,0,9,12.3,9.17,CRIT(12%),SILENT
473,0,0,0,9,3.7,7.50,CRIT(4%),SILENT
473,1,0,0,9,5.0,10.00,CRIT(5%),SILENT
473,2,0,0,9,19.1,8.33,CRIT(19%),SILENT
473,3,0,0,9,20.8,3.33,SILENT
473,4,0,0,9,12.2,9.17,CRIT(12%),SILENT
474,0,0,0,9,3.6,7.50,CRIT(4%),SILENT
474,1,0,0,9,4.9,10.00,CRIT(5%),SILENT
474,2,0,0,9,19.0,8.33,CRIT(19%),SILENT
474,3,0,0,9,20.7,3.33,SILENT
474,4,0,0,9,12.1,9.17,CRIT(12%),SILENT
475,0,0,0,9,3.5,7.50,CRIT(3%),SILENT
475,1,0,0,9,4.8,10.00,CRIT(5%),SILENT
475,2,0,0,9,18.9,8.33,CRIT(19%),SILENT
475,3,0,0,9,20.6,3.33,SILENT
475,4,0,0,9,12.0,9.17,CRIT(12%),SILENT
476,0,0,0,9,3.4,7.50,CRIT(3%),SILENT
476,1,0,0,9,4.7,10.00,CRIT(5%),SILENT
476,2,0,0,9,18.8,8.33,CRIT(19%),SILENT
476,3,0,0,9,20.5,3.33,SILENT
476,4,0,0,9,11.9,9.17,CRIT(12%),SILENT
477,0,0,0,9,3.3,7.50,CRIT(3%),SILENT
477,1,0,0,9,4.6,10.00,CRIT(5%),SILENT
477,2,0,0,9,18.7,8.33,CRIT(19%),SILENT
477,3,0,0,9,20.4,3.33,SILENT
477,4,0,0,9,11.8,9.17,CRIT(12%),SILENT
478,0,0,0,9,3.2,7.50,CRIT(3%),SILENT
478,1,0,0,9,4.5,10.00,CRIT(5%),SILENT
478,2,0,0,9,18.6,8.33,CRIT(19%),SILENT
478,3,0,0,9,20.3,3.33,SILENT
478,4,0,0,9,11.7,9.17,CRIT(12%),SILENT
479,0,0,0,9,3.1,7.50,CRIT(3%),SILENT
479,1,0,0,9,4.4,10.00,CRIT(4%),SILENT
479,2,0,0,9,18.5,8.33,CRIT(19%),SILENT
479,3,0,0,9,20.2,3.33,SILENT
479,4,0,0,9,11.6,9.17,CRIT(12%),SILENT
480,0,0,0,9,3.0,7.50,CRIT(3%),SILENT
480,1,0,0,9,4.3,10.00,CRIT(4%),SILENT
480,2,0,0,9,18.4,8.33,CRIT(18%),SILENT
480,3,0,0,9,20.1,3.33,SILENT
480,4,0,0,9,11.5,9.17,CRIT(12%),SILENT
481,0,0,0,9,2.9,7.50,CRIT(3%),SILENT
481,1,0,0,9,4.2,10.00,CRIT(4%),SILENT
481,2,0,0,9,18.3,8.33,CRIT(18%),SILENT
481,3,0,0,9,20.0,3.33,SILENT
481,4,0,0,9,11.4,9.17,CRIT(11%),SILENT
482,0,0,0,9,2.8,7.50,CRIT(3%),SILENT
482,1,0,0,9,4.1,10.00,CRIT(4%),SILENT
482,2,0,0,9,18.2,8.33,CRIT(18%),SILENT
482,3,0,0,9,19.9,3.33,CRIT(20%),SILENT
482,4,0,0,9,11.3,9.17,CRIT(11%),SILENT
483,0,0,0,9,2.7,7.50,CRIT(3%),SILENT
483,1,0,0,9,4.0,10.00,CRIT(4%),SILENT
483,2,0,0,9,18.1,8.33,CRIT(18%),SILENT
483,3,0,0,9,19.8,3.33,CRIT(20%),SILENT
483,4,0,0,9,11.2,9.17,CRIT(11%),SILENT
484,0,0,0,9,2.6,7.50,CRIT(3%),SILENT
484,1,0,0,9,3.9,10.00,CRIT(4%),SILENT
484,2,0,0,9,18.0,8.33,CRIT(18%),SILENT
484,3,0,0,9,19.7,3.33,CRIT(20%),SILENT
484,4,0,0,9,11.1,9.17,CRIT(11%),SILENT
485,0,0,0,9,2.5,7.50,CRIT(2%),SILENT
485,1,0,0,9,3.8,10.00,CRIT(4%),SILENT
485,2,0,0,9,17.9,8.33,CRIT(18%),SILENT
485,3,0,0,9,19.6,3.33,CRIT(20%),SILENT
485,4,0,0,9,11.0,9.17,CRIT(11%),SILENT
486,0,0,0,9,2.4,7.50,CRIT(2%),SILENT
486,1,0,0,9,3.7,10.00,CRIT(4%),SILENT
486,2,0,0,9,17.8,8.33,CRIT(18%),SILENT
486,3,0,0,9,19.5,3.33,CRIT(20%),SILENT
486,4,0,0,9,10.9,9.17,CRIT(11%),SILENT
487,0,0,0,9,2.3,7.50,CRIT(2%),SILENT
487,1,0,0,9,3.6,10.00,CRIT(4%),SILENT
487,2,0,0,9,17.7,8.33,CRIT(18%),SILENT
487,3,0,0,9,19.4,3.33,CRIT(19%),SILENT
487,4,0,0,9,10.8,9.17,CRIT(11%),SILENT
488,0,0,0,9,2.2,7.50,CRIT(2%),SILENT
488,1,0,0,9,3.5,10.00,CRIT(4%),SILENT
488,2,0,0,9,17.6,8.33,CRIT(18%),SILENT
488,3,0,0,9,19.3,3.33,CRIT(19%),SILENT
488,4,0,0,9,10.7,9.17,CRIT(11%),SILENT
489,0,0,0,9,2.1,7.50,CRIT(2%),SILENT
489,1,0,0,9,3.4,10.00,CRIT(3%),SILENT
489,2,0,0,9,17.5,8.33,CRIT(18%),SILENT
489,3,0,0,9,19.2,3.33,CRIT(19%),SILENT
489,4,0,0,9,10.6,9.17,CRIT(11%),SILENT
490,0,0,0,9,2.0,7.50,CRIT(2%),SILENT
490,1,0,0,9,3.3,10.00,CRIT(3%),SILENT
490,2,0,0,9,17.4,8.33,CRIT(17%),SILENT
490,3,0,0,9,19.1,3.33,CRIT(19%),SILENT
490,4,0,0,9,10.5,9.17,CRIT(11%),SILENT
491,0,0,0,9,1.9,7.50,CRIT(2%),SILENT
491,1,0,0,9,3.2,10.00,CRIT(3%),SILENT
491,2,0,0,9,17.3,8.33,CRIT(17%),SILENT
491,3,0,0,9,19.0,3.33,CRIT(19%),SILENT
491,4,0,0,9,10.4,9.17,CRIT(10%),SILENT
492,0,0,0,9,1.8,7.50,CRIT(2%),SILENT
492,1,0,0,9,3.1,10.00,CRIT(3%),SILENT
492,2,0,0,9,17.2,8.33,CRIT(17%),SILENT
492,3,0,0,9,18.9,3.33,CRIT(19%),SILENT
492,4,0,0,9,10.3,9.17,CRIT(10%),SILENT
493,0,0,0,9,1.7,7.50,CRIT(2%),SILENT
493,1,0,0,9,3.0,10.00,CRIT(3%),SILENT
493,2,0,0,9,17.1,8.33,CRIT(17%),SILENT
493,3,0,0,9,18.8,3.33,CRIT(19%),SILENT
493,4,0,0,9,10.2,9.17,CRIT(10%),SILENT
494,0,0,0,9,1.6,7.50,CRIT(2%),SILENT
494,1,0,0,9,2.9,10.00,CRIT(3%),SILENT
494,2,0,0,9,17.0,8.33,CRIT(17%),SILENT
494,3,0,0,9,18.7,3.33,CRIT(19%),SILENT
494,4,0,0,9,10.1,9.17,CRIT(10%),SILENT
495,0,0,0,9,1.5,7.50,CRIT(1%),SILENT
495,1,0,0,9,2.8,10.00,CRIT(3%),SILENT
495,2,0,0,9,16.9,8.33,CRIT(17%),SILENT
495,3,0,0,9,18.6,3.33,CRIT(19%),SILENT
495,4,0,0,9,10.0,9.17,CRIT(10%),SILENT
496,0,0,0,9,1.4,7.50,CRIT(1%),SILENT
496,1,0,0,9,2.7,10.00,CRIT(3%),SILENT
496,2,0,0,9,16.8,8.33,CRIT(17%),SILENT
496,3,0,0,9,18.5,3.33,CRIT(19%),SILENT
496,4,0,0,9,9.9,9.17,CRIT(10%),SILENT
497,0,0,0,9,1.3,7.50,CRIT(1%),SILENT
497,1,0,0,9,2.6,10.00,CRIT(3%),SILENT
497,2,0,0,9,16.7,8.33,CRIT(17%),SILENT
497,3,0,0,9,18.4,3.33,CRIT(18%),SILENT
497,4,0,0,9,9.8,9.17,CRIT(10%),SILENT
498,0,0,0,9,1.2,7.50,CRIT(1%),SILENT
498,1,0,0,9,2.5,10.00,CRIT(3%),SILENT
498,2,0,0,9,16.6,8.33,CRIT(17%),SILENT
498,3,0,0,9,18.3,3.33,CRIT(18%),SILENT
498,4,0,0,9,9.7,9.17,CRIT(10%),SILENT
499,0,0,0,9,1.1,7.50,CRIT(1%),SILENT
499,1,0,0,9,2.4,10.00,CRIT(2%),SILENT
499,2,0,0,9,16.5,8.33,CRIT(17%),SILENT
499,3,0,0,9,18.2,3.33,CRIT(18%),SILENT
499,4,0,0,9,9.6,9.17,CRIT(10%),SILENT
500,0,0,0,9,1.0,7.50,CRIT(1%),SILENT
500,1,0,0,9,2.3,10.00,CRIT(2%),SILENT
500,2,0,0,9,16.4,8.33,CRIT(16%),SILENT
500,3,0,0,9,18.1,3.33,CRIT(18%),SILENT
500,4,0,0,9,9.5,9.17,CRIT(10%),SILENT
501,0,0,0,9,0.9,7.50,CRIT(1%),SILENT
501,1,0,0,9,2.2,10.00,CRIT(2%),SILENT
501,2,0,0,9,16.3,8.33,CRIT(16%),SILENT
501,3,0,0,9,18.0,3.33,CRIT(18%),SILENT
501,4,0,0,9,9.4,9.17,CRIT(9%),SILENT
502,0,0,0,9,0.8,7.50,CRIT(1%),SILENT
502,1,0,0,9,2.1,10.00,CRIT(2%),SILENT
502,2,0,0,9,16.2,8.33,CRIT(16%),SILENT
502,3,0,0,9,17.9,3.33,CRIT(18%),SILENT
502,4,0,0,9,9.3,9.17,CRIT(9%),SILENT
503,0,0,0,9,0.7,7.50,CRIT(1%),SILENT
503,1,0,0,9,2.0,10.00,CRIT(2%),SILENT
503,2,0,0,9,16.1,8.33,CRIT(16%),SILENT
503,3,0,0,9,17.8,3.33,CRIT(18%),SILENT
503,4,0,0,9,9.2,9.17,CRIT(9%),SILENT
504,0,0,0,9,0.6,7.50,CRIT(1%),SILENT
504,1,0,0,9,1.9,10.00,CRIT(2%),SILENT
504,2,0,0,9,16.0,8.33,CRIT(16%),SILENT
504,3,0,0,9,17.7,3.33,CRIT(18%),SILENT
504,4,0,0,9,9.1,9.17,CRIT(9%),SILENT
505,0,0,0,9,0.5,7.50,CRIT(0%),SILENT
505,1,0,0,9,1.8,10.00,CRIT(2%),SILENT
505,2,0,0,9,15.9,8.33,CRIT(16%),SILENT
505,3,0,0,9,17.6,3.33,CRIT(18%),SILENT
505,4,0,0,9,9.0,9.17,CRIT(9%),SILENT
506,0,0,0,9,0.4,7.50,CRIT(0%),SILENT
506,1,0,0,9,1.7,10.00,CRIT(2%),SILENT
506,2,0,0,9,15.8,8.33,CRIT(16%),SILENT
506,3,0,0,9,17.5,3.33,CRIT(18%),SILENT
506,4,0,0,9,8.9,9.17,CRIT(9%),SILENT
507,0,0,0,9,0.3,7.50,CRIT(0%),SILENT
507,1,0,0,9,1.6,10.00,CRIT(2%),SILENT
507,2,0,0,9,15.7,8.33,CRIT(16%),SILENT
507,3,0,0,9,17.4,3.33,CRIT(17%),SILENT
507,4,0,0,9,8.8,9.17,CRIT(9%),SILENT
508,0,0,0,9,0.2,7.50,CRIT(0%),SILENT
508,1,0,0,9,1.5,10.00,CRIT(2%),SILENT
508,2,0,0,9,15.6,8.33,CRIT(16%),SILENT
508,3,0,0,9,17.3,3.33,CRIT(17%),SILENT
508,4,0,0,9,8.7,9.17,CRIT(9%),SILENT
509,0,0,0,9,0.1,7.50,CRIT(0%),SILENT
509,1,0,0,9,1.4,10.00,CRIT(1%),SILENT
509,2,0,0,9,15.5,8.33,CRIT(16%),SILENT
509,3,0,0,9,17.2,3.33,CRIT(17%),SILENT
509,4,0,0,9,8.6,9.17,CRIT(9%),SILENT
510,0,0,0,9,0.0,7.50,RECHARGING,CRIT(0%),SILENT
510,1,0,0,9,1.3,10.00,CRIT(1%),SILENT
510,2,0,0,9,15.4,8.33,CRIT(15%),SILENT
510,3,0,0,9,17.1,3.33,CRIT(17%),SILENT
510,4,0,0,9,8.5,9.17,CRIT(9%),SILENT
511,0,0,0,9,0.0,7.50,RECHARGING,CRIT(0%),SILENT
511,1,0,0,9,1.2,10.00,CRIT(1%),SILENT
511,2,0,0,9,15.3,8.33,CRIT(15%),SILENT
511,3,0,0,9,17.0,3.33,CRIT(17%),SILENT
511,4,0,0,9,8.4,9.17,CRIT(8%),SILENT
512,0,0,0,9,0.0,7.50,RECHARGING,CRIT(0%),SILENT
512,1,0,0,9,1.1,10.00,CRIT(1%),SILENT
512,2,0,0,9,15.2,8.33,CRIT(15%),SILENT
512,3,0,0,9,16.9,3.33,CRIT(17%),SILENT
512,4,0,0,9,8.3,9.17,CRIT(8%),SILENT
513,0,0,0,9,0.0,7.50,RECHARGING,CRIT(0%),SILENT
513,1,0,0,9,1.0,10.00,CRIT(1%),SILENT
513,2,0,0,9,15.1,8.33,CRIT(15%),SILENT
513,3,0,0,9,16.8,3.33,CRIT(17%),SILENT
513,4,0,0,9,8.2,9.17,CRIT(8%),SILENT
514,0,0,0,9,0.0,7.50,RECHARGING,CRIT(0%),SILENT
514,1,0,0,9,0.9,10.00,CRIT(1%),SILENT
514,2,0,0,9,15.0,8.33,CRIT(15%),SILENT
514,3,0,0,9,16.7,3.33,CRIT(17%),SILENT
514,4,0,0,9,8.1,9.17,CRIT(8%),SILENT
515,0,0,0,9,0.0,7.50,RECHARGING,CRIT(0%),SILENT
515,1,0,0,9,0.8,10.00,CRIT(1%),SILENT
515,2,0,0,9,14.9,8.33,CRIT(15%),SILENT
515,3,0,0,9,16.6,3.33,CRIT(17%),SILENT
515,4,0,0,9,8.0,9.17,CRIT(8%),SILENT
516,0,0,0,9,0.0,7.50,RECHARGING,CRIT(0%),SILENT
516,1,0,0,9,0.7,10.00,CRIT(1%),SILENT
516,2,0,0,9,14.8,8.33,CRIT(15%),SILENT
516,3,0,0,9,16.5,3.33,CRIT(17%),SILENT
516,4,0,0,9,7.9,9.17,CRIT(8%),SILENT
517,0,0,0,9,0.0,7.50,RECHARGING,CRIT(0%),SILENT
517,1,0,0,9,0.6,10.00,CRIT(1%),SILENT
517,2,0,0,9,14.7,8.33,CRIT(15%),SILENT
517,3,0,0,9,16.4,3.33,CRIT(16%),SILENT
517,4,0,0,9,7.8,9.17,CRIT(8%),SILENT
518,0,0,0,9,0.0,7.50,RECHARGING,CRIT(0%),SILENT
518,1,0,0,9,0.5,10.00,CRIT(1%),SILENT
518,2,0,0,9,14.6,8.33,CRIT(15%),SILENT
518,3,0,0,9,16.3,3.33,CRIT(16%),SILENT
518,4,0,0,9,7.7,9.17,CRIT(8%),SILENT
519,0,0,0,9,0.0,7.50,RECHARGING,CRIT(0%),SILENT
519,1,0,0,9,0.4,10.00,CRIT(0%),SILENT
519,2,0,0,9,14.5,8.33,CRIT(15%),SILENT
519,3,0,0,9,16.2,3.33,CRIT(16%),SILENT
519,4,0,0,9,7.6,9.17,CRIT(8%),SILENT
520,0,0,0,9,0.0,7.50,RECHARGING,CRIT(0%),SILENT
520,1,0,0,9,0.3,10.00,CRIT(0%),SILENT
520,2,0,0,9,14.4,8.33,CRIT(14%),SILENT
520,3,0,0,9,16.1,3.33,CRIT(16%),SILENT
520,4,0,0,9,7.5,9.17,CRIT(8%),SILENT
521,0,0,0,9,0.0,7.50,RECHARGING,CRIT(0%),SILENT
521,1,0,0,9,0.2,10.00,CRIT(0%),SILENT
521,2,0,0,9,14.3,8.33,CRIT(14%),SILENT
521,3,0,0,9,16.0,3.33,CRIT(16%),SILENT
521,4,0,0,9,7.4,9.17,CRIT(7%),SILENT
522,0,0,0,9,0.0,7.50,RECHARGING,CRIT(0%),SILENT
522,1,0,0,9,0.1,10.00,CRIT(0%),SILENT
522,2,0,0,9,14.2,8.33,CRIT(14%),SILENT
522,3,0,0,9,15.9,3.33,CRIT(16%),SILENT
522,4,0,0,9,7.3,9.17,CRIT(7%),SILENT
523,0,0,0,9,0.0,7.50,RECHARGING,CRIT(0%),SILENT
523,1,0,0,9,0.0,10.00,CRIT(0%),SILENT
523,2,0,0,9,14.1,8.33,CRIT(14%),SILENT
523,3,0,0,9,15.8,3.33,CRIT(16%),SILENT
523,4,0,0,9,7.2,9.17,CRIT(7%),SILENT
524,0,0,0,9,0.0,7.50,RECHARGING,CRIT(0%),SILENT
524,1,0,0,9,0.0,10.00,RECHARGING,CRIT(0%),SILENT
524,2,0,0,9,14.0,8.33,CRIT(14%),SILENT
524,3,0,0,9,15.7,3.33,CRIT(16%),SILENT
524,4,0,0,9,7.1,9.17,CRIT(7%),SILENT
525,0,0,0,9,0.0,7.50,RECHARGING,CRIT(0%),SILENT
525,1,0,0,9,0.0,10.00,RECHARGING,CRIT(0%),SILENT
525,2,0,0,9,13.9,8.33,CRIT(14%),SILENT
525,3,0,0,9,15.6,3.33,CRIT(16%),SILENT
525,4,0,0,9,7.0,9.17,CRIT(7%),SILENT
526,0,0,0,9,0.0,7.50,RECHARGING,CRIT(0%),SILENT
526,1,0,0,9,0.0,10.00,RECHARGING,CRIT(0%),SILENT
526,2,0,0,9,13.8,8.33,CRIT(14%),SILENT
526,3,0,0,9,15.5,3.33,CRIT(16%),SILENT
526,4,0,0,9,6.9,9.17,CRIT(7%),SILENT
527,0,0,0,9,0.0,7.50,RECHARGING,CRIT(0%),SILENT
527,1,0,0,9,0.0,10.00,RECHARGING,CRIT(0%),SILENT
527,2,0,0,9,13.7,8.33,CRIT(14%),SILENT
527,3,0,0,9,15.4,3.33,CRIT(15%),SILENT
527,4,0,0,9,6.8,9.17,CRIT(7%),SILENT
528,0,0,0,9,0.0,7.50,RECHARGING,CRIT(0%),SILENT
528,1,0,0,9,0.0,10.00,RECHARGING,CRIT(0%),SILENT
528,2,0,0,9,13.6,8.33,CRIT(14%),SILENT
528,3,0,0,9,15.3,3.33,CRIT(15%),SILENT
528,4,0,0,9,6.7,9.17,CRIT(7%),SILENT
529,0,0,0,9,0.0,7.50,RECHARGING,CRIT(0%),SILENT
529,1,0,0,9,0.0,10.00,RECHARGING,CRIT(0%),SILENT
529,2,0,0,9,13.5,8.33,CRIT(14%),SILENT
529,3,0,0,9,15.2,3.33,CRIT(15%),SILENT
529,4,0,0,9,6.6,9.17,CRIT(7%),SILENT
530,0,0,0,9,0.0,7.50,RECHARGING,CRIT(0%),SILENT
530,1,0,0,9,0.0,10.00,RECHARGING,CRIT(0%),SILENT
530,2,0,0,9,13.4,8.33,CRIT(13%),SILENT
530,3,0,0,9,15.1,3.33,CRIT(15%),SILENT
530,4,0,0,9,6.5,9.17,CRIT(7%),SILENT
531,0,0,0,9,0.0,7.50,RECHARGING,CRIT(0%),SILENT
531,1,0,0,9,0.0,10.00,RECHARGING,CRIT(0%),SILENT
531,2,0,0,9,13.3,8.33,CRIT(13%),SILENT
531,3,0,0,9,15.0,3.33,CRIT(15%),SILENT
531,4,0,0,9,6.4,9.17,CRIT(6%),SILENT
532,0,0,0,9,0.0,7.50,RECHARGING,CRIT(0%),SILENT
532,1,0,0,9,0.0,10.00,RECHARGING,CRIT(0%),SILENT
532,2,0,0,9,13.2,8.33,CRIT(13%),SILENT
532,3,0,0,9,14.9,3.33,CRIT(15%),SILENT
532,4,0,0,9,6.3,9.17,CRIT(6%),SILENT
533,0,0,0,9,0.0,7.50,RECHARGING,CRIT(0%),SILENT
533,1,0,0,9,0.0,10.00,RECHARGING,CRIT(0%),SILENT
533,2,0,0,9,13.1,8.33,CRIT(13%),SILENT
533,3,0,0,9,14.8,3.33,CRIT(15%),SILENT
533,4,0,0,9,6.2,9.17,CRIT(6%),SILENT
534,0,0,0,9,0.0,7.50,RECHARGING,CRIT(0%),SILENT
534,1,0,0,9,0.0,10.00,RECHARGING,CRIT(0%),SILENT
534,2,0,0,9,13.0,8.33,CRIT(13%),SILENT
534,3,0,0,9,14.7,3.33,CRIT(15%),SILENT
534,4,0,0,9,6.1,9.17,CRIT(6%),SILENT
535,0,0,0,9,0.0,7.50,RECHARGING,CRIT(0%),SILENT
535,1,0,0,9,0.0,10.00,RECHARGING,CRIT(0%),SILENT
535,2,0,0,9,12.9,8.33,CRIT(13%),SILENT
535,3,0,0,9,14.6,3.33,CRIT(15%),SILENT
535,4,0,0,9,6.0,9.17,CRIT(6%),SILENT
536,0,0,0,9,0.0,7.50,RECHARGING,CRIT(0%),SILENT
536,1,0,0,9,0.0,10.00,RECHARGING,CRIT(0%),SILENT
536,2,0,0,9,12.8,8.33,CRIT(13%),SILENT
536,3,0,0,9,14.5,3.33,CRIT(15%),SILENT
536,4,0,0,9,5.9,9.17,CRIT(6%),SILENT
537,0,0,0,9,0.0,7.50,RECHARGING,CRIT(0%),SILENT
537,1,0,0,9,0.0,10.00,RECHARGING,CRIT(0%),SILENT
537,2,0,0,9,12.7,8.33,CRIT(13%),SILENT
537,3,0,0,9,14.4,3.33,CRIT(14%),SILENT
537,4,0,0,9,5.8,9.17,CRIT(6%),SILENT
538,0,0,0,9,0.0,7.50,RECHARGING,CRIT(0%),SILENT
538,1,0,0,9,0.0,10.00,RECHARGING,CRIT(0%),SILENT
538,2,0,0,9,12.6,8.33,CRIT(13%),SILENT
538,3,0,0,9,14.3,3.33,CRIT(14%),SILENT
538,4,0,0,9,5.7,9.17,CRIT(6%),SILENT
539,0,0,0,9,100.0,7.50,SILENT
539,1,0,0,9,0.0,10.00,RECHARGING,CRIT(0%),SILENT
539,2,0,0,9,12.5,8.33,CRIT(13%),SILENT
539,3,0,0,9,14.2,3.33,CRIT(14%),SILENT
539,4,0,0,9,5.6,9.17,CRIT(6%),SILENT
540,0,0,0,9,99.9,7.50,SILENT
540,1,0,0,9,0.0,10.00,RECHARGING,CRIT(0%),SILENT
540,2,0,0,9,12.4,8.33,CRIT(12%),SILENT
540,3,0,0,9,14.1,3.33,CRIT(14%),SILENT
540,4,0,0,9,5.5,9.17,CRIT(6%),SILENT
541,0,0,0,9,99.8,7.50,SILENT
541,1,0,0,9,0.0,10.00,RECHARGING,CRIT(0%),SILENT
541,2,0,0,9,12.3,8.33,CRIT(12%),SILENT
541,3,0,0,9,14.0,3.33,CRIT(14%),SILENT
541,4,0,0,9,5.4,9.17,CRIT(5%),SILENT
542,0,0,0,9,99.7,7.50,SILENT
542,1,0,0,9,0.0,10.00,RECHARGING,CRIT(0%),SILENT
542,2,0,0,9,12.2,8.33,CRIT(12%),SILENT
542,3,0,0,9,13.9,3.33,CRIT(14%),SILENT
542,4,0,0,9,5.3,9.17,CRIT(5%),SILENT
543,0,0,0,9,99.6,7.50,SILENT
543,1,0,0,9,0.0,10.00,RECHARGING,CRIT(0%),SILENT
543,2,0,0,9,12.1,8.33,CRIT(12%),SILENT
543,3,0,0,9,13.8,3.33,CRIT(14%),SILENT
543,4,0,0,9,5.2,9.17,CRIT(5%),SILENT
544,0,0,0,9,99.5,7.50,SILENT
544,1,0,0,9,0.0,10.00,RECHARGING,CRIT(0%),SILENT
544,2,0,0,9,12.0,8.33,CRIT(12%),SILENT
544,3,0,0,9,13.7,3.33,CRIT(14%),SILENT
544,4,0,0,9,5.1,9.17,CRIT(5%),SILENT
545,0,0,0,9,99.4,7.50,SILENT
545,1,0,0,9,0.0,10.00,RECHARGING,CRIT(0%),SILENT
545,2,0,0,9,11.9,8.33,CRIT(12%),SILENT
545,3,0,0,9,13.6,3.33,CRIT(14%),SILENT
545,4,0,0,9,5.0,9.17,CRIT(5%),SILENT
546,0,0,0,9,99.3,7.50,SILENT
546,1,0,0,9,0.0,10.00,RECHARGING,CRIT(0%),SILENT
546,2,0,0,9,11.8,8.33,CRIT(12%),SILENT
546,3,0,0,9,13.5,3.33,CRIT(14%),SILENT
546,4,0,0,9,4.9,9.17,CRIT(5%),SILENT
547,0,0,0,9,99.2,7.50,SILENT
547,1,0,0,9,0.0,10.00,RECHARGING,CRIT(0%),SILENT
547,2,0,0,9,11.7,8.33,CRIT(12%),SILENT
547,3,0,0,9,13.4,3.33,CRIT(13%),SILENT
547,4,0,0,9,4.8,9.17,CRIT(5%),SILENT
548,0,0,0,9,99.1,7.50,SILENT
548,1,0,0,9,0.0,10.00,RECHARGING,CRIT(0%),SILENT
548,2,0,0,9,11.6,8.33,CRIT(12%),SILENT
548,3,0,0,9,13.3,3.33,CRIT(13%),SILENT
548,4,0,0,9,4.7,9.17,CRIT(5%),SILENT
549,0,0,0,9,99.0,7.50,SILENT
549,1,0,0,9,0.0,10.00,RECHARGING,CRIT(0%),SILENT
549,2,0,0,9,11.5,8.33,CRIT(12%),SILENT
549,3,0,0,9,13.2,3.33,CRIT(13%),SILENT
549,4,0,0,9,4.6,9.17,CRIT(5%),SILENT
550,0,0,0,9,98.9,7.50,SILENT
550,1,0,0,9,0.0,10.00,RECHARGING,CRIT(0%),SILENT
550,2,0,0,9,11.4,8.33,CRIT(11%),SILENT
550,3,0,0,9,13.1,3.33,CRIT(13%),SILENT
550,4,0,0,9,4.5,9.17,CRIT(5%),SILENT
551,0,0,0,9,98.8,7.50,SILENT
551,1,0,0,9,0.0,10.00,RECHARGING,CRIT(0%),SILENT
551,2,0,0,9,11.3,8.33,CRIT(11%),SILENT
551,3,0,0,9,13.0,3.33,CRIT(13%),SILENT
551,4,0,0,9,4.4,9.17,CRIT(4%),SILENT
552,0,0,0,9,98.7,7.50,SILENT
552,1,0,0,9,0.0,10.00,RECHARGING,CRIT(0%),SILENT
552,2,0,0,9,11.2,8.33,CRIT(11%),SILENT
552,3,0,0,9,12.9,3.33,CRIT(13%),SILENT
552,4,0,0,9,4.3,9.17,CRIT(4%),SILENT
553,0,0,0,9,98.6,7.50,SILENT
553,1,0,0,9,100.0,10.00,SILENT
553,2,0,0,9,11.1,8.33,CRIT(11%),SILENT
553,3,0,0,9,12.8,3.33,CRIT(13%),SILENT
553,4,0,0,9,4.2,9.17,CRIT(4%),SILENT
554,0,0,0,9,98.5,7.50,SILENT
554,1,0,0,9,99.9,10.00,SILENT
554,2,0,0,9,11.0,8.33,CRIT(11%),SILENT
554,3,0,0,9,12.7,3.33,CRIT(13%),SILENT
554,4,0,0,9,4.1,9.17,CRIT(4%),SILENT
555,0,0,0,9,98.4,7.50,SILENT
555,1,0,0,9,99.8,10.00,SILENT
555,2,0,0,9,10.9,8.33,CRIT(11%),SILENT
555,3,0,0,9,12.6,3.33,CRIT(13%),SILENT
555,4,0,0,9,4.0,9.17,CRIT(4%),SILENT
556,0,0,0,9,98.3,7.50,SILENT
556,1,0,0,9,99.7,10.00,SILENT
556,2,0,0,9,10.8,8.33,CRIT(11%),SILENT
556,3,0,0,9,12.5,3.33,CRIT(13%),SILENT
556,4,0,0,9,3.9,9.17,CRIT(4%),SILENT
557,0,0,0,9,98.2,7.50,SILENT
557,1,0,0,9,99.6,10.00,SILENT
557,2,0,0,9,10.7,8.33,CRIT(11%),SILENT
557,3,0,0,9,12.4,3.33,CRIT(12%),SILENT
557,4,0,0,9,3.8,9.17,CRIT(4%),SILENT
558,0,0,0,9,98.1,7.50,SILENT
558,1,0,0,9,99.5,10.00,SILENT
558,2,0,0,9,10.6,8.33,CRIT(11%),SILENT
558,3,0,0,9,12.3,3.33,CRIT(12%),SILENT
558,4,0,0,9,3.7,9.17,CRIT(4%),SILENT
559,0,0,0,9,98.0,7.50,SILENT
559,1,0,0,9,99.4,10.00,SILENT
559,2,0,0,9,10.5,8.33,CRIT(11%),SILENT
559,3,0,0,9,12.2,3.33,CRIT(12%),SILENT
559,4,0,0,9,3.6,9.17,CRIT(4%),SILENT
560,0,0,0,9,97.9,7.50,SILENT
560,1,0,0,9,99.3,10.00,SILENT
560,2,0,0,9,10.4,8.33,CRIT(10%),SILENT
560,3,0,0,9,12.1,3.33,CRIT(12%),SILENT
560,4,0,0,9,3.5,9.17,CRIT(4%),SILENT
561,0,0,0,9,97.8,7.50,SILENT
561,1,0,0,9,99.2,10.00,SILENT
561,2,0,0,9,10.3,8.33,CRIT(10%),SILENT
561,3,0,0,9,12.0,3.33,CRIT(12%),SILENT
561,4,0,0,9,3.4,9.17,CRIT(3%),SILENT
562,0,0,0,9,97.7,7.50,SILENT
562,1,0,0,9,99.1,10.00,SILENT
562,2,0,0,9,10.2,8.33,CRIT(10%),SILENT
562,3,0,0,9,11.9,3.33,CRIT(12%),SILENT
562,4,0,0,9,3.3,9.17,CRIT(3%),SILENT
563,0,0,0,9,97.6,7.50,SILENT
563,1,0,0,9,99.0,10.00,SILENT
563,2,0,0,9,10.1,8.33,CRIT(10%),SILENT
563,3,0,0,9,11.8,3.33,CRIT(12%),SILENT
563,4,0,0,9,3.2,9.17,CRIT(3%),SILENT
564,0,0,0,9,97.5,7.50,SILENT
564,1,0,0,9,98.9,10.00,SILENT
564,2,0,0,9,10.0,8.33,CRIT(10%),SILENT
564,3,0,0,9,11.7,3.33,CRIT(12%),SILENT
564,4,0,0,9,3.1,9.17,CRIT(3%),SILENT
565,0,0,0,9,97.4,7.50,SILENT
565,1,0,0,9,98.8,10.00,SILENT
565,2,0,0,9,9.9,8.33,CRIT(10%),SILENT
565,3,0,0,9,11.6,3.33,CRIT(12%),SILENT
565,4,0,0,9,3.0,9.17,CRIT(3%),SILENT
566,0,0,0,9,97.3,7.50,SILENT
566,1,0,0,9,98.7,10.00,SILENT
566,2,0,0,9,9.8,8.33,CRIT(10%),SILENT
566,3,0,0,9,11.5,3.33,CRIT(12%),SILENT
566,4,0,0,9,2.9,9.17,CRIT(3%),SILENT
567,0,0,0,9,97.2,7.50,SILENT
567,1,0,0,9,98.6,10.00,SILENT
567,2,0,0,9,9.7,8.33,CRIT(10%),SILENT
567,3,0,0,9,11.4,3.33,CRIT(11%),SILENT
567,4,0,0,9,2.8,9.17,CRIT(3%),SILENT
568,0,0,0,9,97.1,7.50,SILENT
568,1,0,0,9,98.5,10.00,SILENT
568,2,0,0,9,9.6,8.33,CRIT(10%),SILENT
568,3,0,0,9,11.3,3.33,CRIT(11%),SILENT
568,4,0,0,9,2.7,9.17,CRIT(3%),SILENT
569,0,0,0,9,97.0,7.50,SILENT
569,1,0,0,9,98.4,10.00,SILENT
569,2,0,0,9,9.5,8.33,CRIT(10%),SILENT
569,3,0,0,9,11.2,3.33,CRIT(11%),SILENT
569,4,0,0,9,2.6,9.17,CRIT(3%),SILENT
570,0,0,0,9,96.9,7.50,SILENT
570,1,0,0,9,98.3,10.00,SILENT
570,2,0,0,9,9.4,8.33,CRIT(9%),SILENT
570,3,0,0,9,11.1,3.33,CRIT(11%),SILENT
570,4,0,0,9,2.5,9.17,CRIT(3%),SILENT
571,0,0,0,9,96.8,7.50,SILENT
571,1,0,0,9,98.2,10.00,SILENT
571,2,0,0,9,9.3,8.33,CRIT(9%),SILENT
571,3,0,0,9,11.0,3.33,CRIT(11%),SILENT
571,4,0,0,9,2.4,9.17,CRIT(2%),SILENT
572,0,0,0,9,96.7,7.50,SILENT
572,1,0,0,9,98.1,10.00,SILENT
572,2,0,0,9,9.2,8.33,CRIT(9%),SILENT
572,3,0,0,9,10.9,3.33,CRIT(11%),SILENT
572,4,0,0,9,2.3,9.17,CRIT(2%),SILENT
573,0,0,0,9,96.6,7.50,SILENT
573,1,0,0,9,98.0,10.00,SILENT
573,2,0,0,9,9.1,8.33,CRIT(9%),SILENT
573,3,0,0,9,10.8,3.33,CRIT(11%),SILENT
573,4,0,0,9,2.2,9.17,CRIT(2%),SILENT
574,0,0,0,9,96.5,7.50,SILENT
574,1,0,0,9,97.9,10.00,SILENT
574,2,0,0,9,9.0,8.33,CRIT(9%),SILENT
574,3,0,0,9,10.7,3.33,CRIT(11%),SILENT
574,4,0,0,9,2.1,9.17,CRIT(2%),SILENT
575,0,0,0,9,96.4,7.50,SILENT
575,1,0,0,9,97.8,10.00,SILENT
575,2,0,0,9,8.9,8.33,CRIT(9%),SILENT
575,3,0,0,9,10.6,3.33,CRIT(11%),SILENT
575,4,0,0,9,2.0,9.17,CRIT(2%),SILENT
576,0,0,0,9,96.3,7.50,SILENT
576,1,0,0,9,97.7,10.00,SILENT
576,2,0,0,9,8.8,8.33,CRIT(9%),SILENT
576,3,0,0,9,10.5,3.33,CRIT(11%),SILENT
576,4,0,0,9,1.9,9.17,CRIT(2%),SILENT
577,0,0,0,9,96.2,7.50,SILENT
577,1,0,0,9,97.6,10.00,SILENT
577,2,0,0,9,8.7,8.33,CRIT(9%),SILENT
577,3,0,0,9,10.4,3.33,CRIT(10%),SILENT
577,4,0,0,9,1.8,9.17,CRIT(2%),SILENT
578,0,0,0,9,96.1,7.50,SILENT
578,1,0,0,9,97.5,10.00,SILENT
578,2,0,0,9,8.6,8.33,CRIT(9%),SILENT
578,3,0,0,9,10.3,3.33,CRIT(10%),SILENT
578,4,0,0,9,1.7,9.17,CRIT(2%),SILENT
579,0,0,0,9,96.0,7.50,SILENT
579,1,0,0,9,97.4,10.00,SILENT
579,2,0,0,9,8.5,8.33,CRIT(9%),SILENT
579,3,0,0,9,10.2,3.33,CRIT(10%),SILENT
579,4,0,0,9,1.6,9.17,CRIT(2%),SILENT
580,0,0,0,9,95.9,7.50,SILENT
580,1,0,0,9,97.3,10.00,SILENT
580,2,0,0,9,8.4,8.33,CRIT(8%),SILENT
580,3,0,0,9,10.1,3.33,CRIT(10%),SILENT
580,4,0,0,9,1.5,9.17,CRIT(2%),SILENT
581,0,0,0,9,95.8,7.50,SILENT
581,1,0,0,9,97.2,10.00,SILENT
581,2,0,0,9,8.3,8.33,CRIT(8%),SILENT
581,3,0,0,9,10.0,3.33,CRIT(10%),SILENT
581,4,0,0,9,1.4,9.17,CRIT(1%),SILENT
582,0,0,0,9,95.7,7.50,SILENT
582,1,0,0,9,97.1,10.00,SILENT
582,2,0,0,9,8.2,8.33,CRIT(8%),SILENT
582,3,0,0,9,9.9,3.33,CRIT(10%),SILENT
582,4,0,0,9,1.3,9.17,CRIT(1%),SILENT
583,0,0,0,9,95.6,7.50,SILENT
583,1,0,0,9,97.0,10.00,SILENT
583,2,0,0,9,8.1,8.33,CRIT(8%),SILENT
583,3,0,0,9,9.8,3.33,CRIT(10%),SILENT
583,4,0,0,9,1.2,9.17,CRIT(1%),SILENT
584,0,0,0,9,95.5,7.50,SILENT
584,1,0,0,9,96.9,10.00,SILENT
584,2,0,0,9,8.0,8.33,CRIT(8%),SILENT
584,3,0,0,9,9.7,3.33,CRIT(10%),SILENT
584,4,0,0,9,1.1,9.17,CRIT(1%),SILENT
585,0,0,0,9,95.4,7.50,SILENT
585,1,0,0,9,96.8,10.00,SILENT
585,2,0,0,9,7.9,8.33,CRIT(8%),SILENT
585,3,0,0,9,9.6,3.33,CRIT(10%),SILENT
585,4,0,0,9,1.0,9.17,CRIT(1%),SILENT
586,0,0,0,9,95.3,7.50,SILENT
586,1,0,0,9,96.7,10.00,SILENT
586,2,0,0,9,7.8,8.33,CRIT(8%),SILENT
586,3,0,0,9,9.5,3.33,CRIT(10%),SILENT
586,4,0,0,9,0.9,9.17,CRIT(1%),SILENT
587,0,0,0,9,95.2,7.50,SILENT
587,1,0,0,9,96.6,10.00,SILENT
587,2,0,0,9,7.7,8.33,CRIT(8%),SILENT
587,3,0,0,9,9.4,3.33,CRIT(9%),SILENT
587,4,0,0,9,0.8,9.17,CRIT(1%),SILENT
588,0,0,0,9,95.1,7.50,SILENT
588,1,0,0,9,96.5,10.00,SILENT
588,2,0,0,9,7.6,8.33,CRIT(8%),SILENT
588,3,0,0,9,9.3,3.33,CRIT(9%),SILENT
588,4,0,0,9,0.7,9.17,CRIT(1%),SILENT
589,0,0,0,9,95.0,7.50,SILENT
589,1,0,0,9,96.4,10.00,SILENT
589,2,0,0,9,7.5,8.33,CRIT(8%),SILENT
589,3,0,0,9,9.2,3.33,CRIT(9%),SILENT
589,4,0,0,9,0.6,9.17,CRIT(1%),SILENT
590,0,0,0,9,94.9,7.50,SILENT
590,1,0,0,9,96.3,10.00,SILENT
590,2,0,0,9,7.4,8.33,CRIT(7%),SILENT
590,3,0,0,9,9.1,3.33,CRIT(9%),SILENT
590,4,0,0,9,0.5,9.17,CRIT(1%),SILENT
591,0,0,0,9,94.8,7.50,SILENT
591,1,0,0,9,96.2,10.00,SILENT
591,2,0,0,9,7.3,8.33,CRIT(7%),SILENT
591,3,0,0,9,9.0,3.33,CRIT(9%),SILENT
591,4,0,0,9,0.4,9.17,CRIT(0%),SILENT
592,0,0,0,9,94.7,7.50,SILENT
592,1,0,0,9,96.1,10.00,SILENT
592,2,0,0,9,7.2,8.33,CRIT(7%),SILENT
592,3,0,0,9,8.9,3.33,CRIT(9%),SILENT
592,4,0,0,9,0.3,9.17,CRIT(0%),SILENT
593,0,0,0,9,94.6,7.50,SILENT
593,1,0,0,9,96.0,10.00,SILENT
593,2,0,0,9,7.1,8.33,CRIT(7%),SILENT
593,3,0,0,9,8.8,3.33,CRIT(9%),SILENT
593,4,0,0,9,0.2,9.17,CRIT(0%),SILENT
594,0,0,0,9,94.5,7.50,SILENT
594,1,0,0,9,95.9,10.00,SILENT
594,2,0,0,9,7.0,8.33,CRIT(7%),SILENT
594,3,0,0,9,8.7,3.33,CRIT(9%),SILENT
594,4,0,0,9,0.1,9.17,CRIT(0%),SILENT
595,0,0,0,9,94.4,7.50,SILENT
595,1,0,0,9,95.8,10.00,SILENT
595,2,0,0,9,6.9,8.33,CRIT(7%),SILENT
595,3,0,0,9,8.6,3.33,CRIT(9%),SILENT
595,4,0,0,9,0.0,9.17,CRIT(0%),SILENT
596,0,0,0,9,94.3,7.50,SILENT
596,1,0,0,9,95.7,10.00,SILENT
596,2,0,0,9,6.8,8.33,CRIT(7%),SILENT
596,3,0,0,9,8.5,3.33,CRIT(9%),SILENT
596,4,0,0,9,0.0,9.17,RECHARGING,CRIT(0%),SILENT
597,0,0,0,9,94.2,7.50,SILENT
597,1,0,0,9,95.6,10.00,SILENT
597,2,0,0,9,6.7,8.33,CRIT(7%),SILENT
597,3,0,0,9,8.4,3.33,CRIT(8%),SILENT
597,4,0,0,9,0.0,9.17,RECHARGING,CRIT(0%),SILENT
598,0,0,0,9,94.1,7.50,SILENT
598,1,0,0,9,95.5,10.00,SILENT
598,2,0,0,9,6.6,8.33,CRIT(7%),SILENT
598,3,0,0,9,8.3,3.33,CRIT(8%),SILENT
598,4,0,0,9,0.0,9.17,RECHARGING,CRIT(0%),SILENT
599,0,0,0,9,94.0,7.50,SILENT
599,1,0,0,9,95.4,10.00,SILENT
599,2,0,0,9,6.5,8.33,CRIT(7%),SILENT
599,3,0,0,9,8.2,3.33,CRIT(8%),SILENT
599,4,0,0,9,0.0,9.17,RECHARGING,CRIT(0%),SILENT
600,0,0,0,9,93.9,7.50,SILENT
600,1,0,0,9,95.3,10.00,SILENT
600,2,0,0,9,6.4,8.33,CRIT(6%),SILENT
600,3,0,0,9,8.1,3.33,CRIT(8%),SILENT
600,4,0,0,9,0.0,9.17,RECHARGING,CRIT(0%),SILENT
601,0,0,0,9,93.8,7.50,SILENT
601,1,0,0,9,95.2,10.00,SILENT
601,2,0,0,9,6.3,8.33,CRIT(6%),SILENT
601,3,0,0,9,8.0,3.33,CRIT(8%),SILENT
601,4,0,0,9,0.0,9.17,RECHARGING,CRIT(0%),SILENT
602,0,0,0,9,93.7,7.50,SILENT
602,1,0,0,9,95.1,10.00,SILENT
602,2,0,0,9,6.2,8.33,CRIT(6%),SILENT
602,3,0,0,9,7.9,3.33,CRIT(8%),SILENT
602,4,0,0,9,0.0,9.17,RECHARGING,CRIT(0%),SILENT
603,0,0,0,9,93.6,7.50,SILENT
603,1,0,0,9,95.0,10.00,SILENT
603,2,0,0,9,6.1,8.33,CRIT(6%),SILENT
603,3,0,0,9,7.8,3.33,CRIT(8%),SILENT
603,4,0,0,9,0.0,9.17,RECHARGING,CRIT(0%),SILENT
604,0,0,0,9,93.5,7.50,SILENT
604,1,0,0,9,94.9,10.00,SILENT
604,2,0,0,9,6.0,8.33,CRIT(6%),SILENT
604,3,0,0,9,7.7,3.33,CRIT(8%),SILENT
604,4,0,0,9,0.0,9.17,RECHARGING,CRIT(0%),SILENT
605,0,0,0,9,93.4,7.50,SILENT
605,1,0,0,9,94.8,10.00,SILENT
605,2,0,0,9,5.9,8.33,CRIT(6%),SILENT
605,3,0,0,9,7.6,3.33,CRIT(8%),SILENT
605,4,0,0,9,0.0,9.17,RECHARGING,CRIT(0%),SILENT
606,0,0,0,9,93.3,7.50,SILENT
606,1,0,0,9,94.7,10.00,SILENT
606,2,0,0,9,5.8,8.33,CRIT(6%),SILENT
606,3,0,0,9,7.5,3.33,CRIT(8%),SILENT
606,4,0,0,9,0.0,9.17,RECHARGING,CRIT(0%),SILENT
607,0,0,0,9,93.2,7.50,SILENT
607,1,0,0,9,94.6,10.00,SILENT
607,2,0,0,9,5.7,8.33,CRIT(6%),SILENT
607,3,0,0,9,7.4,3.33,CRIT(7%),SILENT
607,4,0,0,9,0.0,9.17,RECHARGING,CRIT(0%),SILENT
608,0,0,0,9,93.1,7.50,SILENT
608,1,0,0,9,94.5,10.00,SILENT
608,2,0,0,9,5.6,8.33,CRIT(6%),SILENT
608,3,0,0,9,7.3,3.33,CRIT(7%),SILENT
608,4,0,0,9,0.0,9.17,RECHARGING,CRIT(0%),SILENT
609,0,0,0,9,93.0,7.50,SILENT
609,1,0,0,9,94.4,10.00,SILENT
609,2,0,0,9,5.5,8.33,CRIT(6%),SILENT
609,3,0,0,9,7.2,3.33,CRIT(7%),SILENT
609,4,0,0,9,0.0,9.17,RECHARGING,CRIT(0%),SILENT
610,0,0,0,9,92.9,7.50,SILENT
610,1,0,0,9,94.3,10.00,SILENT
610,2,0,0,9,5.4,8.33,CRIT(5%),SILENT
610,3,0,0,9,7.1,3.33,CRIT(7%),SILENT
610,4,0,0,9,0.0,9.17,RECHARGING,CRIT(0%),SILENT
611,0,0,0,9,92.8,7.50,SILENT
611,1,0,0,9,94.2,10.00,SILENT
611,2,0,0,9,5.3,8.33,CRIT(5%),SILENT
611,3,0,0,9,7.0,3.33,CRIT(7%),SILENT
611,4,0,0,9,0.0,9.17,RECHARGING,CRIT(0%),SILENT
612,0,0,0,9,92.7,7.50,SILENT
612,1,0,0,9,94.1,10.00,SILENT
612,2,0,0,9,5.2,8.33,CRIT(5%),SILENT
612,3,0,0,9,6.9,3.33,CRIT(7%),SILENT
612,4,0,0,9,0.0,9.17,RECHARGING,CRIT(0%),SILENT
613,0,0,0,9,92.6,7.50,SILENT
613,1,0,0,9,94.0,10.00,SILENT
613,2,0,0,9,5.1,8.33,CRIT(5%),SILENT
613,3,0,0,9,6.8,3.33,CRIT(7%),SILENT
613,4,0,0,9,0.0,9.17,RECHARGING,CRIT(0%),SILENT
614,0,0,0,9,92.5,7.50,SILENT
614,1,0,0,9,93.9,10.00,SILENT
614,2,0,0,9,5.0,8.33,CRIT(5%),SILENT
614,3,0,0,9,6.7,3.33,CRIT(7%),SILENT
614,4,0,0,9,0.0,9.17,RECHARGING,CRIT(0%),SILENT
615,0,0,0,9,92.4,7.50,SILENT
615,1,0,0,9,93.8,10.00,SILENT
615,2,0,0,9,4.9,8.33,CRIT(5%),SILENT
615,3,0,0,9,6.6,3.33,CRIT(7%),SILENT
615,4,0,0,9,0.0,9.17,RECHARGING,CRIT(0%),SILENT
616,0,0,0,9,92.3,7.50,SILENT
616,1,0,0,9,93.7,10.00,SILENT
616,2,0,0,9,4.8,8.33,CRIT(5%),SILENT
616,3,0,0,9,6.5,3.33,CRIT(7%),SILENT
616,4,0,0,9,0.0,9.17,RECHARGING,CRIT(0%),SILENT
617,0,0,0,9,92.2,7.50,SILENT
617,1,0,0,9,93.6,10.00,SILENT
617,2,0,0,9,4.7,8.33,CRIT(5%),SILENT
617,3,0,0,9,6.4,3.33,CRIT(6%),SILENT
617,4,0,0,9,0.0,9.17,RECHARGING,CRIT(0%),SILENT
618,0,0,0,9,92.1,7.50,SILENT
618,1,0,0,9,93.5,10.00,SILENT
618,2,0,0,9,4.6,8.33,CRIT(5%),SILENT
618,3,0,0,9,6.3,3.33,CRIT(6%),SILENT
618,4,0,0,9,0.0,9.17,RECHARGING,CRIT(0%),SILENT
619,0,0,0,9,92.0,7.50,SILENT
619,1,0,0,9,93.4,10.00,SILENT
619,2,0,0,9,4.5,8.33,CRIT(5%),SILENT
619,3,0,0,9,6.2,3.33,CRIT(6%),SILENT
619,4,0,0,9,0.0,9.17,RECHARGING,CRIT(0%),SILENT
620,0,0,0,9,91.9,7.50,SILENT
620,1,0,0,9,93.3,10.00,SILENT
620,2,0,0,9,4.4,8.33,CRIT(4%),SILENT
620,3,0,0,9,6.1,3.33,CRIT(6%),SILENT
620,4,0,0,9,0.0,9.17,RECHARGING,CRIT(0%),SILENT
621,0,0,0,9,91.8,7.50,SILENT
621,1,0,0,9,93.2,10.00,SILENT
621,2,0,0,9,4.3,8.33,CRIT(4%),SILENT
621,3,0,0,9,6.0,3.33,CRIT(6%),SILENT
621,4,0,0,9,0.0,9.17,RECHARGING,CRIT(0%),SILENT
622,0,0,0,9,91.7,7.50,SILENT
622,1,0,0,9,93.1,10.00,SILENT
622,2,0,0,9,4.2,8.33,CRIT(4%),SILENT
622,3,0,0,9,5.9,3.33,CRIT(6%),SILENT
622,4,0,0,9,0.0,9.17,RECHARGING,CRIT(0%),SILENT
623,0,0,0,9,91.6,7.50,SILENT
623,1,0,0,9,93.0,10.00,SILENT
623,2,0,0,9,4.1,8.33,CRIT(4%),SILENT
623,3,0,0,9,5.8,3.33,CRIT(6%),SILENT
623,4,0,0,9,0.0,9.17,RECHARGING,CRIT(0%),SILENT
624,0,0,0,9,91.5,7.50,SILENT
624,1,0,0,9,92.9,10.00,SILENT
624,2,0,0,9,4.0,8.33,CRIT(4%),SILENT
624,3,0,0,9,5.7,3.33,CRIT(6%),SILENT
624,4,0,0,9,0.0,9.17,RECHARGING,CRIT(0%),SILENT
625,0,0,0,9,91.4,7.50,SILENT
625,1,0,0,9,92.8,10.00,SILENT
625,2,0,0,9,3.9,8.33,CRIT(4%),SILENT
625,3,0,0,9,5.6,3.33,CRIT(6%),SILENT
625,4,0,0,9,100.0,9.17,SILENT
626,0,0,0,9,91.3,7.50,SILENT
626,1,0,0,9,92.7,10.00,SILENT
626,2,0,0,9,3.8,8.33,CRIT(4%),SILENT
626,3,0,0,9,5.5,3.33,CRIT(6%),SILENT
626,4,0,0,9,99.9,9.17,SILENT
627,0,0,0,9,91.2,7.50,SILENT
627,1,0,0,9,92.6,10.00,SILENT
627,2,0,0,9,3.7,8.33,CRIT(4%),SILENT
627,3,0,0,9,5.4,3.33,CRIT(5%),SILENT
627,4,0,0,9,99.8,9.17,SILENT
628,0,0,0,9,91.1,7.50,SILENT
628,1,0,0,9,92.5,10.00,SILENT
628,2,0,0,9,3.6,8.33,CRIT(4%),SILENT
628,3,0,0,9,5.3,3.33,CRIT(5%),SILENT
628,4,0,0,9,99.7,9.17,SILENT
629,0,0,0,9,91.0,7.50,SILENT
629,1,0,0,9,92.4,10.00,SILENT
629,2,0,0,9,3.5,8.33,CRIT(4%),SILENT
629,3,0,0,9,5.2,3.33,CRIT(5%),SILENT
629,4,0,0,9,99.6,9.17,SILENT
630,0,0,0,9,90.9,7.50,SILENT
630,1,0,0,9,92.3,10.00,SILENT
630,2,0,0,9,3.4,8.33,CRIT(3%),SILENT
630,3,0,0,9,5.1,3.33,CRIT(5%),SILENT
630,4,0,0,9,99.5,9.17,SILENT
631,0,0,0,9,90.8,7.50,SILENT
631,1,0,0,9,92.2,10.00,SILENT
631,2,0,0,9,3.3,8.33,CRIT(3%),SILENT
631,3,0,0,9,5.0,3.33,CRIT(5%),SILENT
631,4,0,0,9,99.4,9.17,SILENT
632,0,0,0,9,90.7,7.50,SILENT
632,1,0,0,9,92.1,10.00,SILENT
632,2,0,0,9,3.2,8.33,CRIT(3%),SILENT
632,3,0,0,9,4.9,3.33,CRIT(5%),SILENT
632,4,0,0,9,99.3,9.17,SILENT
633,0,0,0,9,90.6,7.50,SILENT
633,1,0,0,9,92.0,10.00,SILENT
633,2,0,0,9,3.1,8.33,CRIT(3%),SILENT
633,3,0,0,9,4.8,3.33,CRIT(5%),SILENT
633,4,0,0,9,99.2,9.17,SILENT
634,0,0,0,9,90.5,7.50,SILENT
634,1,0,0,9,91.9,10.00,SILENT
634,2,0,0,9,3.0,8.33,CRIT(3%),SILENT
634,3,0,0,9,4.7,3.33,CRIT(5%),SILENT
634,4,0,0,9,99.1,9.17,SILENT
635,0,0,0,9,90.4,7.50,SILENT
635,1,0,0,9,91.8,10.00,SILENT
635,2,0,0,9,2.9,8.33,CRIT(3%),SILENT
635,3,0,0,9,4.6,3.33,CRIT(5%),SILENT
635,4,0,0,9,99.0,9.17,SILENT
636,0,0,0,9,90.3,7.50,SILENT
636,1,0,0,9,91.7,10.00,SILENT
636,2,0,0,9,2.8,8.33,CRIT(3%),SILENT
636,3,0,0,9,4.5,3.33,CRIT(5%),SILENT
636,4,0,0,9,98.9,9.17,SILENT
637,0,0,0,9,90.2,7.50,SILENT
637,1,0,0,9,91.6,10.00,SILENT
637,2,0,0,9,2.7,8.33,CRIT(3%),SILENT
637,3,0,0,9,4.4,3.33,CRIT(4%),SILENT
637,4,0,0,9,98.8,9.17,SILENT
638,0,0,0,9,90.1,7.50,SILENT
638,1,0,0,9,91.5,10.00,SILENT
638,2,0,0,9,2.6,8.33,CRIT(3%),SILENT
638,3,0,0,9,4.3,3.33,CRIT(4%),SILENT
638,4,0,0,9,98.7,9.17,SILENT
639,0,0,0,9,90.0,7.50,SILENT
639,1,0,0,9,91.4,10.00,SILENT
639,2,0,0,9,2.5,8.33,CRIT(3%),SILENT
639,3,0,0,9,4.2,3.33,CRIT(4%),SILENT
639,4,0,0,9,98.6,9.17,SILENT
640,0,0,0,9,89.9,7.50,SILENT
640,1,0,0,9,91.3,10.00,SILENT
640,2,0,0,9,2.4,8.33,CRIT(2%),SILENT
640,3,0,0,9,4.1,3.33,CRIT(4%),SILENT
640,4,0,0,9,98.5,9.17,SILENT
641,0,0,0,9,89.8,7.50,SILENT
641,1,0,0,9,91.2,10.00,SILENT
641,2,0,0,9,2.3,8.33,CRIT(2%),SILENT
641,3,0,0,9,4.0,3.33,CRIT(4%),SILENT
641,4,0,0,9,98.4,9.17,SILENT
642,0,0,0,9,89.7,7.50,SILENT
642,1,0,0,9,91.1,10.00,SILENT
642,2,0,0,9,2.2,8.33,CRIT(2%),SILENT
642,3,0,0,9,3.9,3.33,CRIT(4%),SILENT
642,4,0,0,9,98.3,9.17,SILENT
643,0,0,0,9,89.6,7.50,SILENT
643,1,0,0,9,91.0,10.00,SILENT
643,2,0,0,9,2.1,8.33,CRIT(2%),SILENT
643,3,0,0,9,3.8,3.33,CRIT(4%),SILENT
643,4,0,0,9,98.2,9.17,SILENT
644,0,0,0,9,89.5,7.50,SILENT
644,1,0,0,9,90.9,10.00,SILENT
644,2,0,0,9,2.0,8.33,CRIT(2%),SILENT
644,3,0,0,9,3.7,3.33,CRIT(4%),SILENT
644,4,0,0,9,98.1,9.17,SILENT
645,0,0,0,9,89.4,7.50,SILENT
645,1,0,0,9,90.8,10.00,SILENT
645,2,0,0,9,1.9,8.33,CRIT(2%),SILENT
645,3,0,0,9,3.6,3.33,CRIT(4%),SILENT
645,4,0,0,9,98.0,9.17,SILENT
646,0,0,0,9,89.3,7.50,SILENT
646,1,0,0,9,90.7,10.00,SILENT
646,2,0,0,9,1.8,8.33,CRIT(2%),SILENT
646,3,0,0,9,3.5,3.33,CRIT(4%),SILENT
646,4,0,0,9,97.9,9.17,SILENT
647,0,0,0,9,89.2,7.50,SILENT
647,1,0,0,9,90.6,10.00,SILENT
647,2,0,0,9,1.7,8.33,CRIT(2%),SILENT
647,3,0,0,9,3.4,3.33,CRIT(3%),SILENT
647,4,0,0,9,97.8,9.17,SILENT
648,0,0,0,9,89.1,7.50,SILENT
648,1,0,0,9,90.5,10.00,SILENT
648,2,0,0,9,1.6,8.33,CRIT(2%),SILENT
648,3,0,0,9,3.3,3.33,CRIT(3%),SILENT
648,4,0,0,9,97.7,9.17,SILENT
649,0,0,0,9,89.0,7.50,SILENT
649,1,0,0,9,90.4,10.00,SILENT
649,2,0,0,9,1.5,8.33,CRIT(2%),SILENT
649,3,0,0,9,3.2,3.33,CRIT(3%),SILENT
649,4,0,0,9,97.6,9.17,SILENT
650,0,0,0,9,88.9,7.50,SILENT
650,1,0,0,9,90.3,10.00,SILENT
650,2,0,0,9,1.4,8.33,CRIT(1%),SILENT
650,3,0,0,9,3.1,3.33,CRIT(3%),SILENT
650,4,0,0,9,97.5,9.17,SILENT
651,0,0,0,9,88.8,7.50,SILENT
651,1,0,0,9,90.2,10.00,SILENT
651,2,0,0,9,1.3,8.33,CRIT(1%),SILENT
651,3,0,0,9,3.0,3.33,CRIT(3%),SILENT
651,4,0,0,9,97.4,9.17,SILENT
652,0,0,0,9,88.7,7.50,SILENT
652,1,0,0,9,90.1,10.00,SILENT
652,2,0,0,9,1.2,8.33,CRIT(1%),SILENT
652,3,0,0,9,2.9,3.33,CRIT(3%),SILENT
652,4,0,0,9,97.3,9.17,SILENT
653,0,0,0,9,88.6,7.50,SILENT
653,1,0,0,9,90.0,10.00,SILENT
653,2,0,0,9,1.1,8.33,CRIT(1%),SILENT
653,3,0,0,9,2.8,3.33,CRIT(3%),SILENT
653,4,0,0,9,97.2,9.17,SILENT
654,0,0,0,9,88.5,7.50,SILENT
654,1,0,0,9,89.9,10.00,SILENT
654,2,0,0,9,1.0,8.33,CRIT(1%),SILENT
654,3,0,0,9,2.7,3.33,CRIT(3%),SILENT
654,4,0,0,9,97.1,9.17,SILENT
655,0,0,0,9,88.4,7.50,SILENT
655,1,0,0,9,89.8,10.00,SILENT
655,2,0,0,9,0.9,8.33,CRIT(1%),SILENT
655,3,0,0,9,2.6,3.33,CRIT(3%),SILENT
655,4,0,0,9,97.0,9.17,SILENT
656,0,0,0,9,88.3,7.50,SILENT
656,1,0,0,9,89.7,10.00,SILENT
656,2,0,0,9,0.8,8.33,CRIT(1%),SILENT
656,3,0,0,9,2.5,3.33,CRIT(3%),SILENT
656,4,0,0,9,96.9,9.17,SILENT
657,0,0,0,9,88.2,7.50,SILENT
657,1,0,0,9,89.6,10.00,SILENT
657,2,0,0,9,0.7,8.33,CRIT(1%),SILENT
657,3,0,0,9,2.4,3.33,CRIT(2%),SILENT
657,4,0,0,9,96.8,9.17,SILENT
658,0,0,0,9,88.1,7.50,SILENT
658,1,0,0,9,89.5,10.00,SILENT
658,2,0,0,9,0.6,8.33,CRIT(1%),SILENT
658,3,0,0,9,2.3,3.33,CRIT(2%),SILENT
658,4,0,0,9,96.7,9.17,SILENT
659,0,0,0,9,88.0,7.50,SILENT
659,1,0,0,9,89.4,10.00,SILENT
659,2,0,0,9,0.5,8.33,CRIT(1%),SILENT
659,3,0,0,9,2.2,3.33,CRIT(2%),SILENT
659,4,0,0,9,96.6,9.17,SILENT
660,0,0,0,9,87.9,7.50,SILENT
660,1,0,0,9,89.3,10.00,SILENT
660,2,0,0,9,0.4,8.33,CRIT(0%),SILENT
660,3,0,0,9,2.1,3.33,CRIT(2%),SILENT
660,4,0,0,9,96.5,9.17,SILENT
661,0,0,0,9,87.8,7.50,SILENT
661,1,0,0,9,89.2,10.00,SILENT
661,2,0,0,9,0.3,8.33,CRIT(0%),SILENT
661,3,0,0,9,2.0,3.33,CRIT(2%),SILENT
661,4,0,0,9,96.4,9.17,SILENT
662,0,0,0,9,87.7,7.50,SILENT
662,1,0,0,9,89.1,10.00,SILENT
662,2,0,0,9,0.2,8.33,CRIT(0%),SILENT
662,3,0,0,9,1.9,3.33,CRIT(2%),SILENT
662,4,0,0,9,96.3,9.17,SILENT
663,0,0,0,9,87.6,7.50,SILENT
663,1,0,0,9,89.0,10.00,SILENT
663,2,0,0,9,0.1,8.33,CRIT(0%),SILENT
663,3,0,0,9,1.8,3.33,CRIT(2%),SILENT
663,4,0,0,9,96.2,9.17,SILENT
664,0,0,0,9,87.5,7.50,SILENT
664,1,0,0,9,88.9,10.00,SILENT
664,2,0,0,9,0.0,8.33,CRIT(0%),SILENT
664,3,0,0,9,1.7,3.33,CRIT(2%),SILENT
664,4,0,0,9,96.1,9.17,SILENT
665,0,0,0,9,87.4,7.50,SILENT
665,1,0,0,9,88.8,10.00,SILENT
665,2,0,0,9,0.0,8.33,RECHARGING,CRIT(0%),SILENT
665,3,0,0,9,1.6,3.33,CRIT(2%),SILENT
665,4,0,0,9,96.0,9.17,SILENT
666,0,0,0,9,87.3,7.50,SILENT
666,1,0,0,9,88.7,10.00,SILENT
666,2,0,0,9,0.0,8.33,RECHARGING,CRIT(0%),SILENT
666,3,0,0,9,1.5,3.33,CRIT(2%),SILENT
666,4,0,0,9,95.9,9.17,SILENT
667,0,0,0,9,87.2,7.50,SILENT
667,1,0,0,9,88.6,10.00,SILENT
667,2,0,0,9,0.0,8.33,RECHARGING,CRIT(0%),SILENT
667,3,0,0,9,1.4,3.33,CRIT(1%),SILENT
667,4,0,0,9,95.8,9.17,SILENT
668,0,0,0,9,87.1,7.50,SILENT
668,1,0,0,9,88.5,10.00,SILENT
668,2,0,0,9,0.0,8.33,RECHARGING,CRIT(0%),SILENT
668,3,0,0,9,1.3,3.33,CRIT(1%),SILENT
668,4,0,0,9,95.7,9.17,SILENT
669,0,0,0,9,87.0,7.50,SILENT
669,1,0,0,9,88.4,10.00,SILENT
669,2,0,0,9,0.0,8.33,RECHARGING,CRIT(0%),SILENT
669,3,0,0,9,1.2,3.33,CRIT(1%),SILENT
669,4,0,0,9,95.6,9.17,SILENT
670,0,0,0,9,86.9,7.50,SILENT
670,1,0,0,9,88.3,10.00,SILENT
670,2,0,0,9,0.0,8.33,RECHARGING,CRIT(0%),SILENT
670,3,0,0,9,1.1,3.33,CRIT(1%),SILENT
670,4,0,0,9,95.5,9.17,SILENT
671,0,0,0,9,86.8,7.50,SILENT
671,1,0,0,9,88.2,10.00,SILENT
671,2,0,0,9,0.0,8.33,RECHARGING,CRIT(0%),SILENT
671,3,0,0,9,1.0,3.33,CRIT(1%),SILENT
671,4,0,0,9,95.4,9.17,SILENT
672,0,0,0,9,86.7,7.50,SILENT
672,1,0,0,9,88.1,10.00,SILENT
672,2,0,0,9,0.0,8.33,RECHARGING,CRIT(0%),SILENT
672,3,0,0,9,0.9,3.33,CRIT(1%),SILENT
672,4,0,0,9,95.3,9.17,SILENT
673,0,0,0,9,86.6,7.50,SILENT
673,1,0,0,9,88.0,10.00,SILENT
673,2,0,0,9,0.0,8.33,RECHARGING,CRIT(0%),SILENT
673,3,0,0,9,0.8,3.33,CRIT(1%),SILENT
673,4,0,0,9,95.2,9.17,SILENT
674,0,0,0,9,86.5,7.50,SILENT
674,1,0,0,9,87.9,10.00,SILENT
674,2,0,0,9,0.0,8.33,RECHARGING,CRIT(0%),SILENT
674,3,0,0,9,0.7,3.33,CRIT(1%),SILENT
674,4,0,0,9,95.1,9.17,SILENT
675,0,0,0,9,86.4,7.50,SILENT
675,1,0,0,9,87.8,10.00,SILENT
675,2,0,0,9,0.0,8.33,RECHARGING,CRIT(0%),SILENT
675,3,0,0,9,0.6,3.33,CRIT(1%),SILENT
675,4,0,0,9,95.0,9.17,SILENT
676,0,0,0,9,86.3,7.50,SILENT
676,1,0,0,9,87.7,10.00,SILENT
676,2,0,0,9,0.0,8.33,RECHARGING,CRIT(0%),SILENT
676,3,0,0,9,0.5,3.33,CRIT(1%),SILENT
676,4,0,0,9,94.9,9.17,SILENT
677,0,0,0,9,86.2,7.50,SILENT
677,1,0,0,9,87.6,10.00,SILENT
677,2,0,0,9,0.0,8.33,RECHARGING,CRIT(0%),SILENT
677,3,0,0,9,0.4,3.33,CRIT(0%),SILENT
677,4,0,0,9,94.8,9.17,SILENT
678,0,0,0,9,86.1,7.50,SILENT
678,1,0,0,9,87.5,10.00,SILENT
678,2,0,0,9,0.0,8.33,RECHARGING,CRIT(0%),SILENT
678,3,0,0,9,0.3,3.33,CRIT(0%),SILENT
678,4,0,0,9,94.7,9.17,SILENT
679,0,0,0,9,86.0,7.50,SILENT
679,1,0,0,9,87.4,10.00,SILENT
679,2,0,0,9,0.0,8.33,RECHARGING,CRIT(0%),SILENT
679,3,0,0,9,0.2,3.33,CRIT(0%),SILENT
679,4,0,0,9,94.6,9.17,SILENT
680,0,0,0,9,85.9,7.50,SILENT
680,1,0,0,9,87.3,10.00,SILENT
680,2,0,0,9,0.0,8.33,RECHARGING,CRIT(0%),SILENT
680,3,0,0,9,0.1,3.33,CRIT(0%),SILENT
680,4,0,0,9,94.5,9.17,SILENT
681,0,0,0,9,85.8,7.50,SILENT
681,1,0,0,9,87.2,10.00,SILENT
681,2,0,0,9,0.0,8.33,RECHARGING,CRIT(0%),SILENT
681,3,0,0,9,0.0,3.33,CRIT(0%),SILENT
681,4,0,0,9,94.4,9.17,SILENT
682,0,0,0,9,85.7,7.50,SILENT
682,1,0,0,9,87.1,10.00,SILENT
682,2,0,0,9,0.0,8.33,RECHARGING,CRIT(0%),SILENT
682,3,0,0,9,0.0,3.33,RECHARGING,CRIT(0%),SILENT
682,4,0,0,9,94.3,9.17,SILENT
683,0,0,0,9,85.6,7.50,SILENT
683,1,0,0,9,87.0,10.00,SILENT
683,2,0,0,9,0.0,8.33,RECHARGING,CRIT(0%),SILENT
683,3,0,0,9,0.0,3.33,RECHARGING,CRIT(0%),SILENT
683,4,0,0,9,94.2,9.17,SILENT
684,0,0,0,9,85.5,7.50,SILENT
684,1,0,0,9,86.9,10.00,SILENT
684,2,0,0,9,0.0,8.33,RECHARGING,CRIT(0%),SILENT
684,3,0,0,9,0.0,3.33,RECHARGING,CRIT(0%),SILENT
684,4,0,0,9,94.1,9.17,SILENT
685,0,0,0,9,85.4,7.50,SILENT
685,1,0,0,9,86.8,10.00,SILENT
685,2,0,0,9,0.0,8.33,RECHARGING,CRIT(0%),SILENT
685,3,0,0,9,0.0,3.33,RECHARGING,CRIT(0%),SILENT
685,4,0,0,9,94.0,9.17,SILENT
686,0,0,0,9,85.3,7.50,SILENT
686,1,0,0,9,86.7,10.00,SILENT
686,2,0,0,9,0.0,8.33,RECHARGING,CRIT(0%),SILENT
686,3,0,0,9,0.0,3.33,RECHARGING,CRIT(0%),SILENT
686,4,0,0,9,93.9,9.17,SILENT
687,0,0,0,9,85.2,7.50,SILENT
687,1,0,0,9,86.6,10.00,SILENT
687,2,0,0,9,0.0,8.33,RECHARGING,CRIT(0%),SILENT
687,3,0,0,9,0.0,3.33,RECHARGING,CRIT(0%),SILENT
687,4,0,0,9,93.8,9.17,SILENT
688,0,0,0,9,85.1,7.50,SILENT
688,1,0,0,9,86.5,10.00,SILENT
688,2,0,0,9,0.0,8.33,RECHARGING,CRIT(0%),SILENT
688,3,0,0,9,0.0,3.33,RECHARGING,CRIT(0%),SILENT
688,4,0,0,9,93.7,9.17,SILENT
689,0,0,0,9,85.0,7.50,SILENT
689,1,0,0,9,86.4,10.00,SILENT
689,2,0,0,9,0.0,8.33,RECHARGING,CRIT(0%),SILENT
689,3,0,0,9,0.0,3.33,RECHARGING,CRIT(0%),SILENT
689,4,0,0,9,93.6,9.17,SILENT
690,0,0,0,9,84.9,7.50,SILENT
690,1,0,0,9,86.3,10.00,SILENT
690,2,0,0,9,0.0,8.33,RECHARGING,CRIT(0%),SILENT
690,3,0,0,9,0.0,3.33,RECHARGING,CRIT(0%),SILENT
690,4,0,0,9,93.5,9.17,SILENT
691,0,0,0,9,84.8,7.50,SILENT
691,1,0,0,9,86.2,10.00,SILENT
691,2,0,0,9,0.0,8.33,RECHARGING,CRIT(0%),SILENT
691,3,0,0,9,0.0,3.33,RECHARGING,CRIT(0%),SILENT
691,4,0,0,9,93.4,9.17,SILENT
692,0,0,0,9,84.7,7.50,SILENT
692,1,0,0,9,86.1,10.00,SILENT
692,2,0,0,9,0.0,8.33,RECHARGING,CRIT(0%),SILENT
692,3,0,0,9,0.0,3.33,RECHARGING,CRIT(0%),SILENT
692,4,0,0,9,93.3,9.17,SILENT
693,0,0,0,9,84.6,7.50,SILENT
693,1,0,0,9,86.0,10.00,SILENT
693,2,0,0,9,0.0,8.33,RECHARGING,CRIT(0%),SILENT
693,3,0,0,9,0.0,3.33,RECHARGING,CRIT(0%),SILENT
693,4,0,0,9,93.2,9.17,SILENT
694,0,0,0,9,84.5,7.50,SILENT
694,1,0,0,9,85.9,10.00,SILENT
694,2,0,0,9,100.0,8.33,SILENT
694,3,0,0,9,0.0,3.33,RECHARGING,CRIT(0%),SILENT
694,4,0,0,9,93.1,9.17,SILENT
695,0,0,0,9,84.4,7.50,SILENT
695,1,0,0,9,85.8,10.00,SILENT
695,2,0,0,9,99.9,8.33,SILENT
695,3,0,0,9,0.0,3.33,RECHARGING,CRIT(0%),SILENT
695,4,0,0,9,93.0,9.17,SILENT
696,0,0,0,9,84.3,7.50,SILENT
696,1,0,0,9,85.7,10.00,SILENT
696,2,0,0,9,99.8,8.33,SILENT
696,3,0,0,9,0.0,3.33,RECHARGING,CRIT(0%),SILENT
696,4,0,0,9,92.9,9.17,SILENT
697,0,0,0,9,84.2,7.50,SILENT
697,1,0,0,9,85.6,10.00,SILENT
697,2,0,0,9,99.7,8.33,SILENT
697,3,0,0,9,0.0,3.33,RECHARGING,CRIT(0%),SILENT
697,4,0,0,9,92.8,9.17,SILENT
698,0,0,0,9,84.1,7.50,SILENT
698,1,0,0,9,85.5,10.00,SILENT
698,2,0,0,9,99.6,8.33,SILENT
698,3,0,0,9,0.0,3.33,RECHARGING,CRIT(0%),SILENT
698,4,0,0,9,92.7,9.17,SILENT
699,0,0,0,9,84.0,7.50,SILENT
699,1,0,0,9,85.4,10.00,SILENT
699,2,0,0,9,99.5,8.33,SILENT
699,3,0,0,9,0.0,3.33,RECHARGING,CRIT(0%),SILENT
699,4,0,0,9,92.6,9.17,SILENT
700,0,0,0,9,83.9,7.50,SILENT
700,1,0,0,9,85.3,10.00,SILENT
700,2,0,0,9,99.4,8.33,SILENT
700,3,0,0,9,0.0,3.33,RECHARGING,CRIT(0%),SILENT
700,4,0,0,9,92.5,9.17,SILENT
701,0,0,0,9,83.8,7.50,SILENT
701,1,0,0,9,85.2,10.00,SILENT
701,2,0,0,9,99.3,8.33,SILENT
701,3,0,0,9,0.0,3.33,RECHARGING,CRIT(0%),SILENT
701,4,0,0,9,92.4,9.17,SILENT
702,0,0,0,9,83.7,7.50,SILENT
702,1,0,0,9,85.1,10.00,SILENT
702,2,0,0,9,99.2,8.33,SILENT
702,3,0,0,9,0.0,3.33,RECHARGING,CRIT(0%),SILENT
702,4,0,0,9,92.3,9.17,SILENT
703,0,0,0,9,83.6,7.50,SILENT
703,1,0,0,9,85.0,10.00,SILENT
703,2,0,0,9,99.1,8.33,SILENT
703,3,0,0,9,0.0,3.33,RECHARGING,CRIT(0%),SILENT
703,4,0,0,9,92.2,9.17,SILENT
704,0,0,0,9,83.5,7.50,SILENT
704,1,0,0,9,84.9,10.00,SILENT
704,2,0,0,9,99.0,8.33,SILENT
704,3,0,0,9,0.0,3.33,RECHARGING,CRIT(0%),SILENT
704,4,0,0,9,92.1,9.17,SILENT
705,0,0,0,9,83.4,7.50,SILENT
705,1,0,0,9,84.8,10.00,SILENT
705,2,0,0,9,98.9,8.33,SILENT
705,3,0,0,9,0.0,3.33,RECHARGING,CRIT(0%),SILENT
705,4,0,0,9,92.0,9.17,SILENT
706,0,0,0,9,83.3,7.50,SILENT
706,1,0,0,9,84.7,10.00,SILENT
706,2,0,0,9,98.8,8.33,SILENT
706,3,0,0,9,0.0,3.33,RECHARGING,CRIT(0%),SILENT
706,4,0,0,9,91.9,9.17,SILENT
707,0,0,0,9,83.2,7.50,SILENT
707,1,0,0,9,84.6,10.00,SILENT
707,2,0,0,9,98.7,8.33,SILENT
707,3,0,0,9,0.0,3.33,RECHARGING,CRIT(0%),SILENT
707,4,0,0,9,91.8,9.17,SILENT
708,0,0,0,9,83.1,7.50,SILENT
708,1,0,0,9,84.5,10.00,SILENT
708,2,0,0,9,98.6,8.33,SILENT
708,3,0,0,9,0.0,3.33,RECHARGING,CRIT(0%),SILENT
708,4,0,0,9,91.7,9.17,SILENT
709,0,0,0,9,83.0,7.50,SILENT
709,1,0,0,9,84.4,10.00,SILENT
709,2,0,0,9,98.5,8.33,SILENT
709,3,0,0,9,0.0,3.33,RECHARGING,CRIT(0%),SILENT
709,4,0,0,9,91.6,9.17,SILENT
710,0,0,0,9,82.9,7.50,SILENT
710,1,0,0,9,84.3,10.00,SILENT
710,2,0,0,9,98.4,8.33,SILENT
710,3,0,0,9,0.0,3.33,RECHARGING,CRIT(0%),SILENT
710,4,0,0,9,91.5,9.17,SILENT
711,0,0,0,9,82.8,7.50,SILENT
711,1,0,0,9,84.3,10.00,SILENT
711,2,0,0,9,98.3,8.33,SILENT
711,3,0,0,9,100.0,3.33,SILENT
711,4,0,0,9,91.4,9.17,SILENT
712,0,0,0,9,82.7,7.50,SILENT
712,1,0,0,9,84.3,10.00,SILENT
712,2,0,0,9,98.2,8.33,SILENT
712,3,0,0,9,99.9,3.33,SILENT
712,4,0,0,9,91.3,9.17,SILENT
713,0,0,0,9,82.6,7.50,SILENT
713,1,0,0,9,84.3,10.00,SILENT
713,2,0,0,9,98.1,8.33,SILENT
713,3,0,0,9,99.8,3.33,SILENT
713,4,0,0,9,91.2,9.17,SILENT
714,0,0,0,9,82.5,7.50,SILENT
714,1,0,0,9,84.3,10.00,SILENT
714,2,0,0,9,98.0,8.33,SILENT
714,3,0,0,9,99.7,3.33,SILENT
714,4,0,0,9,91.1,9.17,SILENT
715,0,0,0,9,82.4,7.50,SILENT
715,1,0,0,9,84.3,10.00,SILENT
715,2,0,0,9,97.9,8.33,SILENT
715,3,0,0,9,99.6,3.33,SILENT
715,4,0,0,9,91.0,9.17,SILENT
716,0,0,0,9,82.3,7.50,SILENT
716,1,0,0,9,84.3,10.00,SILENT
716,2,0,0,9,97.8,8.33,SILENT
716,3,0,0,9,99.5,3.33,SILENT
716,4,0,0,9,90.9,9.17,SILENT
717,0,0,0,9,82.2,7.50,SILENT
717,1,0,0,9,84.3,10.00,SILENT
717,2,0,0,9,97.7,8.33,SILENT
717,3,0,0,9,99.4,3.33,SILENT
717,4,0,0,9,90.8,9.17,SILENT
718,0,0,0,9,82.1,7.50,SILENT
718,1,0,0,9,84.3,10.00,SILENT
718,2,0,0,9,97.6,8.33,SILENT
718,3,0,0,9,99.3,3.33,SILENT
718,4,0,0,9,90.7,9.17,SILENT
719,0,0,0,9,82.0,7.50,SILENT
719,1,0,0,9,84.3,10.00,SILENT
719,2,0,0,9,97.5,8.33,SILENT
719,3,0,0,9,99.2,3.33,SILENT
719,4,0,0,9,90.6,9.17,SILENT
720,0,0,0,9,81.9,7.50,SILENT
720,1,0,0,9,84.3,10.00,SILENT
720,2,0,0,9,97.4,8.33,SILENT
720,3,0,0,9,99.1,3.33,SILENT
720,4,0,0,9,90.5,9.17,SILENT
721,0,0,0,9,81.8,7.50,SILENT
721,1,0,0,9,84.3,10.00,SILENT
721,2,0,0,9,97.3,8.33,SILENT
721,3,0,0,9,99.0,3.33,SILENT
721,4,0,0,9,90.4,9.17,SILENT
722,0,0,0,9,81.7,7.50,SILENT
722,1,0,0,9,84.3,10.00,SILENT
722,2,0,0,9,97.2,8.33,SILENT
722,3,0,0,9,98.9,3.33,SILENT
722,4,0,0,9,90.3,9.17,SILENT
723,0,0,0,9,81.6,7.50,SILENT
723,1,0,0,9,84.3,10.00,SILENT
723,2,0,0,9,97.1,8.33,SILENT
723,3,0,0,9,98.8,3.33,SILENT
723,4,0,0,9,90.2,9.17,SILENT
724,0,0,0,9,81.5,7.50,SILENT
724,1,0,0,9,84.3,10.00,SILENT
724,2,0,0,9,97.0,8.33,SILENT
724,3,0,0,9,98.7,3.33,SILENT
724,4,0,0,9,90.1,9.17,SILENT
725,0,0,0,9,81.4,7.50,SILENT
725,1,0,0,9,84.3,10.00,SILENT
725,2,0,0,9,96.9,8.33,SILENT
725,3,0,0,9,98.6,3.33,SILENT
725,4,0,0,9,90.0,9.17,SILENT
726,0,0,0,9,81.3,7.50,SILENT
726,1,0,0,9,84.3,10.00,SILENT
726,2,0,0,9,96.8,8.33,SILENT
726,3,0,0,9,98.5,3.33,SILENT
726,4,0,0,9,89.9,9.17,SILENT
727,0,0,0,9,81.2,7.50,SILENT
727,1,0,0,9,84.3,10.00,SILENT
727,2,0,0,9,96.7,8.33,SILENT
727,3,0,0,9,98.4,3.33,SILENT
727,4,0,0,9,89.8,9.17,SILENT
728,0,0,0,9,81.1,7.50,SILENT
728,1,0,0,9,84.3,10.00,SILENT
728,2,0,0,9,96.6,8.33,SILENT
728,3,0,0,9,98.3,3.33,SILENT
728,4,0,0,9,89.7,9.17,SILENT
729,0,0,0,9,81.0,7.50,SILENT
729,1,0,0,9,84.3,10.00,SILENT
729,2,0,0,9,96.5,8.33,SILENT
729,3,0,0,9,98.2,3.33,SILENT
729,4,0,0,9,89.6,9.17,SILENT
730,0,0,0,9,80.9,7.50,SILENT
730,1,0,0,9,84.3,10.00,SILENT
730,2,0,0,9,96.4,8.33,SILENT
730,3,0,0,9,98.1,3.33,SILENT
730,4,0,0,9,89.5,9.17,SILENT
731,0,0,0,9,80.8,7.50,SILENT
731,1,0,0,9,84.3,10.00,SILENT
731,2,0,0,9,96.3,8.33,SILENT
731,3,0,0,9,98.0,3.33,SILENT
731,4,0,0,9,89.4,9.17,SILENT
732,0,0,0,9,80.7,7.50,SILENT
732,1,0,0,9,84.3,10.00,SILENT
732,2,0,0,9,96.2,8.33,SILENT
732,3,0,0,9,97.9,3.33,SILENT
732,4,0,0,9,89.3,9.17,SILENT
733,0,0,0,9,80.6,7.50,SILENT
733,1,0,0,9,84.3,10.00,SILENT
733,2,0,0,9,96.1,8.33,SILENT
733,3,0,0,9,97.8,3.33,SILENT
733,4,0,0,9,89.2,9.17,SILENT
734,0,0,0,9,80.5,7.50,SILENT
734,1,0,0,9,84.3,10.00,SILENT
734,2,0,0,9,96.0,8.33,SILENT
734,3,0,0,9,97.7,3.33,SILENT
734,4,0,0,9,89.1,9.17,SILENT
735,0,0,0,9,80.4,7.50,SILENT
735,1,0,0,9,84.3,10.00,SILENT
735,2,0,0,9,95.9,8.33,SILENT
735,3,0,0,9,97.6,3.33,SILENT
735,4,0,0,9,89.0,9.17,SILENT
736,0,0,0,9,80.3,7.50,SILENT
736,1,0,0,9,84.3,10.00,SILENT
736,2,0,0,9,95.8,8.33,SILENT
736,3,0,0,9,97.5,3.33,SILENT
736,4,0,0,9,88.9,9.17,SILENT
737,0,0,0,9,80.2,7.50,SILENT
737,1,0,0,9,84.3,10.00,SILENT
737,2,0,0,9,95.7,8.33,SILENT
737,3,0,0,9,97.4,3.33,SILENT
737,4,0,0,9,88.8,9.17,SILENT
738,0,0,0,9,80.1,7.50,SILENT
738,1,0,0,9,84.3,10.00,SILENT
738,2,0,0,9,95.6,8.33,SILENT
738,3,0,0,9,97.3,3.33,SILENT
738,4,0,0,9,88.7,9.17,SILENT
739,0,0,0,9,80.0,7.50,SILENT
739,1,0,0,9,84.3,10.00,SILENT
739,2,0,0,9,95.5,8.33,SILENT
739,3,0,0,9,97.2,3.33,SILENT
739,4,0,0,9,88.6,9.17,SILENT
740,0,0,0,9,79.9,7.50,SILENT
740,1,0,0,9,84.2,10.00,SILENT
740,2,0,0,9,95.4,8.33,SILENT
740,3,0,0,9,97.1,3.33,SILENT
740,4,0,0,9,88.5,9.17,SILENT
741,0,0,0,9,79.8,7.50,SILENT
741,1,0,0,9,84.1,10.00,SILENT
741,2,0,0,9,95.3,8.33,SILENT
741,3,0,0,9,97.0,3.33,SILENT
741,4,0,0,9,88.4,9.17,SILENT
742,0,0,0,9,79.7,7.50,SILENT
742,1,0,0,9,84.0,10.00,SILENT
742,2,0,0,9,95.2,8.33,SILENT
742,3,0,0,9,96.9,3.33,SILENT
742,4,0,0,9,88.3,9.17,SILENT
743,0,0,0,9,79.6,7.50,SILENT
743,1,0,0,9,83.9,10.00,SILENT
743,2,0,0,9,95.1,8.33,SILENT
743,3,0,0,9,96.8,3.33,SILENT
743,4,0,0,9,88.2,9.17,SILENT
744,0,0,0,9,79.5,7.50,SILENT
744,1,0,0,9,83.8,10.00,SILENT
744,2,0,0,9,95.0,8.33,SILENT
744,3,0,0,9,96.7,3.33,SILENT
744,4,0,0,9,88.1,9.17,SILENT
745,0,0,0,9,79.4,7.50,SILENT
745,1,0,0,9,83.7,10.00,SILENT
745,2,0,0,9,94.9,8.33,SILENT
745,3,0,0,9,96.7,3.33,SILENT
745,4,0,0,9,88.0,9.17,SILENT
746,0,0,0,9,79.3,7.50,SILENT
746,1,0,0,9,83.6,10.00,SILENT
746,2,0,0,9,94.8,8.33,SILENT
746,3,0,0,9,96.7,3.33,SILENT
746,4,0,0,9,87.9,9.17,SILENT
747,0,0,0,9,79.2,7.50,SILENT
747,1,0,0,9,83.5,10.00,SILENT
747,2,0,0,9,94.7,8.33,SILENT
747,3,0,0,9,96.7,3.33,SILENT
747,4,0,0,9,87.8,9.17,SILENT
748,0,0,0,9,79.1,7.50,SILENT
748,1,0,0,9,83.4,10.00,SILENT
748,2,0,0,9,94.6,8.33,SILENT
748,3,0,0,9,96.7,3.33,SILENT
748,4,0,0,9,87.7,9.17,SILENT
749,0,0,0,9,79.0,7.50,SILENT
749,1,0,0,9,83.3,10.00,SILENT
749,2,0,0,9,94.5,8.33,SILENT
749,3,0,0,9,96.7,3.33,SILENT
749,4,0,0,9,87.6,9.17,SILENT
750,0,0,0,9,78.9,7.50,SILENT
750,1,0,0,9,83.2,10.00,SILENT
750,2,0,0,9,94.4,8.33,SILENT
750,3,0,0,9,96.7,3.33,SILENT
750,4,0,0,9,87.5,9.17,SILENT
751,0,0,0,9,78.8,7.50,SILENT
751,1,0,0,9,83.1,10.00,SILENT
751,2,0,0,9,94.3,8.33,SILENT
751,3,0,0,9,96.7,3.33,SILENT
751,4,0,0,9,87.4,9.17,SILENT
752,0,0,0,9,78.7,7.50,SILENT
752,1,0,0,9,83.0,10.00,SILENT
752,2,0,0,9,94.2,8.33,SILENT
752,3,0,0,9,96.7,3.33,SILENT
752,4,0,0,9,87.3,9.17,SILENT
753,0,0,0,9,78.6,7.50,SILENT
753,1,0,0,9,82.9,10.00,SILENT
753,2,0,0,9,94.1,8.33,SILENT
753,3,0,0,9,96.7,3.33,SILENT
753,4,0,0,9,87.2,9.17,SILENT
754,0,0,0,9,78.5,7.50,SILENT
754,1,0,0,9,82.8,10.00,SILENT
754,2,0,0,9,94.0,8.33,SILENT
754,3,0,0,9,96.7,3.33,SILENT
754,4,0,0,9,87.1,9.17,SILENT
755,0,0,0,9,78.4,7.50,SILENT
755,1,0,0,9,82.7,10.00,SILENT
755,2,0,0,9,93.9,8.33,SILENT
755,3,0,0,9,96.7,3.33,SILENT
755,4,0,0,9,87.0,9.17,SILENT
756,0,0,0,9,78.3,7.50,SILENT
756,1,0,0,9,82.6,10.00,SILENT
756,2,0,0,9,93.8,8.33,SILENT
756,3,0,0,9,96.7,3.33,SILENT
756,4,0,0,9,86.9,9.17,SILENT
757,0,0,0,9,78.2,7.50,SILENT
757,1,0,0,9,82.5,10.00,SILENT
757,2,0,0,9,93.7,8.33,SILENT
757,3,0,0,9,96.7,3.33,SILENT
757,4,0,0,9,86.8,9.17,SILENT
758,0,0,0,9,78.1,7.50,SILENT
758,1,0,0,9,82.4,10.00,SILENT
758,2,0,0,9,93.6,8.33,SILENT
758,3,0,0,9,96.7,3.33,SILENT
758,4,0,0,9,86.7,9.17,SILENT
759,0,0,0,9,78.0,7.50,SILENT
759,1,0,0,9,82.3,10.00,SILENT
759,2,0,0,9,93.5,8.33,SILENT
759,3,0,0,9,96.7,3.33,SILENT
759,4,0,0,9,86.6,9.17,SILENT
760,0,0,0,9,77.9,7.50,SILENT
760,1,0,0,9,82.2,10.00,SILENT
760,2,0,0,9,93.4,8.33,SILENT
760,3,0,0,9,96.7,3.33,SILENT
760,4,0,0,9,86.5,9.17,SILENT
761,0,0,0,9,77.8,7.50,SILENT
761,1,0,0,9,82.1,10.00,SILENT
761,2,0,0,9,93.3,8.33,SILENT
761,3,0,0,9,96.7,3.33,SILENT
761,4,0,0,9,86.4,9.17,SILENT
762,0,0,0,9,77.7,7.50,SILENT
762,1,0,0,9,82.0,10.00,SILENT
762,2,0,0,9,93.2,8.33,SILENT
762,3,0,0,9,96.7,3.33,SILENT
762,4,0,0,9,86.3,9.17,SILENT
763,0,0,0,9,77.6,7.50,SILENT
763,1,0,0,9,81.9,10.00,SILENT
763,2,0,0,9,93.1,8.33,SILENT
763,3,0,0,9,96.7,3.33,SILENT
763,4,0,0,9,86.2,9.17,SILENT
764,0,0,0,9,77.5,7.50,SILENT
764,1,0,0,9,81.8,10.00,SILENT
764,2,0,0,9,93.0,8.33,SILENT
764,3,0,0,9,96.7,3.33,SILENT
764,4,0,0,9,86.1,9.17,SILENT
765,0,0,0,9,77.4,7.50,SILENT
765,1,0,0,9,81.7,10.00,SILENT
765,2,0,0,9,92.9,8.33,SILENT
765,3,0,0,9,96.7,3.33,SILENT
765,4,0,0,9,86.0,9.17,SILENT
766,0,0,0,9,77.3,7.50,SILENT
766,1,0,0,9,81.6,10.00,SILENT
766,2,0,0,9,92.8,8.33,SILENT
766,3,0,0,9,96.7,3.33,SILENT
766,4,0,0,9,85.9,9.17,SILENT
767,0,0,0,9,77.2,7.50,SILENT
767,1,0,0,9,81.5,10.00,SILENT
767,2,0,0,9,92.7,8.33,SILENT
767,3,0,0,9,96.7,3.33,SILENT
767,4,0,0,9,85.8,9.17,SILENT
768,0,0,0,9,77.1,7.50,SILENT
768,1,0,0,9,81.4,10.00,SILENT
768,2,0,0,9,92.6,8.33,SILENT
768,3,0,0,9,96.7,3.33,SILENT
768,4,0,0,9,85.7,9.17,SILENT
769,0,0,0,9,77.0,7.50,SILENT
769,1,0,0,9,81.3,10.00,SILENT
769,2,0,0,9,92.5,8.33,SILENT
769,3,0,0,9,96.7,3.33,SILENT
769,4,0,0,9,85.6,9.17,SILENT
770,0,0,0,9,76.9,7.50,SILENT
770,1,0,0,9,81.2,10.00,SILENT
770,2,0,0,9,92.4,8.33,SILENT
770,3,0,0,9,96.7,3.33,SILENT
770,4,0,0,9,85.5,9.17,SILENT
771,0,0,0,9,76.8,7.50,SILENT
771,1,0,0,9,81.1,10.00,SILENT
771,2,0,0,9,92.3,8.33,SILENT
771,3,0,0,9,96.7,3.33,SILENT
771,4,0,0,9,85.4,9.17,SILENT
772,0,0,0,9,76.7,7.50,SILENT
772,1,0,0,9,81.0,10.00,SILENT
772,2,0,0,9,92.2,8.33,SILENT
772,3,0,0,9,96.7,3.33,SILENT
772,4,0,0,9,85.3,9.17,SILENT
773,0,0,0,9,76.6,7.50,SILENT
773,1,0,0,9,80.9,10.00,SILENT
773,2,0,0,9,92.1,8.33,SILENT
773,3,0,0,9,96.7,3.33,SILENT
773,4,0,0,9,85.2,9.17,SILENT
774,0,0,0,9,76.5,7.50,SILENT
774,1,0,0,9,80.8,10.00,SILENT
774,2,0,0,9,92.0,8.33,SILENT
774,3,0,0,9,96.6,3.33,SILENT
774,4,0,0,9,85.1,9.17,SILENT
775,0,0,0,9,76.4,7.50,SILENT
775,1,0,0,9,80.7,10.00,SILENT
775,2,0,0,9,91.9,8.33,SILENT
775,3,0,0,9,96.5,3.33,SILENT
775,4,0,0,9,85.0,9.17,SILENT
776,0,0,0,9,76.3,7.50,SILENT
776,1,0,0,9,80.6,10.00,SILENT
776,2,0,0,9,91.8,8.33,SILENT
776,3,0,0,9,96.4,3.33,SILENT
776,4,0,0,9,84.9,9.17,SILENT
777,0,0,0,9,76.2,7.50,SILENT
777,1,0,0,9,80.5,10.00,SILENT
777,2,0,0,9,91.7,8.33,SILENT
777,3,0,0,9,96.3,3.33,SILENT
777,4,0,0,9,84.8,9.17,SILENT
778,0,0,0,9,76.1,7.50,SILENT
778,1,0,0,9,80.4,10.00,SILENT
778,2,0,0,9,91.6,8.33,SILENT
778,3,0,0,9,96.2,3.33,SILENT
778,4,0,0,9,84.7,9.17,SILENT
779,0,0,0,9,76.0,7.50,SILENT
779,1,0,0,9,80.3,10.00,SILENT
779,2,0,0,9,91.5,8.33,SILENT
779,3,0,0,9,96.1,3.33,SILENT
779,4,0,0,9,84.6,9.17,SILENT
780,0,0,0,9,75.9,7.50,SILENT
780,1,0,0,9,80.2,10.00,SILENT
780,2,0,0,9,91.4,8.33,SILENT
780,3,0,0,9,96.0,3.33,SILENT
780,4,0,0,9,84.5,9.17,SILENT
781,0,0,0,9,75.8,7.50,SILENT
781,1,0,0,9,80.1,10.00,SILENT
781,2,0,0,9,91.3,8.33,SILENT
781,3,0,0,9,95.9,3.33,SILENT
781,4,0,0,9,84.4,9.17,SILENT
782,0,0,0,9,75.7,7.50,SILENT
782,1,0,0,9,80.0,10.00,SILENT
782,2,0,0,9,91.2,8.33,SILENT
782,3,0,0,9,95.8,3.33,SILENT
782,4,0,0,9,84.3,9.17,SILENT
783,0,0,0,9,75.6,7.50,SILENT
783,1,0,0,9,79.9,10.00,SILENT
783,2,0,0,9,91.1,8.33,SILENT
783,3,0,0,9,95.7,3.33,SILENT
783,4,0,0,9,84.2,9.17,SILENT
784,0,0,0,9,75.5,7.50,SILENT
784,1,0,0,9,79.8,10.00,SILENT
784,2,0,0,9,91.0,8.33,SILENT
784,3,0,0,9,95.6,3.33,SILENT
784,4,0,0,9,84.1,9.17,SILENT
785,0,0,0,9,75.4,7.50,SILENT
785,1,0,0,9,79.7,10.00,SILENT
785,2,0,0,9,90.9,8.33,SILENT
785,3,0,0,9,95.5,3.33,SILENT
785,4,0,0,9,84.0,9.17,SILENT
786,0,0,0,9,75.3,7.50,SILENT
786,1,0,0,9,79.6,10.00,SILENT
786,2,0,0,9,90.8,8.33,SILENT
786,3,0,0,9,95.4,3.33,SILENT
786,4,0,0,9,83.9,9.17,SILENT
787,0,0,0,9,75.2,7.50,SILENT
787,1,0,0,9,79.5,10.00,SILENT
787,2,0,0,9,90.7,8.33,SILENT
787,3,0,0,9,95.3,3.33,SILENT
787,4,0,0,9,83.8,9.17,SILENT
788,0,0,0,9,75.1,7.50,SILENT
788,1,0,0,9,79.4,10.00,SILENT
788,2,0,0,9,90.6,8.33,SILENT
788,3,0,0,9,95.2,3.33,SILENT
788,4,0,0,9,83.7,9.17,SILENT
789,0,0,0,9,75.0,7.50,SILENT
789,1,0,0,9,79.3,10.00,SILENT
789,2,0,0,9,90.5,8.33,SILENT
789,3,0,0,9,95.1,3.33,SILENT
789,4,0,0,9,83.6,9.17,SILENT
790,0,0,0,9,74.9,7.50,SILENT
790,1,0,0,9,79.2,10.00,SILENT
790,2,0,0,9,90.4,8.33,SILENT
790,3,0,0,9,95.0,3.33,SILENT
790,4,0,0,9,83.5,9.17,SILENT
791,0,0,0,9,74.8,7.50,SILENT
791,1,0,0,9,79.1,10.00,SILENT
791,2,0,0,9,90.3,8.33,SILENT
791,3,0,0,9,94.9,3.33,SILENT
791,4,0,0,9,83.4,9.17,SILENT
792,0,0,0,9,74.7,7.50,SILENT
792,1,0,0,9,79.0,10.00,SILENT
792,2,0,0,9,90.2,8.33,SILENT
792,3,0,0,9,94.8,3.33,SILENT
792,4,0,0,9,83.3,9.17,SILENT
793,0,0,0,9,74.6,7.50,SILENT
793,1,0,0,9,78.9,10.00,SILENT
793,2,0,0,9,90.1,8.33,SILENT
793,3,0,0,9,94.7,3.33,SILENT
793,4,0,0,9,83.2,9.17,SILENT
794,0,0,0,9,74.5,7.50,SILENT
794,1,0,0,9,78.8,10.00,SILENT
794,2,0,0,9,90.0,8.33,SILENT
794,3,0,0,9,94.6,3.33,SILENT
794,4,0,0,9,83.1,9.17,SILENT
795,0,0,0,9,74.4,7.50,SILENT
795,1,0,0,9,78.7,10.00,SILENT
795,2,0,0,9,89.9,8.33,SILENT
795,3,0,0,9,94.5,3.33,SILENT
795,4,0,0,9,83.0,9.17,SILENT
796,0,0,0,9,74.3,7.50,SILENT
796,1,0,0,9,78.6,10.00,SILENT
796,2,0,0,9,89.8,8.33,SILENT
796,3,0,0,9,94.4,3.33,SILENT
796,4,0,0,9,82.9,9.17,SILENT
797,0,0,0,9,74.2,7.50,SILENT
797,1,0,0,9,78.5,10.00,SILENT
797,2,0,0,9,89.7,8.33,SILENT
797,3,0,0,9,94.3,3.33,SILENT
797,4,0,0,9,82.8,9.17,SILENT
798,0,0,0,9,74.1,7.50,SILENT
798,1,0,0,9,78.4,10.00,SILENT
798,2,0,0,9,89.6,8.33,SILENT
798,3,0,0,9,94.2,3.33,SILENT
798,4,0,0,9,82.7,9.17,SILENT
799,0,0,0,9,74.0,7.50,SILENT
799,1,0,0,9,78.3,10.00,SILENT
799,2,0,0,9,89.5,8.33,SILENT
799,3,0,0,9,94.1,3.33,SILENT
799,4,0,0,9,82.6,9.17,SILENT
800,0,0,0,9,73.9,7.50,SILENT
800,1,0,0,9,78.2,10.00,SILENT
800,2,0,0,9,89.4,8.33,SILENT
800,3,0,0,9,94.0,3.33,SILENT
800,4,0,0,9,82.5,9.17,SILENT
801,0,0,0,9,73.8,7.50,SILENT
801,1,0,0,9,78.1,10.00,SILENT
801,2,0,0,9,89.3,8.33,SILENT
801,3,0,0,9,93.9,3.33,SILENT
801,4,0,0,9,82.4,9.17,SILENT
802,0,0,0,9,73.7,7.50,SILENT
802,1,0,0,9,78.0,10.00,SILENT
802,2,0,0,9,89.2,8.33,SILENT
802,3,0,0,9,93.8,3.33,SILENT
802,4,0,0,9,82.3,9.17,SILENT
803,0,0,0,9,73.6,7.50,SILENT
803,1,0,0,9,77.9,10.00,SILENT
803,2,0,0,9,89.1,8.33,SILENT
803,3,0,0,9,93.7,3.33,SILENT
803,4,0,0,9,82.2,9.17,SILENT
804,0,0,0,9,73.5,7.50,SILENT
804,1,0,0,9,77.8,10.00,SILENT
804,2,0,0,9,89.0,8.33,SILENT
804,3,0,0,9,93.6,3.33,SILENT
804,4,0,0,9,82.1,9.17,SILENT
805,0,0,0,9,73.4,7.50,SILENT
805,1,0,0,9,77.7,10.00,SILENT
805,2,0,0,9,88.9,8.33,SILENT
805,3,0,0,9,93.5,3.33,SILENT
805,4,0,0,9,82.0,9.17,SILENT
806,0,0,0,9,73.3,7.50,SILENT
806,1,0,0,9,77.6,10.00,SILENT
806,2,0,0,9,88.8,8.33,SILENT
806,3,0,0,9,93.4,3.33,SILENT
806,4,0,0,9,81.9,9.17,SILENT
807,0,0,0,9,73.2,7.50,SILENT
807,1,0,0,9,77.5,10.00,SILENT
807,2,0,0,9,88.7,8.33,SILENT
807,3,0,0,9,93.3,3.33,SILENT
807,4,0,0,9,81.8,9.17,SILENT
808,0,0,0,9,73.1,7.50,SILENT
808,1,0,0,9,77.4,10.00,SILENT
808,2,0,0,9,88.6,8.33,SILENT
808,3,0,0,9,93.2,3.33,SILENT
808,4,0,0,9,81.7,9.17,SILENT
809,0,0,0,9,73.0,7.50,SILENT
809,1,0,0,9,77.3,10.00,SILENT
809,2,0,0,9,88.5,8.33,SILENT
809,3,0,0,9,93.1,3.33,SILENT
809,4,0,0,9,81.6,9.17,SILENT
810,0,0,0,9,72.9,7.50,SILENT
810,1,0,0,9,77.2,10.00,SILENT
810,2,0,0,9,88.4,8.33,SILENT
810,3,0,0,9,93.0,3.33,SILENT
810,4,0,0,9,81.5,9.17,SILENT
811,0,0,0,9,72.8,7.50,SILENT
811,1,0,0,9,77.1,10.00,SILENT
811,2,0,0,9,88.3,8.33,SILENT
811,3,0,0,9,92.9,3.33,SILENT
811,4,0,0,9,81.4,9.17,SILENT
812,0,0,0,9,72.7,7.50,SILENT
812,1,0,0,9,77.0,10.00,SILENT
812,2,0,0,9,88.2,8.33,SILENT
812,3,0,0,9,92.8,3.33,SILENT
812,4,0,0,9,81.3,9.17,SILENT
813,0,0,0,9,72.6,7.50,SILENT
813,1,0,0,9,76.9,10.00,SILENT
813,2,0,0,9,88.1,8.33,SILENT
813,3,0,0,9,92.7,3.33,SILENT
813,4,0,0,9,81.2,9.17,SILENT
814,0,0,0,9,72.5,7.50,SILENT
814,1,0,0,9,76.8,10.00,SILENT
814,2,0,0,9,88.0,8.33,SILENT
814,3,0,0,9,92.6,3.33,SILENT
814,4,0,0,9,81.1,9.17,SILENT
815,0,0,0,9,72.4,7.50,SILENT
815,1,0,0,9,76.7,10.00,SILENT
815,2,0,0,9,87.9,8.33,SILENT
815,3,0,0,9,92.5,3.33,SILENT
815,4,0,0,9,81.0,9.17,SILENT
816,0,0,0,9,72.3,7.50,SILENT
816,1,0,0,9,76.6,10.00,SILENT
816,2,0,0,9,87.8,8.33,SILENT
816,3,0,0,9,92.4,3.33,SILENT
816,4,0,0,9,80.9,9.17,SILENT
817,0,0,0,9,72.2,7.50,SILENT
817,1,0,0,9,76.5,10.00,SILENT
817,2,0,0,9,87.7,8.33,SILENT
817,3,0,0,9,92.3,3.33,SILENT
817,4,0,0,9,80.8,9.17,SILENT
818,0,0,0,9,72.1,7.50,SILENT
818,1,0,0,9,76.4,10.00,SILENT
818,2,0,0,9,87.6,8.33,SILENT
818,3,0,0,9,92.2,3.33,SILENT
818,4,0,0,9,80.7,9.17,SILENT
819,0,0,0,9,72.0,7.50,SILENT
819,1,0,0,9,76.3,10.00,SILENT
819,2,0,0,9,87.5,8.33,SILENT
819,3,0,0,9,92.1,3.33,SILENT
819,4,0,0,9,80.6,9.17,SILENT
820,0,0,0,9,71.9,7.50,SILENT
820,1,0,0,9,76.2,10.00,SILENT
820,2,0,0,9,87.4,8.33,SILENT
820,3,0,0,9,92.0,3.33,SILENT
820,4,0,0,9,80.5,9.17,SILENT
821,0,0,0,9,71.8,7.50,SILENT
821,1,0,0,9,76.1,10.00,SILENT
821,2,0,0,9,87.3,8.33,SILENT
821,3,0,0,9,91.9,3.33,SILENT
821,4,0,0,9,80.4,9.17,SILENT
822,0,0,0,9,71.7,7.50,SILENT
822,1,0,0,9,76.0,10.00,SILENT
822,2,0,0,9,87.2,8.33,SILENT
822,3,0,0,9,91.8,3.33,SILENT
822,4,0,0,9,80.3,9.17,SILENT
823,0,0,0,9,71.6,7.50,SILENT
823,1,0,0,9,75.9,10.00,SILENT
823,2,0,0,9,87.1,8.33,SILENT
823,3,0,0,9,91.7,3.33,SILENT
823,4,0,0,9,80.2,9.17,SILENT
824,0,0,0,9,71.5,7.50,SILENT
824,1,0,0,9,75.8,10.00,SILENT
824,2,0,0,9,87.0,8.33,SILENT
824,3,0,0,9,91.6,3.33,SILENT
824,4,0,0,9,80.1,9.17,SILENT
825,0,0,0,9,71.4,7.50,SILENT
825,1,0,0,9,75.7,10.00,SILENT
825,2,0,0,9,86.9,8.33,SILENT
825,3,0,0,9,91.5,3.33,SILENT
825,4,0,0,9,80.0,9.17,SILENT
826,0,0,0,9,71.3,7.50,SILENT
826,1,0,0,9,75.6,10.00,SILENT
826,2,0,0,9,86.8,8.33,SILENT
826,3,0,0,9,91.4,3.33,SILENT
826,4,0,0,9,79.9,9.17,SILENT
827,0,0,0,9,71.2,7.50,SILENT
827,1,0,0,9,75.5,10.00,SILENT
827,2,0,0,9,86.7,8.33,SILENT
827,3,0,0,9,91.3,3.33,SILENT
827,4,0,0,9,79.8,9.17,SILENT
828,0,0,0,9,71.1,7.50,SILENT
828,1,0,0,9,75.4,10.00,SILENT
828,2,0,0,9,86.6,8.33,SILENT
828,3,0,0,9,91.2,3.33,SILENT
828,4,0,0,9,79.7,9.17,SILENT
829,0,0,0,9,71.0,7.50,SILENT
829,1,0,0,9,75.3,10.00,SILENT
829,2,0,0,9,86.5,8.33,SILENT
829,3,0,0,9,91.1,3.33,SILENT
829,4,0,0,9,79.6,9.17,SILENT
830,0,0,0,9,70.9,7.50,SILENT
830,1,0,0,9,75.2,10.00,SILENT
830,2,0,0,9,86.4,8.33,SILENT
830,3,0,0,9,91.0,3.33,SILENT
830,4,0,0,9,79.5,9.17,SILENT
831,0,0,0,9,70.8,7.50,SILENT
831,1,0,0,9,75.1,10.00,SILENT
831,2,0,0,9,86.3,8.33,SILENT
831,3,0,0,9,90.9,3.33,SILENT
831,4,0,0,9,79.4,9.17,SILENT
832,0,0,0,9,70.7,7.50,SILENT
832,1,0,0,9,75.0,10.00,SILENT
832,2,0,0,9,86.2,8.33,SILENT
832,3,0,0,9,90.8,3.33,SILENT
832,4,0,0,9,79.3,9.17,SILENT
833,0,0,0,9,70.6,7.50,SILENT
833,1,0,0,9,74.9,10.00,SILENT
833,2,0,0,9,86.1,8.33,SILENT
833,3,0,0,9,90.7,3.33,SILENT
833,4,0,0,9,79.2,9.17,SILENT
834,0,0,0,9,70.5,7.50,SILENT
834,1,0,0,9,74.8,10.00,SILENT
834,2,0,0,9,86.0,8.33,SILENT
834,3,0,0,9,90.6,3.33,SILENT
834,4,0,0,9,79.1,9.17,SILENT
835,0,0,0,9,70.4,7.50,SILENT
835,1,0,0,9,74.7,10.00,SILENT
835,2,0,0,9,85.9,8.33,SILENT
835,3,0,0,9,90.5,3.33,SILENT
835,4,0,0,9,79.0,9.17,SILENT
836,0,0,0,9,70.3,7.50,SILENT
836,1,0,0,9,74.6,10.00,SILENT
836,2,0,0,9,85.8,8.33,SILENT
836,3,0,0,9,90.4,3.33,SILENT
836,4,0,0,9,78.9,9.17,SILENT
837,0,0,0,9,70.2,7.50,SILENT
837,1,0,0,9,74.5,10.00,SILENT
837,2,0,0,9,85.7,8.33,SILENT
837,3,0,0,9,90.3,3.33,SILENT
837,4,0,0,9,78.8,9.17,SILENT
838,0,0,0,9,70.1,7.50,SILENT
838,1,0,0,9,74.4,10.00,SILENT
838,2,0,0,9,85.6,8.33,SILENT
838,3,0,0,9,90.2,3.33,SILENT
838,4,0,0,9,78.7,9.17,SILENT
839,0,0,0,9,70.0,7.50,SILENT
839,1,0,0,9,74.3,10.00,SILENT
839,2,0,0,9,85.5,8.33,SILENT
839,3,0,0,9,90.1,3.33,SILENT
839,4,0,0,9,78.6,9.17,SILENT
840,0,0,0,9,69.9,7.50,SILENT
840,1,0,0,9,74.2,10.00,SILENT
840,2,0,0,9,85.4,8.33,SILENT
840,3,0,0,9,90.0,3.33,SILENT
840,4,0,0,9,78.5,9.17,SILENT
841,0,0,0,9,69.8,7.50,SILENT
841,1,0,0,9,74.1,10.00,SILENT
841,2,0,0,9,85.3,8.33,SILENT
841,3,0,0,9,89.9,3.33,SILENT
841,4,0,0,9,78.4,9.17,SILENT
842,0,0,0,9,69.7,7.50,SILENT
842,1,0,0,9,74.0,10.00,SILENT
842,2,0,0,9,85.2,8.33,SILENT
842,3,0,0,9,89.8,3.33,SILENT
842,4,0,0,9,78.3,9.17,SILENT
843,0,0,0,9,69.6,7.50,SILENT
843,1,0,0,9,73.9,10.00,SILENT
843,2,0,0,9,85.1,8.33,SILENT
843,3,0,0,9,89.7,3.33,SILENT
843,4,0,0,9,78.2,9.17,SILENT
844,0,0,0,9,69.5,7.50,SILENT
844,1,0,0,9,73.8,10.00,SILENT
844,2,0,0,9,85.0,8.33,SILENT
844,3,0,0,9,89.6,3.33,SILENT
844,4,0,0,9,78.1,9.17,SILENT
845,0,0,0,9,69.4,7.50,SILENT
845,1,0,0,9,73.7,10.00,SILENT
845,2,0,0,9,84.9,8.33,SILENT
845,3,0,0,9,89.5,3.33,SILENT
845,4,0,0,9,78.0,9.17,SILENT
846,0,0,0,9,69.3,7.50,SILENT
846,1,0,0,9,73.6,10.00,SILENT
846,2,0,0,9,84.8,8.33,SILENT
846,3,0,0,9,89.4,3.33,SILENT
846,4,0,0,9,77.9,9.17,SILENT
847,0,0,0,9,69.2,7.50,SILENT
847,1,0,0,9,73.5,10.00,SILENT
847,2,0,0,9,84.7,8.33,SILENT
847,3,0,0,9,89.3,3.33,SILENT
847,4,0,0,9,77.8,9.17,SILENT
848,0,0,0,9,69.1,7.50,SILENT
848,1,0,0,9,73.4,10.00,SILENT
848,2,0,0,9,84.6,8.33,SILENT
848,3,0,0,9,89.2,3.33,SILENT
848,4,0,0,9,77.7,9.17,SILENT
849,0,0,0,9,69.0,7.50,SILENT
849,1,0,0,9,73.3,10.00,SILENT
849,2,0,0,9,84.5,8.33,SILENT
849,3,0,0,9,89.1,3.33,SILENT
849,4,0,0,9,77.6,9.17,SILENT
850,0,0,0,9,68.9,7.50,SILENT
850,1,0,0,9,73.2,10.00,SILENT
850,2,0,0,9,84.4,8.33,SILENT
850,3,0,0,9,89.0,3.33,SILENT
850,4,0,0,9,77.5,9.17,SILENT
851,0,0,0,9,68.8,7.50,SILENT
851,1,0,0,9,73.1,10.00,SILENT
851,2,0,0,9,84.3,8.33,SILENT
851,3,0,0,9,88.9,3.33,SILENT
851,4,0,0,9,77.4,9.17,SILENT
852,0,0,0,9,68.7,7.50,SILENT
852,1,0,0,9,73.0,10.00,SILENT
852,2,0,0,9,84.2,8.33,SILENT
852,3,0,0,9,88.8,3.33,SILENT
852,4,0,0,9,77.3,9.17,SILENT
853,0,0,0,9,68.6,7.50,SILENT
853,1,0,0,9,72.9,10.00,SILENT
853,2,0,0,9,84.1,8.33,SILENT
853,3,0,0,9,88.7,3.33,SILENT
853,4,0,0,9,77.2,9.17,SILENT
854,0,0,0,9,68.5,7.50,SILENT
854,1,0,0,9,72.8,10.00,SILENT
854,2,0,0,9,84.0,8.33,SILENT
854,3,0,0,9,88.6,3.33,SILENT
854,4,0,0,9,77.1,9.17,SILENT
855,0,0,0,9,68.4,7.50,SILENT
855,1,0,0,9,72.7,10.00,SILENT
855,2,0,0,9,83.9,8.33,SILENT
855,3,0,0,9,88.5,3.33,SILENT
855,4,0,0,9,77.0,9.17,SILENT
856,0,0,0,9,68.3,7.50,SILENT
856,1,0,0,9,72.6,10.00,SILENT
856,2,0,0,9,83.8,8.33,SILENT
856,3,0,0,9,88.4,3.33,SILENT
856,4,0,0,9,76.9,9.17,SILENT
857,0,0,0,9,68.2,7.50,SILENT
857,1,0,0,9,72.5,10.00,SILENT
857,2,0,0,9,83.7,8.33,SILENT
857,3,0,0,9,88.3,3.33,SILENT
857,4,0,0,9,76.8,9.17,SILENT
858,0,0,0,9,68.2,7.50,SILENT
858,1,0,0,9,72.4,10.00,SILENT
858,2,0,0,9,83.6,8.33,SILENT
858,3,0,0,9,88.2,3.33,SILENT
858,4,0,0,9,76.7,9.17,SILENT
859,0,0,0,9,68.2,7.50,SILENT
859,1,0,0,9,72.3,10.00,SILENT
859,2,0,0,9,83.5,8.33,SILENT
859,3,0,0,9,88.1,3.33,SILENT
859,4,0,0,9,76.6,9.17,SILENT
860,0,0,0,9,68.2,7.50,SILENT
860,1,0,0,9,72.2,10.00,SILENT
860,2,0,0,9,83.4,8.33,SILENT
860,3,0,0,9,88.0,3.33,SILENT
860,4,0,0,9,76.5,9.17,SILENT
861,0,0,0,9,68.2,7.50,SILENT
861,1,0,0,9,72.1,10.00,SILENT
861,2,0,0,9,83.3,8.33,SILENT
861,3,0,0,9,87.9,3.33,SILENT
861,4,0,0,9,76.4,9.17,SILENT
862,0,0,0,9,68.2,7.50,SILENT
862,1,0,0,9,72.0,10.00,SILENT
862,2,0,0,9,83.2,8.33,SILENT
862,3,0,0,9,87.8,3.33,SILENT
862,4,0,0,9,76.3,9.17,SILENT
863,0,0,0,9,68.2,7.50,SILENT
863,1,0,0,9,71.9,10.00,SILENT
863,2,0,0,9,83.1,8.33,SILENT
863,3,0,0,9,87.7,3.33,SILENT
863,4,0,0,9,76.2,9.17,SILENT
864,0,0,0,9,68.2,7.50,SILENT
864,1,0,0,9,71.8,10.00,SILENT
864,2,0,0,9,83.0,8.33,SILENT
864,3,0,0,9,87.6,3.33,SILENT
864,4,0,0,9,76.1,9.17,SILENT
865,0,0,0,9,68.2,7.50,SILENT
865,1,0,0,9,71.7,10.00,SILENT
865,2,0,0,9,82.9,8.33,SILENT
865,3,0,0,9,87.5,3.33,SILENT
865,4,0,0,9,76.0,9.17,SILENT
866,0,0,0,9,68.2,7.50,SILENT
866,1,0,0,9,71.6,10.00,SILENT
866,2,0,0,9,82.8,8.33,SILENT
866,3,0,0,9,87.4,3.33,SILENT
866,4,0,0,9,75.9,9.17,SILENT
867,0,0,0,9,68.2,7.50,SILENT
867,1,0,0,9,71.5,10.00,SILENT
867,2,0,0,9,82.7,8.33,SILENT
867,3,0,0,9,87.3,3.33,SILENT
867,4,0,0,9,75.8,9.17,SILENT
868,0,0,0,9,68.2,7.50,SILENT
868,1,0,0,9,71.4,10.00,SILENT
868,2,0,0,9,82.6,8.33,SILENT
868,3,0,0,9,87.2,3.33,SILENT
868,4,0,0,9,75.7,9.17,SILENT
869,0,0,0,9,68.2,7.50,SILENT
869,1,0,0,9,71.3,10.00,SILENT
869,2,0,0,9,82.5,8.33,SILENT
869,3,0,0,9,87.1,3.33,SILENT
869,4,0,0,9,75.6,9.17,SILENT
870,0,0,0,9,68.2,7.50,SILENT
870,1,0,0,9,71.2,10.00,SILENT
870,2,0,0,9,82.4,8.33,SILENT
870,3,0,0,9,87.0,3.33,SILENT
870,4,0,0,9,75.5,9.17,SILENT
871,0,0,0,9,68.2,7.50,SILENT
871,1,0,0,9,71.1,10.00,SILENT
871,2,0,0,9,82.3,8.33,SILENT
871,3,0,0,9,86.9,3.33,SILENT
871,4,0,0,9,75.4,9.17,SILENT
872,0,0,0,9,68.2,7.50,SILENT
872,1,0,0,9,71.0,10.00,SILENT
872,2,0,0,9,82.2,8.33,SILENT
872,3,0,0,9,86.8,3.33,SILENT
872,4,0,0,9,75.3,9.17,SILENT
873,0,0,0,9,68.2,7.50,SILENT
873,1,0,0,9,70.9,10.00,SILENT
873,2,0,0,9,82.2,8.33,SILENT
873,3,0,0,9,86.7,3.33,SILENT
873,4,0,0,9,75.2,9.17,SILENT
874,0,0,0,9,68.2,7.50,SILENT
874,1,0,0,9,70.8,10.00,SILENT
874,2,0,0,9,82.2,8.33,SILENT
874,3,0,0,9,86.6,3.33,SILENT
874,4,0,0,9,75.1,9.17,SILENT
875,0,0,0,9,68.2,7.50,SILENT
875,1,0,0,9,70.7,10.00,SILENT
875,2,0,0,9,82.2,8.33,SILENT
875,3,0,0,9,86.5,3.33,SILENT
875,4,0,0,9,75.0,9.17,SILENT
876,0,0,0,9,68.2,7.50,SILENT
876,1,0,0,9,70.6,10.00,SILENT
876,2,0,0,9,82.2,8.33,SILENT
876,3,0,0,9,86.4,3.33,SILENT
876,4,0,0,9,74.9,9.17,SILENT
877,0,0,0,9,68.2,7.50,SILENT
877,1,0,0,9,70.5,10.00,SILENT
877,2,0,0,9,82.2,8.33,SILENT
877,3,0,0,9,86.3,3.33,SILENT
877,4,0,0,9,74.8,9.17,SILENT
878,0,0,0,9,68.2,7.50,SILENT
878,1,0,0,9,70.4,10.00,SILENT
878,2,0,0,9,82.2,8.33,SILENT
878,3,0,0,9,86.2,3.33,SILENT
878,4,0,0,9,74.7,9.17,SILENT
879,0,0,0,9,68.2,7.50,SILENT
879,1,0,0,9,70.3,10.00,SILENT
879,2,0,0,9,82.2,8.33,SILENT
879,3,0,0,9,86.1,3.33,SILENT
879,4,0,0,9,74.6,9.17,SILENT
880,0,0,0,9,68.2,7.50,SILENT
880,1,0,0,9,70.2,10.00,SILENT
880,2,0,0,9,82.2,8.33,SILENT
880,3,0,0,9,86.0,3.33,SILENT
880,4,0,0,9,74.5,9.17,SILENT
881,0,0,0,9,68.2,7.50,SILENT
881,1,0,0,9,70.1,10.00,SILENT
881,2,0,0,9,82.2,8.33,SILENT
881,3,0,0,9,85.9,3.33,SILENT
881,4,0,0,9,74.4,9.17,SILENT
882,0,0,0,9,68.2,7.50,SILENT
882,1,0,0,9,70.0,10.00,SILENT
882,2,0,0,9,82.2,8.33,SILENT
882,3,0,0,9,85.8,3.33,SILENT
882,4,0,0,9,74.3,9.17,SILENT
883,0,0,0,9,68.2,7.50,SILENT
883,1,0,0,9,69.9,10.00,SILENT
883,2,0,0,9,82.2,8.33,SILENT
883,3,0,0,9,85.7,3.33,SILENT
883,4,0,0,9,74.2,9.17,SILENT
884,0,0,0,9,68.2,7.50,SILENT
884,1,0,0,9,69.8,10.00,SILENT
884,2,0,0,9,82.2,8.33,SILENT
884,3,0,0,9,85.6,3.33,SILENT
884,4,0,0,9,74.1,9.17,SILENT
885,0,0,0,9,68.2,7.50,SILENT
885,1,0,0,9,69.7,10.00,SILENT
885,2,0,0,9,82.2,8.33,SILENT
885,3,0,0,9,85.5,3.33,SILENT
885,4,0,0,9,74.0,9.17,SILENT
886,0,0,0,9,68.2,7.50,SILENT
886,1,0,0,9,69.6,10.00,SILENT
886,2,0,0,9,82.2,8.33,SILENT
886,3,0,0,9,85.4,3.33,SILENT
886,4,0,0,9,73.9,9.17,SILENT
887,0,0,0,9,68.1,7.50,SILENT
887,1,0,0,9,69.5,10.00,SILENT
887,2,0,0,9,82.2,8.33,SILENT
887,3,0,0,9,85.3,3.33,SILENT
887,4,0,0,9,73.8,9.17,SILENT
888,0,0,0,9,68.0,7.50,SILENT
888,1,0,0,9,69.4,10.00,SILENT
888,2,0,0,9,82.2,8.33,SILENT
888,3,0,0,9,85.2,3.33,SILENT
888,4,0,0,9,73.7,9.17,SILENT
889,0,0,0,9,67.9,7.50,SILENT
889,1,0,0,9,69.3,10.00,SILENT
889,2,0,0,9,82.2,8.33,SILENT
889,3,0,0,9,85.1,3.33,SILENT
889,4,0,0,9,73.6,9.17,SILENT
890,0,0,0,9,67.8,7.50,SILENT
890,1,0,0,9,69.2,10.00,SILENT
890,2,0,0,9,82.2,8.33,SILENT
890,3,0,0,9,85.0,3.33,SILENT
890,4,0,0,9,73.5,9.17,SILENT
891,0,0,0,9,67.7,7.50,SILENT
891,1,0,0,9,69.1,10.00,SILENT
891,2,0,0,9,82.2,8.33,SILENT
891,3,0,0,9,84.9,3.33,SILENT
891,4,0,0,9,73.4,9.17,SILENT
892,0,0,0,9,67.6,7.50,SILENT
892,1,0,0,9,69.0,10.00,SILENT
892,2,0,0,9,82.2,8.33,SILENT
892,3,0,0,9,84.8,3.33,SILENT
892,4,0,0,9,73.3,9.17,SILENT
893,0,0,0,9,67.5,7.50,SILENT
893,1,0,0,9,68.9,10.00,SILENT
893,2,0,0,9,82.2,8.33,SILENT
893,3,0,0,9,84.7,3.33,SILENT
893,4,0,0,9,73.2,9.17,SILENT
894,0,0,0,9,67.4,7.50,SILENT
894,1,0,0,9,68.8,10.00,SILENT
894,2,0,0,9,82.2,8.33,SILENT
894,3,0,0,9,84.6,3.33,SILENT
894,4,0,0,9,73.1,9.17,SILENT
895,0,0,0,9,67.3,7.50,SILENT
895,1,0,0,9,68.7,10.00,SILENT
895,2,0,0,9,82.2,8.33,SILENT
895,3,0,0,9,84.5,3.33,SILENT
895,4,0,0,9,73.0,9.17,SILENT
896,0,0,0,9,67.2,7.50,SILENT
896,1,0,0,9,68.6,10.00,SILENT
896,2,0,0,9,82.2,8.33,SILENT
896,3,0,0,9,84.4,3.33,SILENT
896,4,0,0,9,73.0,9.17,SILENT
897,0,0,0,9,67.1,7.50,SILENT
897,1,0,0,9,68.5,10.00,SILENT
897,2,0,0,9,82.2,8.33,SILENT
897,3,0,0,9,84.3,3.33,SILENT
897,4,0,0,9,73.0,9.17,SILENT
898,0,0,0,9,67.0,7.50,SILENT
898,1,0,0,9,68.4,10.00,SILENT
898,2,0,0,9,82.2,8.33,SILENT
898,3,0,0,9,84.2,3.33,SILENT
898,4,0,0,9,73.0,9.17,SILENT
899,0,0,0,9,66.9,7.50,SILENT
899,1,0,0,9,68.3,10.00,SILENT
899,2,0,0,9,82.2,8.33,SILENT
899,3,0,0,9,84.1,3.33,SILENT
899,4,0,0,9,73.0,9.17,SILENT
900,0,0,0,9,66.8,7.50,SILENT
900,1,0,0,9,68.2,10.00,SILENT
900,2,0,0,9,82.2,8.33,SILENT
900,3,0,0,9,84.0,3.33,SILENT
900,4,0,0,9,73.0,9.17,SILENT
901,0,0,0,9,66.7,7.50,SILENT
901,1,0,0,9,68.1,10.00,SILENT
901,2,0,0,9,82.2,8.33,SILENT
901,3,0,0,9,83.9,3.33,SILENT
901,4,0,0,9,73.0,9.17,SILENT
902,0,0,0,9,66.6,7.50,SILENT
902,1,0,0,9,68.0,10.00,SILENT
902,2,0,0,9,82.1,8.33,SILENT
902,3,0,0,9,83.8,3.33,SILENT
902,4,0,0,9,73.0,9.17,SILENT
903,0,0,0,9,66.5,7.50,SILENT
903,1,0,0,9,67.9,10.00,SILENT
903,2,0,0,9,82.0,8.33,SILENT
903,3,0,0,9,83.7,3.33,SILENT
903,4,0,0,9,73.0,9.17,SILENT
904,0,0,0,9,66.4,7.50,SILENT
904,1,0,0,9,67.8,10.00,SILENT
904,2,0,0,9,81.9,8.33,SILENT
904,3,0,0,9,83.6,3.33,SILENT
904,4,0,0,9,73.0,9.17,SILENT
905,0,0,0,9,66.3,7.50,SILENT
905,1,0,0,9,67.7,10.00,SILENT
905,2,0,0,9,81.8,8.33,SILENT
905,3,0,0,9,83.5,3.33,SILENT
905,4,0,0,9,73.0,9.17,SILENT
906,0,0,0,9,66.2,7.50,SILENT
906,1,0,0,9,67.6,10.00,SILENT
906,2,0,0,9,81.7,8.33,SILENT
906,3,0,0,9,83.4,3.33,SILENT
906,4,0,0,9,73.0,9.17,SILENT
907,0,0,0,9,66.1,7.50,SILENT
907,1,0,0,9,67.5,10.00,SILENT
907,2,0,0,9,81.6,8.33,SILENT
907,3,0,0,9,83.3,3.33,SILENT
907,4,0,0,9,73.0,9.17,SILENT
908,0,0,0,9,66.0,7.50,SILENT
908,1,0,0,9,67.4,10.00,SILENT
908,2,0,0,9,81.5,8.33,SILENT
908,3,0,0,9,83.2,3.33,SILENT
908,4,0,0,9,73.0,9.17,SILENT
909,0,0,0,9,65.9,7.50,SILENT
909,1,0,0,9,67.3,10.00,SILENT
909,2,0,0,9,81.4,8.33,SILENT
909,3,0,0,9,83.1,3.33,SILENT
909,4,0,0,9,73.0,9.17,SILENT
910,0,0,0,9,65.8,7.50,SILENT
910,1,0,0,9,67.2,10.00,SILENT
910,2,0,0,9,81.3,8.33,SILENT
910,3,0,0,9,83.0,3.33,SILENT
910,4,0,0,9,73.0,9.17,SILENT
911,0,0,0,9,65.7,7.50,SILENT
911,1,0,0,9,67.1,10.00,SILENT
911,2,0,0,9,81.2,8.33,SILENT
911,3,0,0,9,82.9,3.33,SILENT
911,4,0,0,9,73.0,9.17,SILENT
912,0,0,0,9,65.6,7.50,SILENT
912,1,0,0,9,67.0,10.00,SILENT
912,2,0,0,9,81.1,8.33,SILENT
912,3,0,0,9,82.8,3.33,SILENT
912,4,0,0,9,73.0,9.17,SILENT
913,0,0,0,9,65.5,7.50,SILENT
913,1,0,0,9,66.9,10.00,SILENT
913,2,0,0,9,81.0,8.33,SILENT
913,3,0,0,9,82.7,3.33,SILENT
913,4,0,0,9,73.0,9.17,SILENT
914,0,0,0,9,65.4,7.50,SILENT
914,1,0,0,9,66.8,10.00,SILENT
914,2,0,0,9,80.9,8.33,SILENT
914,3,0,0,9,82.6,3.33,SILENT
914,4,0,0,9,73.0,9.17,SILENT
915,0,0,0,9,65.3,7.50,SILENT
915,1,0,0,9,66.7,10.00,SILENT
915,2,0,0,9,80.8,8.33,SILENT
915,3,0,0,9,82.5,3.33,SILENT
915,4,0,0,9,73.0,9.17,SILENT
916,0,0,0,9,65.2,7.50,SILENT
916,1,0,0,9,66.6,10.00,SILENT
916,2,0,0,9,80.7,8.33,SILENT
916,3,0,0,9,82.4,3.33,SILENT
916,4,0,0,9,73.0,9.17,SILENT
917,0,0,0,9,65.1,7.50,SILENT
917,1,0,0,9,66.5,10.00,SILENT
917,2,0,0,9,80.6,8.33,SILENT
917,3,0,0,9,82.3,3.33,SILENT
917,4,0,0,9,73.0,9.17,SILENT
918,0,0,0,9,65.0,7.50,SILENT
918,1,0,0,9,66.4,10.00,SILENT
918,2,0,0,9,80.5,8.33,SILENT
918,3,0,0,9,82.2,3.33,SILENT
918,4,0,0,9,73.0,9.17,SILENT
919,0,0,0,9,64.9,7.50,SILENT
919,1,0,0,9,66.3,10.00,SILENT
919,2,0,0,9,80.4,8.33,SILENT
919,3,0,0,9,82.1,3.33,SILENT
919,4,0,0,9,73.0,9.17,SILENT
920,0,0,0,9,64.8,7.50,SILENT
920,1,0,0,9,66.2,10.00,SILENT
920,2,0,0,9,80.3,8.33,SILENT
920,3,0,0,9,82.0,3.33,SILENT
920,4,0,0,9,73.0,9.17,SILENT
921,0,0,0,9,64.7,7.50,SILENT
921,1,0,0,9,66.1,10.00,SILENT
921,2,0,0,9,80.2,8.33,SILENT
921,3,0,0,9,81.9,3.33,SILENT
921,4,0,0,9,73.0,9.17,SILENT
922,0,0,0,9,64.6,7.50,SILENT
922,1,0,0,9,66.0,10.00,SILENT
922,2,0,0,9,80.1,8.33,SILENT
922,3,0,0,9,81.8,3.33,SILENT
922,4,0,0,9,73.0,9.17,SILENT
923,0,0,0,9,64.5,7.50,SILENT
923,1,0,0,9,65.9,10.00,SILENT
923,2,0,0,9,80.0,8.33,SILENT
923,3,0,0,9,81.7,3.33,SILENT
923,4,0,0,9,73.0,9.17,SILENT
924,0,0,0,9,64.4,7.50,SILENT
924,1,0,0,9,65.8,10.00,SILENT
924,2,0,0,9,79.9,8.33,SILENT
924,3,0,0,9,81.6,3.33,SILENT
924,4,0,0,9,73.0,9.17,SILENT
925,0,0,0,9,64.3,7.50,SILENT
925,1,0,0,9,65.7,10.00,SILENT
925,2,0,0,9,79.8,8.33,SILENT
925,3,0,0,9,81.5,3.33,SILENT
925,4,0,0,9,72.9,9.17,SILENT
926,0,0,0,9,64.2,7.50,SILENT
926,1,0,0,9,65.6,10.00,SILENT
926,2,0,0,9,79.7,8.33,SILENT
926,3,0,0,9,81.4,3.33,SILENT
926,4,0,0,9,72.8,9.17,SILENT
927,0,0,0,9,64.1,7.50,SILENT
927,1,0,0,9,65.5,10.00,SILENT
927,2,0,0,9,79.6,8.33,SILENT
927,3,0,0,9,81.3,3.33,SILENT
927,4,0,0,9,72.7,9.17,SILENT
928,0,0,0,9,64.0,7.50,SILENT
928,1,0,0,9,65.4,10.00,SILENT
928,2,0,0,9,79.5,8.33,SILENT
928,3,0,0,9,81.2,3.33,SILENT
928,4,0,0,9,72.6,9.17,SILENT
929,0,0,0,9,63.9,7.50,SILENT
929,1,0,0,9,65.3,10.00,SILENT
929,2,0,0,9,79.4,8.33,SILENT
929,3,0,0,9,81.1,3.33,SILENT
929,4,0,0,9,72.5,9.17,SILENT
930,0,0,0,9,63.8,7.50,SILENT
930,1,0,0,9,65.2,10.00,SILENT
930,2,0,0,9,79.3,8.33,SILENT
930,3,0,0,9,81.0,3.33,SILENT
930,4,0,0,9,72.4,9.17,SILENT
931,0,0,0,9,63.7,7.50,SILENT
931,1,0,0,9,65.1,10.00,SILENT
931,2,0,0,9,79.2,8.33,SILENT
931,3,0,0,9,80.9,3.33,SILENT
931,4,0,0,9,72.3,9.17,SILENT
932,0,0,0,9,63.6,7.50,SILENT
932,1,0,0,9,65.0,10.00,SILENT
932,2,0,0,9,79.1,8.33,SILENT
932,3,0,0,9,80.8,3.33,SILENT
932,4,0,0,9,72.2,9.17,SILENT
933,0,0,0,9,63.5,7.50,SILENT
933,1,0,0,9,64.9,10.00,SILENT
933,2,0,0,9,79.0,8.33,SILENT
933,3,0,0,9,80.7,3.33,SILENT
933,4,0,0,9,72.1,9.17,SILENT
934,0,0,0,9,63.4,7.50,SILENT
934,1,0,0,9,64.8,10.00,SILENT
934,2,0,0,9,78.9,8.33,SILENT
934,3,0,0,9,80.6,3.33,SILENT
934,4,0,0,9,72.0,9.17,SILENT
935,0,0,0,9,63.3,7.50,SILENT
935,1,0,0,9,64.7,10.00,SILENT
935,2,0,0,9,78.8,8.33,SILENT
935,3,0,0,9,80.5,3.33,SILENT
935,4,0,0,9,71.9,9.17,SILENT
936,0,0,0,9,63.2,7.50,SILENT
936,1,0,0,9,64.6,10.00,SILENT
936,2,0,0,9,78.7,8.33,SILENT
936,3,0,0,9,80.4,3.33,SILENT
936,4,0,0,9,71.8,9.17,SILENT
937,0,0,0,9,63.1,7.50,SILENT
937,1,0,0,9,64.5,10.00,SILENT
937,2,0,0,9,78.6,8.33,SILENT
937,3,0,0,9,80.3,3.33,SILENT
937,4,0,0,9,71.7,9.17,SILENT
938,0,0,0,9,63.0,7.50,SILENT
938,1,0,0,9,64.4,10.00,SILENT
938,2,0,0,9,78.5,8.33,SILENT
938,3,0,0,9,80.2,3.33,SILENT
938,4,0,0,9,71.6,9.17,SILENT
939,0,0,0,9,62.9,7.50,SILENT
939,1,0,0,9,64.3,10.00,SILENT
939,2,0,0,9,78.4,8.33,SILENT
939,3,0,0,9,80.1,3.33,SILENT
939,4,0,0,9,71.5,9.17,SILENT
940,0,0,0,9,62.8,7.50,SILENT
940,1,0,0,9,64.2,10.00,SILENT
940,2,0,0,9,78.3,8.33,SILENT
940,3,0,0,9,80.0,3.33,SILENT
940,4,0,0,9,71.4,9.17,SILENT
941,0,0,0,9,62.7,7.50,SILENT
941,1,0,0,9,64.1,10.00,SILENT
941,2,0,0,9,78.2,8.33,SILENT
941,3,0,0,9,79.9,3.33,SILENT
941,4,0,0,9,71.3,9.17,SILENT
942,0,0,0,9,62.6,7.50,SILENT
942,1,0,0,9,64.0,10.00,SILENT
942,2,0,0,9,78.1,8.33,SILENT
942,3,0,0,9,79.8,3.33,SILENT
942,4,0,0,9,71.2,9.17,SILENT
943,0,0,0,9,62.5,7.50,SILENT
943,1,0,0,9,63.9,10.00,SILENT
943,2,0,0,9,78.0,8.33,SILENT
943,3,0,0,9,79.7,3.33,SILENT
943,4,0,0,9,71.1,9.17,SILENT
944,0,0,0,9,62.4,7.50,SILENT
944,1,0,0,9,63.8,10.00,SILENT
944,2,0,0,9,77.9,8.33,SILENT
944,3,0,0,9,79.6,3.33,SILENT
944,4,0,0,9,71.0,9.17,SILENT
945,0,0,0,9,62.3,7.50,SILENT
945,1,0,0,9,63.7,10.00,SILENT
945,2,0,0,9,77.8,8.33,SILENT
945,3,0,0,9,79.5,3.33,SILENT
945,4,0,0,9,70.9,9.17,SILENT
946,0,0,0,9,62.2,7.50,SILENT
946,1,0,0,9,63.6,10.00,SILENT
946,2,0,0,9,77.7,8.33,SILENT
946,3,0,0,9,79.4,3.33,SILENT
946,4,0,0,9,70.8,9.17,SILENT
947,0,0,0,9,62.1,7.50,SILENT
947,1,0,0,9,63.5,10.00,SILENT
947,2,0,0,9,77.6,8.33,SILENT
947,3,0,0,9,79.3,3.33,SILENT
947,4,0,0,9,70.7,9.17,SILENT
948,0,0,0,9,62.0,7.50,SILENT
948,1,0,0,9,63.4,10.00,SILENT
948,2,0,0,9,77.5,8.33,SILENT
948,3,0,0,9,79.2,3.33,SILENT
948,4,0,0,9,70.6,9.17,SILENT
949,0,0,0,9,61.9,7.50,SILENT
949,1,0,0,9,63.3,10.00,SILENT
949,2,0,0,9,77.4,8.33,SILENT
949,3,0,0,9,79.1,3.33,SILENT
949,4,0,0,9,70.5,9.17,SILENT
950,0,0,0,9,61.8,7.50,SILENT
950,1,0,0,9,63.2,10.00,SILENT
950,2,0,0,9,77.3,8.33,SILENT
950,3,0,0,9,79.0,3.33,SILENT
950,4,0,0,9,70.4,9.17,SILENT
951,0,0,0,9,61.7,7.50,SILENT
951,1,0,0,9,63.1,10.00,SILENT
951,2,0,0,9,77.2,8.33,SILENT
951,3,0,0,9,78.9,3.33,SILENT
951,4,0,0,9,70.3,9.17,SILENT
952,0,0,0,9,61.6,7.50,SILENT
952,1,0,0,9,63.0,10.00,SILENT
952,2,0,0,9,77.1,8.33,SILENT
952,3,0,0,9,78.8,3.33,SILENT
952,4,0,0,9,70.2,9.17,SILENT
953,0,0,0,9,61.5,7.50,SILENT
953,1,0,0,9,62.9,10.00,SILENT
953,2,0,0,9,77.0,8.33,SILENT
953,3,0,0,9,78.7,3.33,SILENT
953,4,0,0,9,70.1,9.17,SILENT
954,0,0,0,9,61.4,7.50,SILENT
954,1,0,0,9,62.8,10.00,SILENT
954,2,0,0,9,76.9,8.33,SILENT
954,3,0,0,9,78.6,3.33,SILENT
954,4,0,0,9,70.0,9.17,SILENT
955,0,0,0,9,61.3,7.50,SILENT
955,1,0,0,9,62.7,10.00,SILENT
955,2,0,0,9,76.8,8.33,SILENT
955,3,0,0,9,78.5,3.33,SILENT
955,4,0,0,9,69.9,9.17,SILENT
956,0,0,0,9,61.2,7.50,SILENT
956,1,0,0,9,62.6,10.00,SILENT
956,2,0,0,9,76.7,8.33,SILENT
956,3,0,0,9,78.4,3.33,SILENT
956,4,0,0,9,69.8,9.17,SILENT
957,0,0,0,9,61.1,7.50,SILENT
957,1,0,0,9,62.5,10.00,SILENT
957,2,0,0,9,76.6,8.33,SILENT
957,3,0,0,9,78.3,3.33,SILENT
957,4,0,0,9,69.7,9.17,SILENT
958,0,0,0,9,61.0,7.50,SILENT
958,1,0,0,9,62.4,10.00,SILENT
958,2,0,0,9,76.5,8.33,SILENT
958,3,0,0,9,78.2,3.33,SILENT
958,4,0,0,9,69.6,9.17,SILENT
959,0,0,0,9,60.9,7.50,SILENT
959,1,0,0,9,62.3,10.00,SILENT
959,2,0,0,9,76.4,8.33,SILENT
959,3,0,0,9,78.1,3.33,SILENT
959,4,0,0,9,69.5,9.17,SILENT
960,0,0,0,9,60.8,7.50,SILENT
960,1,0,0,9,62.2,10.00,SILENT
960,2,0,0,9,76.3,8.33,SILENT
960,3,0,0,9,78.0,3.33,SILENT
960,4,0,0,9,69.4,9.17,SILENT
961,0,0,0,9,60.7,7.50,SILENT
961,1,0,0,9,62.1,10.00,SILENT
961,2,0,0,9,76.2,8.33,SILENT
961,3,0,0,9,77.9,3.33,SILENT
961,4,0,0,9,69.3,9.17,SILENT
962,0,0,0,9,60.6,7.50,SILENT
962,1,0,0,9,62.0,10.00,SILENT
962,2,0,0,9,76.1,8.33,SILENT
962,3,0,0,9,77.8,3.33,SILENT
962,4,0,0,9,69.2,9.17,SILENT
963,0,0,0,9,60.5,7.50,SILENT
963,1,0,0,9,61.9,10.00,SILENT
963,2,0,0,9,76.0,8.33,SILENT
963,3,0,0,9,77.7,3.33,SILENT
963,4,0,0,9,69.1,9.17,SILENT
964,0,0,0,9,60.4,7.50,SILENT
964,1,0,0,9,61.8,10.00,SILENT
964,2,0,0,9,75.9,8.33,SILENT
964,3,0,0,9,77.6,3.33,SILENT
964,4,0,0,9,69.0,9.17,SILENT
965,0,0,0,9,60.3,7.50,SILENT
965,1,0,0,9,61.7,10.00,SILENT
965,2,0,0,9,75.8,8.33,SILENT
965,3,0,0,9,77.5,3.33,SILENT
965,4,0,0,9,68.9,9.17,SILENT
966,0,0,0,9,60.2,7.50,SILENT
966,1,0,0,9,61.6,10.00,SILENT
966,2,0,0,9,75.7,8.33,SILENT
966,3,0,0,9,77.4,3.33,SILENT
966,4,0,0,9,68.8,9.17,SILENT
967,0,0,0,9,60.1,7.50,SILENT
967,1,0,0,9,61.5,10.00,SILENT
967,2,0,0,9,75.6,8.33,SILENT
967,3,0,0,9,77.3,3.33,SILENT
967,4,0,0,9,68.7,9.17,SILENT
968,0,0,0,9,60.0,7.50,SILENT
968,1,0,0,9,61.4,10.00,SILENT
968,2,0,0,9,75.5,8.33,SILENT
968,3,0,0,9,77.2,3.33,SILENT
968,4,0,0,9,68.6,9.17,SILENT
969,0,0,0,9,59.9,7.50,SILENT
969,1,0,0,9,61.3,10.00,SILENT
969,2,0,0,9,75.4,8.33,SILENT
969,3,0,0,9,77.1,3.33,SILENT
969,4,0,0,9,68.5,9.17,SILENT
970,0,0,0,9,59.8,7.50,SILENT
970,1,0,0,9,61.2,10.00,SILENT
970,2,0,0,9,75.3,8.33,SILENT
970,3,0,0,9,77.0,3.33,SILENT
970,4,0,0,9,68.4,9.17,SILENT
971,0,0,0,9,59.7,7.50,SILENT
971,1,0,0,9,61.1,10.00,SILENT
971,2,0,0,9,75.2,8.33,SILENT
971,3,0,0,9,76.9,3.33,SILENT
971,4,0,0,9,68.3,9.17,SILENT
972,0,0,0,9,59.6,7.50,SILENT
972,1,0,0,9,61.0,10.00,SILENT
972,2,0,0,9,75.1,8.33,SILENT
972,3,0,0,9,76.8,3.33,SILENT
972,4,0,0,9,68.2,9.17,SILENT
973,0,0,0,9,59.5,7.50,SILENT
973,1,0,0,9,60.9,10.00,SILENT
973,2,0,0,9,75.0,8.33,SILENT
973,3,0,0,9,76.7,3.33,SILENT
973,4,0,0,9,68.1,9.17,SILENT
974,0,0,0,9,59.4,7.50,SILENT
974,1,0,0,9,60.8,10.00,SILENT
974,2,0,0,9,74.9,8.33,SILENT
974,3,0,0,9,76.6,3.33,SILENT
974,4,0,0,9,68.0,9.17,SILENT
975,0,0,0,9,59.3,7.50,SILENT
975,1,0,0,9,60.7,10.00,SILENT
975,2,0,0,9,74.8,8.33,SILENT
975,3,0,0,9,76.5,3.33,SILENT
975,4,0,0,9,67.9,9.17,SILENT
976,0,0,0,9,59.2,7.50,SILENT
976,1,0,0,9,60.6,10.00,SILENT
976,2,0,0,9,74.7,8.33,SILENT
976,3,0,0,9,76.4,3.33,SILENT
976,4,0,0,9,67.8,9.17,SILENT
977,0,0,0,9,59.1,7.50,SILENT
977,1,0,0,9,60.5,10.00,SILENT
977,2,0,0,9,74.6,8.33,SILENT
977,3,0,0,9,76.3,3.33,SILENT
977,4,0,0,9,67.7,9.17,SILENT
978,0,0,0,9,59.0,7.50,SILENT
978,1,0,0,9,60.4,10.00,SILENT
978,2,0,0,9,74.5,8.33,SILENT
978,3,0,0,9,76.2,3.33,SILENT
978,4,0,0,9,67.6,9.17,SILENT
979,0,0,0,9,58.9,7.50,SILENT
979,1,0,0,9,60.3,10.00,SILENT
979,2,0,0,9,74.4,8.33,SILENT
979,3,0,0,9,76.1,3.33,SILENT
979,4,0,0,9,67.5,9.17,SILENT
980,0,0,0,9,58.8,7.50,SILENT
980,1,0,0,9,60.2,10.00,SILENT
980,2,0,0,9,74.3,8.33,SILENT
980,3,0,0,9,76.0,3.33,SILENT
980,4,0,0,9,67.4,9.17,SILENT
981,0,0,0,9,58.7,7.50,SILENT
981,1,0,0,9,60.1,10.00,SILENT
981,2,0,0,9,74.2,8.33,SILENT
981,3,0,0,9,75.9,3.33,SILENT
981,4,0,0,9,67.3,9.17,SILENT
982,0,0,0,9,58.6,7.50,SILENT
982,1,0,0,9,60.0,10.00,SILENT
982,2,0,0,9,74.1,8.33,SILENT
982,3,0,0,9,75.8,3.33,SILENT
982,4,0,0,9,67.2,9.17,SILENT
983,0,0,0,9,58.5,7.50,SILENT
983,1,0,0,9,59.9,10.00,SILENT
983,2,0,0,9,74.0,8.33,SILENT
983,3,0,0,9,75.7,3.33,SILENT
983,4,0,0,9,67.1,9.17,SILENT
984,0,0,0,9,58.4,7.50,SILENT
984,1,0,0,9,59.8,10.00,SILENT
984,2,0,0,9,73.9,8.33,SILENT
984,3,0,0,9,75.6,3.33,SILENT
984,4,0,0,9,67.0,9.17,SILENT
985,0,0,0,9,58.3,7.50,SILENT
985,1,0,0,9,59.7,10.00,SILENT
985,2,0,0,9,73.8,8.33,SILENT
985,3,0,0,9,75.5,3.33,SILENT
985,4,0,0,9,66.9,9.17,SILENT
986,0,0,0,9,58.2,7.50,SILENT
986,1,0,0,9,59.6,10.00,SILENT
986,2,0,0,9,73.7,8.33,SILENT
986,3,0,0,9,75.4,3.33,SILENT
986,4,0,0,9,66.8,9.17,SILENT
987,0,0,0,9,58.1,7.50,SILENT
987,1,0,0,9,59.5,10.00,SILENT
987,2,0,0,9,73.6,8.33,SILENT
987,3,0,0,9,75.3,3.33,SILENT
987,4,0,0,9,66.7,9.17,SILENT
988,0,0,0,9,58.0,7.50,SILENT
988,1,0,0,9,59.4,10.00,SILENT
988,2,0,0,9,73.5,8.33,SILENT
988,3,0,0,9,75.2,3.33,SILENT
988,4,0,0,9,66.6,9.17,SILENT
989,0,0,0,9,57.9,7.50,SILENT
989,1,0,0,9,59.3,10.00,SILENT
989,2,0,0,9,73.4,8.33,SILENT
989,3,0,0,9,75.1,3.33,SILENT
989,4,0,0,9,66.5,9.17,SILENT
990,0,0,0,9,57.8,7.50,SILENT
990,1,0,0,9,59.2,10.00,SILENT
990,2,0,0,9,73.3,8.33,SILENT
990,3,0,0,9,75.0,3.33,SILENT
990,4,0,0,9,66.4,9.17,SILENT
991,0,0,0,9,57.7,7.50,SILENT
991,1,0,0,9,59.1,10.00,SILENT
991,2,0,0,9,73.2,8.33,SILENT
991,3,0,0,9,74.9,3.33,SILENT
991,4,0,0,9,66.3,9.17,SILENT
992,0,0,0,9,57.6,7.50,SILENT
992,1,0,0,9,59.0,10.00,SILENT
992,2,0,0,9,73.1,8.33,SILENT
992,3,0,0,9,74.8,3.33,SILENT
992,4,0,0,9,66.2,9.17,SILENT
993,0,0,0,9,57.5,7.50,SILENT
993,1,0,0,9,58.9,10.00,SILENT
993,2,0,0,9,73.0,8.33,SILENT
993,3,0,0,9,74.7,3.33,SILENT
993,4,0,0,9,66.1,9.17,SILENT
994,0,0,0,9,57.4,7.50,SILENT
994,1,0,0,9,58.8,10.00,SILENT
994,2,0,0,9,72.9,8.33,SILENT
994,3,0,0,9,74.6,3.33,SILENT
994,4,0,0,9,66.0,9.17,SILENT
995,0,0,0,9,57.3,7.50,SILENT
995,1,0,0,9,58.7,10.00,SILENT
995,2,0,0,9,72.8,8.33,SILENT
995,3,0,0,9,74.5,3.33,SILENT
995,4,0,0,9,65.9,9.17,SILENT
996,0,0,0,9,57.2,7.50,SILENT
996,1,0,0,9,58.6,10.00,SILENT
996,2,0,0,9,72.7,8.33,SILENT
996,3,0,0,9,74.4,3.33,SILENT
996,4,0,0,9,65.8,9.17,SILENT
997,0,0,0,9,57.1,7.50,SILENT
997,1,0,0,9,58.5,10.00,SILENT
997,2,0,0,9,72.6,8.33,SILENT
997,3,0,0,9,74.3,3.33,SILENT
997,4,0,0,9,65.7,9.17,SILENT
998,0,0,0,9,57.0,7.50,SILENT
998,1,0,0,9,58.4,10.00,SILENT
998,2,0,0,9,72.5,8.33,SILENT
998,3,0,0,9,74.2,3.33,SILENT
998,4,0,0,9,65.6,9.17,SILENT
999,0,0,0,9,56.9,7.50,SILENT
999,1,0,0,9,58.3,10.00,SILENT
999,2,0,0,9,72.4,8.33,SILENT
999,3,0,0,9,74.1,3.33,SILENT
999,4,0,0,9,65.5,9.17,SILENT
1000,0,0,0,9,56.8,7.50,SILENT
1000,1,0,0,9,58.2,10.00,SILENT
1000,2,0,0,9,72.3,8.33,SILENT
1000,3,0,0,9,74.0,3.33,SILENT
1000,4,0,0,9,65.4,9.17,SILENT
1001,0,0,0,9,56.7,7.50,SILENT
1001,1,0,0,9,58.1,10.00,SILENT
1001,2,0,0,9,72.2,8.33,SILENT
1001,3,0,0,9,73.9,3.33,SILENT
1001,4,0,0,9,65.3,9.17,SILENT
1002,0,0,0,9,56.6,7.50,SILENT
1002,1,0,0,9,58.0,10.00,SILENT
1002,2,0,0,9,72.1,8.33,SILENT
1002,3,0,0,9,73.8,3.33,SILENT
1002,4,0,0,9,65.2,9.17,SILENT
1003,0,0,0,9,56.5,7.50,SILENT
1003,1,0,0,9,57.9,10.00,SILENT
1003,2,0,0,9,72.0,8.33,SILENT
1003,3,0,0,9,73.7,3.33,SILENT
1003,4,0,0,9,65.1,9.17,SILENT
1004,0,0,0,9,56.4,7.50,SILENT
1004,1,0,0,9,57.8,10.00,SILENT
1004,2,0,0,9,71.9,8.33,SILENT
1004,3,0,0,9,73.6,3.33,SILENT
1004,4,0,0,9,65.0,9.17,SILENT
1005,0,0,0,9,56.3,7.50,SILENT
1005,1,0,0,9,57.7,10.00,SILENT
1005,2,0,0,9,71.8,8.33,SILENT
1005,3,0,0,9,73.5,3.33,SILENT
1005,4,0,0,9,64.9,9.17,SILENT
1006,0,0,0,9,56.2,7.50,SILENT
1006,1,0,0,9,57.6,10.00,SILENT
1006,2,0,0,9,71.7,8.33,SILENT
1006,3,0,0,9,73.4,3.33,SILENT
1006,4,0,0,9,64.8,9.17,SILENT
1007,0,0,0,9,56.1,7.50,SILENT
1007,1,0,0,9,57.5,10.00,SILENT
1007,2,0,0,9,71.6,8.33,SILENT
1007,3,0,0,9,73.3,3.33,SILENT
1007,4,0,0,9,64.7,9.17,SILENT
1008,0,0,0,9,56.0,7.50,SILENT
1008,1,0,0,9,57.4,10.00,SILENT
1008,2,0,0,9,71.5,8.33,SILENT
1008,3,0,0,9,73.2,3.33,SILENT
1008,4,0,0,9,64.6,9.17,SILENT
1009,0,0,0,9,55.9,7.50,SILENT
1009,1,0,0,9,57.3,10.00,SILENT
1009,2,0,0,9,71.4,8.33,SILENT
1009,3,0,0,9,73.1,3.33,SILENT
1009,4,0,0,9,64.5,9.17,SILENT
1010,0,0,0,9,55.8,7.50,SILENT
1010,1,0,0,9,57.2,10.00,SILENT
1010,2,0,0,9,71.3,8.33,SILENT
1010,3,0,0,9,73.0,3.33,SILENT
1010,4,0,0,9,64.4,9.17,SILENT
1011,0,0,0,9,55.7,7.50,SILENT
1011,1,0,0,9,57.1,10.00,SILENT
1011,2,0,0,9,71.2,8.33,SILENT
1011,3,0,0,9,72.9,3.33,SILENT
1011,4,0,0,9,64.3,9.17,SILENT
1012,0,0,0,9,55.6,7.50,SILENT
1012,1,0,0,9,57.0,10.00,SILENT
1012,2,0,0,9,71.1,8.33,SILENT
1012,3,0,0,9,72.8,3.33,SILENT
1012,4,0,0,9,64.2,9.17,SILENT
1013,0,0,0,9,55.5,7.50,SILENT
1013,1,0,0,9,56.9,10.00,SILENT
1013,2,0,0,9,71.0,8.33,SILENT
1013,3,0,0,9,72.7,3.33,SILENT
1013,4,0,0,9,64.1,9.17,SILENT
1014,0,0,0,9,55.4,7.50,SILENT
1014,1,0,0,9,56.8,10.00,SILENT
1014,2,0,0,9,70.9,8.33,SILENT
1014,3,0,0,9,72.6,3.33,SILENT
1014,4,0,0,9,64.0,9.17,SILENT
1015,0,0,0,9,55.3,7.50,SILENT
1015,1,0,0,9,56.7,10.00,SILENT
1015,2,0,0,9,70.8,8.33,SILENT
1015,3,0,0,9,72.5,3.33,SILENT
1015,4,0,0,9,63.9,9.17,SILENT
1016,0,0,0,9,55.2,7.50,SILENT
1016,1,0,0,9,56.6,10.00,SILENT
1016,2,0,0,9,70.7,8.33,SILENT
1016,3,0,0,9,72.4,3.33,SILENT
1016,4,0,0,9,63.8,9.17,SILENT
1017,0,0,0,9,55.1,7.50,SILENT
1017,1,0,0,9,56.5,10.00,SILENT
1017,2,0,0,9,70.6,8.33,SILENT
1017,3,0,0,9,72.3,3.33,SILENT
1017,4,0,0,9,63.7,9.17,SILENT
1018,0,0,0,9,55.0,7.50,SILENT
1018,1,0,0,9,56.4,10.00,SILENT
1018,2,0,0,9,70.5,8.33,SILENT
1018,3,0,0,9,72.2,3.33,SILENT
1018,4,0,0,9,63.6,9.17,SILENT
1019,0,0,0,9,54.9,7.50,SILENT
1019,1,0,0,9,56.3,10.00,SILENT
1019,2,0,0,9,70.4,8.33,SILENT
1019,3,0,0,9,72.1,3.33,SILENT
1019,4,0,0,9,63.5,9.17,SILENT
1020,0,0,0,9,54.8,7.50,SILENT
1020,1,0,0,9,56.2,10.00,SILENT
1020,2,0,0,9,70.3,8.33,SILENT
1020,3,0,0,9,72.0,3.33,SILENT
1020,4,0,0,9,63.4,9.17,SILENT
1021,0,0,0,9,54.7,7.50,SILENT
1021,1,0,0,9,56.1,10.00,SILENT
1021,2,0,0,9,70.2,8.33,SILENT
1021,3,0,0,9,71.9,3.33,SILENT
1021,4,0,0,9,63.3,9.17,SILENT
1022,0,0,0,9,54.6,7.50,SILENT
1022,1,0,0,9,56.0,10.00,SILENT
1022,2,0,0,9,70.1,8.33,SILENT
1022,3,0,0,9,71.8,3.33,SILENT
1022,4,0,0,9,63.2,9.17,SILENT
1023,0,0,0,9,54.5,7.50,SILENT
1023,1,0,0,9,55.9,10.00,SILENT
1023,2,0,0,9,70.0,8.33,SILENT
1023,3,0,0,9,71.7,3.33,SILENT
1023,4,0,0,9,63.1,9.17,SILENT
1024,0,0,0,9,54.4,7.50,SILENT
1024,1,0,0,9,55.8,10.00,SILENT
1024,2,0,0,9,69.9,8.33,SILENT
1024,3,0,0,9,71.6,3.33,SILENT
1024,4,0,0,9,63.0,9.17,SILENT
1025,0,0,0,9,54.3,7.50,SILENT
1025,1,0,0,9,55.7,10.00,SILENT
1025,2,0,0,9,69.8,8.33,SILENT
1025,3,0,0,9,71.5,3.33,SILENT
1025,4,0,0,9,62.9,9.17,SILENT
1026,0,0,0,9,54.2,7.50,SILENT
1026,1,0,0,9,55.6,10.00,SILENT
1026,2,0,0,9,69.7,8.33,SILENT
1026,3,0,0,9,71.4,3.33,SILENT
1026,4,0,0,9,62.8,9.17,SILENT
1027,0,0,0,9,54.1,7.50,SILENT
1027,1,0,0,9,55.5,10.00,SILENT
1027,2,0,0,9,69.6,8.33,SILENT
1027,3,0,0,9,71.3,3.33,SILENT
1027,4,0,0,9,62.7,9.17,SILENT
1028,0,0,0,9,54.0,7.50,SILENT
1028,1,0,0,9,55.4,10.00,SILENT
1028,2,0,0,9,69.5,8.33,SILENT
1028,3,0,0,9,71.2,3.33,SILENT
1028,4,0,0,9,62.6,9.17,SILENT
1029,0,0,0,9,53.9,7.50,SILENT
1029,1,0,0,9,55.3,10.00,SILENT
1029,2,0,0,9,69.4,8.33,SILENT
1029,3,0,0,9,71.1,3.33,SILENT
1029,4,0,0,9,62.5,9.17,SILENT
1030,0,0,0,9,53.8,7.50,SILENT
1030,1,0,0,9,55.2,10.00,SILENT
1030,2,0,0,9,69.3,8.33,SILENT
1030,3,0,0,9,71.0,3.33,SILENT
1030,4,0,0,9,62.4,9.17,SILENT
1031,0,0,0,9,53.7,7.50,SILENT
1031,1,0,0,9,55.1,10.00,SILENT
1031,2,0,0,9,69.2,8.33,SILENT
1031,3,0,0,9,70.9,3.33,SILENT
1031,4,0,0,9,62.3,9.17,SILENT
1032,0,0,0,9,53.6,7.50,SILENT
1032,1,0,0,9,55.0,10.00,SILENT
1032,2,0,0,9,69.1,8.33,SILENT
1032,3,0,0,9,70.8,3.33,SILENT
1032,4,0,0,9,62.2,9.17,SILENT
1033,0,0,0,9,53.5,7.50,SILENT
1033,1,0,0,9,54.9,10.00,SILENT
1033,2,0,0,9,69.0,8.33,SILENT
1033,3,0,0,9,70.7,3.33,SILENT
1033,4,0,0,9,62.1,9.17,SILENT
1034,0,0,0,9,53.4,7.50,SILENT
1034,1,0,0,9,54.8,10.00,SILENT
1034,2,0,0,9,68.9,8.33,SILENT
1034,3,0,0,9,70.6,3.33,SILENT
1034,4,0,0,9,62.0,9.17,SILENT
1035,0,0,0,9,53.3,7.50,SILENT
1035,1,0,0,9,54.7,10.00,SILENT
1035,2,0,0,9,68.8,8.33,SILENT
1035,3,0,0,9,70.5,3.33,SILENT
1035,4,0,0,9,61.9,9.17,SILENT
1036,0,0,0,9,53.2,7.50,SILENT
1036,1,0,0,9,54.6,10.00,SILENT
1036,2,0,0,9,68.7,8.33,SILENT
1036,3,0,0,9,70.4,3.33,SILENT
1036,4,0,0,9,61.8,9.17,SILENT
1037,0,0,0,9,53.1,7.50,SILENT
1037,1,0,0,9,54.5,10.00,SILENT
1037,2,0,0,9,68.6,8.33,SILENT
1037,3,0,0,9,70.3,3.33,SILENT
1037,4,0,0,9,61.7,9.17,SILENT
1038,0,0,0,9,53.0,7.50,SILENT
1038,1,0,0,9,54.4,10.00,SILENT
1038,2,0,0,9,68.5,8.33,SILENT
1038,3,0,0,9,70.2,3.33,SILENT
1038,4,0,0,9,61.6,9.17,SILENT
1039,0,0,0,9,52.9,7.50,SILENT
1039,1,0,0,9,54.3,10.00,SILENT
1039,2,0,0,9,68.4,8.33,SILENT
1039,3,0,0,9,70.1,3.33,SILENT
1039,4,0,0,9,61.5,9.17,SILENT
1040,0,0,0,9,52.8,7.50,SILENT
1040,1,0,0,9,54.2,10.00,SILENT
1040,2,0,0,9,68.3,8.33,SILENT
1040,3,0,0,9,70.0,3.33,SILENT
1040,4,0,0,9,61.4,9.17,SILENT
1041,0,0,0,9,52.7,7.50,SILENT
1041,1,0,0,9,54.1,10.00,SILENT
1041,2,0,0,9,68.2,8.33,SILENT
1041,3,0,0,9,69.9,3.33,SILENT
1041,4,0,0,9,61.3,9.17,SILENT
1042,0,0,0,9,52.6,7.50,SILENT
1042,1,0,0,9,54.0,10.00,SILENT
1042,2,0,0,9,68.1,8.33,SILENT
1042,3,0,0,9,69.8,3.33,SILENT
1042,4,0,0,9,61.2,9.17,SILENT
1043,0,0,0,9,52.5,7.50,SILENT
1043,1,0,0,9,53.9,10.00,SILENT
1043,2,0,0,9,68.0,8.33,SILENT
1043,3,0,0,9,69.7,3.33,SILENT
1043,4,0,0,9,61.1,9.17,SILENT
1044,0,0,0,9,52.4,7.50,SILENT
1044,1,0,0,9,53.8,10.00,SILENT
1044,2,0,0,9,67.9,8.33,SILENT
1044,3,0,0,9,69.6,3.33,SILENT
1044,4,0,0,9,61.0,9.17,SILENT
1045,0,0,0,9,52.3,7.50,SILENT
1045,1,0,0,9,53.7,10.00,SILENT
1045,2,0,0,9,67.8,8.33,SILENT
1045,3,0,0,9,69.5,3.33,SILENT
1045,4,0,0,9,60.9,9.17,SILENT
1046,0,0,0,9,52.2,7.50,SILENT
1046,1,0,0,9,53.6,10.00,SILENT
1046,2,0,0,9,67.7,8.33,SILENT
1046,3,0,0,9,69.4,3.33,SILENT
1046,4,0,0,9,60.8,9.17,SILENT
1047,0,0,0,9,52.1,7.50,SILENT
1047,1,0,0,9,53.5,10.00,SILENT
1047,2,0,0,9,67.6,8.33,SILENT
1047,3,0,0,9,69.3,3.33,SILENT
1047,4,0,0,9,60.7,9.17,SILENT
1048,0,0,0,9,52.0,7.50,SILENT
1048,1,0,0,9,53.4,10.00,SILENT
1048,2,0,0,9,67.5,8.33,SILENT
1048,3,0,0,9,69.2,3.33,SILENT
1048,4,0,0,9,60.6,9.17,SILENT
1049,0,0,0,9,51.9,7.50,SILENT
1049,1,0,0,9,53.3,10.00,SILENT
1049,2,0,0,9,67.4,8.33,SILENT
1049,3,0,0,9,69.1,3.33,SILENT
1049,4,0,0,9,60.5,9.17,SILENT
1050,0,0,0,9,51.8,7.50,SILENT
1050,1,0,0,9,53.2,10.00,SILENT
1050,2,0,0,9,67.3,8.33,SILENT
1050,3,0,0,9,69.0,3.33,SILENT
1050,4,0,0,9,60.4,9.17,SILENT
1051,0,0,0,9,51.7,7.50,SILENT
1051,1,0,0,9,53.1,10.00,SILENT
1051,2,0,0,9,67.2,8.33,SILENT
1051,3,0,0,9,68.9,3.33,SILENT
1051,4,0,0,9,60.3,9.17,SILENT
1052,0,0,0,9,51.6,7.50,SILENT
1052,1,0,0,9,53.0,10.00,SILENT
1052,2,0,0,9,67.1,8.33,SILENT
1052,3,0,0,9,68.8,3.33,SILENT
1052,4,0,0,9,60.2,9.17,SILENT
1053,0,0,0,9,51.5,7.50,SILENT
1053,1,0,0,9,52.9,10.00,SILENT
1053,2,0,0,9,67.0,8.33,SILENT
1053,3,0,0,9,68.7,3.33,SILENT
1053,4,0,0,9,60.1,9.17,SILENT
1054,0,0,0,9,51.4,7.50,SILENT
1054,1,0,0,9,52.8,10.00,SILENT
1054,2,0,0,9,66.9,8.33,SILENT
1054,3,0,0,9,68.6,3.33,SILENT
1054,4,0,0,9,60.0,9.17,SILENT
1055,0,0,0,9,51.3,7.50,SILENT
1055,1,0,0,9,52.7,10.00,SILENT
1055,2,0,0,9,66.8,8.33,SILENT
1055,3,0,0,9,68.5,3.33,SILENT
1055,4,0,0,9,59.9,9.17,SILENT
1056,0,0,0,9,51.2,7.50,SILENT
1056,1,0,0,9,52.6,10.00,SILENT
1056,2,0,0,9,66.7,8.33,SILENT
1056,3,0,0,9,68.4,3.33,SILENT
1056,4,0,0,9,59.8,9.17,SILENT
1057,0,0,0,9,51.1,7.50,SILENT
1057,1,0,0,9,52.5,10.00,SILENT
1057,2,0,0,9,66.6,8.33,SILENT
1057,3,0,0,9,68.3,3.33,SILENT
1057,4,0,0,9,59.7,9.17,SILENT
1058,0,0,0,9,51.0,7.50,SILENT
1058,1,0,0,9,52.4,10.00,SILENT
1058,2,0,0,9,66.5,8.33,SILENT
1058,3,0,0,9,68.2,3.33,SILENT
1058,4,0,0,9,59.6,9.17,SILENT
1059,0,0,0,9,50.9,7.50,SILENT
1059,1,0,0,9,52.3,10.00,SILENT
1059,2,0,0,9,66.4,8.33,SILENT
1059,3,0,0,9,68.1,3.33,SILENT
1059,4,0,0,9,59.5,9.17,SILENT
1060,0,0,0,9,50.8,7.50,SILENT
1060,1,0,0,9,52.2,10.00,SILENT
1060,2,0,0,9,66.3,8.33,SILENT
1060,3,0,0,9,68.0,3.33,SILENT
1060,4,0,0,9,59.4,9.17,SILENT
1061,0,0,0,9,50.7,7.50,SILENT
1061,1,0,0,9,52.1,10.00,SILENT
1061,2,0,0,9,66.2,8.33,SILENT
1061,3,0,0,9,67.9,3.33,SILENT
1061,4,0,0,9,59.3,9.17,SILENT
1062,0,0,0,9,50.6,7.50,SILENT
1062,1,0,0,9,52.0,10.00,SILENT
1062,2,0,0,9,66.1,8.33,SILENT
1062,3,0,0,9,67.8,3.33,SILENT
1062,4,0,0,9,59.2,9.17,SILENT
1063,0,0,0,9,50.5,7.50,SILENT
1063,1,0,0,9,51.9,10.00,SILENT
1063,2,0,0,9,66.0,8.33,SILENT
1063,3,0,0,9,67.7,3.33,SILENT
1063,4,0,0,9,59.1,9.17,SILENT
1064,0,0,0,9,50.4,7.50,SILENT
1064,1,0,0,9,51.8,10.00,SILENT
1064,2,0,0,9,65.9,8.33,SILENT
1064,3,0,0,9,67.6,3.33,SILENT
1064,4,0,0,9,59.0,9.17,SILENT
1065,0,0,0,9,50.3,7.50,SILENT
1065,1,0,0,9,51.7,10.00,SILENT
1065,2,0,0,9,65.8,8.33,SILENT
1065,3,0,0,9,67.5,3.33,SILENT
1065,4,0,0,9,58.9,9.17,SILENT
1066,0,0,0,9,50.2,7.50,SILENT
1066,1,0,0,9,51.6,10.00,SILENT
1066,2,0,0,9,65.7,8.33,SILENT
1066,3,0,0,9,67.4,3.33,SILENT
1066,4,0,0,9,58.8,9.17,SILENT
1067,0,0,0,9,50.1,7.50,SILENT
1067,1,0,0,9,51.5,10.00,SILENT
1067,2,0,0,9,65.6,8.33,SILENT
1067,3,0,0,9,67.3,3.33,SILENT
1067,4,0,0,9,58.7,9.17,SILENT
1068,0,0,0,9,50.0,7.50,SILENT
1068,1,0,0,9,51.4,10.00,SILENT
1068,2,0,0,9,65.5,8.33,SILENT
1068,3,0,0,9,67.2,3.33,SILENT
1068,4,0,0,9,58.6,9.17,SILENT
1069,0,0,0,9,49.9,7.50,SILENT
1069,1,0,0,9,51.3,10.00,SILENT
1069,2,0,0,9,65.4,8.33,SILENT
1069,3,0,0,9,67.1,3.33,SILENT
1069,4,0,0,9,58.5,9.17,SILENT
1070,0,0,0,9,49.8,7.50,SILENT
1070,1,0,0,9,51.2,10.00,SILENT
1070,2,0,0,9,65.3,8.33,SILENT
1070,3,0,0,9,67.0,3.33,SILENT
1070,4,0,0,9,58.4,9.17,SILENT
1071,0,0,0,9,49.7,7.50,SILENT
1071,1,0,0,9,51.1,10.00,SILENT
1071,2,0,0,9,65.2,8.33,SILENT
1071,3,0,0,9,66.9,3.33,SILENT
1071,4,0,0,9,58.3,9.17,SILENT
1072,0,0,0,9,49.6,7.50,SILENT
1072,1,0,0,9,51.0,10.00,SILENT
1072,2,0,0,9,65.1,8.33,SILENT
1072,3,0,0,9,66.8,3.33,SILENT
1072,4,0,0,9,58.2,9.17,SILENT
1073,0,0,0,9,49.5,7.50,SILENT
1073,1,0,0,9,51.0,10.00,SILENT
1073,2,0,0,9,65.0,8.33,SILENT
1073,3,0,0,9,66.7,3.33,SILENT
1073,4,0,0,9,58.1,9.17,SILENT
1074,0,0,0,9,49.4,7.50,SILENT
1074,1,0,0,9,51.0,10.00,SILENT
1074,2,0,0,9,64.9,8.33,SILENT
1074,3,0,0,9,66.6,3.33,SILENT
1074,4,0,0,9,58.0,9.17,SILENT
1075,0,0,0,9,49.3,7.50,SILENT
1075,1,0,0,9,51.0,10.00,SILENT
1075,2,0,0,9,64.8,8.33,SILENT
1075,3,0,0,9,66.5,3.33,SILENT
1075,4,0,0,9,57.9,9.17,SILENT
1076,0,0,0,9,49.2,7.50,SILENT
1076,1,0,0,9,51.0,10.00,SILENT
1076,2,0,0,9,64.7,8.33,SILENT
1076,3,0,0,9,66.4,3.33,SILENT
1076,4,0,0,9,57.8,9.17,SILENT
1077,0,0,0,9,49.1,7.50,SILENT
1077,1,0,0,9,51.0,10.00,SILENT
1077,2,0,0,9,64.6,8.33,SILENT
1077,3,0,0,9,66.3,3.33,SILENT
1077,4,0,0,9,57.7,9.17,SILENT
1078,0,0,0,9,49.0,7.50,SILENT
1078,1,0,0,9,51.0,10.00,SILENT
1078,2,0,0,9,64.5,8.33,SILENT
1078,3,0,0,9,66.2,3.33,SILENT
1078,4,0,0,9,57.6,9.17,SILENT
1079,0,0,0,9,48.9,7.50,SILENT
1079,1,0,0,9,51.0,10.00,SILENT
1079,2,0,0,9,64.4,8.33,SILENT
1079,3,0,0,9,66.1,3.33,SILENT
1079,4,0,0,9,57.5,9.17,SILENT
1080,0,0,0,9,48.8,7.50,SILENT
1080,1,0,0,9,51.0,10.00,SILENT
1080,2,0,0,9,64.3,8.33,SILENT
1080,3,0,0,9,66.0,3.33,SILENT
1080,4,0,0,9,57.4,9.17,SILENT
1081,0,0,0,9,48.7,7.50,SILENT
1081,1,0,0,9,51.0,10.00,SILENT
1081,2,0,0,9,64.2,8.33,SILENT
1081,3,0,0,9,65.9,3.33,SILENT
1081,4,0,0,9,57.3,9.17,SILENT
1082,0,0,0,9,48.6,7.50,SILENT
1082,1,0,0,9,51.0,10.00,SILENT
1082,2,0,0,9,64.1,8.33,SILENT
1082,3,0,0,9,65.8,3.33,SILENT
1082,4,0,0,9,57.2,9.17,SILENT
1083,0,0,0,9,48.5,7.50,SILENT
1083,1,0,0,9,51.0,10.00,SILENT
1083,2,0,0,9,64.0,8.33,SILENT
1083,3,0,0,9,65.7,3.33,SILENT
1083,4,0,0,9,57.1,9.17,SILENT
1084,0,0,0,9,48.4,7.50,SILENT
1084,1,0,0,9,51.0,10.00,SILENT
1084,2,0,0,9,63.9,8.33,SILENT
1084,3,0,0,9,65.6,3.33,SILENT
1084,4,0,0,9,57.0,9.17,SILENT
1085,0,0,0,9,48.3,7.50,SILENT
1085,1,0,0,9,51.0,10.00,SILENT
1085,2,0,0,9,63.8,8.33,SILENT
1085,3,0,0,9,65.5,3.33,SILENT
1085,4,0,0,9,56.9,9.17,SILENT
1086,0,0,0,9,48.2,7.50,SILENT
1086,1,0,0,9,51.0,10.00,SILENT
1086,2,0,0,9,63.7,8.33,SILENT
1086,3,0,0,9,65.4,3.33,SILENT
1086,4,0,0,9,56.8,9.17,SILENT
1087,0,0,0,9,48.1,7.50,SILENT
1087,1,0,0,9,51.0,10.00,SILENT
1087,2,0,0,9,63.6,8.33,SILENT
1087,3,0,0,9,65.3,3.33,SILENT
1087,4,0,0,9,56.7,9.17,SILENT
1088,0,0,0,9,48.0,7.50,SILENT
1088,1,0,0,9,51.0,10.00,SILENT
1088,2,0,0,9,63.5,8.33,SILENT
1088,3,0,0,9,65.2,3.33,SILENT
1088,4,0,0,9,56.6,9.17,SILENT
1089,0,0,0,9,47.9,7.50,SILENT
1089,1,0,0,9,51.0,10.00,SILENT
1089,2,0,0,9,63.4,8.33,SILENT
1089,3,0,0,9,65.1,3.33,SILENT
1089,4,0,0,9,56.5,9.17,SILENT
1090,0,0,0,9,47.8,7.50,SILENT
1090,1,0,0,9,51.0,10.00,SILENT
1090,2,0,0,9,63.3,8.33,SILENT
1090,3,0,0,9,65.0,3.33,SILENT
1090,4,0,0,9,56.4,9.17,SILENT
1091,0,0,0,9,47.7,7.50,SILENT
1091,1,0,0,9,51.0,10.00,SILENT
1091,2,0,0,9,63.2,8.33,SILENT
1091,3,0,0,9,64.9,3.33,SILENT
1091,4,0,0,9,56.3,9.17,SILENT
1092,0,0,0,9,47.6,7.50,SILENT
1092,1,0,0,9,51.0,10.00,SILENT
1092,2,0,0,9,63.1,8.33,SILENT
1092,3,0,0,9,64.8,3.33,SILENT
1092,4,0,0,9,56.2,9.17,SILENT
1093,0,0,0,9,47.5,7.50,SILENT
1093,1,0,0,9,51.0,10.00,SILENT
1093,2,0,0,9,63.0,8.33,SILENT
1093,3,0,0,9,64.7,3.33,SILENT
1093,4,0,0,9,56.1,9.17,SILENT
1094,0,0,0,9,47.4,7.50,SILENT
1094,1,0,0,9,51.0,10.00,SILENT
1094,2,0,0,9,62.9,8.33,SILENT
1094,3,0,0,9,64.6,3.33,SILENT
1094,4,0,0,9,56.0,9.17,SILENT
1095,0,0,0,9,47.3,7.50,SILENT
1095,1,0,0,9,51.0,10.00,SILENT
1095,2,0,0,9,62.8,8.33,SILENT
1095,3,0,0,9,64.5,3.33,SILENT
1095,4,0,0,9,55.9,9.17,SILENT
1096,0,0,0,9,47.2,7.50,SILENT
1096,1,0,0,9,51.0,10.00,SILENT
1096,2,0,0,9,62.7,8.33,SILENT
1096,3,0,0,9,64.4,3.33,SILENT
1096,4,0,0,9,55.8,9.17,SILENT
1097,0,0,0,9,47.1,7.50,SILENT
1097,1,0,0,9,51.0,10.00,SILENT
1097,2,0,0,9,62.6,8.33,SILENT
1097,3,0,0,9,64.3,3.33,SILENT
1097,4,0,0,9,55.7,9.17,SILENT
1098,0,0,0,9,47.0,7.50,SILENT
1098,1,0,0,9,51.0,10.00,SILENT
1098,2,0,0,9,62.5,8.33,SILENT
1098,3,0,0,9,64.2,3.33,SILENT
1098,4,0,0,9,55.6,9.17,SILENT
1099,0,0,0,9,46.9,7.50,SILENT
1099,1,0,0,9,51.0,10.00,SILENT
1099,2,0,0,9,62.4,8.33,SILENT
1099,3,0,0,9,64.1,3.33,SILENT
1099,4,0,0,9,55.5,9.17,SILENT
1100,0,0,0,9,46.8,7.50,SILENT
1100,1,0,0,9,51.0,10.00,SILENT
1100,2,0,0,9,62.3,8.33,SILENT
1100,3,0,0,9,64.0,3.33,SILENT
1100,4,0,0,9,55.4,9.17,SILENT
1101,0,0,0,9,46.7,7.50,SILENT
1101,1,0,0,9,51.0,10.00,SILENT
1101,2,0,0,9,62.2,8.33,SILENT
1101,3,0,0,9,63.9,3.33,SILENT
1101,4,0,0,9,55.3,9.17,SILENT
1102,0,0,0,9,46.6,7.50,SILENT
1102,1,0,0,9,50.9,10.00,SILENT
1102,2,0,0,9,62.1,8.33,SILENT
1102,3,0,0,9,63.8,3.33,SILENT
1102,4,0,0,9,55.2,9.17,SILENT
1103,0,0,0,9,46.5,7.50,SILENT
1103,1,0,0,9,50.8,10.00,SILENT
1103,2,0,0,9,62.0,8.33,SILENT
1103,3,0,0,9,63.7,3.33,SILENT
1103,4,0,0,9,55.1,9.17,SILENT
1104,0,0,0,9,46.4,7.50,SILENT
1104,1,0,0,9,50.7,10.00,SILENT
1104,2,0,0,9,61.9,8.33,SILENT
1104,3,0,0,9,63.6,3.33,SILENT
1104,4,0,0,9,55.0,9.17,SILENT
1105,0,0,0,9,46.3,7.50,SILENT
1105,1,0,0,9,50.6,10.00,SILENT
1105,2,0,0,9,61.8,8.33,SILENT
1105,3,0,0,9,63.5,3.33,SILENT
1105,4,0,0,9,54.9,9.17,SILENT
1106,0,0,0,9,46.2,7.50,SILENT
1106,1,0,0,9,50.5,10.00,SILENT
1106,2,0,0,9,61.7,8.33,SILENT
1106,3,0,0,9,63.4,3.33,SILENT
1106,4,0,0,9,54.8,9.17,SILENT
1107,0,0,0,9,46.1,7.50,SILENT
1107,1,0,0,9,50.4,10.00,SILENT
1107,2,0,0,9,61.6,8.33,SILENT
1107,3,0,0,9,63.3,3.33,SILENT
1107,4,0,0,9,54.7,9.17,SILENT
1108,0,0,0,9,46.0,7.50,SILENT
1108,1,0,0,9,50.3,10.00,SILENT
1108,2,0,0,9,61.5,8.33,SILENT
1108,3,0,0,9,63.2,3.33,SILENT
1108,4,0,0,9,54.6,9.17,SILENT
1109,0,0,0,9,45.9,7.50,SILENT
1109,1,0,0,9,50.2,10.00,SILENT
1109,2,0,0,9,61.4,8.33,SILENT
1109,3,0,0,9,63.1,3.33,SILENT
1109,4,0,0,9,54.5,9.17,SILENT
1110,0,0,0,9,45.8,7.50,SILENT
1110,1,0,0,9,50.1,10.00,SILENT
1110,2,0,0,9,61.3,8.33,SILENT
1110,3,0,0,9,63.0,3.33,SILENT
1110,4,0,0,9,54.4,9.17,SILENT
1111,0,0,0,9,45.7,7.50,SILENT
1111,1,0,0,9,50.0,10.00,SILENT
1111,2,0,0,9,61.2,8.33,SILENT
1111,3,0,0,9,62.9,3.33,SILENT
1111,4,0,0,9,54.3,9.17,SILENT
1112,0,0,0,9,45.6,7.50,SILENT
1112,1,0,0,9,49.9,10.00,SILENT
1112,2,0,0,9,61.1,8.33,SILENT
1112,3,0,0,9,62.8,3.33,SILENT
1112,4,0,0,9,54.2,9.17,SILENT
1113,0,0,0,9,45.5,7.50,SILENT
1113,1,0,0,9,49.8,10.00,SILENT
1113,2,0,0,9,61.0,8.33,SILENT
1113,3,0,0,9,62.7,3.33,SILENT
1113,4,0,0,9,54.1,9.17,SILENT
1114,0,0,0,9,45.4,7.50,SILENT
1114,1,0,0,9,49.7,10.00,SILENT
1114,2,0,0,9,60.9,8.33,SILENT
1114,3,0,0,9,62.6,3.33,SILENT
1114,4,0,0,9,54.0,9.17,SILENT
1115,0,0,0,9,45.3,7.50,SILENT
1115,1,0,0,9,49.6,10.00,SILENT
1115,2,0,0,9,60.8,8.33,SILENT
1115,3,0,0,9,62.5,3.33,SILENT
1115,4,0,0,9,53.9,9.17,SILENT
1116,0,0,0,9,45.2,7.50,SILENT
1116,1,0,0,9,49.5,10.00,SILENT
1116,2,0,0,9,60.7,8.33,SILENT
1116,3,0,0,9,62.4,3.33,SILENT
1116,4,0,0,9,53.8,9.17,SILENT
